date,cu_au
2011-06-20,0.0026435289064321355
2011-06-21,0.0026452134219980177
2011-06-22,0.0026337820131924605
2011-06-23,0.002658377708226813
2011-06-24,0.0027314227090522235
2011-06-27,0.0027082218205865052
2011-06-28,0.0027285458030667266
2011-06-29,0.0027879328219771187
2011-06-30,0.0028436395507677762
2011-07-01,0.0028955000172115595
2011-07-05,0.002869139777142381
2011-07-06,0.0028301825584858714
2011-07-07,0.002896353614978958
2011-07-08,0.0028565405476689656
2011-07-11,0.0028141140666366115
2011-07-12,0.002805237018257401
2011-07-13,0.002772205345766558
2011-07-14,0.002751416121735522
2011-07-15,0.002770788825333958
2011-07-18,0.0027438986177123637
2011-07-19,0.0027862450468269153
2011-07-20,0.002773533106345898
2011-07-21,0.0027586966993436296
2011-07-22,0.0027505775765464613
2011-07-25,0.0027304591966917733
2011-07-26,0.0027675368332788775
2011-07-27,0.002749535469078796
2011-07-28,0.0027671376489722724
2011-07-29,0.002747650827826063
2011-08-01,0.002720197532705645
2011-08-02,0.002673122524942483
2011-08-03,0.002597090362063154
2011-08-04,0.0025546432021088493
2011-08-05,0.002494541359942311
2011-08-08,0.0023140568903739756
2011-08-09,0.002279885061855974
2011-08-10,0.0021812720191524224
2011-08-11,0.0022898557870840567
2011-08-12,0.002304045592003854
2011-08-15,0.0022964966463519788
2011-08-16,0.0022407988685656005
2011-08-17,0.0022493300107642956
2011-08-18,0.002179613995929245
2011-08-19,0.002153983462440618
2011-08-22,0.0020945624990305212
2011-08-23,0.0021495451847605043
2011-08-24,0.0022786614415657874
2011-08-25,0.0023178769650004072
2011-08-26,0.0022847110154901587
2011-08-29,0.0022864013471520874
2011-08-30,0.002257075740497768
2011-08-31,0.0022898549618928328
2011-09-01,0.0022686198925005777
2011-09-02,0.0021919197209490956
2011-09-06,0.0021602760488636376
2011-09-07,0.002268493046005612
2011-09-08,0.0022260567990806546
2011-09-09,0.0021479745205103965
2011-09-12,0.0021827172540776264
2011-09-13,0.002165535353572561
2011-09-14,0.002130518228935156
2011-09-15,0.002218161334406971
2011-09-16,0.002163236095749311
2011-09-19,0.0021231141965730566
2011-09-20,0.002057179283788953
2011-09-21,0.0020789254969488845
2011-09-22,0.0020012074980157958
2011-09-23,0.001998167984358227
2011-09-26,0.0020565149735431282
2011-09-27,0.0020777294036851096
2011-09-28,0.0020021035471609193
2011-09-29,0.0020037140133431805
2011-09-30,0.0019408787543457038
2011-10-03,0.0018961353290484148
2011-10-04,0.0019164551671683693
2011-10-05,0.0018883740740260459
2011-10-06,0.001960772464523016
2011-10-07,0.0019984704779353337
2011-10-10,0.0020136559880914178
2011-10-11,0.0019807796597881094
2011-10-12,0.0020165942843026427
2011-10-13,0.0019807472637321227
2011-10-14,0.0020246164065474775
2011-10-17,0.0020134288921031763
2011-10-18,0.0020315433081251515
2011-10-19,0.0019769136989681575
2011-10-20,0.0018949687057093752
2011-10-21,0.0019686870216825427
2011-10-24,0.0020871934766593285
2011-10-25,0.00201164977610447
2011-10-26,0.002024728632344786
2011-10-27,0.0021119825925489653
2011-10-28,0.0021200320732117804
2011-10-31,0.0021047442589446136
2011-11-01,0.002044710759040837
2011-11-02,0.00207005271793933
2011-11-03,0.0020317992141455294
2011-11-04,0.0020298523697638527
2011-11-07,0.0019734122191881736
2011-11-08,0.0019639679809282788
2011-11-09,0.0019202634677534735
2011-11-10,0.0019173914923919639
2011-11-11,0.0019367831570285183
2011-11-14,0.0019605692437528743
2011-11-15,0.001963854839967782
2011-11-16,0.0019630172605046327
2011-11-17,0.001966507659879951
2011-11-18,0.001972516986561861
2011-11-21,0.0019656795142793822
2011-11-22,0.0019565855851267984
2011-11-23,0.0019328301047035334
2011-11-25,0.0019388904701669715
2011-11-28,0.0019631166167637325
2011-11-29,0.001970351277819816
2011-11-30,0.00204124890504748
2011-12-01,0.002029620224332419
2011-12-02,0.0020449341674088476
2011-12-05,0.0020823945185370974
2011-12-06,0.0020634874533264212
2011-12-07,0.002036303076902473
2011-12-08,0.0020408819429897818
2011-12-09,0.0020708779952232368
2011-12-12,0.0020757721796068633
2011-12-13,0.0020678955570054523
2011-12-14,0.0020646341018967706
2011-12-15,0.002070049585444685
2011-12-16,0.002083228837180035
2011-12-19,0.002070371342015454
2011-12-20,0.0020815795784206947
2011-12-21,0.0021024876776689484
2011-12-22,0.002118838876351478
2011-12-23,0.002158347434583562
2011-12-27,0.002135240338808682
2011-12-28,0.0021498495377882555
2011-12-29,0.0021855314760305324
2011-12-30,0.002191531390362729
2012-01-03,0.0022035382902807245
2012-01-04,0.00212761340719222
2012-01-05,0.0021134369788182307
2012-01-06,0.002123012218370959
2012-01-09,0.002122861526987601
2012-01-10,0.0021520539487818865
2012-01-11,0.0021605052446596845
2012-01-12,0.002212104622954435
2012-01-13,0.0022276741383070696
2012-01-17,0.0022510875909184905
2012-01-18,0.002257908996094706
2012-01-19,0.002295810380959968
2012-01-20,0.002248602540633853
2012-01-23,0.002261323070639791
2012-01-24,0.002285782966247066
2012-01-25,0.0022502647004397636
2012-01-26,0.0022574291630426714
2012-01-27,0.00224246448186095
2012-01-30,0.002207972285790226
2012-01-31,0.0021794796859320184
2012-02-01,0.0021970694731426794
2012-02-02,0.002149931606006265
2012-02-03,0.0022423614820423748
2012-02-06,0.002239958125262432
2012-02-07,0.0022174186261127715
2012-02-08,0.0022587172778705793
2012-02-09,0.0022855088791674484
2012-02-10,0.002239598341542425
2012-02-13,0.0022269297116590116
2012-02-14,0.002221283302202167
2012-02-15,0.0022000810924224907
2012-02-16,0.0021936529995943716
2012-02-17,0.0021484487815053954
2012-02-21,0.0021817198575561497
2012-02-22,0.0021638417648056807
2012-02-23,0.0021314919888836617
2012-02-24,0.002175933753275684
2012-02-27,0.002187641050885275
2012-02-28,0.002189143783364405
2012-02-29,0.002263582684645177
2012-03-01,0.002280227787011523
2012-03-02,0.002279669846310209
2012-03-05,0.0022621843581051245
2012-03-06,0.002232260315960091
2012-03-07,0.0022340045417580823
2012-03-08,0.0022295507142004777
2012-03-09,0.002251738796469072
2012-03-12,0.0022548847478269514
2012-03-13,0.0023005846507406598
2012-03-14,0.002339117204036161
2012-03-15,0.002345850170102713
2012-03-16,0.0023400785699059187
2012-03-19,0.0023432718469624677
2012-03-20,0.002324649409226224
2012-03-21,0.002333030267195268
2012-03-22,0.002294038733296258
2012-03-23,0.002291704185237049
2012-03-26,0.002305250640298803
2012-03-27,0.0023023503300582484
2012-03-28,0.0022842149014447354
2012-03-29,0.0022963321767825984
2012-03-30,0.00229078042885633
2012-04-02,0.0023359165106374
2012-04-03,0.0023446107339002414
2012-04-04,0.0023478880698059247
2012-04-05,0.00232821620605019
2012-04-09,0.002262404919396434
2012-04-10,0.0021970472482357732
2012-04-11,0.0021916816865485285
2012-04-12,0.0022128609966472275
2012-04-13,0.0021837140376428474
2012-04-16,0.002198095578218071
2012-04-17,0.0022080833458093634
2012-04-18,0.00221381493341738
2012-04-19,0.002210471745244254
2012-04-20,0.0022507765386594776
2012-04-23,0.0022201114359568465
2012-04-24,0.002234631751415139
2012-04-25,0.002254477858171761
2012-04-26,0.002270426574413574
2012-04-27,0.002295673036804566
2012-04-30,0.0023046169605520036
2012-05-01,0.002310886457847725
2012-05-02,0.002289524612129229
2012-05-03,0.0022846041582227604
2012-05-04,0.002264242772341792
2012-05-07,0.0023053215979809455
2012-05-08,0.002297693208566033
2012-05-09,0.002302503749112449
2012-05-10,0.002314274970222833
2012-05-11,0.0023039277733745652
2012-05-14,0.0022792515554559117
2012-05-15,0.002262332967575231
2012-05-16,0.00226858482350382
2012-05-17,0.0022099079424027375
2012-05-18,0.002179881954052292
2012-05-21,0.0022059933862026734
2012-05-22,0.0022124594584064182
2012-05-23,0.002194948682575391
2012-05-24,0.002201887750146934
2012-05-25,0.0021978581380076114
2012-05-29,0.002236536276308356
2012-05-30,0.0021661122098380363
2012-05-31,0.002151862283919099
2012-06-01,0.0020425794154764216
2012-06-04,0.0020493735274066107
2012-06-05,0.0020359708828532317
2012-06-06,0.0020694511559616407
2012-06-07,0.002123723669259693
2012-06-08,0.002064964471759734
2012-06-11,0.002096521484556709
2012-06-12,0.0020673406160913914
2012-06-13,0.0020641492890201975
2012-06-14,0.0020724172274818407
2012-06-15,0.002080516281784423
2012-06-18,0.002088946306481268
2012-06-19,0.0021159536363439344
2012-06-20,0.0020971635988009775
2012-06-21,0.0021061042354068044
2012-06-22,0.0021104725841361444
2012-06-25,0.0020875589866337814
2012-06-26,0.002106416785883631
2012-06-27,0.002121394560945393
2012-06-28,0.0021462219010133956
2012-06-29,0.002176488936412063
2012-07-02,0.0021694215001866364
2012-07-03,0.002180040570655918
2012-07-05,0.0021679407440788234
2012-07-06,0.00215693104090848
2012-07-09,0.002156615995787091
2012-07-10,0.0021484200484791416
2012-07-11,0.002185754307343562
2012-07-12,0.0021800114536960065
2012-07-13,0.002199359146428542
2012-07-16,0.0021876571476957232
2012-07-17,0.0021729281490872536
2012-07-18,0.0022115384587356253
2012-07-19,0.002236567289725366
2012-07-20,0.002179146867604429
2012-07-23,0.002144125330079802
2012-07-24,0.002127538023866373
2012-07-25,0.0020988805970149254
2012-07-26,0.0021015480206846822
2012-07-27,0.002117559840878532
2012-07-30,0.0021084151786151676
2012-07-31,0.0021232537178103505
2012-08-01,0.0021054436578449797
2012-08-02,0.002074146383038394
2012-08-03,0.0020990037680562973
2012-08-06,0.0021036641057148265
2012-08-07,0.002140150362019213
2012-08-08,0.0021250542238548803
2012-08-09,0.0021254097385007176
2012-08-10,0.0021047107628946334
2012-08-13,0.0020865432745748604
2012-08-14,0.0021004751031976484
2012-08-15,0.002089854796019185
2012-08-16,0.002095167359158193
2012-08-17,0.0021171811099161453
2012-08-20,0.002082278970159719
2012-08-21,0.0021077504737770656
2012-08-22,0.002113106135676968
2012-08-23,0.002093914771573658
2012-08-24,0.002088872807570318
2012-08-27,0.002083532576218581
2012-08-28,0.0020822082379899367
2012-08-29,0.0020860947062943357
2012-08-30,0.0020807378415366403
2012-08-31,0.002050338386704495
2012-09-04,0.002048850994677622
2012-09-05,0.00208895195342456
2012-09-06,0.0020694819782639414
2012-09-07,0.0021041726036895095
2012-09-10,0.002140336757211978
2012-09-11,0.002144878072340086
2012-09-12,0.002143765220435104
2012-09-13,0.002106720959542292
2012-09-14,0.002176234562137429
2012-09-17,0.0021553431283707104
2012-09-18,0.0021502487881929623
2012-09-19,0.002164499715198023
2012-09-20,0.0021341291748331157
2012-09-21,0.002142213425546322
2012-09-24,0.0021255888653494673
2012-09-25,0.002139414820957087
2012-09-26,0.0021215583448214426
2012-09-27,0.002108460822466253
2012-09-28,0.0021303145242600532
2012-10-01,0.0021303004677528012
2012-10-02,0.002147571516139559
2012-10-03,0.0021346985911896046
2012-10-04,0.002114709303819887
2012-10-05,0.0021286405404926365
2012-10-08,0.0021014942193925295
2012-10-09,0.002115144691748573
2012-10-10,0.002114904829185329
2012-10-11,0.0021251695834319643
2012-10-12,0.002112912372246266
2012-10-15,0.002137960788841072
2012-10-16,0.0021252937745520717
2012-10-17,0.002142449361815849
2012-10-18,0.002149371808678581
2012-10-19,0.0021177733122015466
2012-10-22,0.002101617306283341
2012-10-23,0.002093309063391741
2012-10-24,0.0021029108939749886
2012-10-25,0.002082067811600516
2012-10-26,0.0020828218345143546
2012-10-31,0.002053566201111462
2012-11-01,0.0020739747490761047
2012-11-02,0.002080520931156018
2012-11-05,0.0020630722227479217
2012-11-06,0.0020453883040067134
2012-11-07,0.002009689572922407
2012-11-08,0.0020114176094028807
2012-11-09,0.001993584919713533
2012-11-12,0.0020071663593509187
2012-11-13,0.002014267572174906
2012-11-14,0.001997976228659399
2012-11-15,0.0020221209663646533
2012-11-16,0.0020145248404943453
2012-11-19,0.002034313675991529
2012-11-20,0.0020398097751301424
2012-11-21,0.002023265236473343
2012-11-23,0.002014217904310414
2012-11-26,0.0020211489073171996
2012-11-27,0.0020299047619264494
2012-11-28,0.002051849737481268
2012-11-29,0.0020776401831492926
2012-11-30,0.0021213980130165523
2012-12-03,0.0021167714332304983
2012-12-04,0.002144416930375472
2012-12-05,0.0021667454516745756
2012-12-06,0.0021331529667130643
2012-12-07,0.0021405516655792095
2012-12-10,0.002154407484518876
2012-12-11,0.0021490458428454376
2012-12-12,0.0021554235700258426
2012-12-13,0.002149386688866123
2012-12-14,0.002161221757474125
2012-12-17,0.002150265132249912
2012-12-18,0.0021781969941565647
2012-12-19,0.0021572157387400115
2012-12-20,0.0021429874418192
2012-12-21,0.0021430294031930756
2012-12-24,0.002130712632286693
2012-12-26,0.002158693721702568
2012-12-27,0.002159268595504529
2012-12-28,0.0021617620715008645
2012-12-31,0.0021739908802681086
2013-01-02,0.0022065880010666596
2013-01-03,0.0022115672145256162
2013-01-04,0.0022319640747216827
2013-01-07,0.0022260711679194917
2013-01-08,0.002201023210863589
2013-01-09,0.0022096325798871535
2013-01-10,0.0022026470291130374
2013-01-11,0.002192469820918807
2013-01-14,0.0021687937377012642
2013-01-15,0.002152191905664827
2013-01-16,0.002134070353783382
2013-01-17,0.002157477532958948
2013-01-18,0.002172121501009255
2013-01-22,0.00218041108121209
2013-01-23,0.0021769554038534346
2013-01-24,0.0021949685523166523
2013-01-25,0.002197234876287002
2013-01-28,0.00220830299897994
2013-01-29,0.0022144277218420524
2013-01-30,0.0022263229687381125
2013-01-31,0.0022422618740781416
2013-02-01,0.002261590993119195
2013-02-04,0.002243478773734416
2013-02-05,0.0022491627761499545
2013-02-06,0.002225368130461495
2013-02-07,0.002227011478831317
2013-02-08,0.002253001191321255
2013-02-11,0.0022557942272153557
2013-02-12,0.002266331130864458
2013-02-13,0.002271013306449577
2013-02-14,0.002281764317910173
2013-02-15,0.002319119737292373
2013-02-19,0.002272698972718853
2013-02-20,0.002285433594466646
2013-02-21,0.0022497148814637053
2013-02-22,0.0022449757800691882
2013-02-25,0.002232379270190817
2013-02-26,0.002208085720850837
2013-02-27,0.0022222919914771165
2013-02-28,0.0022358496693551744
2013-03-01,0.0022148354579053903
2013-03-04,0.0022155079792277026
2013-03-05,0.002220563996870175
2013-03-06,0.0022062746290968773
2013-03-07,0.002223456808936945
2013-03-08,0.0022145756405458957
2013-03-11,0.00221827854714515
2013-03-12,0.0022230600733971245
2013-03-13,0.002209595113525464
2013-03-14,0.002215201823054068
2013-03-15,0.0022028256810067027
2013-03-18,0.0021295027466676575
2013-03-19,0.0021073045626457884
2013-03-20,0.002137169459744894
2013-03-21,0.0021210806752425255
2013-03-22,0.0021504171966044965
2013-03-25,0.0021407204256781898
2013-03-26,0.0021509586292341176
2013-03-27,0.0021385880009978727
2013-03-28,0.0021287935019949325
2013-04-01,0.0021046875417232514
2013-04-02,0.0021408164759603786
2013-04-03,0.0021416150868579617
2013-04-04,0.0021558834173881045
2013-04-05,0.002120096396095687
2013-04-08,0.0021424936580900626
2013-04-09,0.0021674442501529536
2013-04-10,0.002190848955501013
2013-04-11,0.0021913954268972637
2013-04-12,0.002231179198608805
2013-04-15,0.0024107011834813906
2013-04-16,0.002384265821761682
2013-04-17,0.002306468004905863
2013-04-18,0.0023020833045586772
2013-04-19,0.002258653964282034
2013-04-22,0.002204081611176933
2013-04-23,0.002196507280076064
2013-04-24,0.0022186314024201207
2013-04-25,0.002215077170555887
2013-04-26,0.0021911117200560538
2013-04-29,0.0021981055289265624
2013-04-30,0.002165127092595501
2013-05-01,0.00213130047490777
2013-05-02,0.002115214388904451
2013-05-03,0.0022628558471827795
2013-05-06,0.002254614806773277
2013-05-07,0.0022777777198596688
2013-05-08,0.002287129381681453
2013-05-09,0.002274986337680897
2013-05-10,0.0023357459859021028
2013-05-13,0.0023436737459434703
2013-05-14,0.0023096090674438715
2013-05-15,0.0023394199498357887
2013-05-16,0.0023732968879352093
2013-05-17,0.0024331453145132738
2013-05-20,0.002425052368794921
2013-05-21,0.002423428558801776
2013-05-22,0.0024696549557727183
2013-05-23,0.002370330451548785
2013-05-24,0.002373449650751109
2013-05-28,0.002401203778625471
2013-05-29,0.0023654134793898328
2013-05-30,0.0023453771920226123
2013-05-31,0.002361769418348888
2013-06-03,0.0023567330295389067
2013-06-04,0.002408560638708391
2013-06-05,0.002407751747864577
2013-06-06,0.0023423042304948328
2013-06-07,0.0023615329229392094
2013-06-10,0.0023366038061664795
2013-06-11,0.002318809061874578
2013-06-12,0.0023171431178982717
2013-06-13,0.002311991869355876
2013-06-14,0.00230988239541444
2013-06-17,0.002315591401257762
2013-06-18,0.002310112777147001
2013-06-19,0.002288512045367838
2013-06-20,0.0023808227812066973
2013-06-21,0.002397414043374089
2013-06-24,0.002369987395963458
2013-06-25,0.002409005319701064
2013-06-26,0.002473161963039777
2013-06-27,0.0025198117451031054
2013-06-28,0.0024926456891366604
2013-07-01,0.0025121426149041833
2013-07-02,0.002526535881013737
2013-07-03,0.002534941367849013
2013-07-05,0.002539368341750975
2013-07-08,0.0025196371878540387
2013-07-09,0.002468897917111036
2013-07-10,0.0024859708272240277
2013-07-11,0.0024869151724194326
2013-07-12,0.0024812176544851427
2013-07-15,0.0024622214465849696
2013-07-16,0.0024786953539613367
2013-07-17,0.002457547545712365
2013-07-18,0.002446286768978556
2013-07-19,0.0024356297660559786
2013-07-22,0.0023866357641369415
2013-07-23,0.0023953262023093972
2013-07-24,0.002410775233577301
2013-07-25,0.0023991722554708443
2013-07-26,0.002352273649415287
2013-07-29,0.0023460552872185568
2013-07-30,0.002296827711007386
2013-07-31,0.0023761809938019833
2013-08-01,0.0024134248927019644
2013-08-02,0.002418358134881364
2013-08-05,0.0024312913516588435
2013-08-06,0.0024719451777087727
2013-08-07,0.002470647748896114
2013-08-08,0.0024952316064121237
2013-08-09,0.002519993898983262
2013-08-12,0.0024773357900666755
2013-08-13,0.0025117318835943298
2013-08-14,0.002504123025748326
2013-08-15,0.0024515277019532596
2013-08-16,0.0024527959215147575
2013-08-19,0.0024421754125859662
2013-08-20,0.0024320879832394463
2013-08-21,0.00241609523673278
2013-08-22,0.0024307176658213796
2013-08-23,0.0024016623309889803
2013-08-26,0.002384781067266964
2013-08-27,0.002345839812894547
2013-08-28,0.002330514391683373
2013-08-29,0.0022959869077669773
2013-08-30,0.0023100064186155787
2013-09-03,0.0023346317050814964
2013-09-04,0.0023285847672101
2013-09-05,0.0023603524832009966
2013-09-06,0.002349462761753108
2013-09-09,0.0023619122755985434
2013-09-10,0.002390953698495182
2013-09-11,0.0023876383513674712
2013-09-12,0.002414687339458136
2013-09-13,0.0024510852624007864
2013-09-16,0.0024485924108904795
2013-09-17,0.002465062944340132
2013-09-18,0.0025107048734806315
2013-09-19,0.002446326745222575
2013-09-20,0.0024971858198155157
2013-09-23,0.0024930288845226274
2013-09-24,0.0024813830309001147
2013-09-25,0.0024556477844133603
2013-09-26,0.00249622239480266
2013-09-27,0.002484683167052362
2013-09-30,0.0025035809266356042
2013-10-01,0.002544323541513683
2013-10-02,0.002507572416855428
2013-10-03,0.002476089284554381
2013-10-04,0.002514698075423555
2013-10-07,0.0024830162113916253
2013-10-08,0.0024784777117272867
2013-10-09,0.002464993388714404
2013-10-10,0.0024996143745821663
2013-10-11,0.0025749212183786866
2013-10-14,0.002585396340642633
2013-10-15,0.0025954437555521376
2013-10-16,0.0025744929142563653
2013-10-17,0.002486580597072158
2013-10-18,0.0025053255642640652
2013-10-21,0.0025051304447332367
2013-10-22,0.002479329633091193
2013-10-23,0.0024488341977654334
2013-10-24,0.0024151977750804235
2013-10-25,0.002414596280475042
2013-10-28,0.002411982187857995
2013-10-29,0.0024349540425379484
2013-10-30,0.002461452851744384
2013-10-31,0.0024890451596413367
2013-11-01,0.0025081867396460787
2013-11-04,0.0024703331835466374
2013-11-05,0.002486620838853562
2013-11-06,0.0024550353001218756
2013-11-07,0.0024831855792224094
2013-11-08,0.002532502935757754
2013-11-11,0.0025464481529456203
2013-11-12,0.0025462198780262005
2013-11-13,0.0024946778463469477
2013-11-14,0.0024576272223237206
2013-11-15,0.002464848890639968
2013-11-18,0.002478777079973809
2013-11-19,0.0024831159731814384
2013-11-20,0.002513315776891301
2013-11-21,0.002571371122206077
2013-11-22,0.0025936495452831797
2013-11-25,0.002609781762735772
2013-11-26,0.002601095559891594
2013-11-27,0.0025856357127099273
2013-11-29,0.0025831601198619022
2013-12-02,0.0026323323593699724
2013-12-03,0.0026201195900302813
2013-12-04,0.0026209743940101633
2013-12-05,0.002644745386703165
2013-12-06,0.0026574818234628003
2013-12-09,0.0026677729375795115
2013-12-10,0.0026152566683831997
2013-12-11,0.0026471990889199537
2013-12-12,0.002717781416938122
2013-12-13,0.0027126326216277545
2013-12-16,0.0027105579506389015
2013-12-17,0.0027347305364917077
2013-12-18,0.0027190357798057324
2013-12-19,0.002795397586902315
2013-12-20,0.0027781927785395706
2013-12-23,0.002795811113613498
2013-12-24,0.002835864316910178
2013-12-26,0.0028411993684939944
2013-12-27,0.0028533838485921563
2013-12-30,0.0028430721548210977
2013-12-31,0.002863382875942074
2014-01-02,0.002801224455541494
2014-01-03,0.0027503228615665116
2014-01-06,0.002756503317399664
2014-01-07,0.0027745241138881042
2014-01-08,0.0027695257932054467
2014-01-09,0.0027283819721231257
2014-01-10,0.002716772452537294
2014-01-13,0.002718043032223966
2014-01-14,0.0027208481724205
2014-01-15,0.002751393399775598
2014-01-16,0.002734677445503973
2014-01-17,0.002699129277410428
2014-01-21,0.002730016793756501
2014-01-22,0.002723970944309927
2014-01-23,0.0026314747780043137
2014-01-24,0.0026128903921058687
2014-01-27,0.0026068375862599792
2014-01-28,0.0026262990004724735
2014-01-29,0.002589130101322135
2014-01-30,0.0026066656282041985
2014-01-31,0.0025969680314274213
2014-02-03,0.0025384798650815088
2014-02-04,0.002570104764019167
2014-02-05,0.0025566689139995117
2014-02-06,0.0025914441207142047
2014-02-07,0.002589250203450513
2014-02-10,0.002566677085864894
2014-02-11,0.002534687266730119
2014-02-12,0.002559638613447449
2014-02-13,0.002543063564835584
2014-02-14,0.0025174373745285622
2014-02-18,0.002521703207879751
2014-02-19,0.002525745921226009
2014-02-20,0.0025237263255324556
2014-02-21,0.002519827709153632
2014-02-24,0.002509900504387161
2014-02-25,0.002485480312083252
2014-02-26,0.0024616022717674755
2014-02-27,0.002430534758286843
2014-02-28,0.002450809791449517
2014-03-03,0.0023853788983093068
2014-03-04,0.0024379576638537026
2014-03-05,0.002427249768317333
2014-03-06,0.0024232449341202293
2014-03-07,0.002358941901712004
2014-03-10,0.0023188460121234
2014-03-11,0.002251021090910154
2014-03-12,0.0022082754981115316
2014-03-13,0.002179347092049666
2014-03-14,0.002184916614535237
2014-03-17,0.002186612309764727
2014-03-18,0.0022034583677694674
2014-03-19,0.0022573431200517
2014-03-20,0.0022367531533798567
2014-03-21,0.0022410179326634205
2014-03-24,0.0022799726640506082
2014-03-25,0.0023223272711277096
2014-03-26,0.0023097283242548574
2014-03-27,0.0023453310354753483
2014-03-28,0.0023643529910433343
2014-03-31,0.0023737727206028032
2014-04-01,0.0023874649304821195
2014-04-02,0.0023750484751805185
2014-04-03,0.0023723138223432196
2014-04-04,0.002335021559889953
2014-04-07,0.0023601694356862497
2014-04-08,0.0023508061845727074
2014-04-09,0.0023485254574808203
2014-04-10,0.0023240664608296323
2014-04-11,0.002325017136776703
2014-04-14,0.002310880067132236
2014-04-15,0.002320384612450233
2014-04-16,0.0023409561608693963
2014-04-17,0.0023732023438556606
2014-04-21,0.002381987638355042
2014-04-22,0.002403951343991211
2014-04-23,0.002399937809025542
2014-04-24,0.002430453221034006
2014-04-25,0.0024040902674308472
2014-04-28,0.0023931788015917163
2014-04-29,0.002370756165480908
2014-04-30,0.0023382989076233176
2014-05-01,0.002360689035541289
2014-05-02,0.0023656533941048452
2014-05-05,0.0023460657747762636
2014-05-06,0.002350378302315333
2014-05-07,0.002367297822343642
2014-05-08,0.0023943606668249515
2014-05-09,0.002408529471923829
2014-05-12,0.002444041487512902
2014-05-13,0.0024327977387478394
2014-05-14,0.0024308800976417626
2014-05-15,0.002444530298316345
2014-05-16,0.002444135076168644
2014-05-19,0.0024576796962206987
2014-05-20,0.0024380068743997856
2014-05-21,0.002430512483075539
2014-05-22,0.002434164716179694
2014-05-23,0.0024620626562915403
2014-05-27,0.002523707902914262
2014-05-28,0.0025319620454933634
2014-05-29,0.002510148816001578
2014-05-30,0.0025176621543435856
2014-06-02,0.002556082677194336
2014-06-03,0.002527927205057417
2014-06-04,0.002486736253143507
2014-06-05,0.0024668795531593317
2014-06-06,0.002438303676084991
2014-06-09,0.00242959715999547
2014-06-10,0.0024249880523492476
2014-06-11,0.0024127537575371733
2014-06-12,0.0023688756421007826
2014-06-13,0.0023792887268009374
2014-06-16,0.002389991272245708
2014-06-17,0.002404262013804111
2014-06-18,0.002401367472406824
2014-06-19,0.0023407171819871714
2014-06-20,0.0023685611475532608
2014-06-23,0.002386570519489294
2014-06-24,0.0023820880100460106
2014-06-25,0.0023903344171128512
2014-06-26,0.0024017932315089814
2014-06-27,0.0023874146546081125
2014-06-30,0.002411862495077661
2014-07-01,0.0024057598959641422
2014-07-02,0.0024442024322283615
2014-07-03,0.0024727355684146125
2014-07-07,0.002467527617712778
2014-07-08,0.0024642857374753634
2014-07-09,0.002444855646938975
2014-07-10,0.0024322104733860814
2014-07-11,0.0024371728490517044
2014-07-14,0.0024791395523263257
2014-07-15,0.0024971085336502824
2014-07-16,0.0024661434163701403
2014-07-17,0.0024371536641815635
2014-07-18,0.0024243814109177596
2014-07-21,0.002425591985168879
2014-07-22,0.0024465967052557528
2014-07-23,0.0024492142071619763
2014-07-24,0.002521307926589924
2014-07-25,0.0024764024699191894
2014-07-28,0.0024790914030114733
2014-07-29,0.0024720788366938474
2014-07-30,0.0024963317749234267
2014-07-31,0.0025154139754687554
2014-08-01,0.0024787415846644354
2014-08-04,0.0025133960918847175
2014-08-05,0.0024914329297074647
2014-08-06,0.0024202188894216874
2014-08-07,0.002418751847689353
2014-08-08,0.00241882483789475
2014-08-11,0.0024203286628300424
2014-08-12,0.002406020638712274
2014-08-13,0.0023659352765615896
2014-08-14,0.0023483521916238155
2014-08-15,0.0023740896003462885
2014-08-18,0.0023911536120589895
2014-08-19,0.002382441556692476
2014-08-20,0.0024539971894877773
2014-08-21,0.0024903823921929432
2014-08-22,0.0025019552188544313
2014-08-25,0.002515853675756491
2014-08-26,0.0024785790627623754
2014-08-27,0.0024764021593703654
2014-08-28,0.0024260883136047735
2014-08-29,0.0024381706886078347
2014-09-02,0.0024804147723485664
2014-09-03,0.0024521238591923926
2014-09-04,0.002480831583093546
2014-09-05,0.002494864805301813
2014-09-08,0.002520555720990053
2014-09-09,0.00248195375654532
2014-09-10,0.0024965822720652273
2014-09-11,0.0024947469147256905
2014-09-12,0.002522156221250973
2014-09-15,0.0024975682154840893
2014-09-16,0.002558290326058297
2014-09-17,0.002544961061286831
2014-09-18,0.0025230481313416662
2014-09-19,0.00254134773208174
2014-09-22,0.0024967126766121998
2014-09-23,0.00248525788996866
2014-09-24,0.0025106680127316354
2014-09-25,0.002505732120152098
2014-09-26,0.0024948522401601987
2014-09-29,0.0025075975140017408
2014-09-30,0.0024828583876094954
2014-10-01,0.002497530065129126
2014-10-02,0.0024678801974639696
2014-10-03,0.0025117430334192325
2014-10-06,0.0025113947607332755
2014-10-07,0.0025043327605295093
2014-10-08,0.002489006785419784
2014-10-09,0.002472644272999803
2014-10-10,0.0024832105363225662
2014-10-13,0.002470104821037362
2014-10-14,0.0025008107159548653
2014-10-15,0.002414998771177473
2014-10-16,0.0024010478753516964
2014-10-17,0.002423483654354025
2014-10-20,0.0024039388852870732
2014-10-21,0.0024228616298245585
2014-10-22,0.0024281008351440887
2014-10-23,0.0024827024438878994
2014-10-24,0.0024780703697653873
2014-10-27,0.0025042715237197886
2014-10-28,0.0025288806762896183
2014-10-29,0.002541860544345033
2014-10-30,0.0025640598358250546
2014-10-31,0.002613782061764077
2014-11-03,0.002633401655253674
2014-11-04,0.0025985094163875366
2014-11-05,0.002638816111160076
2014-11-06,0.002652980657979581
2014-11-07,0.002609866683698864
2014-11-10,0.00261081405476879
2014-11-11,0.0026156690435453385
2014-11-12,0.0026184311154760485
2014-11-13,0.002583326241761358
2014-11-14,0.0025805907913401156
2014-11-17,0.0025777683757869044
2014-11-18,0.0025160859370266294
2014-11-19,0.002552781496028164
2014-11-20,0.002542622019249834
2014-11-21,0.0025344468357667545
2014-11-24,0.0025127561258900767
2014-11-25,0.002473477592561491
2014-11-26,0.002473675496021595
2014-11-28,0.0024336283304334017
2014-12-01,0.002405993456910984
2014-12-02,0.002429536515344907
2014-12-03,0.0023938766135427644
2014-12-04,0.0024285713337963413
2014-12-05,0.0024581967700959832
2014-12-08,0.002436176587046957
2014-12-09,0.0023926106885444618
2014-12-10,0.0023712262807722424
2014-12-11,0.002400620392906789
2014-12-12,0.002411211180804014
2014-12-15,0.0024005965201490853
2014-12-16,0.0024101683544505053
2014-12-17,0.0024177341787074346
2014-12-18,0.0024043693481044515
2014-12-19,0.0024316413855710014
2014-12-22,0.0024612191237478663
2014-12-23,0.00246370650331934
2014-12-24,0.0024495100436639316
2014-12-26,0.002372207718628707
2014-12-29,0.00240162492713434
2014-12-30,0.0023904349898006905
2014-12-31,0.0023975842253175206
2015-01-02,0.00239333897376744
2015-01-05,0.0023199600682732887
2015-01-06,0.002299679970908562
2015-01-07,0.0023095985959039993
2015-01-08,0.0023229062107639263
2015-01-09,0.00229481901777418
2015-01-12,0.0022414213684501458
2015-01-13,0.002170460823817823
2015-01-14,0.0020682112141961126
2015-01-15,0.002064521358299884
2015-01-16,0.002078471292289992
2015-01-20,0.002020939632186534
2015-01-21,0.0020213342415047572
2015-01-22,0.001999308222060425
2015-01-23,0.0019630975959769115
2015-01-26,0.0020114896583362314
2015-01-27,0.0019458853218381974
2015-01-28,0.0019608834767502054
2015-01-29,0.0019691535473024416
2015-01-30,0.001977317259560631
2015-02-02,0.0019675599545966715
2015-02-03,0.0020639834924291597
2015-02-04,0.002066782629877186
2015-02-05,0.0020697305773026216
2015-02-06,0.002109571176035498
2015-02-09,0.002094616275657343
2015-02-10,0.0020806268681362087
2015-02-11,0.0020939294581925703
2015-02-12,0.0021383493318423634
2015-02-13,0.00213086026763605
2015-02-17,0.0021475872173505354
2015-02-18,0.002200133375138457
2015-02-19,0.0021883025843846067
2015-02-20,0.002167469316139197
2015-02-23,0.002199033404441008
2015-02-24,0.0022654356037426805
2015-02-25,0.002254371341320994
2015-02-26,0.0022437169654652826
2015-02-27,0.002239815384126369
2015-03-02,0.0022447628345410985
2015-03-03,0.0022205150008597642
2015-03-04,0.0022297185575652634
2015-03-05,0.002234300423770465
2015-03-06,0.0022583970480527737
2015-03-09,0.0023036693930021395
2015-03-10,0.0022713559571729018
2015-03-11,0.0022790475832633714
2015-03-12,0.0023214131110416048
2015-03-13,0.0023238764478507373
2015-03-16,0.0023215988001191595
2015-03-17,0.0023003569484134688
2015-03-18,0.0022468298057445137
2015-03-19,0.002287657210167577
2015-03-20,0.002342167438389422
2015-03-23,0.0023636364374899303
2015-03-24,0.0023621718323075273
2015-03-25,0.0023427711954932574
2015-03-26,0.0023412995768841913
2015-03-27,0.0023128854662723547
2015-03-30,0.002352717580818518
2015-03-31,0.0023218663136720095
2015-04-01,0.0022816820308146457
2015-04-02,0.0022882836628142366
2015-04-06,0.0022419170911438316
2015-04-07,0.002293903854627827
2015-04-08,0.002284515139633586
2015-04-09,0.0022997653667105374
2015-04-10,0.0022833305823557627
2015-04-13,0.0022821644935563205
2015-04-14,0.002279929538501986
2015-04-15,0.0022717436998028386
2015-04-16,0.0023251252500760137
2015-04-17,0.0023139911045282715
2015-04-20,0.0022919984057601845
2015-04-21,0.0022487321213778104
2015-04-22,0.002249136454312083
2015-04-23,0.002258874664329643
2015-04-24,0.0023417292442157347
2015-04-27,0.002305326865173533
2015-04-28,0.00228995055303935
2015-04-29,0.0023102991928305237
2015-04-30,0.0024412210945063094
2015-05-01,0.002495955690113521
2015-05-04,0.002463768035468789
2015-05-05,0.0024639626026911944
2015-05-06,0.002463664425155816
2015-05-07,0.0024746279244248093
2015-05-08,0.00246488945795637
2015-05-11,0.0024657709089523803
2015-05-12,0.002474006432873251
2015-05-13,0.002421208132445986
2015-05-14,0.0024041129757531943
2015-05-15,0.002406364652586197
2015-05-18,0.0023863821063973274
2015-05-19,0.0023709503412967124
2015-05-20,0.002358755874551627
2015-05-21,0.0023837595427608424
2015-05-22,0.0023528188936008726
2015-05-26,0.0024035545878831224
2015-05-27,0.0023745677770202925
2015-05-28,0.002350812255051544
2015-05-29,0.002320077324752285
2015-06-01,0.0023066564204559346
2015-06-02,0.0023096892667214403
2015-06-03,0.0023216848798209636
2015-06-04,0.0023112605838122445
2015-06-05,0.0023308783780093445
2015-06-08,0.002315035964155735
2015-06-09,0.002327783793116284
2015-06-10,0.002336649665014191
2015-06-11,0.0022823968323406347
2015-06-12,0.0022900406957116954
2015-06-15,0.002243313768965285
2015-06-16,0.002224904609302099
2015-06-17,0.0022296836553079573
2015-06-18,0.0021876820513867757
2015-06-19,0.002157303377136408
2015-06-22,0.002186364928515593
2015-06-23,0.0022394152119443555
2015-06-24,0.00225695050803987
2015-06-25,0.002258215915225685
2015-06-26,0.002255094147728284
2015-06-29,0.002238862940351691
2015-06-30,0.0022394367125214442
2015-07-01,0.002254490978805503
2015-07-02,0.002265262275754842
2015-07-06,0.0021681302156202537
2015-07-07,0.00212686560506685
2015-07-08,0.0021524970716059405
2015-07-09,0.0022070751404124566
2015-07-10,0.0021987562817789305
2015-07-13,0.0022121711725534526
2015-07-14,0.0022062776422484775
2015-07-15,0.0022058054766871445
2015-07-16,0.0022132365737203056
2015-07-17,0.002212846619732118
2015-07-20,0.002244510777238932
2015-07-21,0.002245332524048703
2015-07-22,0.002227872369110239
2015-07-23,0.0021805301226907065
2015-07-24,0.0021937178143695744
2015-07-27,0.002143638948300523
2015-07-28,0.002191918279048624
2015-07-29,0.002203715658436816
2015-07-30,0.0021880741935889985
2015-07-31,0.0021622979395074667
2015-08-03,0.0021548559144684244
2015-08-04,0.0021683323694988055
2015-08-05,0.002167265387710149
2015-08-06,0.0021537334019022455
2015-08-07,0.002140115250998927
2015-08-10,0.00218031166008944
2015-08-11,0.0021135790282680506
2015-08-12,0.0021015849358005986
2015-08-13,0.00212019366928583
2015-08-14,0.0021241800971840467
2015-08-17,0.0020851958088991727
2015-08-18,0.002056216973893169
2015-08-19,0.0020237567961871555
2015-08-20,0.002014744106004885
2015-08-21,0.001989479105182799
2015-08-24,0.0019672273325626413
2015-08-25,0.00204094188532683
2015-08-26,0.002001600548095281
2015-08-27,0.0020794726121327925
2015-08-28,0.0020708675054714023
2015-08-31,0.00206610119262083
2015-09-01,0.002022042775330904
2015-09-02,0.002060044101268777
2015-09-03,0.0021269023838718787
2015-09-04,0.0020698733000325165
2015-09-08,0.002176454725441494
2015-09-09,0.00221602270245432
2015-09-10,0.0022122577376707336
2015-09-11,0.0022310828211948132
2015-09-14,0.0021792905486530166
2015-09-15,0.002208922742892017
2015-09-16,0.0021993388463346073
2015-09-17,0.002203078691359437
2015-09-18,0.0021061419258466543
2015-09-21,0.0021167593481126287
2015-09-22,0.0020506665971544054
2015-09-23,0.0020373807708185926
2015-09-24,0.0020038134324815143
2015-09-25,0.0019995637797144278
2015-09-28,0.001992932899259426
2015-09-29,0.001999378966865561
2015-09-30,0.0021026445471722145
2015-10-01,0.0020709926285063444
2015-10-02,0.002048632494909085
2015-10-05,0.0020736314433895025
2015-10-06,0.002057028136670951
2015-10-07,0.002063968681687371
2015-10-08,0.002050318846654109
2015-10-09,0.0020902879471143034
2015-10-12,0.0020770023708691766
2015-10-13,0.002051380936713174
2015-10-14,0.0020506737787977488
2015-10-15,0.0020422595070256453
2015-10-16,0.0020336263218139012
2015-10-19,0.002021222122702039
2015-10-20,0.0020114600354827726
2015-10-21,0.002024666094078722
2015-10-22,0.0020439740070329077
2015-10-23,0.0020201150227749844
2015-10-26,0.0020192801288385727
2015-10-27,0.0020209118455407826
2015-10-28,0.0020002549521259535
2015-10-29,0.0020183927122865816
2015-10-30,0.002026719165589796
2015-11-02,0.0020386511018113435
2015-11-03,0.0020884939909374127
2015-11-04,0.0020962494075756183
2015-11-05,0.00204047440684982
2015-11-06,0.0020609598668023853
2015-11-09,0.002049820727115576
2015-11-10,0.0020368499754866605
2015-11-11,0.002043422276800495
2015-11-12,0.002010547741583553
2015-11-13,0.002007772000608996
2015-11-16,0.001954415544844537
2015-11-17,0.00197015072427494
2015-11-18,0.0019442365023681959
2015-11-19,0.0019262522624905786
2015-11-20,0.0019082124249634464
2015-11-23,0.0018930445488679433
2015-11-24,0.001911477095526066
2015-11-25,0.001909855312969238
2015-11-27,0.001941393685733075
2015-11-30,0.0019182773680499927
2015-12-01,0.001942564254229946
2015-12-02,0.001924682354247438
2015-12-03,0.0019365169905194008
2015-12-04,0.0019124019195430012
2015-12-07,0.0018993869065048483
2015-12-08,0.0019028152042775079
2015-12-09,0.0019116555210196905
2015-12-10,0.001924331473489151
2015-12-11,0.001957470510042264
2015-12-14,0.0019761436912220584
2015-12-15,0.0019296265604907253
2015-12-16,0.001911873941297655
2015-12-17,0.0019361436896778333
2015-12-18,0.0019724254566903395
2015-12-21,0.0019678342734622033
2015-12-22,0.0019510604655611362
2015-12-23,0.0019744716444648007
2015-12-24,0.001960174638421077
2015-12-28,0.001930406304065004
2015-12-29,0.00197215777262181
2015-12-30,0.002015847687141186
2015-12-31,0.0020046212070909
2016-01-04,0.0019258673091074492
2016-01-05,0.0019366654076468039
2016-01-06,0.0019053941212089198
2016-01-07,0.0018195361176393317
2016-01-08,0.0018368554440654906
2016-01-11,0.0017943456191425176
2016-01-12,0.0017990051523362983
2016-01-13,0.0017935632289141075
2016-01-14,0.0018353663388790697
2016-01-15,0.001776912482135404
2016-01-19,0.001810716551192305
2016-01-20,0.0017667780810860145
2016-01-21,0.001813301860420019
2016-01-22,0.0018214546832371486
2016-01-25,0.0018039233923440106
2016-01-26,0.001813319076787312
2016-01-27,0.001848400688905426
2016-01-28,0.0018366798759737804
2016-01-29,0.001848799575550358
2016-02-01,0.001818866954171522
2016-02-02,0.0018202785034113198
2016-02-03,0.0018329973873018215
2016-02-04,0.0018382861660857536
2016-02-05,0.0018142166334658204
2016-02-08,0.0017434677187770713
2016-02-09,0.001700592436480053
2016-02-10,0.0016949863381019808
2016-02-11,0.0016058978358002218
2016-02-12,0.001635864732747187
2016-02-16,0.0016963324640956747
2016-02-17,0.001712492712041358
2016-02-18,0.001689503388133224
2016-02-19,0.0016868497807714855
2016-02-22,0.0017470028243709468
2016-02-23,0.0017217540466686481
2016-02-24,0.0016912893446296255
2016-02-25,0.0016677436106067294
2016-02-26,0.0017363501768608417
2016-02-29,0.001725018188367379
2016-03-01,0.0017406322939067637
2016-03-02,0.0017544920251156403
2016-03-03,0.001753220866186126
2016-03-04,0.001788329683271811
2016-03-07,0.0018053356739244004
2016-03-08,0.001757784598546221
2016-03-09,0.0017746300035010457
2016-03-10,0.0017433175875705743
2016-03-11,0.0017784223445560052
2016-03-14,0.001797653443159663
2016-03-15,0.0018132313900568056
2016-03-16,0.001815260572454929
2016-03-17,0.0018102016878863388
2016-03-18,0.0018180729931857546
2016-03-21,0.0018407299471082646
2016-03-22,0.0018302355175602483
2016-03-23,0.0018227507328882593
2016-03-24,0.001821270588183706
2016-03-28,0.0018374455741932618
2016-03-29,0.0017873907025612932
2016-03-30,0.0017825413584811704
2016-03-31,0.0017675417633641875
2016-04-01,0.001768123138345261
2016-04-04,0.001755336626801389
2016-04-05,0.0017380331716304188
2016-04-06,0.0017509203015660948
2016-04-07,0.0016781266509166136
2016-04-08,0.001679275597125232
2016-04-11,0.0016618923402842926
2016-04-12,0.0017031919480265834
2016-04-13,0.001738450380324201
2016-04-14,0.0017722449010732222
2016-04-15,0.00174519503123529
2016-04-18,0.0017542153673474376
2016-04-19,0.001774142098636125
2016-04-20,0.001789020260414404
2016-04-21,0.0018030425087750864
2016-04-22,0.0018466673260967403
2016-04-25,0.0018229881787679245
2016-04-26,0.001810095151426843
2016-04-27,0.0017775376874515194
2016-04-28,0.0017578031931032732
2016-04-29,0.0017677630547514537
2016-05-02,0.001746736670297568
2016-05-03,0.0017157356738088567
2016-05-04,0.0017144427896214642
2016-05-05,0.0016918357571052381
2016-05-06,0.001663701742029906
2016-05-09,0.0016624526960650745
2016-05-10,0.001653611736528152
2016-05-11,0.0016483603568296502
2016-05-12,0.0016318978780926704
2016-05-13,0.0016314175704490804
2016-05-16,0.001642060656525264
2016-05-17,0.001639241566894285
2016-05-18,0.0016342153829013383
2016-05-19,0.0016448732611038536
2016-05-20,0.0016436442122088634
2016-05-23,0.0016445527341613741
2016-05-24,0.0016840263067527856
2016-05-25,0.0017204740654462496
2016-05-26,0.0017264977891201043
2016-05-27,0.0017416378291111234
2016-05-31,0.0017266216673715756
2016-06-01,0.0017101245554189035
2016-06-02,0.0017106132302499464
2016-06-03,0.00170308848490865
2016-06-06,0.0017009482118944899
2016-06-07,0.0016481839264036885
2016-06-08,0.0016371645658519796
2016-06-09,0.0016060463236287656
2016-06-10,0.0015953353715571384
2016-06-13,0.0016019151716364255
2016-06-14,0.001590308145114695
2016-06-15,0.0016281690927127692
2016-06-16,0.001581668074169607
2016-06-17,0.0015880077443224318
2016-06-20,0.0016228681386903274
2016-06-21,0.001665879496905054
2016-06-22,0.0016841482288829912
2016-06-23,0.0017154298718150363
2016-06-24,0.0015999999913302336
2016-06-27,0.0016079394262995296
2016-06-28,0.0016498137274664597
2016-06-29,0.0016492937617889963
2016-06-30,0.0016645175431164946
2016-07-01,0.0016570659049006753
2016-07-05,0.0016083013261376888
2016-07-06,0.0015763059185028416
2016-07-07,0.0015605470045429255
2016-07-08,0.001561624673745803
2016-07-11,0.0015845018999163076
2016-07-12,0.0016572970587880058
2016-07-13,0.0016671631967926353
2016-07-14,0.0016833169494961952
2016-07-15,0.0016814926368894552
2016-07-18,0.0016817223174626615
2016-07-19,0.0016984602942128311
2016-07-20,0.0017076129891420552
2016-07-21,0.0016956031882462757
2016-07-22,0.0016884589288770427
2016-07-25,0.001679678616003248
2016-07-26,0.001684712642457733
2016-07-27,0.0016470676790224289
2016-07-28,0.0016557832386073668
2016-07-29,0.0016460340936772465
2016-08-01,0.0016253515045590288
2016-08-02,0.0016171943813569898
2016-08-03,0.001619349707777475
2016-08-04,0.0015999410852762797
2016-08-05,0.0016110446550554637
2016-08-08,0.0016229188500901705
2016-08-09,0.001605302384756144
2016-08-10,0.0016145949276327295
2016-08-11,0.0016312849588234332
2016-08-12,0.0016024105333297268
2016-08-15,0.0016052375649241357
2016-08-16,0.0016082931738877818
2016-08-17,0.0016027407676083728
2016-08-18,0.0016037597199686875
2016-08-19,0.0016163086034706618
2016-08-22,0.0015997609202493092
2016-08-23,0.001577651833547392
2016-08-24,0.0015675022175591744
2016-08-25,0.0015722294143084607
2016-08-26,0.001570185431467057
2016-08-29,0.0015666338742273487
2016-08-30,0.0015773424431964015
2016-08-31,0.0015835181963595605
2016-09-01,0.0015763604015640853
2016-09-02,0.0015668255814197734
2016-09-06,0.0015443901533432512
2016-09-07,0.0015569440297013232
2016-09-08,0.001567923309075573
2016-09-09,0.001570182739059261
2016-09-12,0.0015866767268213333
2016-09-13,0.001588703557521308
2016-09-14,0.0016254256541107443
2016-09-15,0.001638370727376426
2016-09-16,0.001647648878999046
2016-09-19,0.001636086737288238
2016-09-20,0.001640785579102253
2016-09-21,0.0016165498089230278
2016-09-22,0.0016319754999678067
2016-09-23,0.0016396202471586152
2016-09-26,0.0016346944368437137
2016-09-27,0.001630213392647775
2016-09-28,0.001651887268961306
2016-09-29,0.0016501475938954127
2016-09-30,0.0016766921654271568
2016-10-03,0.0016680672662325539
2016-10-04,0.0017045722758429387
2016-10-05,0.0017040783924418869
2016-10-06,0.00171867492237772
2016-10-07,0.0017267195603597072
2016-10-11,0.0017386272442597725
2016-10-12,0.001734074138653476
2016-10-13,0.0016852589717424248
2016-10-14,0.0016786369247116162
2016-10-17,0.0016737084662070865
2016-10-18,0.0016640228175285139
2016-10-19,0.0016539158003572281
2016-10-20,0.001651785838080807
2016-10-21,0.0016458644981949813
2016-10-24,0.001654120519308583
2016-10-25,0.0016766254362053303
2016-10-26,0.0016915716477932858
2016-10-27,0.0017079421751838445
2016-10-28,0.001715797669557626
2016-10-31,0.0017306331194998756
2016-11-01,0.001729244324202669
2016-11-02,0.001703397602845262
2016-11-03,0.0017237539082117668
2016-11-04,0.001734826849747308
2016-11-07,0.0018043494249670115
2016-11-08,0.0018682267181487223
2016-11-09,0.0019322647790355602
2016-11-10,0.0020146187187324444
2016-11-14,0.002062315910861779
2016-11-15,0.0020441177234151006
2016-11-16,0.0020148764631175344
2016-11-17,0.0020448006184268673
2016-11-18,0.0020388911763744803
2016-11-21,0.0020771330178529853
2016-11-22,0.0020995045574512686
2016-11-23,0.002191573459002144
2016-11-25,0.002263622615720216
2016-11-28,0.002230807956806322
2016-11-29,0.002184527296301914
2016-11-30,0.0022390672240599034
2016-12-01,0.002255120362212183
2016-12-02,0.0022253425783902614
2016-12-05,0.002290459873322937
2016-12-06,0.0022884549393678752
2016-12-07,0.0022442553905730554
2016-12-08,0.0022396989025464044
2016-12-09,0.002278764795852831
2016-12-12,0.002245809983735849
2016-12-13,0.0022417221791382704
2016-12-14,0.0022388700553799545
2016-12-15,0.0023018264264382986
2016-12-16,0.0022557914195127336
2016-12-19,0.0021889522273202885
2016-12-20,0.002209014614440675
2016-12-21,0.002202722972854113
2016-12-22,0.002209868722444153
2016-12-23,0.002184380274318484
2016-12-27,0.002205222711093189
2016-12-28,0.00218974884333721
2016-12-29,0.0021437219294498213
2016-12-30,0.0021717390806778617
2017-01-03,0.002138055751805939
2017-01-04,0.002189379610217803
2017-01-05,0.002144189295860081
2017-01-06,0.0021657138441314536
2017-01-09,0.002137727056518606
2017-01-10,0.002198530650839308
2017-01-11,0.0021754768515257
2017-01-12,0.002219117520571683
2017-01-13,0.002242533189173335
2017-01-17,0.002158828301004844
2017-01-18,0.0021530586435437172
2017-01-19,0.0021662919322543834
2017-01-20,0.0021730465804957536
2017-01-23,0.002172427903477547
2017-01-24,0.002231264895063712
2017-01-25,0.002257161943281708
2017-01-26,0.0022412777548329378
2017-01-27,0.0022557024844946246
2017-01-30,0.002218823454984882
2017-01-31,0.002251778896960473
2017-02-01,0.002243281365886936
2017-02-02,0.002201035654450204
2017-02-03,0.002141567444674148
2017-02-06,0.0021508129631600727
2017-02-07,0.002127694078279099
2017-02-08,0.00214972535720313
2017-02-09,0.002143955998906991
2017-02-10,0.0022375243270384647
2017-02-13,0.0022676412375745056
2017-02-14,0.0022313913654031458
2017-02-15,0.0022213202642673213
2017-02-16,0.0021903226452489053
2017-02-17,0.0021860859250465974
2017-02-21,0.0022185859294852825
2017-02-22,0.002217938373615215
2017-02-23,0.0021136618356360575
2017-02-24,0.0021322301015998116
2017-02-27,0.0021373468648152377
2017-02-28,0.002158709922471804
2017-03-01,0.0021831211314223874
2017-03-02,0.002175095421620189
2017-03-03,0.0021925744889756214
2017-03-06,0.002158431921164909
2017-03-07,0.002147559858255378
2017-03-08,0.0021448076190561808
2017-03-09,0.002137391783982353
2017-03-10,0.002154160102116848
2017-03-13,0.002176064410920907
2017-03-14,0.0021832099335870074
2017-03-15,0.002204399632118357
2017-03-16,0.0021732571753880175
2017-03-17,0.002178809559773655
2017-03-20,0.0021526426618878884
2017-03-21,0.0020945349058919278
2017-03-22,0.0020987752153525225
2017-03-23,0.002114443684435179
2017-03-24,0.002101826799669231
2017-03-27,0.0020909669817994274
2017-03-28,0.002126184821586072
2017-03-29,0.0021302058594917556
2017-03-30,0.002140562218355845
2017-03-31,0.0021217830570219934
2017-04-03,0.0020766709181569724
2017-04-04,0.002076493981349991
2017-04-05,0.0021483056557152656
2017-04-06,0.002123890131524093
2017-04-07,0.0021087458167586776
2017-04-10,0.0020797698416339877
2017-04-11,0.002050031503062801
2017-04-12,0.0019948246004477923
2017-04-13,0.001998211307798403
2017-04-17,0.0020125639673300505
2017-04-18,0.0019578850657806573
2017-04-19,0.001977134312362339
2017-04-20,0.001982213777190021
2017-04-21,0.0019702500613717634
2017-04-24,0.002001489135701939
2017-04-25,0.0020401391173942964
2017-04-26,0.0020529277634331266
2017-04-27,0.0020416238216307016
2017-04-28,0.002050785854165841
2017-05-01,0.002114417930363336
2017-05-02,0.002091466856076171
2017-05-03,0.0020322528423901295
2017-05-04,0.002039951156510463
2017-05-05,0.0020570704741372007
2017-05-08,0.0020284828190873807
2017-05-09,0.00205056403640908
2017-05-10,0.002043045994247764
2017-05-11,0.002045473155637009
2017-05-12,0.002053498603600487
2017-05-15,0.002061696274381399
2017-05-16,0.002060323977759975
2017-05-17,0.002021868802444124
2017-05-18,0.0020184549694063523
2017-05-19,0.002054761700386801
2017-05-22,0.0020536210731522376
2017-05-23,0.0020644724382721936
2017-05-24,0.0020584477949612567
2017-05-25,0.0020640228594099603
2017-05-26,0.0020191701075381115
2017-05-30,0.0020291578783447105
2017-05-31,0.0020259433197525314
2017-06-01,0.0020398579908339357
2017-06-02,0.002014019395834676
2017-06-05,0.001996795126629457
2017-06-06,0.001965775698811031
2017-06-07,0.0019758158848408843
2017-06-08,0.0020426232177357265
2017-06-09,0.0020859281895524366
2017-06-12,0.0020634231124657017
2017-06-13,0.0020485067428704404
2017-06-14,0.0020195630094215107
2017-06-15,0.002047596223655496
2017-06-16,0.0020434609250398724
2017-06-19,0.0020812570744517087
2017-06-20,0.0020588235832048364
2017-06-21,0.0020926491450881327
2017-06-22,0.002082398285051993
2017-06-23,0.0020880433119687602
2017-06-26,0.0021062343714647555
2017-06-27,0.0021233151947909748
2017-06-28,0.0021330127731347694
2017-06-29,0.002156405877697551
2017-06-30,0.0021753848536828794
2017-07-03,0.0022013301096432737
2017-07-05,0.0021705997020935296
2017-07-06,0.0021694486111754766
2017-07-07,0.0021822770982640786
2017-07-10,0.002177625572056684
2017-07-11,0.00219553399117877
2017-07-12,0.0021976850007641296
2017-07-13,0.0021824384617816464
2017-07-14,0.0021881624561232056
2017-07-17,0.0022039259409602717
2017-07-18,0.0021944243549482344
2017-07-19,0.002177731368835877
2017-07-20,0.002175851383519057
2017-07-21,0.0021645537817732673
2017-07-24,0.0021764096326802244
2017-07-25,0.0022693139147995606
2017-07-26,0.0022970375965078705
2017-07-27,0.0022816768245349705
2017-07-28,0.0022630873797594452
2017-07-31,0.0022801200593013464
2017-08-01,0.002262297661270991
2017-08-02,0.002266472576328976
2017-08-03,0.0022692853625612347
2017-08-04,0.002292775871025439
2017-08-07,0.0023112383605341288
2017-08-08,0.002342008959935502
2017-08-09,0.0023016496989451706
2017-08-10,0.002263768800690277
2017-08-11,0.0022629495572166337
2017-08-14,0.0022632769129427234
2017-08-15,0.0022646621161043303
2017-08-16,0.0023138068004199663
2017-08-17,0.0022838929633094453
2017-08-18,0.0022870810707433424
2017-08-21,0.002309420385675218
2017-08-22,0.002323943725416263
2017-08-23,0.0023124369046302142
2017-08-24,0.0023579478866156095
2017-08-25,0.0023466150811377994
2017-08-28,0.0023402307180953935
2017-08-29,0.002346356063460109
2017-08-30,0.0023427109170974496
2017-08-31,0.002339310219122804
2017-09-01,0.002338995884930966
2017-09-05,0.0023204153148114353
2017-09-06,0.002347627219736808
2017-09-07,0.002321760436564955
2017-09-08,0.002244799487835231
2017-09-11,0.002288504886412244
2017-09-12,0.0022707078830305353
2017-09-13,0.0022374187026169296
2017-09-14,0.0022167284522668844
2017-09-15,0.0022175097842765047
2017-09-18,0.0022575210682950807
2017-09-19,0.0022580770128471954
2017-09-20,0.0022480945761610823
2017-09-21,0.002257864628433228
2017-09-22,0.0022612695261287844
2017-09-25,0.0022325527319116334
2017-09-26,0.0022340015714317446
2017-09-27,0.0022681938273146443
2017-09-28,0.002304550832646777
2017-09-29,0.0022922356613343737
2017-10-02,0.002309656797545607
2017-10-03,0.0023189146032119613
2017-10-04,0.002311768927032868
2017-10-05,0.002387195875902298
2017-10-06,0.0023706353889604123
2017-10-09,0.002353721208470811
2017-10-10,0.0023597552283167
2017-10-11,0.002395395712197366
2017-10-12,0.0024000618374408218
2017-10-13,0.0023960814400906293
2017-10-16,0.0024801907197171207
2017-10-17,0.0024789555966621807
2017-10-18,0.002471677482794133
2017-10-19,0.002450073864738527
2017-10-20,0.0024671206563457973
2017-10-23,0.002484151323543855
2017-10-24,0.0024992157431209788
2017-10-25,0.002486670775337414
2017-10-26,0.002501381897603805
2017-10-27,0.002438707054718583
2017-10-30,0.0024346598049859417
2017-10-31,0.0024404104243325926
2017-11-01,0.002458990626353602
2017-11-02,0.0024594084980621854
2017-11-03,0.0024559811269441612
2017-11-06,0.0024624824128565014
2017-11-07,0.002420114704480001
2017-11-08,0.002413389508482201
2017-11-09,0.002395768498908289
2017-11-10,0.0024123702535261424
2017-11-13,0.002435997734166077
2017-11-14,0.002387826720858011
2017-11-15,0.002388562494943621
2017-11-16,0.0023825738910489514
2017-11-17,0.002363404757369484
2017-11-20,0.0024246823909811815
2017-11-21,0.0024397002757968705
2017-11-22,0.0024268349999626683
2017-11-24,0.0024605580240290776
2017-11-27,0.002421162324178375
2017-11-28,0.0023715918844547453
2017-11-29,0.002371109913221631
2017-11-30,0.00238532835166769
2017-12-01,0.002397169146020926
2017-12-04,0.002403672484025391
2017-12-05,0.0023149176415431716
2017-12-06,0.002325387994088464
2017-12-07,0.002352776369098397
2017-12-08,0.0023731127847580326
2017-12-11,0.00240250867040818
2017-12-12,0.0024218813372948113
2017-12-13,0.0024325517490291666
2017-12-14,0.0024314084720960596
2017-12-15,0.0024794704409056307
2017-12-18,0.0024734591188349995
2017-12-19,0.0024807647960272488
2017-12-20,0.0025049364416165768
2017-12-21,0.0025207132063447663
2017-12-22,0.0025203856742010994
2017-12-26,0.0025356281472367057
2017-12-27,0.002530691506979349
2017-12-28,0.0025392165020817793
2017-12-29,0.0025105258248833543
2018-01-02,0.0024784959754753605
2018-01-03,0.0024593527645050085
2018-01-04,0.0024575564701821016
2018-01-05,0.0024289933337597117
2018-01-08,0.002427574726582306
2018-01-09,0.0024353892569931486
2018-01-10,0.0024404128241907698
2018-01-11,0.0024333636849132793
2018-01-12,0.0023998799978197805
2018-01-16,0.0023955367854272876
2018-01-17,0.002366591996676184
2018-01-18,0.002395927636332102
2018-01-19,0.002377806139545914
2018-01-22,0.002387482118302356
2018-01-23,0.0023130194380095366
2018-01-24,0.0023663248400882537
2018-01-25,0.002348062114223906
2018-01-26,0.002354616708378841
2018-01-30,0.0023790624439821687
2018-01-31,0.002377893962105145
2018-02-01,0.002378189325731128
2018-02-02,0.002381720175684878
2018-02-05,0.0024084771207106893
2018-02-06,0.002396124023856319
2018-02-07,0.002345608414326528
2018-02-08,0.0023327511350527365
2018-02-09,0.002303327963919023
2018-02-12,0.0023240448711546054
2018-02-13,0.0023751977001864465
2018-02-14,0.002381777860106071
2018-02-15,0.0023955329787003054
2018-02-16,0.0023965416402129862
2018-02-20,0.0023976520105704544
2018-02-21,0.00241466160107376
2018-02-22,0.002433112890213779
2018-02-23,0.0024156753699745253
2018-02-26,0.002401743605962851
2018-02-27,0.002400228071919597
2018-02-28,0.0023622197463275905
2018-03-01,0.002378923848946962
2018-03-02,0.002347286449079326
2018-03-05,0.0023560428194783697
2018-03-06,0.002352279650084015
2018-03-07,0.0023484163514449407
2018-03-08,0.002317220997746522
2018-03-09,0.002356321747981026
2018-03-12,0.0023525845339674007
2018-03-13,0.0023523643567445202
2018-03-14,0.0023708849645282704
2018-03-15,0.0023625455237518897
2018-03-16,0.0023587278425820854
2018-03-19,0.002331029659525072
2018-03-20,0.0023076043897992567
2018-03-21,0.002308245758872165
2018-03-22,0.0022704659576018677
2018-03-23,0.0022118875145135473
2018-03-26,0.0021858387097918974
2018-03-27,0.002230298808556298
2018-03-28,0.0022609878178810796
2018-03-29,0.0022822799682237
2018-04-02,0.002265479458254199
2018-04-03,0.002294417748878992
2018-04-04,0.0022510853867091954
2018-04-05,0.0023178281781372936
2018-04-06,0.0022929648208103344
2018-04-09,0.002298510776555065
2018-04-10,0.0023330849791070567
2018-04-11,0.002294139320719431
2018-04-12,0.002286311929887462
2018-04-13,0.002281008330654044
2018-04-16,0.0022942486410901805
2018-04-17,0.0022825119946069602
2018-04-18,0.0023338515349809333
2018-04-19,0.0023225422539170267
2018-04-20,0.002342709747970502
2018-04-23,0.0023500945482452336
2018-04-24,0.0023572930131090346
2018-04-25,0.002370572271596292
2018-04-26,0.0023649622431056658
2018-04-27,0.002307051345274336
2018-04-30,0.0023191765102399207
2018-05-01,0.0023124712317767605
2018-05-02,0.0023395516292137146
2018-05-03,0.0023338674976860936
2018-05-04,0.0023352633008359588
2018-05-07,0.0023315806225162896
2018-05-08,0.002317454211595582
2018-05-09,0.002317928685207458
2018-05-10,0.0023413839014721264
2018-05-11,0.002346474623662039
2018-05-14,0.002338397290106287
2018-05-15,0.0023605399654303017
2018-05-16,0.0023705628330867707
2018-05-17,0.002388604269023667
2018-05-18,0.0023647498323685597
2018-05-21,0.0023914897835058987
2018-05-22,0.0024146474227305383
2018-05-23,0.0023737685493161013
2018-05-24,0.0023667255637570914
2018-05-25,0.0023532569610656318
2018-05-29,0.0023500424736463653
2018-05-30,0.0023507491194922512
2018-05-31,0.0023521268711353045
2018-06-01,0.002387627376649406
2018-06-04,0.0024178330757948
2018-06-05,0.002459344882266829
2018-06-06,0.002509058648923196
2018-06-07,0.002516362524321009
2018-06-08,0.0025367845657245816
2018-06-11,0.0025025020422389213
2018-06-12,0.002503667769193038
2018-06-13,0.0025044335302617936
2018-06-14,0.002466641137936364
2018-06-15,0.0024643025989240265
2018-06-18,0.002431828873307807
2018-06-19,0.0023882878848250884
2018-06-20,0.0023965545032995092
2018-06-21,0.0023871529450186506
2018-06-22,0.0023926936801284965
2018-06-25,0.0023640962078966647
2018-06-26,0.0023850071918246696
2018-06-27,0.0023862547328065316
2018-06-28,0.002366965793276507
2018-06-29,0.0023583472069454133
2018-07-02,0.002364494146301431
2018-07-03,0.002321828024605127
2018-07-05,0.0022381291513540744
2018-07-06,0.0022426850468422787
2018-07-09,0.002256577411764392
2018-07-10,0.002255941874518675
2018-07-11,0.002199468857755678
2018-07-12,0.002223293082302354
2018-07-13,0.002234591832431412
2018-07-16,0.0022267991469571403
2018-07-17,0.0022350494859342766
2018-07-18,0.00224414905315379
2018-07-19,0.0021973167989802374
2018-07-20,0.0022334282647404743
2018-07-23,0.002236111101761363
2018-07-24,0.002287768523950127
2018-07-25,0.0022787071127541468
2018-07-26,0.002288418990515517
2018-07-27,0.0022799770655128997
2018-07-30,0.0022754441437512055
2018-07-31,0.0023036692965644344
2018-08-01,0.0022456686429673457
2018-08-02,0.002252602059381975
2018-08-03,0.0022677483902743475
2018-08-06,0.002251365225133173
2018-08-07,0.002266038353489333
2018-08-08,0.002260019815663355
2018-08-09,0.0022737024694207274
2018-08-10,0.0022562134682332442
2018-08-13,0.0022848986586791035
2018-08-14,0.002242665478689573
2018-08-15,0.002171549827429899
2018-08-16,0.0022219862495757845
2018-08-17,0.002230769261572141
2018-08-20,0.0022442702738358525
2018-08-21,0.00225515692480096
2018-08-22,0.0022306276332666334
2018-08-23,0.0022346250329985775
2018-08-24,0.0022374200219641553
2018-08-27,0.002237386206539334
2018-08-28,0.002264369647418098
2018-08-29,0.002249066094334762
2018-08-30,0.002246389021180428
2018-08-31,0.002206948114360545
2018-09-04,0.0021660937488166025
2018-09-05,0.002169637558306221
2018-09-06,0.0021859086241848603
2018-09-07,0.0021812164398677396
2018-09-10,0.002188181137698894
2018-09-11,0.0021783503750797658
2018-09-12,0.0022067735236022206
2018-09-13,0.0022167221281968815
2018-09-14,0.0021987448177577065
2018-09-17,0.002195132288377363
2018-09-18,0.0022660425990490185
2018-09-19,0.0022542007554611286
2018-09-20,0.0022558448568062144
2018-09-21,0.002371259024588056
2018-09-24,0.0023480362462194645
2018-09-25,0.0023362499475479124
2018-09-26,0.002350921207536605
2018-09-27,0.0023382388467845733
2018-09-28,0.0023390683515503085
2018-10-01,0.0023367871169055407
2018-10-02,0.0023245176476572073
2018-10-03,0.0023554200746495127
2018-10-04,0.0023095558116233332
2018-10-05,0.002290209822966536
2018-10-08,0.0023260723215569427
2018-10-09,0.0023542791368337105
2018-10-10,0.002328260270513057
2018-10-11,0.0022860645127384138
2018-10-12,0.002292915227660486
2018-10-15,0.0022672047291246483
2018-10-16,0.002257394145247752
2018-10-17,0.0022611751821154068
2018-10-18,0.002231960825369983
2018-10-19,0.002259038420926973
2018-10-22,0.002271536226943134
2018-10-23,0.002227176848260686
2018-10-24,0.0022369277618779935
2018-10-25,0.0022361892143139984
2018-10-26,0.002226369134311018
2018-10-29,0.0022364231263826994
2018-10-30,0.002178145067879023
2018-10-31,0.002197063402865143
2018-11-01,0.002201860776611131
2018-11-02,0.002277195481112622
2018-11-05,0.0022406082036075755
2018-11-06,0.002231165120027989
2018-11-07,0.0022447399827327545
2018-11-08,0.002238122441666732
2018-11-09,0.0022268733571885134
2018-11-12,0.002229251531213641
2018-11-13,0.002240660561746896
2018-11-14,0.00224314928356835
2018-11-15,0.0022666556413280864
2018-11-16,0.002296854348514728
2018-11-19,0.0022929442882649916
2018-11-20,0.002269483179807467
2018-11-21,0.002279735683813306
2018-11-23,0.0022690417237402863
2018-11-26,0.00226069513978662
2018-11-27,0.002237863367881457
2018-11-28,0.002289176312368269
2018-11-29,0.002269422573118284
2018-11-30,0.002276266206617868
2018-12-03,0.0022688223787703517
2018-12-04,0.0022145678533441867
2018-12-06,0.002213472277955714
2018-12-07,0.0022116617141895276
2018-12-10,0.002185816519771524
2018-12-11,0.0022272324487069284
2018-12-12,0.002224766984353733
2018-12-13,0.002222982341858675
2018-12-14,0.002231608693794368
2018-12-17,0.002206990513948397
2018-12-18,0.002138168514423196
2018-12-19,0.0021735484170246023
2018-12-20,0.0021383348804452844
2018-12-21,0.0021363054974842107
2018-12-24,0.002105325401652259
2018-12-26,0.0021340214407875287
2018-12-27,0.0020883895068514384
2018-12-28,0.0020931321585405203
2018-12-31,0.0020558553708810703
2019-01-02,0.0020491803278688526
2019-01-03,0.0019898589563725746
2019-01-04,0.002067124103517856
2019-01-07,0.002052377939237768
2019-01-08,0.0020733324118048617
2019-01-09,0.0020646861398103153
2019-01-10,0.002057678983512098
2019-01-11,0.0020740425477191933
2019-01-14,0.0020522069620584893
2019-01-15,0.00206072162941143
2019-01-16,0.0020853980279302476
2019-01-17,0.002091402050878169
2019-01-18,0.002139233460237834
2019-01-22,0.002096686075073004
2019-01-23,0.002099602569543975
2019-01-24,0.0020901415933578327
2019-01-25,0.0021103744909463894
2019-01-28,0.002063498118566975
2019-01-29,0.0020883658572883033
2019-01-30,0.002116955454785759
2019-01-31,0.0021133592009726777
2019-02-01,0.0021072215384019995
2019-02-04,0.0021266072985282646
2019-02-05,0.0021435093721849843
2019-02-06,0.0021653302801888877
2019-02-07,0.0021601496713661967
2019-02-08,0.0021389967627485286
2019-02-11,0.002135807262090845
2019-02-12,0.002119233116916175
2019-02-13,0.002116264743740358
2019-02-14,0.002119407481601382
2019-02-15,0.0021261664983272172
2019-02-19,0.0021502127141388504
2019-02-20,0.0021811955335766502
2019-02-21,0.0021930486695650258
2019-02-22,0.0022276557887751882
2019-02-25,0.00222490383389756
2019-02-26,0.0022217191607903073
2019-02-27,0.0022455795858493293
2019-02-28,0.0022471053762658237
2019-03-01,0.002262804687021103
2019-03-04,0.0022657222156915262
2019-03-05,0.0022901716916683868
2019-03-06,0.002271382902280764
2019-03-07,0.0022678765122103586
2019-03-08,0.002231303048115468
2019-03-11,0.0022501551718626424
2019-03-12,0.002258350612717517
2019-03-13,0.002243594685658442
2019-03-14,0.002233261110778948
2019-03-15,0.002230373307116067
2019-03-18,0.0022329462209321428
2019-03-19,0.0022371648371904748
2019-03-20,0.0022418300081610176
2019-03-21,0.0022203507767974994
2019-03-22,0.0021622446008363063
2019-03-25,0.0021556092656365936
2019-03-26,0.0021688351220508035
2019-03-27,0.002181845932351018
2019-03-28,0.002223988126596979
2019-03-29,0.00227068840581506
2019-04-01,0.0022667649679551224
2019-04-02,0.0022511628247046654
2019-04-03,0.0022842856090966846
2019-04-04,0.0022564002762847026
2019-04-05,0.0022415529052856806
2019-04-08,0.002258499852082324
2019-04-09,0.002248945115487787
2019-04-10,0.0022324497361538406
2019-04-11,0.0022396398980775393
2019-04-12,0.002282659348296232
2019-04-15,0.002280074529007635
2019-04-16,0.002302766059042474
2019-04-17,0.002338861987905808
2019-04-18,0.0023016746232750337
2019-04-22,0.0022822929729795663
2019-04-23,0.002283541994931577
2019-04-24,0.0022873383136601225
2019-04-25,0.002255447520842754
2019-04-26,0.002311463905500821
2019-04-29,0.002264195241830688
2019-04-30,0.0022618489836347946
2019-05-01,0.002187451162706844
2019-05-02,0.002192643952866071
2019-05-03,0.002208411628765099
2019-05-06,0.0022134664908074393
2019-05-07,0.0021768600781882463
2019-05-08,0.002177192431168479
2019-05-09,0.002168679358107504
2019-05-10,0.002166135328302882
2019-05-13,0.0020994539701325366
2019-05-14,0.002112072321359373
2019-05-15,0.002124122410726141
2019-05-16,0.0021466926841884272
2019-05-17,0.002156139589282006
2019-05-20,0.0021440326881746762
2019-05-21,0.0021411163626976733
2019-05-22,0.002108982537851526
2019-05-23,0.002090986900980914
2019-05-24,0.0021095090049927994
2019-05-28,0.0021179005346062883
2019-05-29,0.0020869123426876727
2019-05-30,0.002067050035005946
2019-05-31,0.002026343857791924
2019-06-03,0.0020076359213572572
2019-06-04,0.0020201753148817213
2019-06-05,0.0019777158750974365
2019-06-06,0.0019841507867151614
2019-06-07,0.0019613034401789915
2019-06-10,0.002011021463370335
2019-06-11,0.002017113892363326
2019-06-12,0.0019963960290946916
2019-06-13,0.0019870072508761044
2019-06-14,0.0019658981230493548
2019-06-17,0.001980279464840156
2019-06-18,0.002010248081274662
2019-06-19,0.001996504557312176
2019-06-20,0.0019495298074178507
2019-06-21,0.0019381178801604697
2019-06-24,0.0019129603295341615
2019-06-25,0.001933352215756448
2019-06-26,0.0019205157357291838
2019-06-27,0.0019259443683238464
2019-06-28,0.00191920265388203
2019-07-01,0.0019338193924720076
2019-07-02,0.001891997775026044
2019-07-03,0.0018900332900356972
2019-07-05,0.0019034152280884785
2019-07-08,0.0019012168209810469
2019-07-09,0.0018779964481142211
2019-07-10,0.0019097937201809213
2019-07-11,0.001910204224373276
2019-07-12,0.0019090005687602864
2019-07-15,0.0019183080162199389
2019-07-16,0.0019113682481480257
2019-07-17,0.0019067050904426498
2019-07-18,0.0018960802485634418
2019-07-19,0.0019258297444502378
2019-07-22,0.0019045112309094387
2019-07-23,0.001897049540199093
2019-07-24,0.001900477862938243
2019-07-25,0.001906428920333474
2019-07-26,0.0018868523665956935
2019-07-29,0.0019086363207834341
2019-07-30,0.0018678744710492617
2019-07-31,0.0018638244427979327
2019-08-01,0.0018720529524430085
2019-08-02,0.0017743498205171184
2019-08-05,0.001732213562175722
2019-08-06,0.0017325455555264465
2019-08-07,0.0017017182870886656
2019-08-08,0.001737330628913166
2019-08-09,0.0017265803506475086
2019-08-12,0.0017139439580265627
2019-08-13,0.0017471043280172097
2019-08-14,0.0017062470398916015
2019-08-15,0.0017040668544433602
2019-08-16,0.0017123966374673135
2019-08-19,0.0017308716618195978
2019-08-20,0.0017107536378511438
2019-08-21,0.001715738465568196
2019-08-22,0.0017054029611873814
2019-08-23,0.0016546574500753925
2019-08-26,0.0016641550682011765
2019-08-27,0.0016505515552201417
2019-08-28,0.0016588633354509227
2019-08-29,0.001676711417634566
2019-08-30,0.0016674346870380226
2019-09-03,0.001625266840031276
2019-09-04,0.0016635489356623412
2019-09-05,0.0017318859667132451
2019-09-06,0.001736489216629021
2019-09-09,0.0017377847038527153
2019-09-10,0.0017516607473290415
2019-09-11,0.0017381558106231557
2019-09-12,0.0017505172444073844
2019-09-13,0.001798242638926518
2019-09-16,0.001743729688024708
2019-09-17,0.0017337718249045664
2019-09-18,0.001721724704723453
2019-09-19,0.001729177814930851
2019-09-20,0.001718304140030347
2019-09-23,0.001702763108218536
2019-09-24,0.001690163821991189
2019-09-25,0.0017247109336152
2019-09-26,0.0016981757497708397
2019-09-27,0.0017230338114556365
2019-09-30,0.0017496760448205524
2019-10-01,0.0017219973318329063
2019-10-02,0.0017065290289668541
2019-10-03,0.0016890054284983116
2019-10-04,0.0016966539060961406
2019-10-07,0.0017172999336018005
2019-10-08,0.0017121961068154404
2019-10-09,0.001701082317090468
2019-10-10,0.0017427080104230144
2019-10-11,0.0017660349905645992
2019-10-14,0.001758731778906246
2019-10-15,0.001762317362329494
2019-10-16,0.0017335349193183325
2019-10-17,0.0017335655086388282
2019-10-18,0.0017638758810151539
2019-10-21,0.0017775229000719789
2019-10-22,0.001769589029779901
2019-10-23,0.0017870325934652277
2019-10-24,0.0017739674938832505
2019-10-25,0.0017782594808621102
2019-10-28,0.0017936240906683391
2019-10-29,0.001803967643281158
2019-10-30,0.0017951380378856165
2019-10-31,0.0017420933270289787
2019-11-01,0.001757957574859538
2019-11-04,0.0017685676759370758
2019-11-05,0.0018199620775104417
2019-11-06,0.0017856664209785155
2019-11-07,0.001860401630891777
2019-11-08,0.0018326147155368362
2019-11-11,0.0018275507288427952
2019-11-12,0.0018194339262898231
2019-11-13,0.0018037216732686133
2019-11-14,0.001779113947144419
2019-11-15,0.001795815377071464
2019-11-18,0.0017795227570275493
2019-11-19,0.001801058842168137
2019-11-20,0.0017963076243235508
2019-11-21,0.0017914018831479807
2019-11-22,0.0018095141017870024
2019-11-25,0.0018175889623243877
2019-11-26,0.0018321002185901422
2019-11-27,0.0018401678434222756
2019-11-29,0.0018026746751885173
2019-12-02,0.0018002460817480388
2019-12-03,0.0017643080274673077
2019-12-04,0.0017937585165575046
2019-12-05,0.0017932831754935317
2019-12-06,0.0018579946617976303
2019-12-09,0.0018820666918118285
2019-12-10,0.0018839738302999787
2019-12-11,0.00189363004109094
2019-12-12,0.0019018886554566772
2019-12-13,0.0018843182306546554
2019-12-16,0.0019122033200021519
2019-12-17,0.0019120439550815017
2019-12-18,0.0019129430659817156
2019-12-19,0.001915505443739887
2019-12-20,0.0019061505403082856
2019-12-23,0.0019001685748815938
2019-12-24,0.0018934694610869625
2019-12-26,0.0018978996575269897
2019-12-27,0.0018737612881066523
2019-12-30,0.0018669528589661108
2019-12-31,0.0018387626919082686
2020-01-02,0.0018583141650947129
2020-01-03,0.0018064163111535488
2020-01-06,0.0017880858149569262
2020-01-07,0.0017839418588314895
2020-01-08,0.0018100680374540463
2020-01-09,0.0018112392827088581
2020-01-10,0.001809630845561265
2020-01-13,0.0018480366699027704
2020-01-14,0.001864626479510921
2020-01-15,0.0018491076159418277
2020-01-16,0.0018411878619061662
2020-01-17,0.0018280086294675125
2020-01-21,0.0017980596357859264
2020-01-22,0.0017790779097773034
2020-01-23,0.001742298423308502
2020-01-24,0.0017093119141182388
2020-01-27,0.0016466893959199657
2020-01-28,0.00164383127721825
2020-01-29,0.0016266402456565816
2020-01-30,0.0015936217023477894
2020-01-31,0.0015920146200385174
2020-02-03,0.0015933300083967846
2020-02-04,0.0016431242614683222
2020-02-05,0.0016555398095701617
2020-02-06,0.0016602773330046355
2020-02-07,0.0016313910844623697
2020-02-10,0.0016241188574723825
2020-02-11,0.0016533597746892007
2020-02-12,0.0016626259448786426
2020-02-13,0.0016630689876204535
2020-02-14,0.0016462374822875793
2020-02-18,0.0016312499344348908
2020-02-19,0.001625194371580892
2020-02-20,0.0016052208757888113
2020-02-21,0.001591876486307765
2020-02-24,0.0015501673843242567
2020-02-25,0.0015765983856944478
2020-02-26,0.0015710365481492949
2020-02-27,0.0015679878432576248
2020-02-28,0.0016277731881307164
2020-03-02,0.0016334861463366411
2020-03-03,0.0015708543927267621
2020-03-04,0.001580037763527687
2020-03-05,0.0015497479255226062
2020-03-06,0.0015399807750953191
2020-03-09,0.0015073155744569128
2020-03-10,0.0015273340709901675
2020-03-11,0.0015304009056659172
2020-03-12,0.0015610645380798992
2020-03-13,0.0016322491632984645
2020-03-16,0.0016141731787194292
2020-03-17,0.0015184602163479915
2020-03-18,0.0014624652935636812
2020-03-19,0.0014878940105567788
2020-03-20,0.0014760781812539318
2020-03-23,0.0013525845065722438
2020-03-24,0.0013236357397264837
2020-03-25,0.0013686209034784542
2020-03-26,0.001338100707445224
2020-03-27,0.0013529158160432966
2020-03-30,0.0013329222816721284
2020-03-31,0.0014146772609566277
2020-04-01,0.0013889240781146377
2020-04-02,0.0013735622237330315
2020-04-03,0.001352757608006115
2020-04-06,0.0013327369678567832
2020-04-07,0.0013746395984207264
2020-04-08,0.0013678396078742315
2020-04-09,0.0013117728246865102
2020-04-13,0.0013299517606969985
2020-04-14,0.001336027750263257
2020-04-15,0.0013388722008885012
2020-04-16,0.0013395141073551762
2020-04-17,0.001393263057899717
2020-04-20,0.0013719441160562566
2020-04-21,0.0013508521188804999
2020-04-22,0.001340602869150253
2020-04-23,0.0013407949092920344
2020-04-24,0.0013623440960783663
2020-04-27,0.0013914363780079485
2020-04-28,0.0013908213671450377
2020-04-29,0.001393976753673235
2020-04-30,0.001397696330483093
2020-05-01,0.0013682502460676718
2020-05-04,0.0013615325142092947
2020-05-05,0.0013735038996572592
2020-05-06,0.0013968056228811465
2020-05-07,0.0013854686296746414
2020-05-08,0.00140856185843749
2020-05-11,0.0014050609926714612
2020-05-12,0.001384944885861681
2020-05-13,0.0013705583427568232
2020-05-14,0.001352626490762906
2020-05-15,0.0013308428629839083
2020-05-18,0.0013887284349120943
2020-05-19,0.0013891756479220401
2020-05-20,0.0014095167404328804
2020-05-21,0.0014251670460477884
2020-05-22,0.0013887927786218328
2020-05-26,0.0014303729808061482
2020-05-27,0.001404724227082536
2020-05-28,0.001408393181604112
2020-05-29,0.001397029217519047
2020-06-01,0.0014239267299715273
2020-06-02,0.001445919309297609
2020-06-03,0.0014704322908825169
2020-06-04,0.0014503461487630092
2020-06-05,0.0015254742848614456
2020-06-08,0.0015132779010494468
2020-06-09,0.0015165919291210495
2020-06-10,0.001550808375139665
2020-06-11,0.0014933602363903582
2020-06-12,0.001504365905786682
2020-06-15,0.0014930535191877382
2020-06-16,0.0014835800306206212
2020-06-17,0.0014989591029497785
2020-06-18,0.0015022031579075134
2020-06-19,0.001497794818127892
2020-06-22,0.0015116411504302097
2020-06-23,0.0015010440282587163
2020-06-24,0.0015010193599704648
2020-06-25,0.001510981182408352
2020-06-26,0.0015074752786095624
2020-06-29,0.001509747593688687
2020-06-30,0.001513385400383817
2020-07-01,0.0015322581110121165
2020-07-02,0.001532230943842319
2020-07-06,0.0015465474042073955
2020-07-07,0.001545006085839884
2020-07-08,0.0015502616873919487
2020-07-09,0.0015718097740179385
2020-07-10,0.00160549447353833
2020-07-13,0.0016245167930767327
2020-07-14,0.0016105158117160128
2020-07-15,0.0015846859054043372
2020-07-16,0.0016044921311660371
2020-07-17,0.0015968036109687493
2020-07-20,0.0015961781632791074
2020-07-21,0.0015962874217158869
2020-07-22,0.0015602703686623677
2020-07-23,0.0015480916978196579
2020-07-24,0.0015190006300070992
2020-07-27,0.001495598141607505
2020-07-28,0.001493803694312441
2020-07-29,0.001487330399360198
2020-07-30,0.0014953920272935209
2020-07-31,0.001456592570028729
2020-08-03,0.0014791454691610404
2020-08-04,0.0014438836564198239
2020-08-05,0.0014334597076010001
2020-08-06,0.0014162807385572247
2020-08-07,0.0013882393709297876
2020-08-10,0.0014120233004057854
2020-08-11,0.0014860809351652893
2020-08-12,0.001492066798023633
2020-08-13,0.0014330249761280696
2020-08-14,0.0014744449904977998
2020-08-17,0.0014599496231271277
2020-08-18,0.0014859457436495994
2020-08-19,0.0015413284978128055
2020-08-20,0.0015358361534896215
2020-08-21,0.0015059961270233553
2020-08-24,0.0015160553867935712
2020-08-25,0.0015331101158170633
2020-08-26,0.0015249652954334996
2020-08-27,0.0015429849874270625
2020-08-28,0.0015244833160836368
2020-08-31,0.0015455376738700104
2020-09-01,0.0015290621386871853
2020-09-02,0.001552419346091797
2020-09-03,0.0015345507274079201
2020-09-04,0.0015835022240840745
2020-09-08,0.001558458379557018
2020-09-09,0.0015632231388812065
2020-09-10,0.0015285027444426524
2020-09-11,0.001565692973186864
2020-09-14,0.0015700680901302173
2020-09-15,0.0015657107229513148
2020-09-16,0.0015600449769983208
2020-09-17,0.0015806700765472097
2020-09-18,0.0015949491097765496
2020-09-21,0.0015934673287583718
2020-09-22,0.0016111872193165567
2020-09-23,0.0016094951099433518
2020-09-24,0.001589145224800351
2020-09-25,0.0016003661127921307
2020-09-28,0.0015962729430976893
2020-09-29,0.0015749880836778663
2020-09-30,0.001604503353699943
2020-10-01,0.0015004716420158283
2020-10-02,0.0015674665645249092
2020-10-05,0.0015503267525068295
2020-10-06,0.0015598864628012373
2020-10-07,0.0016110107894367442
2020-10-08,0.0016107169832877558
2020-10-09,0.0016043240218523984
2020-10-12,0.001592197715848568
2020-10-13,0.0016110669944789443
2020-10-14,0.0016028505847744366
2020-10-15,0.0016199033332196995
2020-10-16,0.0016124789449106353
2020-10-19,0.0016161351501201013
2020-10-20,0.001645466943819542
2020-10-21,0.0016598254234674757
2020-10-22,0.0016569355298616376
2020-10-23,0.0016432702227972534
2020-10-26,0.0016232196889404307
2020-10-27,0.001618818019240079
2020-10-28,0.0016293572121080715
2020-10-29,0.0016359348658427225
2020-10-30,0.0016211249105230602
2020-11-02,0.0016258463173352176
2020-11-03,0.0016175005989984158
2020-11-04,0.001636757157464262
2020-11-05,0.0015958977933421136
2020-11-06,0.0016146233146639346
2020-11-09,0.0017005720211980913
2020-11-10,0.0016799082958912346
2020-11-11,0.0016816252112711308
2020-11-12,0.0016784149997027444
2020-11-13,0.0016839900293274305
2020-11-16,0.0017061410190762267
2020-11-17,0.001696205923556649
2020-11-18,0.001706965548024357
2020-11-19,0.0017212938984733242
2020-11-20,0.0017587845720032653
2020-11-23,0.0017735879530427177
2020-11-24,0.0018284573709198466
2020-11-25,0.001834191795868511
2020-11-27,0.001907794964145828
2020-11-30,0.001926282668306072
2020-12-01,0.001911691737953976
2020-12-02,0.0019033795243309534
2020-12-03,0.0018940548775422399
2020-12-04,0.0019140475473801227
2020-12-07,0.001884466649031666
2020-12-08,0.0018676501319459461
2020-12-09,0.0019121334043857615
2020-12-10,0.0019472621861604247
2020-12-11,0.0019154255005443335
2020-12-14,0.00192595842315718
2020-12-15,0.0019100577733342243
2020-12-16,0.001914767495051519
2020-12-17,0.0019059982920294914
2020-12-18,0.001924219164605836
2020-12-21,0.0019013410212125107
2020-12-22,0.0018847101325832323
2020-12-23,0.0018947032262714959
2020-12-24,0.0018937176959126544
2020-12-28,0.0019017686054243518
2020-12-29,0.0018901952788167318
2020-12-30,0.0018736118365065375
2020-12-31,0.0018562146660411941
2021-01-04,0.001827017052762347
2021-01-05,0.0018643417625323212
2021-01-06,0.0019141014466602544
2021-01-07,0.0019324895689187532
2021-01-08,0.0020028897606094716
2021-01-11,0.0019269030808416198
2021-01-12,0.001956156042821515
2021-01-13,0.0019513380182547013
2021-01-14,0.0019823811738841845
2021-01-15,0.0019696057669279215
2021-01-19,0.001976624038045126
2021-01-20,0.001954820724809399
2021-01-21,0.0019597382938185814
2021-01-22,0.0019590990191748476
2021-01-25,0.0019626395065763906
2021-01-26,0.001960339394121431
2021-01-27,0.0019358772918206275
2021-01-28,0.0019495075341920077
2021-01-29,0.001934444769950034
2021-02-01,0.0019142304077661987
2021-02-02,0.0019333515620498637
2021-02-03,0.0019531165417486875
2021-02-04,0.001993403731943724
2021-02-05,0.002009497978852965
2021-02-08,0.0020082973152394643
2021-02-09,0.0020342722740069722
2021-02-10,0.0020566663586888217
2021-02-11,0.002075456109355172
2021-02-12,0.0020871761620184543
2021-02-16,0.002141108476595469
2021-02-17,0.0021658856182856932
2021-02-18,0.0022084696276277313
2021-02-19,0.00230318731846355
2021-02-22,0.00229838947518345
2021-02-23,0.002320715996088392
2021-02-24,0.0023942329435552565
2021-02-25,0.0024041928174651905
2021-02-26,0.0023693652697735577
2021-03-01,0.002391582095917147
2021-03-02,0.002441578794288876
2021-03-03,0.002421150679012091
2021-03-04,0.002347370927935076
2021-03-05,0.002406949289274721
2021-03-08,0.002445908093701428
2021-03-09,0.0023415471489655346
2021-03-10,0.0023479522607577877
2021-03-11,0.0024055042724430973
2021-03-12,0.002410875360922052
2021-03-15,0.0023983457991051285
2021-03-16,0.002356986047456898
2021-03-17,0.002390548798839611
2021-03-18,0.0023767464605986026
2021-03-19,0.0023679222536405714
2021-03-22,0.002387501468103038
2021-03-23,0.002370267256012602
2021-03-24,0.0023495295557518403
2021-03-25,0.0023102787632283232
2021-03-26,0.0023545202106992004
2021-03-29,0.0023614276496142068
2021-03-30,0.0023653423494902934
2021-03-31,0.0023357449343635256
2021-04-01,0.0023188531623175275
2021-04-05,0.0024024320601312562
2021-04-06,0.0023695091184035067
2021-04-07,0.002335498067190795
2021-04-08,0.0023357808375011275
2021-04-09,0.002323466874677984
2021-04-12,0.0023278652515443883
2021-04-13,0.002315313443079175
2021-04-14,0.0023863045756102406
2021-04-15,0.0023963408648170533
2021-04-16,0.002349634529701306
2021-04-19,0.002401944128720914
2021-04-20,0.0023766386434845035
2021-04-21,0.002391619628596504
2021-04-22,0.002403155205755507
2021-04-23,0.0024440067164604087
2021-04-26,0.002500000042881041
2021-04-27,0.0026676040666578056
2021-04-28,0.002558651197961263
2021-04-29,0.0025411459151390044
2021-04-30,0.0025343744513121606
2021-05-03,0.002536005447883357
2021-05-04,0.002554341508170489
2021-05-05,0.0025441399565299407
2021-05-06,0.0025442026758679868
2021-05-07,0.0026028069780740758
2021-05-10,0.002576054423844733
2021-05-11,0.0026028106196216904
2021-05-12,0.002607538747328582
2021-05-13,0.0025800526372989786
2021-05-14,0.0025376788575968362
2021-05-17,0.0025282462757115704
2021-05-18,0.002535335547200193
2021-05-19,0.0024395364010476516
2021-05-20,0.0024349025719289145
2021-05-21,0.002395694532987215
2021-05-24,0.002409795261798592
2021-05-25,0.0023823823266064213
2021-05-26,0.0023841581423008646
2021-05-27,0.002461623786331808
2021-05-28,0.0024612351566670604
2021-06-01,0.002449944883849737
2021-06-02,0.0024115333707117005
2021-06-03,0.0023896430293785516
2021-06-04,0.002401047617416613
2021-06-07,0.0023908686897250496
2021-06-08,0.0024114788711166613
2021-06-09,0.0023962075291116295
2021-06-10,0.0023703937740787917
2021-06-11,0.0024190369833249252
2021-06-14,0.0024313305068936982
2021-06-15,0.0023402535198640555
2021-06-16,0.0023621940971799166
2021-06-17,0.0023590597036020305
2021-06-18,0.002354488289580827
2021-06-21,0.0023501514677553657
2021-06-22,0.002383887752595102
2021-06-23,0.0024300060217551304
2021-06-24,0.0024281933609829423
2021-06-25,0.002419790524290144
2021-06-28,0.0024039109556186333
2021-06-29,0.002425970108130002
2021-06-30,0.0024263045445684158
2021-07-01,0.0023886480346191922
2021-07-02,0.0024021093478599244
2021-07-06,0.0023741287410109697
2021-07-07,0.002402997499964087
2021-07-08,0.0023735831121221534
2021-07-09,0.0024046961115210094
2021-07-12,0.0023943505700490903
2021-07-13,0.0023844919845398297
2021-07-14,0.0023444607991740998
2021-07-15,0.0023698316152090636
2021-07-16,0.002387710102467078
2021-07-19,0.0023279150092090973
2021-07-20,0.0023598762538260304
2021-07-21,0.002375339581895813
2021-07-22,0.002408864293402252
2021-07-23,0.002446152882730304
2021-07-26,0.0025512872350262473
2021-07-27,0.0025262572958125577
2021-07-28,0.002489024779968177
2021-07-29,0.0024683268356543715
2021-07-30,0.0024718637766747644
2021-08-02,0.0024377098177942274
2021-08-03,0.0024214131573502603
2021-08-04,0.0023916044869958875
2021-08-05,0.0024073458817482126
2021-08-06,0.0024690340865742076
2021-08-09,0.00248752472934907
2021-08-10,0.0025170638080916066
2021-08-11,0.0024931443000055023
2021-08-12,0.0024905660072008225
2021-08-13,0.002471270957971421
2021-08-16,0.0024187139558185947
2021-08-17,0.002352941069616323
2021-08-18,0.0023102830219350404
2021-08-19,0.0022685652976761656
2021-08-20,0.0023214486393615275
2021-08-23,0.0023483252251551502
2021-08-24,0.0023565574722940073
2021-08-25,0.0023850799591458327
2021-08-26,0.002369155188461801
2021-08-27,0.002376142378581666
2021-08-30,0.002410724190732535
2021-08-31,0.0024022039303109666
2021-09-01,0.0023512217025243864
2021-09-02,0.0023718693413318738
2021-09-03,0.002362499292023533
2021-09-07,0.002381814184775394
2021-09-08,0.002363321600218659
2021-09-09,0.0023831646469160066
2021-09-10,0.0024854716220966094
2021-09-13,0.002434988905276571
2021-09-14,0.0023926414122075186
2021-09-15,0.002456761894738398
2021-09-16,0.0024384475889895445
2021-09-17,0.0024268320729902864
2021-09-20,0.0023368146151064536
2021-09-21,0.002324324201893162
2021-09-22,0.0023934823966284217
2021-09-23,0.002420896071867056
2021-09-24,0.002450420085890145
2021-09-27,0.002453428540910993
2021-09-28,0.0024455581093138987
2021-09-29,0.0024397326803747526
2021-09-30,0.00233008604729343
2021-10-01,0.002386738783131286
2021-10-04,0.002404314422294731
2021-10-05,0.002388042850332818
2021-10-06,0.002361261042232237
2021-10-07,0.0024182262179202607
2021-10-08,0.0024386493613254736
2021-10-11,0.002493160753840891
2021-10-12,0.002462037124477419
2021-10-13,0.00252020979325561
2021-10-14,0.0025777814288260145
2021-10-15,0.002678814133541831
2021-10-18,0.002680473759275801
2021-10-19,0.002663728516207271
2021-10-20,0.0026657699159486257
2021-10-21,0.002574949637085472
2021-10-22,0.0025207463229675207
2021-10-25,0.002520210323143639
2021-10-26,0.002502649583631751
2021-10-27,0.00244006898289746
2021-10-28,0.0024630883992750856
2021-10-29,0.002454010208737496
2021-11-01,0.002452231079203308
2021-11-02,0.0024453514797792677
2021-11-03,0.0024529373290480905
2021-11-04,0.002412716237380394
2021-11-05,0.0023942963656999093
2021-11-08,0.002410528702504953
2021-11-09,0.0023931811994839193
2021-11-10,0.002342498444389724
2021-11-11,0.00236394381872925
2021-11-12,0.0023852990350929763
2021-11-15,0.002361609840044126
2021-11-16,0.0023513703394589984
2021-11-17,0.002285393311804161
2021-11-18,0.0023159591309938428
2021-11-19,0.0023814284306559234
2021-11-22,0.002433831773591068
2021-11-23,0.0024802355262322153
2021-11-24,0.002498738996754576
2021-11-26,0.0023981962390474836
2021-11-29,0.0024333724818332834
2021-11-30,0.0024120432661352406
2021-12-01,0.0023840929507099994
2021-12-02,0.0024416424749234833
2021-12-03,0.002394219975412628
2021-12-06,0.0024399436811186927
2021-12-07,0.0024335239987217745
2021-12-08,0.002462150798416084
2021-12-09,0.0024399864664014633
2021-12-10,0.0024022659339960374
2021-12-13,0.0023960141593324024
2021-12-14,0.0024028468867244193
2021-12-15,0.0023712130721024456
2021-12-16,0.002393688063295286
2021-12-17,0.0023788667109536413
2021-12-20,0.002390589409343548
2021-12-21,0.0024263100629079606
2021-12-22,0.002436445493243412
2021-12-23,0.00242215117170519
2021-12-27,0.0024694431795127653
2021-12-28,0.00244171925506492
2021-12-29,0.0024386460639001678
2021-12-30,0.0024187676641511395
2021-12-31,0.0024377564562003034
2022-01-03,0.002453317870743456
2022-01-04,0.0024619625579430223
2022-01-05,0.002413953779767518
2022-01-06,0.002430815770270722
2022-01-07,0.0024501947011294867
2022-01-10,0.0024157584552220728
2022-01-11,0.00243071585889112
2022-01-12,0.002497810995875183
2022-01-13,0.0024895673410126637
2022-01-14,0.0024285714159712726
2022-01-18,0.002414611162401267
2022-01-19,0.00242119263983429
2022-01-20,0.002483853426846591
2022-01-21,0.0024634237847913376
2022-01-24,0.002390725956814005
2022-01-25,0.002398121637004641
2022-01-26,0.0024616098432504873
2022-01-27,0.00246082640197066
2022-01-28,0.002410779267432463
2022-01-31,0.0024055709413831282
2022-02-01,0.0024601454094837437
2022-02-02,0.002482312788349963
2022-02-03,0.002477260014115607
2022-02-04,0.002481733678957101
2022-02-07,0.002450565872610649
2022-02-08,0.002441421162582408
2022-02-09,0.0025068113716294805
2022-02-10,0.002536488353144331
2022-02-11,0.002447305516592557
2022-02-14,0.0024130086572063045
2022-02-15,0.0024431204137254203
2022-02-16,0.0024278153580246254
2022-02-17,0.0023807019580221207
2022-02-18,0.0023804381317095356
2022-02-22,0.002366087973688503
2022-02-23,0.0023473183864384816
2022-02-24,0.0023136460717213666
2022-02-25,0.002370527496459217
2022-02-28,0.0023399494115798414
2022-03-01,0.002361254175349502
2022-03-02,0.002423603454620303
2022-03-03,0.0024666563536006607
2022-03-04,0.002508269279962808
2022-03-07,0.0023682231126196727
2022-03-08,0.002304053756039118
2022-03-09,0.002298202363458004
2022-03-10,0.0023239577138101475
2022-03-11,0.002328138542974083
2022-03-14,0.0023027658019417253
2022-03-15,0.00233419763012689
2022-03-16,0.0024046120653612307
2022-03-17,0.0024151690652007333
2022-03-18,0.00245332452081925
2022-03-21,0.0024377786987871642
2022-03-22,0.0024412975732304317
2022-03-23,0.002459206789891751
2022-03-24,0.002410787189238297
2022-03-25,0.002398402985561865
2022-03-28,0.0024303981668400863
2022-03-29,0.002466788601177008
2022-03-30,0.0024512542258993365
2022-03-31,0.0024333060482922995
2022-04-01,0.002439945779338268
2022-04-04,0.0024758969240931696
2022-04-05,0.00249154913336364
2022-04-06,0.0024674207378935224
2022-04-07,0.0024278622676147557
2022-04-08,0.0024309846773495378
2022-04-11,0.0023805482016682126
2022-04-12,0.002385274607991251
2022-04-13,0.0023760725788730735
2022-04-14,0.0023933228216544023
2022-04-18,0.002418679683677896
2022-04-19,0.0024103903169003316
2022-04-20,0.0023815498524314208
2022-04-21,0.0024183761298596134
2022-04-22,0.002373122724457024
2022-04-25,0.0023499894340217424
2022-04-26,0.0023351214895396323
2022-04-27,0.002362002301658723
2022-04-28,0.002336792474323352
2022-04-29,0.00230189067644137
2022-05-02,0.0022856911205160076
2022-05-03,0.0022854236926660486
2022-05-04,0.002318425170865746
2022-05-05,0.0022865527467513923
2022-05-06,0.002265309372929616
2022-05-09,0.0022578212777477273
2022-05-10,0.0022580031265299013
2022-05-11,0.0022738314535684415
2022-05-12,0.002250794993514304
2022-05-13,0.0023129910224898033
2022-05-16,0.0023140335398532815
2022-05-17,0.0023317017707782384
2022-05-18,0.002302990310034658
2022-05-19,0.0023272865310933885
2022-05-20,0.002324356620607626
2022-05-23,0.0023527977771021784
2022-05-24,0.0023191786328157545
2022-05-25,0.002316650451482306
2022-05-26,0.0023032370132129183
2022-05-27,0.0023248526912438144
2022-05-31,0.002330819010204302
2022-06-01,0.002349047799602048
2022-06-02,0.0024398606487103514
2022-06-03,0.002426303187719253
2022-06-06,0.0024138212118877053
2022-06-07,0.0024029769174784867
2022-06-08,0.0024075273231112604
2022-06-09,0.002373972210649195
2022-06-10,0.002298156622097577
2022-06-13,0.002306619149589956
2022-06-14,0.0022998065637534217
2022-06-15,0.00229576373435556
2022-06-16,0.00222788107348928
2022-06-17,0.002188657647167182
2022-06-21,0.0022037502861958678
2022-06-22,0.002154227680192959
2022-06-23,0.0020586625402326565
2022-06-24,0.002058581982186289
2022-06-27,0.002075347351969553
2022-06-28,0.00208198069870226
2022-06-29,0.0020835861198691195
2022-06-30,0.002058921346197866
2022-07-01,0.002011784929080264
2022-07-05,0.0019440344292159881
2022-07-06,0.0019701423336991666
2022-07-07,0.0020611082149986264
2022-07-08,0.0020291854041080736
2022-07-11,0.001986994219653179
2022-07-12,0.0019128995962233927
2022-07-13,0.0019175989534522277
2022-07-14,0.0018835435622806386
2022-07-15,0.0018999646880577964
2022-07-18,0.0019588112246876573
2022-07-19,0.0019248538547092014
2022-07-20,0.0019591055957314967
2022-07-21,0.0019279501021279592
2022-07-22,0.001938799178209371
2022-07-25,0.0019493892208097146
2022-07-26,0.0019692030211301676
2022-07-27,0.0019949393006232323
2022-07-28,0.0019853738260243886
2022-07-29,0.0020330138187033267
2022-08-01,0.002007914101625985
2022-08-02,0.0019900061779530302
2022-08-03,0.0019735495249430337
2022-08-04,0.001947442012890311
2022-08-05,0.002004061100101442
2022-08-08,0.0020077792687101716
2022-08-09,0.0020025083452562824
2022-08-10,0.0020358097487483476
2022-08-11,0.0020732525580490495
2022-08-12,0.002043811947155214
2022-08-15,0.002037161726039179
2022-08-16,0.002050812080916813
2022-08-17,0.0020439697493540043
2022-08-18,0.0020774226680280107
2022-08-19,0.0021077478272814717
2022-08-22,0.0021167820300197933
2022-08-23,0.0021207349761816845
2022-08-24,0.0020943471491749743
2022-08-25,0.0021109973857787977
2022-08-26,0.002137837671575026
2022-08-29,0.002088275908248547
2022-08-30,0.002057219229772576
2022-08-31,0.0020542386672937666
2022-09-01,0.0020125545486427464
2022-09-02,0.002001111164969334
2022-09-06,0.0020401082399918533
2022-09-07,0.002004314035966583
2022-09-08,0.0020702576190582203
2022-09-09,0.0020865867565141036
2022-09-12,0.002097968876211052
2022-09-13,0.0021002933077099036
2022-09-14,0.002089890975569892
2022-09-15,0.002115707886402486
2022-09-16,0.0021301670232284106
2022-09-19,0.002135097821277101
2022-09-20,0.0021377358568755883
2022-09-21,0.0021098162534137484
2022-09-22,0.0020939071142430654
2022-09-23,0.0020491703125275905
2022-09-26,0.0020412122391746355
2022-09-27,0.0020427860416604446
2022-09-28,0.002036858539962919
2022-09-29,0.002074163435164582
2022-09-30,0.0020705003980465812
2022-10-03,0.002042648647183849
2022-10-04,0.0020440415649118525
2022-10-05,0.002064099554877395
2022-10-06,0.0020301454716134633
2022-10-07,0.0020067626607659914
2022-10-10,0.0020713128598852056
2022-10-11,0.0020718413217236734
2022-10-12,0.002062204315864726
2022-10-13,0.0020763472882573478
2022-10-14,0.002101784804818361
2022-10-17,0.0020853952247836035
2022-10-18,0.002065797514305323
2022-10-19,0.0020648234084637666
2022-10-20,0.0021161392395617836
2022-10-21,0.002133858268871804
2022-10-24,0.0021104507541471846
2022-10-25,0.002087669354735668
2022-10-26,0.002181189851118968
2022-10-27,0.002183115596048544
2022-10-28,0.002113930307220218
2022-10-31,0.0020866189984895486
2022-11-01,0.0021334346666886813
2022-11-02,0.002130096726140805
2022-11-03,0.0021240705153883002
2022-11-04,0.0022209267267019046
2022-11-07,0.0021649268787724205
2022-11-08,0.0021643011157676615
2022-11-09,0.0021878837227255724
2022-11-10,0.002168771009494187
2022-11-11,0.0022372593291078526
2022-11-14,0.0021735453722026153
2022-11-15,0.00216456186983732
2022-11-16,0.0021364918820143955
2022-11-17,0.0020953543793433994
2022-11-18,0.0020731776464796695
2022-11-21,0.0020556578869319357
2022-11-22,0.002079330348183032
2022-11-23,0.002073184718976641
2022-11-25,0.0020683852109084334
2022-11-28,0.0020748808389926157
2022-11-29,0.00207618397606545
2022-11-30,0.002136025232138093
2022-12-01,0.002117594771517528
2022-12-02,0.0021426582756724046
2022-12-05,0.002144109961381813
2022-12-06,0.002154241772052033
2022-12-07,0.0021593391110802927
2022-12-08,0.002169452778068768
2022-12-09,0.0021556086870295962
2022-12-12,0.0021333895316119947
2022-12-13,0.0021167097958715753
2022-12-14,0.0021438450899031814
2022-12-15,0.0021173757116990646
2022-12-16,0.002101396581980103
2022-12-19,0.002116126920454839
2022-12-20,0.0020912494322594477
2022-12-21,0.002095930361312726
2022-12-22,0.0020993284226531214
2022-12-23,0.002117601159083397
2022-12-27,0.0021123538711180223
2022-12-28,0.0021195862411739737
2022-12-29,0.002100027534587595
2022-12-30,0.002091278855102931
2023-01-03,0.0020470729642766
2023-01-04,0.002018296603641369
2023-01-05,0.0020808807371897695
2023-01-06,0.0020966098371979986
2023-01-09,0.00214583219736411
2023-01-10,0.002173007034256194
2023-01-11,0.0022162061569060013
2023-01-12,0.0022083882196255833
2023-01-13,0.0021932339071000645
2023-01-17,0.0022100462775274258
2023-01-18,0.0022203842864761494
2023-01-19,0.0021988970854878967
2023-01-20,0.0022054089578785823
2023-01-23,0.0022074621144794167
2023-01-24,0.002195304842102346
2023-01-25,0.0021842158859310375
2023-01-26,0.002211912421526114
2023-01-27,0.0021901897908240416
2023-01-30,0.002186020979061155
2023-01-31,0.0021915003313675973
2023-02-01,0.0021324826003268128
2023-02-02,0.002136408578173602
2023-02-03,0.0021810081855878926
2023-02-06,0.002166702417956411
2023-02-07,0.0021843779075424808
2023-02-08,0.0021537764429593086
2023-02-09,0.0021999251573629097
2023-02-10,0.0021620678800827625
2023-02-13,0.002206922533240743
2023-02-14,0.002216828550978643
2023-02-15,0.0022091375824034526
2023-02-16,0.00226140074051682
2023-02-17,0.002235383497621506
2023-02-21,0.0023101472620487996
2023-02-22,0.002293940975155893
2023-02-23,0.0022403740122242206
2023-02-24,0.0021865324065357015
2023-02-27,0.002206384053122689
2023-02-28,0.002240417624098865
2023-03-01,0.0022680526375345265
2023-03-02,0.0022274339299843036
2023-03-03,0.0022070683424969205
2023-03-06,0.0022190053859173046
2023-03-07,0.0021977506869946027
2023-03-08,0.0022295471950225317
2023-03-09,0.002216421579168598
2023-03-10,0.0021726636958301513
2023-03-13,0.0021287336263140105
2023-03-14,0.002103924067230249
2023-03-15,0.0020017128408722916
2023-03-16,0.0020247524513932426
2023-03-17,0.001986749910428788
2023-03-20,0.0020086399580081073
2023-03-21,0.002073529334998352
2023-03-22,0.002089839706142755
2023-03-23,0.0020794461866344705
2023-03-24,0.0020692700090063887
2023-03-27,0.0021022842478842616
2023-03-28,0.0020847697919581265
2023-03-29,0.002092975851796047
2023-03-30,0.002065596009226131
2023-03-31,0.0020845605977117985
2023-04-03,0.0020462221722270016
2023-04-04,0.0019698843338940043
2023-04-05,0.0019783264180518244
2023-04-06,0.0020010934808058862
2023-04-10,0.0020041727785056213
2023-04-11,0.0020074320606391326
2023-04-12,0.0020311799623942825
2023-04-13,0.0020202811805382385
2023-04-14,0.0020514934454422752
2023-04-17,0.0020389128895283845
2023-04-18,0.0020372122649558173
2023-04-19,0.0020408982189034255
2023-04-20,0.002003387071567461
2023-04-21,0.002010608749216209
2023-04-24,0.0019873310126104137
2023-04-25,0.001928786337076721
2023-04-26,0.0019388628691663428
2023-04-27,0.0019420573889958575
2023-04-28,0.0019446258645471582
2023-05-01,0.0019748916038610383
2023-05-02,0.001910341039722332
2023-05-03,0.0018887410527051187
2023-05-04,0.0018798827659338713
2023-05-05,0.001919054212554218
2023-05-08,0.0019335734532996574
2023-05-09,0.0019099302780783607
2023-05-10,0.0018852499722553809
2023-05-11,0.0018352608726240156
2023-05-12,0.001844874680500878
2023-05-15,0.00185208124495356
2023-05-16,0.001837909858558916
2023-05-17,0.0018897360139293403
2023-05-18,0.001881676441624498
2023-05-19,0.0018812857824280313
2023-05-22,0.0018604415302580822
2023-05-23,0.0018462279208636071
2023-05-24,0.0018104238071417849
2023-05-25,0.0018426740427428285
2023-05-26,0.0018895633491934952
2023-05-30,0.0018682328868082766
2023-05-31,0.0018488721405484953
2023-06-01,0.0018738625143608501
2023-06-02,0.0019066277603371027
2023-06-05,0.0019216037015749314
2023-06-06,0.0019165606512061453
2023-06-07,0.0019326195535224954
2023-06-08,0.0019334385897220227
2023-06-09,0.0019309958865656833
2023-06-12,0.0019181199151547983
2023-06-13,0.0019687853957065598
2023-06-14,0.001977190119426691
2023-06-15,0.0019902441584668147
2023-06-16,0.00198350693335244
2023-06-20,0.0020038749598249605
2023-06-21,0.002022965869018678
2023-06-22,0.002032990053051477
2023-06-23,0.0019832213238999757
2023-06-26,0.00196834229517195
2023-06-27,0.001975705381969424
2023-06-28,0.0019455628810188873
2023-06-29,0.0019261995095272645
2023-06-30,0.0019473218388420864
2023-07-03,0.0019664880782062468
2023-07-05,0.001955355299270357
2023-07-06,0.0019489705683317484
2023-07-07,0.0019556640304418476
2023-07-10,0.001959220836688946
2023-07-11,0.001943509496113129
2023-07-12,0.0019640119126512695
2023-07-13,0.002005665680343875
2023-07-14,0.0020009183103851815
2023-07-17,0.0019627125431511735
2023-07-18,0.0019300020630080887
2023-07-19,0.001921365354516262
2023-07-20,0.0019394909412890373
2023-07-21,0.0019360585851260035
2023-07-24,0.0019591389178631774
2023-07-25,0.0019886855914381684
2023-07-26,0.001975976443914337
2023-07-27,0.0019859669321322577
2023-07-28,0.001998061623409666
2023-07-31,0.0020271504297379884
2023-08-01,0.002006234960378254
2023-08-02,0.00197558586593997
2023-08-03,0.002006211142609085
2023-08-04,0.001982367538156256
2023-08-07,0.0019720713544144693
2023-08-08,0.0019479236807321072
2023-08-09,0.0019669520077711003
2023-08-10,0.0019593605723384876
2023-08-11,0.0019418160400446012
2023-08-14,0.001949387620885933
2023-08-15,0.0019245729183242136
2023-08-16,0.0019257950707584203
2023-08-17,0.0019561063395236024
2023-08-18,0.0019611897193282397
2023-08-21,0.001960597790871052
2023-08-22,0.0019776945346323656
2023-08-23,0.001982538408682562
2023-08-24,0.0019640809194080094
2023-08-25,0.001967453319290872
2023-08-28,0.0019573491322356445
2023-08-29,0.001958688346415627
2023-08-30,0.0019467160370190786
2023-08-31,0.0019463936297522053
2023-09-01,0.0019654087555587047
2023-09-05,0.0019785070113828573
2023-09-06,0.001954277752166587
2023-09-07,0.0019431551867389305
2023-09-08,0.0019185258463712304
2023-09-11,0.0019601725602947863
2023-09-12,0.001963061789152648
2023-09-13,0.001967419249905383
2023-09-14,0.0019803665071257744
2023-09-15,0.0019563861676618684
2023-09-18,0.0019370954702655299
2023-09-19,0.0019223602415365216
2023-09-20,0.0019256270879272044
2023-09-21,0.0019104315260710316
2023-09-22,0.0019037601948347787
2023-09-25,0.001904153156462794
2023-09-26,0.0019074931348296903
2023-09-27,0.0019379141594210517
2023-09-28,0.0019858632127496417
2023-09-29,0.0020161247333984602
2023-10-02,0.00198469943687564
2023-10-03,0.0019815302102785936
2023-10-04,0.001970855161191213
2023-10-05,0.001952548705826872
2023-10-06,0.001980384730050321
2023-10-09,0.001969451161776726
2023-10-10,0.0019516388874166696
2023-10-11,0.0019297308777183099
2023-10-12,0.0019226448441717941
2023-10-13,0.001857424446590629
2023-10-16,0.0018671594080336385
2023-10-17,0.0018596245395777144
2023-10-18,0.001831943910252008
2023-10-19,0.001824578337392628
2023-10-20,0.0017866330669927416
2023-10-23,0.0018079238303628509
2023-10-24,0.001827848048149785
2023-10-25,0.001800312519860805
2023-10-26,0.001795742818862935
2023-10-27,0.0018274163268415776
2023-10-30,0.0018282236160991924
2023-10-31,0.0018343240407777083
2023-11-01,0.0018420254148897646
2023-11-02,0.0018467969885177919
2023-11-03,0.0018450916337212696
2023-11-06,0.001871972204324305
2023-11-07,0.0018659751805887106
2023-11-08,0.0018590827676048347
2023-11-09,0.0018506262502931813
2023-11-10,0.001854237790394672
2023-11-13,0.0018825494241236538
2023-11-14,0.0018771025557669915
2023-11-15,0.001896586917857845
2023-11-16,0.0018672815738483542
2023-11-17,0.0018861021388593558
2023-11-20,0.001927744397091644
2023-11-21,0.0019079177713699973
2023-11-22,0.00189138292156722
2023-11-24,0.0018961642494062622
2023-11-27,0.0018702157055197283
2023-11-28,0.001863509442196052
2023-11-29,0.0018494455857085246
2023-11-30,0.0018787105843934351
2023-12-01,0.0018874939255873286
2023-12-04,0.001887505529907046
2023-12-05,0.0018689621194684035
2023-12-06,0.0018303373769362318
2023-12-07,0.0018643774758040816
2023-12-08,0.0019116248010317485
2023-12-11,0.0019110212191050407
2023-12-12,0.0019142481140066207
2023-12-13,0.001909902598039892
2023-12-14,0.001915328572912211
2023-12-15,0.0019222205914563705
2023-12-18,0.0018990277633445687
2023-12-19,0.0019113029149257245
2023-12-20,0.0019176701826731676
2023-12-21,0.001916777010900542
2023-12-22,0.0018936851683227346
2023-12-26,0.001892673227627332
2023-12-27,0.0018941833070466921
2023-12-28,0.0018867834953795863
2023-12-29,0.0018815458989264987
2024-01-02,0.0018741523643969298
2024-01-03,0.0018914070288981158
2024-01-04,0.0018758262733449083
2024-01-05,0.0018578633309711994
2024-01-08,0.0018748149779570504
2024-01-09,0.0018498322461295658
2024-01-10,0.001870208235756682
2024-01-11,0.001874844807180362
2024-01-12,0.0018273318506678707
2024-01-16,0.001859081932964118
2024-01-17,0.0018638270856873745
2024-01-18,0.001855246175989883
2024-01-19,0.0018687391763494657
2024-01-22,0.0018635507713492196
2024-01-23,0.001873054314903955
2024-01-24,0.0019278513760246853
2024-01-25,0.0019165550728872148
2024-01-26,0.001909212620779577
2024-01-29,0.001912403713173516
2024-01-30,0.0019229633773514534
2024-01-31,0.0019051455283239014
2024-02-01,0.0018765221441076607
2024-02-02,0.001876872505655217
2024-02-05,0.0018620724516503447
2024-02-06,0.0018591791735611844
2024-02-07,0.0018364288728310056
2024-02-08,0.0018233933552304444
2024-02-09,0.001821776315803366
2024-02-12,0.0018474383012489978
2024-02-13,0.0018636158066888087
2024-02-14,0.0018592674072549617
2024-02-15,0.0018762799318364025
2024-02-16,0.001908028863598214
2024-02-20,0.0019070283111308859
2024-02-21,0.0019158878221284745
2024-02-22,0.0019297421064379172
2024-02-23,0.0019042480211776964
2024-02-26,0.0018851367422944958
2024-02-27,0.0018834808700321465
2024-02-28,0.0018826857377787383
2024-02-29,0.00187441959520506
2024-03-01,0.0018472376249306559
2024-03-04,0.0018189545671760837
2024-03-05,0.001801734286894529
2024-03-06,0.001799981397873934
2024-03-07,0.001816265112388123
2024-03-08,0.001783255217257523
2024-03-11,0.0017972508110404698
2024-03-12,0.0018167932464994907
2024-03-13,0.0018628757713706106
2024-03-14,0.0018663893570461264
2024-03-15,0.0019063181280549407
2024-03-18,0.0019042440592201759
2024-03-19,0.00188215912497219
2024-03-20,0.0018714954422895161
2024-03-21,0.0018541515703185216
2024-03-22,0.0018516286875841245
2024-03-25,0.0018424682175455919
2024-03-26,0.0018367346351028666
2024-03-27,0.0018225599784409885
2024-03-28,0.001805492992269724
2024-04-01,0.0018090766840217739
2024-04-02,0.001800088532357973
2024-04-03,0.0018274930344529426
2024-04-04,0.0018553390093787416
2024-04-05,0.0018228920904608376
2024-04-08,0.0018342840159426962
2024-04-09,0.0018288883187253515
2024-04-10,0.001838083741994114
2024-04-11,0.0018056734189204418
2024-04-12,0.0018069350054709386
2024-04-15,0.0018509595471051154
2024-04-16,0.0018008616122573541
2024-04-17,0.001830965256655964
2024-04-18,0.0018639548719929623
2024-04-19,0.001877084739138826
2024-04-22,0.001929723135410221
2024-04-23,0.0019291575664794715
2024-04-24,0.001921703595452525
2024-04-25,0.001961756288614599
2024-04-26,0.001956912657080303
2024-04-29,0.001986441593706743
2024-04-30,0.001992013637764723
2024-05-01,0.0019794338729606734
2024-05-02,0.0019545929251380645
2024-05-03,0.001989343260723179
2024-05-06,0.001996252511955697
2024-05-07,0.0019978836816395428
2024-05-08,0.001971818639894809
2024-05-09,0.001975687098904743
2024-05-10,0.0019826384256972722
2024-05-13,0.0020566328077367317
2024-05-14,0.0021048270585348285
2024-05-15,0.0020804203819788504
2024-05-16,0.0020554622682202764
2024-05-17,0.002096426607487715
2024-05-20,0.002090266773283638
2024-05-21,0.0021138043776072323
2024-05-22,0.002037292787466855
2024-05-23,0.0020627409794090647
2024-05-24,0.0020486602701430406
2024-05-28,0.002070100332565418
2024-05-29,0.002053369196366026
2024-05-30,0.0019941099176545075
2024-05-31,0.0019845883711403257
2024-06-03,0.001993096331346652
2024-06-04,0.001955708389101785
2024-06-05,0.001962321043534417
2024-06-06,0.0019790743315642417
2024-06-07,0.0019497224776238843
2024-06-10,0.001974476775338358
2024-06-11,0.0019601299083374948
2024-06-12,0.001961258584505891
2024-06-13,0.0019596123238612177
2024-06-14,0.001952046113444762
2024-06-17,0.001955327928375806
2024-06-18,0.001957603840110408
2024-06-20,0.001961933866394777
2024-06-21,0.001940079497279925
2024-06-24,0.0019429184336519037
2024-06-25,0.001891133496192983
2024-06-26,0.0018995737304676613
2024-06-27,0.0018621207975936106
2024-06-28,0.0018861967438948324
2024-07-01,0.0019017441389758596
2024-07-02,0.0019068015940580396
2024-07-03,0.0019243155332710653
2024-07-05,0.0019503873537992718
2024-07-08,0.0019624661656170547
2024-07-09,0.0019397482645803184
2024-07-10,0.0019422899296569938
2024-07-11,0.0018668737470733453
2024-07-12,0.00190492948423068
2024-07-15,0.001869247590901048
2024-07-16,0.0018047433169054302
2024-07-17,0.001791999380946191
2024-07-18,0.001739946043334711
2024-07-19,0.0017612188948740966
2024-07-22,0.0017477006816545059
2024-07-23,0.0017241951842588495
2024-07-24,0.0016985040791352285
2024-07-25,0.001748586403118863
2024-07-26,0.0017245797549977021
2024-07-29,0.0017086609659657315
2024-07-30,0.001689397173463183
2024-07-31,0.0017144033988922766
2024-08-01,0.001670020610644832
2024-08-02,0.0016836377923218442
2024-08-05,0.0016588250191832406
2024-08-06,0.0016790840558249267
2024-08-07,0.0016471449487554905
2024-08-08,0.0016286846721032188
2024-08-09,0.0016364458119585235
2024-08-12,0.0016467673770125689
2024-08-13,0.0016361940466311869
2024-08-14,0.00164999600578005
2024-08-15,0.0016872527716742347
2024-08-16,0.0016519250363802348
2024-08-19,0.0016654009154346192
2024-08-20,0.00165233138713345
2024-08-21,0.0016669989319212225
2024-08-22,0.0016704989943688794
2024-08-23,0.0016721815231946257
2024-08-26,0.0016727569803885558
2024-08-27,0.0016814388796710816
2024-08-28,0.0016573370575475865
2024-08-29,0.0016421190633600852
2024-08-30,0.001662122022523142
2024-09-03,0.001619342231812018
2024-09-04,0.00161205580178667
2024-09-05,0.0016235964103846192
2024-09-06,0.001609986020109805
2024-09-09,0.0016326244129227071
2024-09-10,0.0016082872608774155
2024-09-11,0.0016253333961154031
2024-09-12,0.001620021941088824
2024-09-13,0.0016174021275172006
2024-09-16,0.0016326925981056677
2024-09-17,0.0016431384559750472
2024-09-18,0.001648578206937271
2024-09-19,0.0016561050134980145
2024-09-20,0.0016342226887526082
2024-09-23,0.0016329716483275368
2024-09-24,0.001670752936246439
2024-09-25,0.0016651624754075965
2024-09-26,0.0017157946060844503
2024-09-27,0.0017172786013395927
2024-09-30,0.0017055497312401817
2024-10-01,0.0017004086404091398
2024-10-02,0.0017362396679365742
2024-10-03,0.0016943282863195804
2024-10-04,0.0017093128561056887
2024-10-07,0.0017086358023201298
2024-10-08,0.0016871893611054576
2024-10-09,0.0016711435222845304
2024-10-10,0.0016732809530166728
2024-10-11,0.0016750074410708529
2024-10-14,0.001647971915472557
2024-10-15,0.0016158788885088048
2024-10-16,0.001619857910772536
2024-10-17,0.0015929022583098537
2024-10-18,0.001601503582838183
2024-10-21,0.0015875288455038446
2024-10-22,0.0015844326677924134
2024-10-23,0.001585801745453978
2024-10-24,0.0015793996576550038
2024-10-25,0.0015832391203699993
2024-10-28,0.001579350298217575
2024-10-29,0.0015649834322196672
2024-10-30,0.0015519095809523385
2024-10-31,0.001575247361722374
2024-11-01,0.0015874898460468136
2024-11-04,0.0016106867101188661
2024-11-05,0.001624092227910343
2024-11-06,0.0015828833756311497
2024-11-07,0.001634301811077637
2024-11-08,0.001594976735669513
2024-11-11,0.0016126685219099667
2024-11-12,0.0015844231385451096
2024-11-13,0.0015754804354515869
2024-11-14,0.0015859356871201226
2024-11-15,0.0015789064174886601
2024-11-18,0.001573584481715078
2024-11-19,0.0015720756579185812
2024-11-20,0.0015646476578904985
2024-11-21,0.0015392387132818306
2024-11-22,0.001503376518896822
2024-11-25,0.0015635507983434674
2024-11-26,0.0015414265385899737
2024-11-27,0.0015405886824160296
2024-11-29,0.0015357546578415543
2024-12-02,0.0015467380782924333
2024-12-03,0.001567663623470844
2024-12-04,0.0015607808132316893
2024-12-05,0.0015742785635969295
2024-12-06,0.0015684454106172023
2024-12-09,0.0015848624450090377
2024-12-10,0.0015656508088809588
2024-12-11,0.0015414441984787873
2024-12-12,0.0015609302964321402
2024-12-13,0.0015621235571711897
2024-12-16,0.0015627592984234816
2024-12-17,0.0015472318698182203
2024-12-18,0.0015550919418291554
2024-12-19,0.0015509992511526325
2024-12-20,0.0015372617508408674
2024-12-23,0.001540022083333606
2024-12-24,0.0015456106826549267
2024-12-26,0.0015431256447456985
2024-12-27,0.0015522314212870817
2024-12-30,0.0015523194236760096
2024-12-31,0.0015160505610303753
2025-01-02,0.0015000565138762305
2025-01-03,0.0015272212614409189
2025-01-06,0.0015642055820936761
2025-01-07,0.0015660406241042992
2025-01-08,0.0015866015994944744
2025-01-09,0.0015945673782583126
2025-01-10,0.00157817976488406
2025-01-13,0.001606695268986625
2025-01-14,0.0016098973463897278
2025-01-15,0.0016071889147780457
2025-01-16,0.0016059205528762173
2025-01-17,0.0015805487804511891
2025-01-21,0.0015647912414883097
2025-01-22,0.0015433949847897292
2025-01-23,0.0015560420674599815
2025-01-24,0.0015446656416051201
2025-01-27,0.0015355250389064285
2025-01-28,0.0015254083843746474
2025-01-29,0.0015375031676409603
2025-01-30,0.0015189515079034798
2025-01-31,0.0015153778076171876
2025-02-03,0.001515226471203828
2025-02-04,0.0015219220325573021
2025-02-05,0.0015442610623453822
2025-02-06,0.0015593486673691694
2025-02-07,0.001597844653641406
2025-02-10,0.001612908737154302
2025-02-11,0.0015775107518797781
2025-02-12,0.0016149879526378937
2025-02-13,0.001629925907439835
2025-02-14,0.001614821648277664
2025-02-18,0.0015639923200345708
2025-02-19,0.0015609372859671736
2025-02-20,0.0015673468713046743
2025-02-21,0.0015522875106171582
2025-02-24,0.0015322773323385177
2025-02-25,0.0015444999349406633
2025-02-26,0.0015571858683694683
2025-02-27,0.0015885127640365409
2025-02-28,0.001591405831725337
2025-03-03,0.0015834544378527282
2025-03-04,0.0015560558154486235
2025-03-05,0.0016349946545300927
2025-03-06,0.001638551616757743
2025-03-07,0.0016122147438494372
2025-03-10,0.0016048080737266685
2025-03-11,0.0016272443029382198
2025-03-12,0.0016402980296678488
2025-03-13,0.0016414234110243933
2025-03-14,0.0016261479913899767
2025-03-17,0.001644499937693278
2025-03-18,0.001645085786255698
2025-03-19,0.0016719919552368363
2025-03-20,0.001672697380969399
2025-03-21,0.0016856073744856137
2025-03-24,0.0016806611017134002
2025-03-25,0.0017141251352434282
2025-03-26,0.001726637839294786
2025-03-27,0.001665740777971083
2025-03-28,0.00165640699521622
2025-03-31,0.001607531671075239
2025-04-01,0.001609221267291762
2025-04-02,0.0015998917551218682
2025-04-03,0.0015534387698741662
2025-04-04,0.0014556772997021516
2025-04-07,0.0014125978652792628
2025-04-08,0.0013904797847357163
2025-04-09,0.0013661049946267496
2025-04-10,0.0013694853467455408
2025-04-11,0.0013988890323277591
2025-04-14,0.0014386232490673132
2025-04-15,0.0014325659834668243
2025-04-16,0.0014050380716546034
2025-04-17,0.0014300178978445572
2025-04-21,0.001386002073344326
2025-04-22,0.0014321630257022472
2025-04-23,0.0014759026009288567
2025-04-24,0.001455582204271479
2025-04-25,0.0014731598547867526
2025-04-28,0.001451762886934502
2025-04-29,0.0014532360742632398
2025-04-30,0.001379727668011964
2025-05-01,0.0014271027573915286
2025-05-02,0.0014318203524387096
2025-05-05,0.0014057923296488225
2025-05-06,0.001387993278144053
2025-05-07,0.0013652629189520105
2025-05-08,0.0013835466041340532
2025-05-09,0.0013824429441864094
2025-05-12,0.0014218943459647043
2025-05-13,0.0014447735973498578
2025-05-14,0.0014493619798121619
2025-05-15,0.0014420777623378495
2025-05-16,0.0014316467726328027
2025-05-19,0.0014350089006533856
2025-05-20,0.0014082553703791774
2025-05-21,0.001401504832747481
2025-05-22,0.001411930837628949
2025-05-23,0.001428974853873827
2025-05-27,0.0014276620589636112
2025-05-28,0.0014100072612672275
2025-05-29,0.0014028820183619563
2025-05-30,0.001414606795808047
2025-06-02,0.0014343142751730446
2025-06-03,0.0014355860209941847
2025-06-04,0.0014419742243297368
2025-06-05,0.001466409975156048
2025-06-06,0.0014536371007567426
2025-06-09,0.0014733951496605946
2025-06-10,0.001470685647910377
2025-06-11,0.0014455183354932302
2025-06-12,0.0014260995485792126
2025-06-13,0.0013998018307434185
2025-06-16,0.001421063501866852
2025-06-17,0.001417498310296194
2025-06-18,0.0014292877811086814
2025-06-20,0.0014328553409031109
2025-06-23,0.0014338159117626458
2025-06-24,0.0014671128734157978
2025-06-25,0.0014766613454979755
2025-06-26,0.0015195739560708733
2025-06-27,0.0015482481954851473
2025-06-30,0.0015268335232252264
2025-07-01,0.0015128719791191606
2025-07-02,0.0015379331445181243
2025-07-03,0.0015298955374794248
2025-07-04,0.0015059264369772863
2025-07-07,0.0014958585932343255
2025-07-08,0.0017069851771776576
2025-07-09,0.0016437673274059417
2025-07-10,0.001672394050212797
2025-07-11,0.0016573300947023376
2025-07-14,0.001645531811572608
2025-07-15,0.0016655654761511976
2025-07-16,0.0016395227487721966
2025-07-17,0.0016424657646891138
2025-07-18,0.001663584869867149
2025-07-21,0.0016492254386999538
2025-07-22,0.0016564899126500865
2025-07-23,0.0017073745350927052
2025-07-24,0.0017137347820851188
2025-07-25,0.0017287043232222697
2025-07-28,0.001690791944962452
2025-07-29,0.0016860745182733026
2025-07-30,0.001690029761860669
2025-07-31,0.0013149824456738543
2025-08-01,0.0013180691128211644
2025-08-04,0.001308380775730378
2025-08-05,0.0012903988792137343
2025-08-06,0.0012991123650906353
2025-08-07,0.0012876804758010139
2025-08-08,0.0012955424382446552
2025-08-11,0.001319226963766186
2025-08-12,0.0013462630208883894
2025-08-13,0.0013344448564246378
2025-08-14,0.0013386003885135173
2025-08-15,0.0013423261882589876
2025-08-18,0.001337755453392457
2025-08-19,0.0013306573458798708
2025-08-20,0.0013238021916411955
2025-08-21,0.0013280290352508813
2025-08-22,0.0013180121970110138
2025-08-25,0.0013238780428027615
2025-08-26,0.0013133742203815413
2025-08-27,0.001296628123681898
2025-08-28,0.0013006293954720232
2025-08-29,0.0013007743658753432
2025-09-02,0.0012874007142630157
2025-09-03,0.0012686462971795208
2025-09-04,0.0012586235500085345
2025-09-05,0.0012405900965541995
2025-09-08,0.0012342980821748158
2025-09-09,0.001235418402875851
2025-09-10,0.0012487649766124598
2025-09-11,0.0012622013256321416
2025-09-12,0.0012573300119675338
2025-09-15,0.001264325674022269
2025-09-16,0.0012559299573457084
2025-09-17,0.0012415123142379843
2025-09-18,0.0012462606554398963
2025-09-19,0.0012444504336928959
2025-09-22,0.0012224984665746895
2025-09-23,0.001212638130864499
2025-09-24,0.0012734117341078332
2025-09-25,0.0012577269747892736
2025-09-26,0.0012490397629172298
2025-09-29,0.0012669790373569221
2025-09-30,0.0012510413890993069
2025-10-01,0.0012489980933122198
2025-10-02,0.0012756204458095487
2025-10-03,0.0013033395238348825
2025-10-06,0.0012630112672042315
2025-10-07,0.0012694260762683726
2025-10-08,0.0012479904886794602
2025-10-09,0.001286141435938529
2025-10-10,0.0012194722940773038
2025-10-13,0.0012414204316747942
2025-10-14,0.0012033971986889424
2025-10-15,0.0011903565415298592
2025-10-16,0.001158357076039403
2025-10-17,0.001176997081787024
2025-10-20,0.00115256901058806
2025-10-21,0.0012060571683900807
2025-10-22,0.0012266343797488473
2025-10-23,0.0012318506311350282
2025-10-24,0.0012367667681883999
2025-10-27,0.00128451490394699
2025-10-28,0.0012960768826457453
2025-10-29,0.0013137284604668009
2025-10-30,0.0012690875482211745
2025-10-31,0.00127203551922891
2025-11-03,0.00126165534328205
2025-11-04,0.0012478152289140748
2025-11-05,0.0012468908775282981
2025-11-06,0.0012426191658968069
2025-11-07,0.0012346852834809446
2025-11-10,0.0012371711014211434
2025-11-11,0.0012293026933703464
2025-11-12,0.0012105175693615123
2025-11-13,0.001215099528058825
2025-11-14,0.001235321427712851
2025-11-17,0.0012290145613621226
2025-11-18,0.0012218994006117192
2025-11-19,0.0012281433055328025
2025-11-20,0.0012226056541274541
2025-11-21,0.0012285672625336093
2025-11-24,0.001212639607910827
2025-11-25,0.0012078419892526107
2025-11-26,0.0012255112785789061
2025-11-28,0.0012292867707497258
2025-12-01,0.0012310994982945344
2025-12-02,0.0012327424770811287
2025-12-03,0.001264020273525825
2025-12-04,0.0012563512837584512
2025-12-05,0.0012775048290343356
2025-12-08,0.0012811663630943261
2025-12-09,0.001245750761876631
2025-12-10,0.0012571489713749124
2025-12-11,0.0012663633288475947
2025-12-12,0.0012286923733308692
2025-12-15,0.0012395801381063663
2025-12-16,0.0012282495479825233
2025-12-17,0.0012336975545153802
2025-12-18,0.0012366631871915822
2025-12-19,0.0012471912635478345
2025-12-22,0.001223394654305869
2025-12-23,0.0012215579706297095
2025-12-24,0.0012271793399229033
2025-12-26,0.001273210984930404
2025-12-29,0.001269450382494591
2025-12-30,0.001310610703156381
2025-12-31,0.001301553538777529
2026-01-02,0.0013072501377124842
2026-01-05,0.0013352791631441466
2026-01-06,0.0013409708831188384
2026-01-07,0.0013055986942347188
2026-01-08,0.0012914353244095843
2026-01-09,0.0013040332440920283
2026-01-12,0.0012998719430522866
2026-01-13,0.0013008802266437464
2026-01-14,0.0012988781700735076
2026-01-15,0.0012884778298376317
2026-01-16,0.0012615508576740576
2026-01-20,0.001212916977275369
2026-01-21,0.0011857899847870644
2026-01-22,0.001169837853818159
2026-01-23,0.001187854094073813
2026-01-26,0.001178022319410825
2026-01-27,0.0011473650871185888
2026-01-28,0.0011114568838021246
2026-01-29,0.0011611574965160476
2026-01-30,0.0012509811319998609
2026-02-02,0.0012550567536176122
2026-02-03,0.0012363113074888243
2026-02-04,0.0011840501441453832
2026-02-05,0.0011928662325395556
2026-02-06,0.0011842583387775
2026-02-09,0.0011770180139390094
2026-02-10,0.001178304516284597
2026-02-11,0.0011730025568249378
2026-02-12,0.001172085967773062
2026-02-13,0.0011534249341046369
2026-02-17,0.0011536177291488982
2026-02-18,0.0011618369490813674
2026-02-19,0.001151550499714542
2026-02-20,0.0011525309976341623
2026-02-23,0.0011091896837185926
2026-02-24,0.0011488033056425476
2026-02-25,0.0011484903059795228
2026-02-26,0.0011488457503531114
2026-02-27,0.0011479781879862275
2026-03-02,0.001113346155838767
2026-03-03,0.0011304186231859985
2026-03-04,0.001143509979245282
2026-03-05,0.001135766885355601
2026-03-06,0.0011187112299087228
2026-03-09,0.001139251677516775
2026-03-10,0.0011289365709228093
2026-03-11,0.0011312265554905656
2026-03-12,0.0011385316678315818
2026-03-13,0.001131024235607904
2026-03-16,0.0011594914225134126
2026-03-17,0.0011450709926679216
2026-03-18,0.001135810550673198
2026-03-19,0.0011809072221818627
2026-03-20,0.0011689349562318734
2026-03-23,0.001235099051889458
2026-03-24,0.0012325825413709412
2026-03-25,0.0012152182607582216
2026-03-26,0.0012447719859499317
2026-03-27,0.0012170525395434984
2026-03-30,0.0012098983279172162
2026-03-31,0.0012022334060508273
2026-04-01,0.0011757818704704699
2026-04-02,0.0011959583364890799
2026-04-06,0.0011989993434604932
2026-04-07,0.0011905477137812298
2026-04-08,0.001212653969197364
2026-04-09,0.0011994490861589868
2026-04-10,0.0012328062765134243
2026-04-13,0.001260121448045727
2026-04-14,0.0012581346936794142
2026-04-15,0.0012650000055631002
2026-04-16,0.001267710183207253
2026-04-17,0.0012564846357604994
2026-04-20,0.0012557732393581233
2026-04-21,0.0012773497902351645
2026-04-22,0.0012931853957863881
2026-04-23,0.0012912583973442942
2026-04-24,0.0012755437424130957
2026-04-27,0.0012871626495239953
2026-04-28,0.0012881411818602266
2026-04-29,0.001293342368242383
2026-04-30,0.0012841571212524492
2026-05-01,0.0012812372373783687
2026-05-04,0.0012822215015585673
2026-05-05,0.0013044909992901605
2026-05-06,0.0013106858347553447
2026-05-07,0.001303778950564872
2026-05-08,0.001323828531853101
2026-05-11,0.0013591666278193334
2026-05-12,0.001386394731940374
2026-05-13,0.0014124996654415547
2026-05-14,0.0014038819130294511
2026-05-15,0.0013722069444902928
2026-05-18,0.0013777045219040126
2026-05-19,0.0013680847322763857
2026-05-20,0.0013882330534661688
2026-05-21,0.0013782546012319427
2026-05-22,0.0014027869957154158
2026-05-26,0.0014134299615735104
2026-05-27,0.0014176503267765313
2026-05-28,0.0014215545053885338
2026-05-29,0.001394474275043405
2026-06-01,0.0014578119152479866
2026-06-02,0.0014812545384452814
2026-06-03,0.0014607703160654396
2026-06-04,0.001454712105216061
2026-06-05,0.001444167778605759
2026-06-08,0.0014597892804081747
2026-06-09,0.001479460040168583
2026-06-10,0.001521104078523102
2026-06-11,0.0015302055472231518
2026-06-12,0.0015256227830409439
2026-06-15,0.001497805008385847
2026-06-16,0.001498302890834712
2026-06-17,0.0014869577861350144
