date,sym,spec_net,comm_net,open_interest_all
2019-01-08,10Y,-188068,177746,4093131
2019-01-15,10Y,-200184,156598,4076915
2019-01-22,10Y,-125752,112854,4029245
2019-01-29,10Y,-134447,109314,4026692
2019-02-05,10Y,-162950,119063,4005731
2019-02-12,10Y,-165489,126603,4117159
2019-02-19,10Y,-215091,191580,4251234
2019-02-26,10Y,-233995,178045,4229624
2019-03-05,10Y,-233376,202112,3781543
2019-03-12,10Y,-176434,124729,3834496
2019-03-19,10Y,-163974,101027,3862855
2019-03-26,10Y,-166518,112102,3946255
2019-04-02,10Y,-224223,164266,3856274
2019-04-09,10Y,-261564,217234,3923027
2019-04-16,10Y,-275650,263707,3983736
2019-04-23,10Y,-323791,311601,4019262
2019-04-30,10Y,-287921,249014,4008342
2019-05-07,10Y,-330562,292190,4015511
2019-05-14,10Y,-352817,300975,4164768
2019-05-21,10Y,-423351,331218,4235670
2019-05-28,10Y,-376173,306309,4509558
2019-06-04,10Y,-467702,418961,3934810
2019-06-11,10Y,-365988,311124,3935860
2019-06-18,10Y,-402984,340399,3855139
2019-06-25,10Y,-281099,219912,3769289
2019-07-02,10Y,-288884,259443,3756647
2019-07-09,10Y,-288836,215177,3736397
2019-07-16,10Y,-347222,289324,3779273
2019-07-23,10Y,-380169,311782,3860962
2019-07-30,10Y,-383842,311918,3924022
2019-08-06,10Y,-390886,321413,4010311
2019-08-13,10Y,-414346,331680,4038857
2019-08-20,10Y,-401804,334999,4048888
2019-08-27,10Y,-309904,221938,3906403
2019-09-03,10Y,-377867,348610,3656744
2019-09-10,10Y,-300433,243084,3604449
2019-09-17,10Y,-229963,197395,3537947
2019-09-24,10Y,-196306,127868,3589873
2019-10-01,10Y,-163610,91721,3600495
2019-10-08,10Y,-122560,68361,3640852
2019-10-15,10Y,-99692,39989,3610864
2019-10-22,10Y,-84353,63012,3668096
2019-10-29,10Y,-116066,125228,3857860
2019-11-05,10Y,-231456,240121,3908469
2019-11-12,10Y,-148794,188050,3924536
2019-11-19,10Y,-183524,182638,4005264
2019-11-26,10Y,-145745,125305,3953578
2019-12-03,10Y,-221895,241919,3717853
2019-12-10,10Y,-178921,217135,3653801
2019-12-17,10Y,-245337,253862,3637763
2019-12-24,10Y,-268686,266190,3653749
2019-12-31,10Y,-234750,253088,3624029
2020-01-07,10Y,-179230,186487,3753965
2020-01-14,10Y,-223573,217766,3687989
2020-01-21,10Y,-302532,302156,3771582
2020-01-28,10Y,-270472,270523,3891587
2020-02-04,10Y,-358928,347669,4074292
2020-02-11,10Y,-398919,401665,4160257
2020-02-18,10Y,-306250,285873,4284498
2020-02-25,10Y,-274024,257791,4207982
2020-03-03,10Y,-156684,110973,3913108
2020-03-10,10Y,-214583,174228,3765093
2020-03-17,10Y,-251113,166737,3659033
2020-03-24,10Y,-212029,149573,3414531
2020-03-31,10Y,-53036,7156,3258687
2020-04-07,10Y,-61024,34346,3218062
2020-04-14,10Y,-70798,25955,3235198
2020-04-21,10Y,-34098,-15384,3231814
2020-04-28,10Y,-49424,-6311,3284915
2020-05-05,10Y,-142271,90098,3385230
2020-05-12,10Y,-151487,97267,3422881
2020-05-19,10Y,-93132,53372,3495960
2020-05-26,10Y,-38056,-6794,3628936
2020-06-02,10Y,-52920,18498,3330248
2020-06-09,10Y,2254,-7301,3306051
2020-06-16,10Y,-10885,-16726,3266592
2020-06-23,10Y,6516,-33408,3302898
2020-06-30,10Y,31015,-56651,3441124
2020-07-07,10Y,43187,-68452,3428085
2020-07-14,10Y,58107,-111081,3420575
2020-07-21,10Y,29044,-86584,3424335
2020-07-28,10Y,73192,-140695,3503915
2020-08-04,10Y,92065,-124263,3480234
2020-08-11,10Y,5500,-62847,3509822
2020-08-18,10Y,87004,-140654,3510493
2020-08-25,10Y,72337,-84544,3570255
2020-09-01,10Y,-13477,10080,3363599
2020-09-08,10Y,9507,-19749,3333511
2020-09-15,10Y,14777,-59356,3267812
2020-09-22,10Y,82180,-140594,3262396
2020-09-29,10Y,128576,-184263,3287420
2020-10-06,10Y,69513,-91699,3249451
2020-10-13,10Y,75257,-99519,3246095
2020-10-20,10Y,22996,-53006,3206874
2020-10-27,10Y,16212,13934,3153365
2020-11-03,10Y,-5690,25382,3077241
2020-11-10,10Y,94616,-53057,3207215
2020-11-17,10Y,152319,-103569,3249449
2020-11-24,10Y,114975,-77329,3471861
2020-12-01,10Y,25748,20265,3201303
2020-12-08,10Y,29189,8654,3203565
2020-12-15,10Y,27379,-6602,3195234
2020-12-21,10Y,50169,-11639,3153023
2020-12-29,10Y,25249,-6134,3260742
2021-01-05,10Y,27695,14539,3221183
2021-01-12,10Y,-50189,162475,3360477
2021-01-19,10Y,46576,74968,3369237
2021-01-26,10Y,36878,91064,3447076
2021-02-02,10Y,58687,77594,3570188
2021-02-09,10Y,79543,86115,3616655
2021-02-16,10Y,103413,64055,3604844
2021-02-23,10Y,2789,181377,4049360
2021-03-02,10Y,-95611,278002,3556876
2021-03-09,10Y,-46131,250678,3678122
2021-03-16,10Y,4104,204053,3805718
2021-03-23,10Y,12297,150830,3881815
2021-03-30,10Y,-89802,246189,3932607
2021-04-06,10Y,84559,128010,3920974
2021-04-13,10Y,-2652,233204,3896946
2021-04-20,10Y,15607,223746,3893508
2021-04-27,10Y,55759,208930,3994595
2021-05-04,10Y,-7245,239211,4259750
2021-05-11,10Y,1217,249219,4294776
2021-05-18,10Y,31654,220783,4222733
2021-05-25,10Y,104398,174988,4502793
2021-06-01,10Y,54844,210157,4376087
2021-06-08,10Y,173420,100142,4421310
2021-06-15,10Y,34336,209999,4399014
2021-06-22,10Y,-2312,263172,4268567
2021-06-29,10Y,-59960,304490,4296288
2021-07-06,10Y,-25593,279342,4271063
2021-07-13,10Y,55987,184216,4155272
2021-07-20,10Y,88926,164936,4150686
2021-07-27,10Y,164491,36905,4071737
2021-08-03,10Y,87735,108613,4097814
2021-08-10,10Y,108809,103879,4076396
2021-08-17,10Y,145216,65390,4067729
2021-08-24,10Y,113312,94012,4175534
2021-08-31,10Y,-29819,247621,3946457
2021-09-07,10Y,780,225778,3904836
2021-09-14,10Y,129423,91595,3942910
2021-09-21,10Y,61221,168160,3934302
2021-09-28,10Y,181207,108708,4055113
2021-10-05,10Y,141333,192710,4063952
2021-10-12,10Y,156042,163158,4102714
2021-10-19,10Y,-544,319388,4095300
2021-10-26,10Y,-114845,441515,4000227
2021-11-02,10Y,-268669,606611,3973988
2021-11-09,10Y,-267332,572247,3883483
2021-11-16,10Y,-294141,598591,3972392
2021-11-23,10Y,-323415,626237,4124886
2021-11-30,10Y,-313371,567638,3803125
2021-12-07,10Y,-267006,538925,3788362
2021-12-14,10Y,-273856,532167,3769585
2021-12-21,10Y,-339299,572563,3798267
2021-12-28,10Y,-213310,458479,3846382
2022-01-04,10Y,-276923,516075,3875093
2022-01-11,10Y,-343839,602618,3809163
2022-01-18,10Y,-271442,538664,3890037
2022-01-25,10Y,-264656,500631,3750564
2022-02-01,10Y,-274875,563801,3932501
2022-02-08,10Y,-201910,482585,4048525
2022-02-15,10Y,-174063,436449,4123745
2022-02-22,10Y,-285092,543178,4083463
2022-03-01,10Y,-365783,585754,3772058
2022-03-08,10Y,-377720,587471,3627534
2022-03-15,10Y,-320997,512812,3561445
2022-03-22,10Y,-263834,464339,3807553
2022-03-29,10Y,-476557,657549,3669449
2022-04-05,10Y,-362875,568295,3722365
2022-04-12,10Y,-299941,498259,3728260
2022-04-19,10Y,-332277,521288,3680703
2022-04-26,10Y,-117817,291334,3647625
2022-05-03,10Y,-147537,313344,3680764
2022-05-10,10Y,-85972,268376,3722697
2022-05-17,10Y,-160091,318592,3666416
2022-05-24,10Y,-225124,376665,3662628
2022-05-31,10Y,-238907,411183,3470808
2022-06-07,10Y,-266187,426524,3469948
2022-06-14,10Y,-205529,374018,3509639
2022-06-21,10Y,-228184,404754,3440085
2022-06-28,10Y,-181680,329404,3403344
2022-07-05,10Y,-170500,303820,3469680
2022-07-12,10Y,-108371,221849,3459761
2022-07-19,10Y,-108704,172612,3431246
2022-07-26,10Y,-199860,266234,3504780
2022-08-02,10Y,-295490,382617,3540076
2022-08-09,10Y,-286478,386245,3541744
2022-08-16,10Y,-363128,470732,3520468
2022-08-23,10Y,-381169,496948,3599859
2022-08-30,10Y,-440103,558958,3559445
2022-09-06,10Y,-376277,490281,3545995
2022-09-13,10Y,-352889,462613,3639621
2022-09-20,10Y,-229590,342348,3700929
2022-09-27,10Y,-365192,409938,3766782
2022-10-04,10Y,-366872,416628,3850494
2022-10-11,10Y,-340163,392171,3873986
2022-10-18,10Y,-313438,371577,3843164
2022-10-25,10Y,-247748,296692,3929010
2022-11-01,10Y,-298316,343554,3952205
2022-11-08,10Y,-283059,349824,4030770
2022-11-15,10Y,-343021,405129,4015833
2022-11-22,10Y,-321256,364222,4066878
2022-11-29,10Y,-296772,359620,3897383
2022-12-06,10Y,-369206,483149,3775431
2022-12-13,10Y,-376438,474930,3822244
2022-12-20,10Y,-316943,424204,3751165
2022-12-27,10Y,-344209,413259,3780914
2023-01-03,10Y,-383602,467443,3851091
2023-01-10,10Y,-411358,488454,3894938
2023-01-17,10Y,-545057,615855,4018107
2023-01-24,10Y,-541821,598839,4124381
2023-01-31,10Y,-555471,623943,4151853
2023-02-07,10Y,-585900,655991,4222841
2023-02-14,10Y,-562935,661459,4236524
2023-02-21,10Y,-500660,590357,4335634
2023-02-28,10Y,-627947,728799,4304483
2023-03-07,10Y,-556073,676329,4270574
2023-03-14,10Y,-507366,577136,4202612
2023-03-21,10Y,-571029,540067,4155764
2023-03-28,10Y,-471578,436497,4127917
2023-04-04,10Y,-621031,618359,4263195
2023-04-11,10Y,-639037,622661,4275293
2023-04-18,10Y,-680081,638740,4393559
2023-04-25,10Y,-740261,685216,4362222
2023-05-02,10Y,-749147,687947,4396673
2023-05-09,10Y,-731698,641595,4510018
2023-05-16,10Y,-692442,570703,4718099
2023-05-23,10Y,-771638,682402,4902288
2023-05-30,10Y,-850421,758535,4728273
2023-06-06,10Y,-753701,693419,4578932
2023-06-13,10Y,-691853,613538,4619668
2023-06-20,10Y,-749997,681043,4641767
2023-06-27,10Y,-800999,725405,4663919
2023-07-03,10Y,-780678,719909,4737762
2023-07-11,10Y,-635137,636943,4800091
2023-07-18,10Y,-629561,627008,4746657
2023-07-25,10Y,-623771,599836,4733680
2023-08-01,10Y,-645186,650221,4830156
2023-08-08,10Y,-691726,673553,4872433
2023-08-15,10Y,-746928,718304,4857422
2023-08-22,10Y,-694875,657895,4911177
2023-08-29,10Y,-805553,764189,4825244
2023-09-05,10Y,-791535,770685,4718782
2023-09-12,10Y,-744302,720210,4681032
2023-09-19,10Y,-702316,659370,4697157
2023-09-26,10Y,-731998,679643,4767698
2023-10-03,10Y,-733881,668481,4782725
2023-10-10,10Y,-712982,669631,4745314
2023-10-17,10Y,-710740,614042,4670993
2023-10-24,10Y,-563362,467001,4626649
2023-10-31,10Y,-627698,531947,4691536
2023-11-07,10Y,-604499,515529,4626236
2023-11-14,10Y,-661766,595655,4743217
2023-11-21,10Y,-658158,600841,4958141
2023-11-28,10Y,-685354,632924,4775113
2023-12-05,10Y,-636456,584114,4536418
2023-12-12,10Y,-556931,520684,4475716
2023-12-19,10Y,-687572,638806,4553512
2023-12-26,10Y,-804984,725554,4589883
2024-01-02,10Y,-832663,782568,4620698
2024-01-09,10Y,-787020,726488,4652295
2024-01-16,10Y,-889385,822775,4744714
2024-01-23,10Y,-784678,730285,4644740
2024-01-30,10Y,-859015,810792,4733002
2024-02-06,10Y,-828462,772986,4707907
2024-02-13,10Y,-760519,688569,4735241
2024-02-20,10Y,-729066,658453,4819493
2024-02-27,10Y,-665582,616385,4532179
2024-03-05,10Y,-713258,670969,4277776
2024-03-12,10Y,-603546,561179,4253098
2024-03-19,10Y,-574010,526781,4286273
2024-03-26,10Y,-578307,540174,4328921
2024-04-02,10Y,-569957,538818,4384695
2024-04-09,10Y,-506885,499361,4361513
2024-04-16,10Y,-362039,350006,4435697
2024-04-23,10Y,-353920,356954,4487283
2024-04-30,10Y,-432965,457279,4415393
2024-05-07,10Y,-481620,457222,4412228
2024-05-14,10Y,-347811,351641,4442230
2024-05-21,10Y,-400972,388831,4560180
2024-05-28,10Y,-388175,353169,4901854
2024-06-04,10Y,-454755,443655,4413936
2024-06-11,10Y,-307692,280692,4308305
2024-06-18,10Y,-367606,330414,4344688
2024-06-25,10Y,-319844,279162,4329856
2024-07-02,10Y,-345376,308275,4374310
2024-07-09,10Y,-417904,350466,4502656
2024-07-16,10Y,-637486,537647,4556483
2024-07-23,10Y,-641929,527560,4585511
2024-07-30,10Y,-728470,633677,4754113
2024-08-06,10Y,-776208,638673,4887707
2024-08-13,10Y,-860243,715466,5028427
2024-08-20,10Y,-1038112,898127,5283780
2024-08-27,10Y,-914437,755196,5451431
2024-09-03,10Y,-1002827,846839,4805543
2024-09-10,10Y,-1022105,901605,4778914
2024-09-17,10Y,-1094026,943854,4899345
2024-09-24,10Y,-1025278,904645,4942174
2024-10-01,10Y,-1143889,990689,4969440
2024-10-08,10Y,-960129,805589,4829995
2024-10-15,10Y,-865065,747361,4704588
2024-10-22,10Y,-848191,742273,4660932
2024-10-29,10Y,-901183,790410,4602714
2024-11-05,10Y,-818270,707726,4566389
2024-11-12,10Y,-815801,752029,4596584
2024-11-19,10Y,-907502,856303,4749048
2024-11-26,10Y,-926603,866243,4875307
2024-12-03,10Y,-891901,842621,4499899
2024-12-10,10Y,-875716,815384,4447413
2024-12-17,10Y,-732917,651759,4467512
2024-12-24,10Y,-591374,510294,4475673
2024-12-31,10Y,-653763,574117,4513677
2025-01-07,10Y,-672446,601129,4642754
2025-01-14,10Y,-567935,508311,4707226
2025-01-21,10Y,-580245,565040,4750425
2025-01-28,10Y,-700642,640374,4883910
2025-02-04,10Y,-707703,651566,4900888
2025-02-11,10Y,-751034,699753,4935773
2025-02-18,10Y,-709527,668096,5239067
2025-02-25,10Y,-699855,646801,5212386
2025-03-04,10Y,-712040,653140,4708642
2025-03-11,10Y,-737075,641661,4699017
2025-03-18,10Y,-881374,795709,4868495
2025-03-25,10Y,-810090,707115,4922788
2025-04-01,10Y,-863263,743611,4893505
2025-04-08,10Y,-1078470,916013,4891164
2025-04-15,10Y,-937755,797248,4760884
2025-04-22,10Y,-906106,764191,4730339
2025-04-29,10Y,-871537,715931,4880010
2025-05-06,10Y,-953168,812188,4996132
2025-05-13,10Y,-890351,805053,5157374
2025-05-20,10Y,-851431,766540,5230886
2025-05-27,10Y,-769604,590028,5252377
2025-06-03,10Y,-705256,633320,4772482
2025-06-10,10Y,-724101,645726,4731813
2025-06-17,10Y,-752899,661186,4826555
2025-06-24,10Y,-680131,583284,4918411
2025-07-01,10Y,-783662,695122,5050378
2025-07-08,10Y,-840579,733632,4920617
2025-07-15,10Y,-772377,686019,4896544
2025-07-22,10Y,-749534,660277,4823425
2025-07-29,10Y,-896630,802010,4958488
2025-08-05,10Y,-959834,843450,5127634
2025-08-12,10Y,-942223,793295,5339441
2025-08-19,10Y,-945516,826011,5340625
2025-08-26,10Y,-883829,729027,5640455
2025-09-02,10Y,-868358,742101,5209519
2025-09-09,10Y,-857972,719102,5268466
2025-09-16,10Y,-819299,659945,5412553
2025-09-23,10Y,-844116,680220,5478034
2025-09-30,10Y,-739908,572904,5462258
2025-10-07,10Y,-787958,639849,5399662
2025-10-14,10Y,-830797,679362,5419989
2025-10-21,10Y,-846523,682794,5500348
2025-10-28,10Y,-910930,739713,5564280
2025-11-04,10Y,-859245,690142,5470709
2025-11-10,10Y,-820807,690329,5558246
2025-11-18,10Y,-753697,607711,5779841
2025-11-25,10Y,-781383,634552,6045379
2025-12-02,10Y,-736955,596968,5637723
2025-12-09,10Y,-686764,552004,5513724
2025-12-16,10Y,-670108,524203,5426319
2025-12-23,10Y,-742370,658606,5569530
2025-12-30,10Y,-939658,807580,5500186
2026-01-06,10Y,-915552,810731,5536100
2026-01-13,10Y,-870505,785650,5709182
2026-01-20,10Y,-655640,573096,5749730
2026-01-27,10Y,-726151,650764,5690843
2026-02-03,10Y,-729414,664990,5495119
2026-02-10,10Y,-813027,727217,5500736
2026-02-17,10Y,-877853,806961,5721555
2026-02-24,10Y,-774020,766819,5968025
2026-03-03,10Y,-654507,620305,5466660
2026-03-10,10Y,-534883,497251,5324068
2026-03-17,10Y,-597878,550787,5279072
2026-03-24,10Y,-641887,600134,5163104
2026-03-31,10Y,-784063,748325,5152796
2026-04-07,10Y,-823624,799342,5123122
2026-04-14,10Y,-800365,757957,5187440
2026-04-21,10Y,-790971,726889,5213875
2026-04-28,10Y,-839137,747920,5374513
2026-05-05,10Y,-815269,747343,5369025
2026-05-12,10Y,-781167,733743,5866357
2026-05-19,10Y,-848052,786275,5833268
2026-05-26,10Y,-787954,496185,6254472
2026-06-02,10Y,-829575,821742,5323279
2026-06-09,10Y,-863807,864695,5251295
2019-01-08,5Y,-290354,313583,4564764
2019-01-15,5Y,-299593,328867,4534842
2019-01-22,5Y,-175529,199206,4505973
2019-01-29,5Y,-182834,191049,4531425
2019-02-05,5Y,-204560,185643,4519900
2019-02-12,5Y,-230894,234924,4492647
2019-02-19,5Y,-178599,167591,4571330
2019-02-26,5Y,-185125,223632,4446488
2019-03-05,5Y,-220220,209320,4203625
2019-03-12,5Y,-203008,151682,4253937
2019-03-19,5Y,-219673,167517,4230113
2019-03-26,5Y,-165750,109701,4268476
2019-04-02,5Y,-39916,10900,4251886
2019-04-09,5Y,-53575,60746,4314643
2019-04-16,5Y,-62911,57042,4496281
2019-04-23,5Y,-46822,51388,4599028
2019-04-30,5Y,-106876,99820,4784948
2019-05-07,5Y,-132761,134397,4786121
2019-05-14,5Y,-137903,120825,4911838
2019-05-21,5Y,-168676,178675,4945717
2019-05-28,5Y,-111437,64772,5000222
2019-06-04,5Y,-164084,135900,4646931
2019-06-11,5Y,-61730,41400,4509009
2019-06-18,5Y,-39873,15923,4526480
2019-06-25,5Y,-41843,12564,4450788
2019-07-02,5Y,-86931,91122,4440077
2019-07-09,5Y,-94042,63578,4343677
2019-07-16,5Y,-100588,43403,4460246
2019-07-23,5Y,-98795,75852,4542598
2019-07-30,5Y,-115941,61102,4616762
2019-08-06,5Y,-131314,89596,4679299
2019-08-13,5Y,-103857,53664,4643743
2019-08-20,5Y,-115472,122545,4677775
2019-08-27,5Y,-105168,159174,4529242
2019-09-03,5Y,-132444,128603,4162661
2019-09-10,5Y,-97886,113766,4157752
2019-09-17,5Y,-165377,190012,4115850
2019-09-24,5Y,-72968,79093,4111505
2019-10-01,5Y,-9539,2871,4173004
2019-10-08,5Y,-152975,127175,4282402
2019-10-15,5Y,-212365,147803,4338519
2019-10-22,5Y,-218746,148909,4341320
2019-10-29,5Y,-129310,116101,4504463
2019-11-05,5Y,-308244,331529,4709756
2019-11-12,5Y,-296342,305177,4681440
2019-11-19,5Y,-250861,249310,4571928
2019-11-26,5Y,-262443,248832,4635103
2019-12-03,5Y,-292462,299555,4305068
2019-12-10,5Y,-307800,316338,4191561
2019-12-17,5Y,-390323,402694,4263708
2019-12-24,5Y,-325982,344251,4251053
2019-12-31,5Y,-297890,316587,4278094
2020-01-07,5Y,-298374,276572,4251556
2020-01-14,5Y,-299441,285010,4261167
2020-01-21,5Y,-266432,242889,4296398
2020-01-28,5Y,-160222,131689,4499041
2020-02-04,5Y,-249210,226511,4596398
2020-02-11,5Y,-212691,191589,4637112
2020-02-18,5Y,-247868,209539,4769407
2020-02-25,5Y,-223519,264373,4859178
2020-03-03,5Y,-131790,92694,4641287
2020-03-10,5Y,51963,-110052,4441959
2020-03-17,5Y,-41140,112514,4355811
2020-03-24,5Y,-107064,199828,4015517
2020-03-31,5Y,-271874,249223,3846802
2020-04-07,5Y,-163742,133873,3760304
2020-04-14,5Y,-157279,132485,3724769
2020-04-21,5Y,-156501,129816,3694907
2020-04-28,5Y,-213279,168621,3575588
2020-05-05,5Y,-239463,207484,3617662
2020-05-12,5Y,-225990,207313,3631664
2020-05-19,5Y,-240623,226132,3597224
2020-05-26,5Y,-155667,152996,3955287
2020-06-02,5Y,-143673,129836,3534431
2020-06-09,5Y,-205805,253129,3466509
2020-06-16,5Y,-155304,128259,3438389
2020-06-23,5Y,-165749,158639,3447476
2020-06-30,5Y,-131475,116181,3555414
2020-07-07,5Y,-178252,149545,3456610
2020-07-14,5Y,-94960,50078,3475237
2020-07-21,5Y,-44823,-9419,3463898
2020-07-28,5Y,24675,-79583,3504932
2020-08-04,5Y,-85086,34828,3511951
2020-08-11,5Y,-112908,71438,3449522
2020-08-18,5Y,-80952,39585,3478482
2020-08-25,5Y,-40460,-5752,3497602
2020-09-01,5Y,-161004,129863,3246416
2020-09-08,5Y,-191717,141331,3215386
2020-09-15,5Y,-250402,181260,3268577
2020-09-22,5Y,-227424,163005,3297115
2020-09-29,5Y,-267765,231577,3287173
2020-10-06,5Y,-421907,381994,3155992
2020-10-13,5Y,-399371,354005,3111866
2020-10-20,5Y,-366238,319461,3105650
2020-10-27,5Y,-357675,318806,3094189
2020-11-03,5Y,-452864,424480,3118607
2020-11-10,5Y,-414972,401286,3175015
2020-11-17,5Y,-382249,383989,3190461
2020-11-24,5Y,-264850,222610,3331595
2020-12-01,5Y,-352159,341644,3135711
2020-12-08,5Y,-342024,337763,3142036
2020-12-15,5Y,-262144,266569,3190595
2020-12-21,5Y,-272624,278822,3178492
2020-12-29,5Y,-236083,233436,3273076
2021-01-05,5Y,-279845,270318,3198001
2021-01-12,5Y,-336872,359923,3240422
2021-01-19,5Y,-238021,268248,3228560
2021-01-26,5Y,-99122,95159,3369438
2021-02-02,5Y,-115158,132715,3537674
2021-02-09,5Y,2228,13123,3451695
2021-02-16,5Y,-6152,43260,3520464
2021-02-23,5Y,95406,-29241,3787902
2021-03-02,5Y,26487,60979,3500914
2021-03-09,5Y,-14305,123653,3453939
2021-03-16,5Y,71859,41620,3422108
2021-03-23,5Y,23047,87030,3510072
2021-03-30,5Y,95335,20726,3676923
2021-04-06,5Y,-7617,141544,3575476
2021-04-13,5Y,-84247,195397,3442643
2021-04-20,5Y,-24249,146919,3354958
2021-04-27,5Y,9534,82004,3370020
2021-05-04,5Y,-109619,202363,3390218
2021-05-11,5Y,-212744,311060,3446935
2021-05-18,5Y,-145347,241885,3558183
2021-05-25,5Y,-115715,220705,3709069
2021-06-01,5Y,-122702,209541,3500881
2021-06-08,5Y,-138178,206021,3487738
2021-06-15,5Y,-111018,182709,3537690
2021-06-22,5Y,-209526,349248,3446997
2021-06-29,5Y,-214355,367839,3542026
2021-07-06,5Y,-217303,361799,3488950
2021-07-13,5Y,-178076,346911,3449845
2021-07-20,5Y,-69034,231174,3474656
2021-07-27,5Y,-30025,168613,3479942
2021-08-03,5Y,-85023,205408,3441853
2021-08-10,5Y,-45958,179889,3437983
2021-08-17,5Y,-2082,126967,3505732
2021-08-24,5Y,95201,37665,3596863
2021-08-31,5Y,-28136,161517,3472937
2021-09-07,5Y,-63512,201205,3449352
2021-09-14,5Y,-24366,156367,3551136
2021-09-21,5Y,-147423,285859,3563947
2021-09-28,5Y,-299196,461653,3664572
2021-10-05,5Y,-314824,547985,3571119
2021-10-12,5Y,-321419,549713,3604864
2021-10-19,5Y,-255211,510373,3637741
2021-10-26,5Y,-341475,579881,3586544
2021-11-02,5Y,-376353,606647,3568732
2021-11-09,5Y,-407485,637634,3600589
2021-11-16,5Y,-344595,581981,3630431
2021-11-23,5Y,-284883,580200,4093700
2021-11-30,5Y,-367832,614453,3486538
2021-12-07,5Y,-387531,626885,3532357
2021-12-14,5Y,-339803,567090,3603997
2021-12-21,5Y,-346376,595081,3604052
2021-12-28,5Y,-298687,543542,3741327
2022-01-04,5Y,-402875,661633,3702047
2022-01-11,5Y,-299657,560198,3830246
2022-01-18,5Y,-217174,479188,3826115
2022-01-25,5Y,-140457,401407,3979852
2022-02-01,5Y,-120524,406878,4019069
2022-02-08,5Y,-132379,371113,4020579
2022-02-15,5Y,-191415,418890,4084291
2022-02-22,5Y,-347236,483375,4295789
2022-03-01,5Y,-474039,706436,3807232
2022-03-08,5Y,-452141,711489,3845499
2022-03-15,5Y,-347302,590098,3796317
2022-03-22,5Y,-296338,544383,3774450
2022-03-29,5Y,-361390,598864,3756307
2022-04-05,5Y,-338049,553329,3793072
2022-04-12,5Y,-334759,543512,3862248
2022-04-19,5Y,-288870,497976,3814466
2022-04-26,5Y,-274149,481205,3795224
2022-05-03,5Y,-318936,509720,3818836
2022-05-10,5Y,-325674,502383,3813677
2022-05-17,5Y,-260224,417629,3791540
2022-05-24,5Y,-120527,292048,4011412
2022-05-31,5Y,-217788,367355,3804715
2022-06-07,5Y,-222547,409463,3784732
2022-06-14,5Y,-191071,372681,3889422
2022-06-21,5Y,-104091,289493,3854228
2022-06-28,5Y,-202664,373431,3962280
2022-07-05,5Y,-254453,404953,4013995
2022-07-12,5Y,-291123,418734,3968034
2022-07-19,5Y,-258015,400930,3916097
2022-07-26,5Y,-315173,449869,3988929
2022-08-02,5Y,-335945,430656,3935263
2022-08-09,5Y,-351003,481266,3901253
2022-08-16,5Y,-467375,621468,4066730
2022-08-23,5Y,-503525,636313,4125880
2022-08-30,5Y,-565456,694381,4037085
2022-09-06,5Y,-505891,659349,4009309
2022-09-13,5Y,-521459,676949,3982527
2022-09-20,5Y,-493804,639728,3974321
2022-09-27,5Y,-441966,567488,3999390
2022-10-04,5Y,-483032,625173,3995725
2022-10-11,5Y,-483920,601685,4040583
2022-10-18,5Y,-487577,586839,4000027
2022-10-25,5Y,-461745,546157,4087748
2022-11-01,5Y,-536987,629897,4140760
2022-11-08,5Y,-499455,612346,4281320
2022-11-15,5Y,-547618,632207,4333912
2022-11-22,5Y,-523654,600561,4326518
2022-11-29,5Y,-529349,618522,4303419
2022-12-06,5Y,-658606,770224,4130322
2022-12-13,5Y,-691537,774022,4114021
2022-12-20,5Y,-662594,717940,4144602
2022-12-27,5Y,-655528,724229,4134572
2023-01-03,5Y,-652919,709058,4213262
2023-01-10,5Y,-623151,657644,4095328
2023-01-17,5Y,-680655,689573,4159392
2023-01-24,5Y,-638737,633820,4162628
2023-01-31,5Y,-732956,722945,4177919
2023-02-07,5Y,-668542,638663,4241276
2023-02-14,5Y,-589391,616600,4292464
2023-02-21,5Y,-599249,631381,4387851
2023-02-28,5Y,-652877,706316,4182168
2023-03-07,5Y,-655880,732856,4232280
2023-03-14,5Y,-557212,584943,4350652
2023-03-21,5Y,-631568,626445,4350302
2023-03-28,5Y,-682355,628178,4378900
2023-04-04,5Y,-781239,754970,4493575
2023-04-11,5Y,-761981,722702,4446566
2023-04-18,5Y,-754502,716633,4472642
2023-04-25,5Y,-869288,837209,4576091
2023-05-02,5Y,-910230,881350,4760542
2023-05-09,5Y,-910642,872302,5086319
2023-05-16,5Y,-923913,872715,5100803
2023-05-23,5Y,-934069,882607,5105531
2023-05-30,5Y,-983837,922460,4871724
2023-06-06,5Y,-1027059,1016651,4850014
2023-06-13,5Y,-1035396,1021933,4917172
2023-06-20,5Y,-958826,931171,4948670
2023-06-27,5Y,-998488,974659,5022642
2023-07-03,5Y,-1029814,1026687,5080610
2023-07-11,5Y,-1056084,997944,5257885
2023-07-18,5Y,-1145489,1099014,5333980
2023-07-25,5Y,-1137851,1093090,5348725
2023-08-01,5Y,-1257046,1209619,5557476
2023-08-08,5Y,-1230307,1185876,5711857
2023-08-15,5Y,-1191295,1110195,5768718
2023-08-22,5Y,-1043582,986337,5810640
2023-08-29,5Y,-1004623,886838,5381737
2023-09-05,5Y,-1056268,969413,5415832
2023-09-12,5Y,-1031030,954444,5391830
2023-09-19,5Y,-1006946,941195,5511115
2023-09-26,5Y,-1025782,964605,5579726
2023-10-03,5Y,-1093472,1027244,5630744
2023-10-10,5Y,-1102349,1030897,5746430
2023-10-17,5Y,-1131087,1064618,5702366
2023-10-24,5Y,-1008903,946801,5571039
2023-10-31,5Y,-1191589,1110941,5746137
2023-11-07,5Y,-1423384,1334422,6019834
2023-11-14,5Y,-1416240,1291283,6084468
2023-11-21,5Y,-1468633,1317276,6172960
2023-11-28,5Y,-1398500,1250881,6081130
2023-12-05,5Y,-1429427,1292579,5775249
2023-12-12,5Y,-1340120,1206871,5737034
2023-12-19,5Y,-1388222,1241169,5721077
2023-12-26,5Y,-1313441,1138328,5742599
2024-01-02,5Y,-1289460,1146692,5797316
2024-01-09,5Y,-1170182,1008597,5798901
2024-01-16,5Y,-1196837,1045883,5913271
2024-01-23,5Y,-1231189,1071650,5998809
2024-01-30,5Y,-1192978,1042055,5937929
2024-02-06,5Y,-1297167,1175125,5833253
2024-02-13,5Y,-1316293,1215390,5900715
2024-02-20,5Y,-1233300,1146260,6000253
2024-02-27,5Y,-1195393,1058803,6059054
2024-03-05,5Y,-1291887,1181113,5815202
2024-03-12,5Y,-1262134,1149142,5857325
2024-03-19,5Y,-1157057,1069939,5838981
2024-03-26,5Y,-1149510,1041994,5941972
2024-04-02,5Y,-1284301,1183655,6088816
2024-04-09,5Y,-1239420,1135137,6070390
2024-04-16,5Y,-1194222,1072513,6016477
2024-04-23,5Y,-1090289,970956,5960804
2024-04-30,5Y,-1146598,1051309,6015556
2024-05-07,5Y,-1163849,1059427,6059408
2024-05-14,5Y,-1326105,1242371,6235670
2024-05-21,5Y,-1422805,1318410,6431140
2024-05-28,5Y,-1377117,1304941,6644814
2024-06-04,5Y,-1573037,1439949,6248427
2024-06-11,5Y,-1497424,1364439,6259966
2024-06-18,5Y,-1453400,1286503,6202016
2024-06-25,5Y,-1486197,1312975,6200123
2024-07-02,5Y,-1537972,1396327,6267434
2024-07-09,5Y,-1566601,1408198,6356121
2024-07-16,5Y,-1576174,1420117,6503048
2024-07-23,5Y,-1523261,1327414,6455578
2024-07-30,5Y,-1656038,1408271,6565620
2024-08-06,5Y,-1688076,1437325,6612926
2024-08-13,5Y,-1695072,1447942,6805101
2024-08-20,5Y,-1736810,1486515,6855335
2024-08-27,5Y,-1656257,1455628,6894857
2024-09-03,5Y,-1718696,1475139,6440182
2024-09-10,5Y,-1719996,1491140,6357260
2024-09-17,5Y,-1593860,1391327,6396093
2024-09-24,5Y,-1554432,1311411,6425290
2024-10-01,5Y,-1550790,1334507,6381426
2024-10-08,5Y,-1600325,1404836,6261504
2024-10-15,5Y,-1630024,1461880,6229963
2024-10-22,5Y,-1640987,1458081,6237556
2024-10-29,5Y,-1680471,1493749,6248417
2024-11-05,5Y,-1767409,1614843,6263013
2024-11-12,5Y,-1869210,1740989,6429420
2024-11-19,5Y,-1983026,1861574,6800137
2024-11-26,5Y,-1765571,1649942,6339674
2024-12-03,5Y,-1861100,1741156,6035339
2024-12-10,5Y,-1790430,1682114,6049139
2024-12-17,5Y,-1762317,1670044,6063191
2024-12-24,5Y,-1760422,1651967,6150090
2024-12-31,5Y,-1820593,1702913,6158218
2025-01-07,5Y,-1800903,1686155,6177901
2025-01-14,5Y,-1777621,1669604,6121014
2025-01-21,5Y,-1796191,1671310,6169526
2025-01-28,5Y,-1776055,1656392,6338020
2025-02-04,5Y,-1927666,1813533,6446832
2025-02-11,5Y,-1861735,1761677,6570886
2025-02-18,5Y,-1737533,1633016,6986784
2025-02-25,5Y,-1625773,1452453,6686222
2025-03-04,5Y,-1798361,1632826,6195904
2025-03-11,5Y,-1873367,1701117,6279229
2025-03-18,5Y,-1905940,1717688,6319900
2025-03-25,5Y,-1900087,1717094,6333096
2025-04-01,5Y,-2021677,1826517,6521245
2025-04-08,5Y,-2021575,1805555,6489726
2025-04-15,5Y,-2061575,1848789,6403165
2025-04-22,5Y,-2191434,1997863,6661258
2025-04-29,5Y,-2292544,2079747,6859544
2025-05-06,5Y,-2296496,2066750,7102291
2025-05-13,5Y,-2180043,2041577,7152021
2025-05-20,5Y,-2275941,2097939,7225242
2025-05-27,5Y,-2333237,2093767,7037906
2025-06-03,5Y,-2396536,2224020,6810389
2025-06-10,5Y,-2470920,2303366,6788814
2025-06-17,5Y,-2443281,2280152,6949193
2025-06-24,5Y,-2463629,2232475,7075063
2025-07-01,5Y,-2477002,2269683,7120675
2025-07-08,5Y,-2516787,2339079,7008745
2025-07-15,5Y,-2505528,2344691,7028838
2025-07-22,5Y,-2469924,2290033,6981781
2025-07-29,5Y,-2511883,2349175,6994626
2025-08-05,5Y,-2536877,2324021,7132049
2025-08-12,5Y,-2566369,2352918,7238056
2025-08-19,5Y,-2508383,2310706,7350661
2025-08-26,5Y,-2463971,2276169,7476821
2025-09-02,5Y,-2681987,2490236,6935798
2025-09-09,5Y,-2554763,2315862,6791488
2025-09-16,5Y,-2436774,2234545,6756912
2025-09-23,5Y,-2453444,2237939,6750842
2025-09-30,5Y,-2263900,2060293,6642163
2025-10-07,5Y,-2267738,2052376,6718828
2025-10-14,5Y,-2261744,2050134,6748253
2025-10-21,5Y,-2273950,2053863,6895929
2025-10-28,5Y,-2404926,2173842,6935268
2025-11-04,5Y,-2477836,2302226,7007877
2025-11-10,5Y,-2463124,2278118,7131368
2025-11-18,5Y,-2382013,2206377,7227410
2025-11-25,5Y,-2291322,2099436,6964442
2025-12-02,5Y,-2447002,2287311,6696583
2025-12-09,5Y,-2396037,2248205,6714507
2025-12-16,5Y,-2298189,2136507,6666992
2025-12-23,5Y,-2340036,2189112,6725829
2025-12-30,5Y,-2402797,2199175,6704829
2026-01-06,5Y,-2312753,2148423,6737810
2026-01-13,5Y,-2269120,2126524,6720965
2026-01-20,5Y,-2136519,1990497,6749172
2026-01-27,5Y,-2091046,1946525,6777146
2026-02-03,5Y,-2158980,2030958,6896712
2026-02-10,5Y,-2114764,1956416,6991253
2026-02-17,5Y,-2157242,2019604,7431251
2026-02-24,5Y,-2064931,1904233,7376192
2026-03-03,5Y,-2090794,1942942,6769879
2026-03-10,5Y,-1917664,1781944,6756942
2026-03-17,5Y,-1773452,1675099,6692876
2026-03-24,5Y,-1448436,1409435,6569294
2026-03-31,5Y,-1586840,1527540,6510131
2026-04-07,5Y,-1552929,1494039,6445179
2026-04-14,5Y,-1625745,1555284,6495803
2026-04-21,5Y,-1532750,1448728,6497190
2026-04-28,5Y,-1521405,1437359,6484836
2026-05-05,5Y,-1421299,1352390,6620931
2026-05-12,5Y,-1362145,1298718,6769315
2026-05-19,5Y,-1350516,1382881,6977994
2026-05-26,5Y,-1323127,1258845,6847723
2026-06-02,5Y,-1369218,1351274,6302329
2026-06-09,5Y,-1320162,1317080,6184688
2019-01-08,BOND,-30652,22644,935255
2019-01-08,BOND,-262705,204617,1099647
2019-01-15,BOND,-281932,214559,1136876
2019-01-15,BOND,-25473,21524,943744
2019-01-22,BOND,-313532,244827,1154494
2019-01-22,BOND,-21036,9417,972020
2019-01-29,BOND,-16830,3371,956191
2019-01-29,BOND,-312093,244242,1171109
2019-02-05,BOND,-291770,233991,1181630
2019-02-05,BOND,-33779,43232,956955
2019-02-12,BOND,-315331,245413,1225789
2019-02-12,BOND,-26678,31780,965380
2019-02-19,BOND,1368,1377,1010875
2019-02-19,BOND,-309722,230533,1224649
2019-02-26,BOND,-34702,10792,1141835
2019-02-26,BOND,-319137,228709,1199594
2019-03-05,BOND,-302833,237463,1132104
2019-03-05,BOND,-30237,22464,963855
2019-03-12,BOND,-22600,-9940,967242
2019-03-12,BOND,-281523,216671,1120527
2019-03-19,BOND,-277042,212830,1117572
2019-03-19,BOND,-30218,4132,954431
2019-03-26,BOND,-300062,237616,1140212
2019-03-26,BOND,-17955,-9760,984867
2019-04-02,BOND,-18958,2465,959773
2019-04-02,BOND,-300193,228632,1171236
2019-04-09,BOND,-304433,221481,1158831
2019-04-09,BOND,-25332,8632,941668
2019-04-16,BOND,-313415,236624,1176333
2019-04-16,BOND,-24589,3903,950016
2019-04-23,BOND,-322831,247731,1184696
2019-04-23,BOND,-40045,16762,942264
2019-04-30,BOND,-38071,16992,945884
2019-04-30,BOND,-323880,255885,1198284
2019-05-07,BOND,-35025,12481,978323
2019-05-07,BOND,-314147,245250,1224819
2019-05-14,BOND,-45943,3593,1003504
2019-05-14,BOND,-333509,245439,1256482
2019-05-21,BOND,-327346,237664,1264947
2019-05-21,BOND,-44010,-3623,1038330
2019-05-28,BOND,-9331,-50221,1022234
2019-05-28,BOND,-325223,243190,1255523
2019-06-04,BOND,-9512,-32456,981140
2019-06-04,BOND,-319594,229925,1154524
2019-06-11,BOND,18189,-58100,968255
2019-06-11,BOND,-300126,214298,1159173
2019-06-18,BOND,-304330,217723,1154982
2019-06-18,BOND,18290,-63181,964506
2019-06-25,BOND,16190,-54631,939464
2019-06-25,BOND,-302257,214333,1141914
2019-07-02,BOND,635,-38701,933255
2019-07-02,BOND,-298174,208611,1150605
2019-07-09,BOND,-295562,213724,1150733
2019-07-09,BOND,-11188,-30439,920436
2019-07-16,BOND,-294242,213648,1157911
2019-07-16,BOND,-21747,-15802,928042
2019-07-23,BOND,-41646,3847,932493
2019-07-23,BOND,-288972,203012,1156025
2019-07-30,BOND,-32525,2125,933095
2019-07-30,BOND,-287072,198289,1159315
2019-08-06,BOND,-56273,22034,974970
2019-08-06,BOND,-280624,190502,1190602
2019-08-13,BOND,-67301,27117,998940
2019-08-13,BOND,-296930,204608,1224607
2019-08-20,BOND,-65076,39757,1019215
2019-08-20,BOND,-306100,215455,1213876
2019-08-27,BOND,-303626,217744,1225117
2019-08-27,BOND,-51131,24718,1016325
2019-09-03,BOND,-67243,38270,963092
2019-09-03,BOND,-305602,221216,1170065
2019-09-10,BOND,-51743,13953,976172
2019-09-10,BOND,-301276,208451,1174273
2019-09-17,BOND,-46240,11102,988128
2019-09-17,BOND,-293709,195949,1166967
2019-09-24,BOND,-58314,31141,980337
2019-09-24,BOND,-272541,174078,1138278
2019-10-01,BOND,-272242,190931,1134159
2019-10-01,BOND,-72037,39948,968522
2019-10-08,BOND,-278324,183927,1137223
2019-10-08,BOND,-76699,32939,968097
2019-10-15,BOND,-56614,18480,974337
2019-10-15,BOND,-280908,187131,1149704
2019-10-22,BOND,-46269,8719,1001981
2019-10-22,BOND,-274758,174889,1155307
2019-10-29,BOND,-23123,-15624,1023307
2019-10-29,BOND,-283206,204090,1148157
2019-11-05,BOND,-54567,31915,995426
2019-11-05,BOND,-299828,230810,1166151
2019-11-12,BOND,-45397,19865,1024997
2019-11-12,BOND,-326477,262183,1188220
2019-11-19,BOND,-47732,24102,1050687
2019-11-19,BOND,-340142,274688,1217654
2019-11-26,BOND,-71388,38792,1069537
2019-11-26,BOND,-346996,268842,1243551
2019-12-03,BOND,-362546,296133,1214513
2019-12-03,BOND,-90445,56274,988226
2019-12-10,BOND,-107054,65880,978809
2019-12-10,BOND,-384666,309962,1211414
2019-12-17,BOND,-405043,329046,1224071
2019-12-17,BOND,-100119,51731,1024756
2019-12-24,BOND,-110123,70124,1037009
2019-12-24,BOND,-409502,339107,1242874
2019-12-31,BOND,-420514,353219,1245241
2019-12-31,BOND,-97086,59369,1005197
2020-01-07,BOND,-98688,47169,1010901
2020-01-07,BOND,-437432,368294,1236648
2020-01-14,BOND,-444310,377105,1254496
2020-01-14,BOND,-57177,22219,1037517
2020-01-21,BOND,-453959,377925,1246676
2020-01-21,BOND,-60412,34034,1061745
2020-01-28,BOND,-438004,375883,1222291
2020-01-28,BOND,-54973,12287,1092652
2020-02-04,BOND,-63795,14302,1215787
2020-02-04,BOND,-420291,337041,1200858
2020-02-11,BOND,-34262,-16084,1245938
2020-02-11,BOND,-421597,345477,1237142
2020-02-18,BOND,-50262,-9490,1301422
2020-02-18,BOND,-425680,345630,1271066
2020-02-25,BOND,-70673,36163,1493957
2020-02-25,BOND,-389550,312197,1308400
2020-03-03,BOND,-42597,10431,1230954
2020-03-03,BOND,-397153,324004,1175514
2020-03-10,BOND,-326017,249992,1139764
2020-03-10,BOND,-62630,41790,1228449
2020-03-17,BOND,-78073,41253,1174479
2020-03-17,BOND,-289928,237089,1120122
2020-03-24,BOND,-68882,50337,1082745
2020-03-24,BOND,-256662,221735,1072040
2020-03-31,BOND,-272768,236265,1051390
2020-03-31,BOND,-105709,86855,1001257
2020-04-07,BOND,-265840,226320,1052353
2020-04-07,BOND,-117493,108038,1001494
2020-04-14,BOND,-260022,216248,1044592
2020-04-14,BOND,-116716,93730,1005372
2020-04-21,BOND,-262241,219302,1043901
2020-04-21,BOND,-112423,85065,994075
2020-04-28,BOND,-95565,86148,981100
2020-04-28,BOND,-253719,214477,1033198
2020-05-05,BOND,-108833,100379,989523
2020-05-05,BOND,-247497,201648,1049059
2020-05-12,BOND,-238614,188734,1088841
2020-05-12,BOND,-118122,101503,1009339
2020-05-19,BOND,-243981,200391,1131867
2020-05-19,BOND,-92857,84125,1032090
2020-05-26,BOND,-94481,57655,1185778
2020-05-26,BOND,-251955,202903,1156516
2020-06-02,BOND,-74804,55122,1010697
2020-06-02,BOND,-262498,223551,1057197
2020-06-09,BOND,-79556,93917,984514
2020-06-09,BOND,-290676,256232,1062910
2020-06-16,BOND,-72255,57009,991507
2020-06-16,BOND,-297433,250668,1039266
2020-06-23,BOND,-73369,56685,1022752
2020-06-23,BOND,-296549,247664,1027661
2020-06-30,BOND,-108927,71350,1013863
2020-06-30,BOND,-349087,288900,1040889
2020-07-07,BOND,-105124,80134,1021432
2020-07-07,BOND,-347324,293108,1057183
2020-07-14,BOND,-350687,295142,1041852
2020-07-14,BOND,-108298,73970,1044413
2020-07-21,BOND,-347554,295710,1036337
2020-07-21,BOND,-95128,65141,1060693
2020-07-28,BOND,-122337,83928,1072660
2020-07-28,BOND,-334667,283743,1040799
2020-08-04,BOND,-334927,288092,1038714
2020-08-04,BOND,-149619,106084,1099313
2020-08-11,BOND,-152429,120551,1124844
2020-08-11,BOND,-320445,279476,1051718
2020-08-18,BOND,-144715,115418,1164571
2020-08-18,BOND,-321330,278807,1089590
2020-08-25,BOND,-286139,241391,1170929
2020-08-25,BOND,-136773,124653,1200353
2020-09-01,BOND,-321977,309763,1018564
2020-09-01,BOND,-164772,141576,1136086
2020-09-08,BOND,-296861,291309,997110
2020-09-08,BOND,-160377,139933,1152782
2020-09-15,BOND,-147667,124327,1174506
2020-09-15,BOND,-297044,277998,1007376
2020-09-22,BOND,-282226,247593,992106
2020-09-22,BOND,-157082,131281,1184288
2020-09-29,BOND,-208763,171439,1186419
2020-09-29,BOND,-289171,249838,992117
2020-10-06,BOND,-230312,231098,1198071
2020-10-06,BOND,-266341,245713,979708
2020-10-13,BOND,-221140,201874,1205875
2020-10-13,BOND,-262250,235186,990400
2020-10-20,BOND,-255746,231711,983389
2020-10-20,BOND,-236636,226455,1212538
2020-10-27,BOND,-247677,223624,1001329
2020-10-27,BOND,-259953,242944,1225546
2020-11-03,BOND,-256342,250696,1216994
2020-11-03,BOND,-241338,222523,983196
2020-11-10,BOND,-245810,238567,1011988
2020-11-10,BOND,-236627,232506,1218434
2020-11-17,BOND,-234409,233219,1250306
2020-11-17,BOND,-237214,220623,1023209
2020-11-24,BOND,-236043,206345,1120410
2020-11-24,BOND,-201917,211145,1361691
2020-12-01,BOND,-235079,248203,1163996
2020-12-01,BOND,-241635,240882,1036156
2020-12-08,BOND,-230436,235743,1161288
2020-12-08,BOND,-240848,239892,1029631
2020-12-15,BOND,-216385,209892,1158582
2020-12-15,BOND,-245996,240595,1028000
2020-12-21,BOND,-170362,169119,1147238
2020-12-21,BOND,-249799,251834,1020471
2020-12-29,BOND,-249474,248482,1028306
2020-12-29,BOND,-174958,176333,1169405
2021-01-05,BOND,-187553,195778,1150413
2021-01-05,BOND,-234216,249553,1038915
2021-01-12,BOND,-196445,225857,1156648
2021-01-12,BOND,-231424,238670,1060209
2021-01-19,BOND,-199023,213574,1157441
2021-01-19,BOND,-220018,228083,1074732
2021-01-26,BOND,-197451,214315,1169156
2021-01-26,BOND,-208925,215504,1082808
2021-02-02,BOND,-214369,238737,1182052
2021-02-02,BOND,-211872,226042,1093162
2021-02-09,BOND,-220463,231753,1098098
2021-02-09,BOND,-203153,230308,1183163
2021-02-16,BOND,-191002,215916,1207207
2021-02-16,BOND,-229297,237111,1126312
2021-02-23,BOND,-215036,228517,1188911
2021-02-23,BOND,-156309,188155,1249239
2021-03-02,BOND,-190334,232454,1228416
2021-03-02,BOND,-255460,272678,1145336
2021-03-09,BOND,-250679,260600,1159844
2021-03-09,BOND,-178806,218869,1208461
2021-03-16,BOND,-258663,260207,1172483
2021-03-16,BOND,-143237,188582,1203595
2021-03-23,BOND,-127751,175142,1196984
2021-03-23,BOND,-265717,278094,1138540
2021-03-30,BOND,-259124,275130,1124389
2021-03-30,BOND,-114439,160173,1178149
2021-04-06,BOND,-118494,168164,1171308
2021-04-06,BOND,-261819,285070,1135730
2021-04-13,BOND,-267848,287986,1135303
2021-04-13,BOND,-118009,164665,1171733
2021-04-20,BOND,-107584,161324,1185262
2021-04-20,BOND,-267847,287068,1136646
2021-04-27,BOND,-250828,272787,1135496
2021-04-27,BOND,-116617,179036,1186492
2021-05-04,BOND,-131786,184813,1190898
2021-05-04,BOND,-251517,279812,1136021
2021-05-11,BOND,-96625,162891,1189283
2021-05-11,BOND,-224410,263753,1136567
2021-05-18,BOND,-239792,272698,1151898
2021-05-18,BOND,-82980,146393,1207093
2021-05-25,BOND,-119353,176497,1277636
2021-05-25,BOND,-249634,287734,1234933
2021-06-01,BOND,-93767,149914,1192840
2021-06-01,BOND,-258231,295258,1188834
2021-06-08,BOND,-233264,270317,1202798
2021-06-08,BOND,-70588,121146,1212255
2021-06-15,BOND,-242409,254315,1216149
2021-06-15,BOND,-56687,94046,1202708
2021-06-22,BOND,-60354,78959,1178960
2021-06-22,BOND,-228949,232264,1198560
2021-06-29,BOND,-95979,114721,1173088
2021-06-29,BOND,-216389,219440,1192070
2021-07-06,BOND,-235067,237915,1192800
2021-07-06,BOND,-107911,116135,1172492
2021-07-13,BOND,-235633,226115,1209185
2021-07-13,BOND,-91910,79595,1200521
2021-07-20,BOND,-226637,214235,1224303
2021-07-20,BOND,-100608,90135,1211291
2021-07-27,BOND,-82915,66824,1186182
2021-07-27,BOND,-236239,223412,1235300
2021-08-03,BOND,-95235,84277,1208169
2021-08-03,BOND,-235055,231709,1265818
2021-08-10,BOND,-95637,86080,1198279
2021-08-10,BOND,-247927,243227,1273965
2021-08-17,BOND,-247347,247849,1319742
2021-08-17,BOND,-80205,73365,1214382
2021-08-24,BOND,-253970,240631,1329050
2021-08-24,BOND,-99332,78597,1258504
2021-08-31,BOND,-282375,281684,1263470
2021-08-31,BOND,-104210,106744,1225140
2021-09-07,BOND,-288599,280674,1255373
2021-09-07,BOND,-83571,86594,1212310
2021-09-14,BOND,-60600,46509,1238880
2021-09-14,BOND,-301788,276818,1246498
2021-09-21,BOND,-294765,276897,1243050
2021-09-21,BOND,-88271,76453,1208307
2021-09-28,BOND,-106940,97332,1235761
2021-09-28,BOND,-299793,294678,1244627
2021-10-05,BOND,-313634,324157,1222544
2021-10-05,BOND,-98649,109987,1232198
2021-10-12,BOND,-66551,86248,1222493
2021-10-12,BOND,-313414,317409,1216808
2021-10-19,BOND,-311777,313784,1216424
2021-10-19,BOND,-57571,83737,1186553
2021-10-26,BOND,-331213,325324,1217941
2021-10-26,BOND,-66994,87013,1173180
2021-11-02,BOND,-32547,48443,1158749
2021-11-02,BOND,-292611,283250,1212962
2021-11-09,BOND,-300782,291663,1244374
2021-11-09,BOND,-28072,10259,1206593
2021-11-16,BOND,-16368,8293,1232186
2021-11-16,BOND,-298879,287988,1260215
2021-11-23,BOND,-11025,2535,1252959
2021-11-23,BOND,-291720,280496,1287835
2021-11-30,BOND,-49640,29588,1219181
2021-11-30,BOND,-310496,296670,1242681
2021-12-07,BOND,-46522,25038,1211685
2021-12-07,BOND,-290354,274032,1231575
2021-12-14,BOND,-292473,259703,1253979
2021-12-14,BOND,-37318,-4833,1219698
2021-12-21,BOND,-36084,12074,1225029
2021-12-21,BOND,-297561,265003,1254282
2021-12-28,BOND,-19955,-10654,1208000
2021-12-28,BOND,-300717,264412,1248190
2022-01-04,BOND,-289601,268878,1235006
2022-01-04,BOND,-49550,27261,1210353
2022-01-11,BOND,-65038,69672,1214729
2022-01-11,BOND,-309531,294877,1245989
2022-01-18,BOND,-47496,60037,1219356
2022-01-18,BOND,-338350,302042,1274458
2022-01-25,BOND,-64095,74281,1193450
2022-01-25,BOND,-343245,312275,1286055
2022-02-01,BOND,-36548,57497,1195554
2022-02-01,BOND,-333593,308562,1285238
2022-02-08,BOND,-315852,284470,1287280
2022-02-08,BOND,-33025,53361,1186568
2022-02-15,BOND,-330139,298631,1314670
2022-02-15,BOND,-24845,42910,1239190
2022-02-22,BOND,-334381,297783,1345909
2022-02-22,BOND,-14738,43269,1223515
2022-03-01,BOND,-4529,28819,1113867
2022-03-01,BOND,-335261,297953,1266116
2022-03-08,BOND,-284418,252520,1243697
2022-03-08,BOND,47368,-28607,1114679
2022-03-15,BOND,44238,-29752,1118301
2022-03-15,BOND,-266244,228742,1259073
2022-03-22,BOND,-298523,255630,1264130
2022-03-22,BOND,32551,-5394,1128229
2022-03-29,BOND,-323558,288970,1289170
2022-03-29,BOND,16001,-3123,1109506
2022-04-05,BOND,1203,8580,1121354
2022-04-05,BOND,-330916,307823,1266859
2022-04-12,BOND,-332828,304992,1265180
2022-04-12,BOND,-5163,12431,1114496
2022-04-19,BOND,-337358,310822,1289760
2022-04-19,BOND,-11238,21519,1125617
2022-04-26,BOND,20099,-1711,1148457
2022-04-26,BOND,-344054,308472,1286820
2022-05-03,BOND,-319179,298805,1277130
2022-05-03,BOND,13511,5068,1187151
2022-05-10,BOND,-311513,290655,1265018
2022-05-10,BOND,15453,-4991,1207560
2022-05-17,BOND,-294559,264222,1302810
2022-05-17,BOND,32007,-14575,1244823
2022-05-24,BOND,-307895,290252,1389238
2022-05-24,BOND,28502,-11224,1267244
2022-05-31,BOND,-309278,287591,1288891
2022-05-31,BOND,19761,1627,1212023
2022-06-07,BOND,-314973,290771,1278824
2022-06-07,BOND,4963,-5633,1193131
2022-06-14,BOND,-341601,311386,1297505
2022-06-14,BOND,-29400,43870,1188806
2022-06-21,BOND,-19322,37921,1177791
2022-06-21,BOND,-345056,316836,1280854
2022-06-28,BOND,-38253,37023,1182840
2022-06-28,BOND,-337983,307346,1285060
2022-07-05,BOND,-27673,22028,1192980
2022-07-05,BOND,-318655,285953,1280398
2022-07-12,BOND,-328295,298402,1289636
2022-07-12,BOND,-23218,8304,1174643
2022-07-19,BOND,-345782,307679,1313257
2022-07-19,BOND,-42102,23004,1182312
2022-07-26,BOND,-350261,301568,1328210
2022-07-26,BOND,-46645,28896,1183499
2022-08-02,BOND,-56053,43323,1172815
2022-08-02,BOND,-352115,307877,1317607
2022-08-09,BOND,-47586,23404,1160709
2022-08-09,BOND,-361316,330124,1345324
2022-08-16,BOND,-374923,337614,1374345
2022-08-16,BOND,-47325,21207,1167915
2022-08-23,BOND,-51131,22138,1202323
2022-08-23,BOND,-376233,334466,1386568
2022-08-30,BOND,-68834,40789,1233302
2022-08-30,BOND,-355794,323164,1386514
2022-09-06,BOND,-85217,64174,1209340
2022-09-06,BOND,-357415,327748,1360400
2022-09-13,BOND,-346597,310612,1376937
2022-09-13,BOND,-94971,66528,1225024
2022-09-20,BOND,-365913,330143,1384980
2022-09-20,BOND,-99539,78958,1235652
2022-09-27,BOND,-96552,68268,1213680
2022-09-27,BOND,-381907,335912,1416041
2022-10-04,BOND,-103523,85290,1207982
2022-10-04,BOND,-376823,320058,1403272
2022-10-11,BOND,-83792,56157,1211229
2022-10-11,BOND,-350232,303283,1429371
2022-10-18,BOND,-86339,53148,1219645
2022-10-18,BOND,-354518,309624,1433492
2022-10-25,BOND,-76559,47904,1223914
2022-10-25,BOND,-351022,307021,1453032
2022-11-01,BOND,-95305,64906,1193687
2022-11-01,BOND,-388166,335892,1450942
2022-11-08,BOND,-90725,58256,1207905
2022-11-08,BOND,-382173,328090,1465400
2022-11-15,BOND,-377708,326617,1494015
2022-11-15,BOND,-97681,78745,1199687
2022-11-22,BOND,-90484,45465,1232357
2022-11-22,BOND,-377011,323363,1557182
2022-11-29,BOND,-103917,66851,1197681
2022-11-29,BOND,-389404,331412,1479212
2022-12-06,BOND,-371773,317929,1424700
2022-12-06,BOND,-115361,90700,1170663
2022-12-13,BOND,-367168,310758,1426930
2022-12-13,BOND,-116738,76266,1185521
2022-12-20,BOND,-361801,312166,1414335
2022-12-20,BOND,-141337,106642,1198678
2022-12-27,BOND,-151064,114794,1198737
2022-12-27,BOND,-368903,318193,1412482
2023-01-03,BOND,-169258,142676,1198425
2023-01-03,BOND,-364894,319175,1416621
2023-01-10,BOND,-157385,129734,1184966
2023-01-10,BOND,-371406,338409,1405366
2023-01-17,BOND,-192393,170932,1222141
2023-01-17,BOND,-385428,342092,1424847
2023-01-24,BOND,-415363,365215,1426484
2023-01-24,BOND,-195816,155710,1235758
2023-01-31,BOND,-433360,393878,1448157
2023-01-31,BOND,-199076,172835,1226430
2023-02-07,BOND,-181003,145090,1206862
2023-02-07,BOND,-419703,382414,1460041
2023-02-14,BOND,-185220,165092,1232205
2023-02-14,BOND,-417420,370566,1478895
2023-02-21,BOND,-154816,125285,1307317
2023-02-21,BOND,-403372,363974,1502191
2023-02-28,BOND,-176734,157410,1211107
2023-02-28,BOND,-422627,393839,1475411
2023-03-07,BOND,-425531,395892,1468489
2023-03-07,BOND,-173187,157980,1220465
2023-03-14,BOND,-149992,111158,1209123
2023-03-14,BOND,-443526,395607,1446415
2023-03-21,BOND,-99413,43617,1235097
2023-03-21,BOND,-443962,391927,1427384
2023-03-28,BOND,-421776,363697,1415850
2023-03-28,BOND,-91399,21686,1201699
2023-04-04,BOND,-407758,353313,1409153
2023-04-04,BOND,-129646,82281,1193583
2023-04-11,BOND,-399278,348669,1413025
2023-04-11,BOND,-132584,69508,1179823
2023-04-18,BOND,-399001,347521,1425810
2023-04-18,BOND,-116928,46235,1185802
2023-04-25,BOND,-97368,26698,1193358
2023-04-25,BOND,-397985,347575,1427657
2023-05-02,BOND,-398806,350433,1450044
2023-05-02,BOND,-89414,21206,1186143
2023-05-09,BOND,-400519,340881,1462750
2023-05-09,BOND,-73129,2355,1189414
2023-05-16,BOND,-388980,328975,1487787
2023-05-16,BOND,-61581,-315,1236267
2023-05-23,BOND,-43236,3696,1299274
2023-05-23,BOND,-409108,350435,1537156
2023-05-30,BOND,-399900,342324,1468209
2023-05-30,BOND,-59913,12279,1280460
2023-06-06,BOND,-406999,356439,1463065
2023-06-06,BOND,-82926,41862,1249240
2023-06-13,BOND,-99747,60578,1236784
2023-06-13,BOND,-396993,344726,1461435
2023-06-20,BOND,-403404,342024,1472217
2023-06-20,BOND,-102301,66493,1233359
2023-06-27,BOND,-423691,357163,1484220
2023-06-27,BOND,-115248,72999,1229154
2023-07-03,BOND,-450572,394354,1521884
2023-07-03,BOND,-139929,106742,1242918
2023-07-11,BOND,-130984,101678,1251592
2023-07-11,BOND,-432912,375828,1527377
2023-07-18,BOND,-143294,102899,1248006
2023-07-18,BOND,-439397,377894,1513744
2023-07-25,BOND,-145844,95239,1254582
2023-07-25,BOND,-444625,387606,1506536
2023-08-01,BOND,-186676,152575,1293818
2023-08-01,BOND,-456429,412596,1542752
2023-08-08,BOND,-445088,402286,1560449
2023-08-08,BOND,-199555,155116,1333067
2023-08-15,BOND,-445497,401243,1622461
2023-08-15,BOND,-176734,137703,1370326
2023-08-22,BOND,-431240,393759,1665268
2023-08-22,BOND,-179461,137519,1431389
2023-08-29,BOND,-190600,153221,1339364
2023-08-29,BOND,-380869,349447,1550263
2023-09-05,BOND,-378271,356792,1548219
2023-09-05,BOND,-198292,152417,1343057
2023-09-12,BOND,-376925,343799,1545926
2023-09-12,BOND,-192687,152663,1339675
2023-09-19,BOND,-201107,157112,1363478
2023-09-19,BOND,-391576,352409,1546538
2023-09-26,BOND,-232811,169018,1405064
2023-09-26,BOND,-373447,334479,1540433
2023-10-03,BOND,-368142,333000,1562984
2023-10-03,BOND,-239646,210303,1409347
2023-10-10,BOND,-206446,171392,1390870
2023-10-10,BOND,-366367,342581,1550334
2023-10-17,BOND,-182456,139386,1386678
2023-10-17,BOND,-361481,325217,1554266
2023-10-24,BOND,-363546,338820,1554351
2023-10-24,BOND,-136238,92123,1366758
2023-10-31,BOND,-155381,101237,1377938
2023-10-31,BOND,-336440,307001,1560619
2023-11-07,BOND,-325365,293585,1572983
2023-11-07,BOND,-130798,76007,1362012
2023-11-14,BOND,-128739,64754,1354137
2023-11-14,BOND,-325761,297854,1584880
2023-11-21,BOND,-99983,51249,1382150
2023-11-21,BOND,-322743,304108,1651168
2023-11-28,BOND,-329265,319441,1600509
2023-11-28,BOND,-102176,51573,1308135
2023-12-05,BOND,-130079,82852,1299431
2023-12-05,BOND,-316662,293770,1583683
2023-12-12,BOND,-136259,100575,1308164
2023-12-12,BOND,-292980,278286,1580128
2023-12-19,BOND,-291974,270682,1622859
2023-12-19,BOND,-138006,99054,1362215
2023-12-26,BOND,-143543,94490,1379332
2023-12-26,BOND,-291045,271193,1623045
2024-01-02,BOND,-140625,87421,1427734
2024-01-02,BOND,-302864,293066,1665202
2024-01-09,BOND,-313195,290221,1678240
2024-01-09,BOND,-155752,96151,1452040
2024-01-16,BOND,-127752,70146,1442368
2024-01-16,BOND,-322618,306074,1679268
2024-01-23,BOND,-129011,70256,1443490
2024-01-23,BOND,-331109,318575,1661311
2024-01-30,BOND,-137502,76626,1426560
2024-01-30,BOND,-330468,317381,1647128
2024-02-06,BOND,-142786,83976,1433426
2024-02-06,BOND,-341204,324848,1651191
2024-02-13,BOND,-113371,59063,1434869
2024-02-13,BOND,-334876,309005,1673295
2024-02-20,BOND,-322760,302669,1688332
2024-02-20,BOND,-94794,43899,1417135
2024-02-27,BOND,-14038,-33382,1534097
2024-02-27,BOND,-319783,287818,1660740
2024-03-05,BOND,-321736,309220,1603112
2024-03-05,BOND,-58036,-823,1492384
2024-03-12,BOND,-54533,-1317,1498123
2024-03-12,BOND,-316870,303111,1588497
2024-03-19,BOND,-304714,287081,1583428
2024-03-19,BOND,-22454,-19971,1491051
2024-03-26,BOND,-298605,283742,1582045
2024-03-26,BOND,-20585,-36743,1510518
2024-04-02,BOND,-313453,314753,1589631
2024-04-02,BOND,-55690,14907,1526420
2024-04-09,BOND,-75190,44815,1527150
2024-04-09,BOND,-295855,296883,1602726
2024-04-16,BOND,-294800,293080,1608471
2024-04-16,BOND,-15764,-24594,1546276
2024-04-23,BOND,-21171,-14335,1549779
2024-04-23,BOND,-298500,302463,1618734
2024-04-30,BOND,-310145,309147,1639531
2024-04-30,BOND,-23114,-4607,1573888
2024-05-07,BOND,-24669,-14890,1604531
2024-05-07,BOND,-316115,305248,1643488
2024-05-14,BOND,4287,-46304,1630082
2024-05-14,BOND,-331153,319430,1657043
2024-05-21,BOND,-328917,310557,1714524
2024-05-21,BOND,14176,-59156,1760039
2024-05-28,BOND,43836,-78798,1695196
2024-05-28,BOND,-318068,302721,1848862
2024-06-04,BOND,-15490,-36259,1643723
2024-06-04,BOND,-330531,325013,1716588
2024-06-11,BOND,-11911,-39437,1635945
2024-06-11,BOND,-345107,340822,1712214
2024-06-18,BOND,-33337,-30805,1656407
2024-06-18,BOND,-354235,349020,1688917
2024-06-25,BOND,-368340,347830,1687661
2024-06-25,BOND,-50998,-22466,1646057
2024-07-02,BOND,-393217,385648,1665723
2024-07-02,BOND,-21606,-32700,1686638
2024-07-09,BOND,-34421,-32389,1672882
2024-07-09,BOND,-405960,398608,1662493
2024-07-16,BOND,-47150,-25466,1698808
2024-07-16,BOND,-419398,405635,1686411
2024-07-23,BOND,-411197,389993,1659463
2024-07-23,BOND,-64159,-19603,1687887
2024-07-30,BOND,-45919,-45162,1698988
2024-07-30,BOND,-417046,394040,1643960
2024-08-06,BOND,-376662,357685,1672271
2024-08-06,BOND,-57855,-36172,1764559
2024-08-13,BOND,-26330,-73703,1735131
2024-08-13,BOND,-349133,318838,1699573
2024-08-20,BOND,-325614,301909,1688695
2024-08-20,BOND,-33495,-62345,1781757
2024-08-27,BOND,-14234,-82871,1782638
2024-08-27,BOND,-269698,253669,1815972
2024-09-03,BOND,-240202,212830,1684223
2024-09-03,BOND,-33044,-85532,1732923
2024-09-10,BOND,-64230,-41310,1728586
2024-09-10,BOND,-259158,229154,1704514
2024-09-17,BOND,-109711,-2942,1757650
2024-09-17,BOND,-274303,228728,1725149
2024-09-24,BOND,-266379,238947,1710877
2024-09-24,BOND,-152582,39846,1755961
2024-10-01,BOND,-96578,-12109,1752653
2024-10-01,BOND,-263218,243282,1716913
2024-10-08,BOND,-76175,-25386,1764064
2024-10-08,BOND,-282251,265926,1706249
2024-10-15,BOND,-60178,-30073,1782171
2024-10-15,BOND,-321226,318542,1727303
2024-10-22,BOND,-342303,340084,1754903
2024-10-22,BOND,-73837,-18506,1770150
2024-10-29,BOND,-310034,307659,1780084
2024-10-29,BOND,-54817,-33079,1827927
2024-11-05,BOND,-37751,-36563,1878905
2024-11-05,BOND,-264408,263521,1787010
2024-11-12,BOND,-41768,-16083,1933281
2024-11-12,BOND,-241284,245400,1800290
2024-11-19,BOND,-35645,-36093,2060744
2024-11-19,BOND,-225304,210507,1826850
2024-11-26,BOND,-47414,-25610,1858990
2024-11-26,BOND,-194686,188252,1923184
2024-12-03,BOND,-58775,-11133,1857562
2024-12-03,BOND,-214352,200509,1775818
2024-12-10,BOND,-216372,191705,1790606
2024-12-10,BOND,-39493,-31489,1862376
2024-12-17,BOND,-219304,198644,1793456
2024-12-17,BOND,-46303,-34197,1862228
2024-12-24,BOND,-204292,208743,1794310
2024-12-24,BOND,-26342,-27381,1879994
2024-12-31,BOND,-34865,-19630,1914824
2024-12-31,BOND,-238742,246327,1765961
2025-01-07,BOND,-16827,-40780,1927416
2025-01-07,BOND,-247388,251672,1774157
2025-01-14,BOND,-242422,250327,1800338
2025-01-14,BOND,52,-56832,1940717
2025-01-21,BOND,-229988,229344,1793292
2025-01-21,BOND,24456,-90699,1923062
2025-01-28,BOND,-241592,221578,1779260
2025-01-28,BOND,28584,-96972,1959055
2025-02-04,BOND,-4927,-71661,1967606
2025-02-04,BOND,-243616,229737,1792241
2025-02-11,BOND,44001,-119542,2038280
2025-02-11,BOND,-239941,214843,1795517
2025-02-18,BOND,47781,-118538,2060795
2025-02-18,BOND,-246242,213706,1804063
2025-02-25,BOND,40912,-134212,2206218
2025-02-25,BOND,-227735,221464,1965573
2025-03-04,BOND,-231904,200977,1761178
2025-03-04,BOND,-17797,-82656,1931873
2025-03-11,BOND,-251394,218313,1762376
2025-03-11,BOND,-34204,-60059,1854304
2025-03-18,BOND,-13510,-89586,1851155
2025-03-18,BOND,-247158,216236,1782050
2025-03-25,BOND,-232366,193573,1782847
2025-03-25,BOND,-38275,-60775,1827574
2025-04-01,BOND,-254029,222692,1814673
2025-04-01,BOND,-32648,-70892,1847155
2025-04-08,BOND,-18154,-80689,1843704
2025-04-08,BOND,-200310,159486,1830601
2025-04-15,BOND,-100785,18199,1806394
2025-04-15,BOND,-220057,172715,1835740
2025-04-22,BOND,-107687,30179,1809987
2025-04-22,BOND,-247602,216313,1879123
2025-04-29,BOND,-85556,-7853,1804883
2025-04-29,BOND,-251394,217821,1879878
2025-05-06,BOND,-264775,239311,1888759
2025-05-06,BOND,-95789,-2704,1803444
2025-05-13,BOND,-261222,234240,1901635
2025-05-13,BOND,-77629,-20577,1829814
2025-05-20,BOND,-72033,-19934,1852776
2025-05-20,BOND,-246135,234924,1973434
2025-05-27,BOND,-233472,150883,2023663
2025-05-27,BOND,-53890,-55753,1899157
2025-06-03,BOND,-102373,14702,1763931
2025-06-03,BOND,-228443,230330,1904718
2025-06-10,BOND,-79745,-9503,1728442
2025-06-10,BOND,-203747,213290,1901005
2025-06-17,BOND,-74175,-19216,1742962
2025-06-17,BOND,-189714,199797,1897838
2025-06-24,BOND,-101785,13618,1772802
2025-06-24,BOND,-209526,192463,1892372
2025-07-01,BOND,-226962,229487,1942744
2025-07-01,BOND,-104457,-1707,1813559
2025-07-08,BOND,-108758,31049,1837209
2025-07-08,BOND,-222824,237432,1961029
2025-07-15,BOND,-130144,53908,1805188
2025-07-15,BOND,-228618,238681,1963228
2025-07-22,BOND,-232343,233192,1949070
2025-07-22,BOND,-82879,-6243,1792894
2025-07-29,BOND,-216813,229192,1956480
2025-07-29,BOND,-110803,11481,1799806
2025-08-05,BOND,-110440,1517,1761141
2025-08-05,BOND,-228367,243087,1986670
2025-08-12,BOND,-209132,198287,2018615
2025-08-12,BOND,-60794,-51181,1788781
2025-08-19,BOND,-242162,230415,2023487
2025-08-19,BOND,-51043,-62680,1809428
2025-08-26,BOND,-248945,250719,2217748
2025-08-26,BOND,-36013,-72481,2245352
2025-09-02,BOND,-77268,-20250,1807579
2025-09-02,BOND,-263219,262589,1998216
2025-09-09,BOND,-98608,-32796,1844142
2025-09-16,BOND,-94138,-41776,1834998
2025-09-23,BOND,-78791,-65464,1842191
2025-09-23,BOND,-270759,263058,2025359
2025-09-30,BOND,-78730,-56081,1844283
2025-09-30,BOND,-259449,257620,2050150
2025-10-07,BOND,-266858,244362,2054308
2025-10-07,BOND,-62352,-85318,1888082
2025-10-14,BOND,-58364,-97671,1888548
2025-10-14,BOND,-296811,283943,2064639
2025-10-21,BOND,-299110,278631,2090803
2025-10-21,BOND,-27781,-136203,1916989
2025-10-28,BOND,-15103,-152872,1910303
2025-10-28,BOND,-297053,272350,2117808
2025-11-04,BOND,-39325,-116731,1901363
2025-11-04,BOND,-300547,266550,2146013
2025-11-10,BOND,-56623,-98179,1880849
2025-11-10,BOND,-317901,292308,2172336
2025-11-18,BOND,-285683,261790,2239209
2025-11-18,BOND,-67511,-77491,1885138
2025-11-25,BOND,-31601,-126257,1921638
2025-11-25,BOND,-283658,239993,2304581
2025-12-02,BOND,-29417,-119133,1842126
2025-12-02,BOND,-265880,243825,2169497
2025-12-09,BOND,-40216,-91773,1787424
2025-12-09,BOND,-235983,210295,2125279
2025-12-16,BOND,-46626,-78609,1864082
2025-12-16,BOND,-250309,224377,2116562
2025-12-23,BOND,-8742,-123804,1852267
2025-12-23,BOND,-232146,220235,2101476
2025-12-30,BOND,14222,-141314,1848982
2025-12-30,BOND,-255139,239526,2089356
2026-01-06,BOND,-6832,-108986,1871364
2026-01-06,BOND,-245747,227513,2092735
2026-01-13,BOND,13835,-123423,1815614
2026-01-13,BOND,-235097,228601,2107842
2026-01-20,BOND,-258822,253269,2150557
2026-01-20,BOND,-23070,-93965,1832790
2026-01-27,BOND,-273471,266980,2165239
2026-01-27,BOND,-8167,-119909,1835009
2026-02-03,BOND,-13604,-83622,1727709
2026-02-03,BOND,-269089,268015,2188411
2026-02-10,BOND,-92,-121456,1760556
2026-02-10,BOND,-270546,270379,2196374
2026-02-17,BOND,-275188,253624,2256084
2026-02-17,BOND,6425,-147788,1837592
2026-02-24,BOND,5074,-176213,2036881
2026-02-24,BOND,-280487,267545,2541774
2026-03-03,BOND,-255694,241965,2227907
2026-03-03,BOND,20265,-163455,1835511
2026-03-10,BOND,-290102,273186,2281019
2026-03-10,BOND,42037,-179711,1800996
2026-03-17,BOND,8764,-117383,1791160
2026-03-17,BOND,-271137,269361,2232309
2026-03-24,BOND,6570,-97538,1792430
2026-03-24,BOND,-279187,257620,2223075
2026-03-31,BOND,-31633,-69728,1803899
2026-03-31,BOND,-268129,251701,2230822
2026-04-07,BOND,-58996,-44309,1786514
2026-04-07,BOND,-260383,261393,2261977
2026-04-14,BOND,-74116,-30772,1778844
2026-04-14,BOND,-300823,295874,2279418
2026-04-21,BOND,-83786,-18086,1804347
2026-04-21,BOND,-300287,297249,2274864
2026-04-28,BOND,-113655,11890,1800714
2026-04-28,BOND,-294285,287977,2310976
2026-05-05,BOND,-259435,268886,2300078
2026-05-05,BOND,-172942,93024,1829774
2026-05-12,BOND,-238994,253374,2354986
2026-05-12,BOND,-172854,86884,1837021
2026-05-19,BOND,-254464,264146,2534806
2026-05-19,BOND,-178674,111298,1879052
2026-05-26,BOND,-259842,271954,2533780
2026-05-26,BOND,-199251,115899,2004616
2026-06-02,BOND,-287710,296004,2354254
2026-06-02,BOND,-159853,72372,1875352
2026-06-09,BOND,-318731,320235,2399575
2026-06-09,BOND,-163305,67844,1881987
2019-01-08,CRUDE,277211,-275275,2120930
2019-01-15,CRUDE,306925,-309424,2103777
2019-01-22,CRUDE,334859,-334993,2048817
2019-01-29,CRUDE,340911,-342855,2042018
2019-02-05,CRUDE,321609,-332122,2057061
2019-02-12,CRUDE,288214,-298928,2077398
2019-02-19,CRUDE,313967,-322423,2019218
2019-02-26,CRUDE,327671,-337620,2025884
2019-03-05,CRUDE,348801,-357575,2067851
2019-03-12,CRUDE,362265,-369503,2012864
2019-03-19,CRUDE,414746,-426847,1962559
2019-03-26,CRUDE,30028,-12411,160602
2019-03-26,CRUDE,448619,-455418,1968511
2019-04-02,CRUDE,30524,-10999,155435
2019-04-02,CRUDE,481361,-487273,1975009
2019-04-09,CRUDE,30428,-16471,166613
2019-04-09,CRUDE,516662,-535482,2021814
2019-04-16,CRUDE,31388,-17008,175396
2019-04-16,CRUDE,515258,-529990,2092151
2019-04-23,CRUDE,547359,-570469,2139213
2019-04-23,CRUDE,31162,-17110,183358
2019-04-30,CRUDE,524103,-549163,2144648
2019-04-30,CRUDE,34835,-19611,191411
2019-05-07,CRUDE,494336,-521579,2133539
2019-05-07,CRUDE,34480,-14918,176954
2019-05-14,CRUDE,36778,-21359,180350
2019-05-14,CRUDE,487808,-508879,2153657
2019-05-21,CRUDE,478398,-501886,2085029
2019-05-21,CRUDE,38984,-24059,184614
2019-05-28,CRUDE,438938,-449077,2102854
2019-05-28,CRUDE,44998,-26151,189263
2019-06-04,CRUDE,400168,-411548,2078407
2019-06-04,CRUDE,39707,-23006,173562
2019-06-11,CRUDE,37333,-22901,174979
2019-06-11,CRUDE,351655,-358619,2057046
2019-06-18,CRUDE,39598,-22161,176351
2019-06-18,CRUDE,363087,-362669,2003618
2019-06-25,CRUDE,378803,-374908,2004961
2019-06-25,CRUDE,38047,-22145,178702
2019-07-02,CRUDE,31304,-13202,163975
2019-07-02,CRUDE,392810,-398231,2031169
2019-07-09,CRUDE,390149,-392967,1999766
2019-07-09,CRUDE,31126,-13130,165648
2019-07-16,CRUDE,35477,-12701,170197
2019-07-16,CRUDE,423762,-431546,2089629
2019-07-23,CRUDE,34461,-11771,173304
2019-07-23,CRUDE,397851,-397488,2056492
2019-07-30,CRUDE,35226,-11844,180536
2019-07-30,CRUDE,387291,-387067,2069072
2019-08-06,CRUDE,31700,-10565,166158
2019-08-06,CRUDE,375641,-374089,2070210
2019-08-13,CRUDE,382144,-371534,2059135
2019-08-13,CRUDE,32665,-11104,168534
2019-08-20,CRUDE,414635,-405813,2002847
2019-08-20,CRUDE,32877,-12138,170937
2019-08-27,CRUDE,32481,-12119,172093
2019-08-27,CRUDE,391650,-382445,2003007
2019-09-03,CRUDE,384157,-382119,2082415
2019-09-03,CRUDE,34560,-19211,156391
2019-09-10,CRUDE,428205,-424188,2080994
2019-09-10,CRUDE,35780,-19946,158519
2019-09-17,CRUDE,41485,-26164,163681
2019-09-17,CRUDE,427105,-440283,2073041
2019-09-24,CRUDE,424162,-440254,2048088
2019-09-24,CRUDE,43885,-25902,167607
2019-10-01,CRUDE,389319,-401977,2085676
2019-10-01,CRUDE,40081,-21259,156957
2019-10-08,CRUDE,355085,-363509,2105717
2019-10-08,CRUDE,38747,-19446,159752
2019-10-15,CRUDE,39390,-20765,162041
2019-10-15,CRUDE,356884,-364457,2136717
2019-10-22,CRUDE,366172,-366970,2081290
2019-10-22,CRUDE,37111,-21367,164260
2019-10-29,CRUDE,38042,-18853,167444
2019-10-29,CRUDE,383347,-384177,2045914
2019-11-05,CRUDE,27298,-407,161245
2019-11-05,CRUDE,406140,-405946,2083893
2019-11-12,CRUDE,27324,-178,165746
2019-11-12,CRUDE,424597,-424751,2151499
2019-11-19,CRUDE,429975,-441144,2123596
2019-11-19,CRUDE,27337,-675,169404
2019-11-26,CRUDE,35733,-14876,180174
2019-11-26,CRUDE,470936,-474776,2187168
2019-12-03,CRUDE,32557,-12055,162884
2019-12-03,CRUDE,428035,-437710,2163757
2019-12-10,CRUDE,35151,-18143,171349
2019-12-10,CRUDE,495539,-501989,2229813
2019-12-17,CRUDE,536377,-541963,2166584
2019-12-17,CRUDE,41267,-23462,180256
2019-12-24,CRUDE,37398,-22244,184650
2019-12-24,CRUDE,550077,-558869,2114661
2019-12-31,CRUDE,554857,-567635,2145567
2019-12-31,CRUDE,35105,-20222,187390
2020-01-07,CRUDE,23712,-9603,167163
2020-01-07,CRUDE,567272,-597925,2244930
2020-01-14,CRUDE,530312,-564332,2215893
2020-01-14,CRUDE,21694,-7952,168745
2020-01-21,CRUDE,520568,-549476,2146832
2020-01-21,CRUDE,20267,-2010,171812
2020-01-28,CRUDE,461762,-486135,2172019
2020-01-28,CRUDE,22048,-5784,174238
2020-02-04,CRUDE,17617,-6296,158991
2020-02-04,CRUDE,397374,-425126,2271741
2020-02-11,CRUDE,396769,-412607,2213522
2020-02-11,CRUDE,18640,-7208,162387
2020-02-18,CRUDE,17136,-4965,164436
2020-02-18,CRUDE,411764,-420210,2138168
2020-02-25,CRUDE,431466,-439803,2179833
2020-02-25,CRUDE,19512,-6432,167952
2020-03-03,CRUDE,24409,-11947,157649
2020-03-03,CRUDE,388369,-390170,2196089
2020-03-10,CRUDE,24980,-9446,159202
2020-03-10,CRUDE,387397,-396382,2220972
2020-03-17,CRUDE,440237,-456598,2154450
2020-03-17,CRUDE,25524,-11939,162156
2020-03-24,CRUDE,22026,-6644,167726
2020-03-24,CRUDE,436013,-466893,2141284
2020-03-31,CRUDE,435108,-479394,2340672
2020-03-31,CRUDE,26550,-8172,185124
2020-04-07,CRUDE,14742,3045,169482
2020-04-07,CRUDE,484895,-525047,2342227
2020-04-14,CRUDE,510669,-554829,2353955
2020-04-14,CRUDE,17916,-2750,173430
2020-04-21,CRUDE,587180,-592582,2276638
2020-04-21,CRUDE,22917,-6333,185356
2020-04-28,CRUDE,30929,-17377,201599
2020-04-28,CRUDE,589388,-590285,2261202
2020-05-05,CRUDE,530612,-536898,2243871
2020-05-05,CRUDE,28319,-15455,176143
2020-05-12,CRUDE,31745,-24747,179453
2020-05-12,CRUDE,541019,-557971,2248020
2020-05-19,CRUDE,543603,-574955,2158749
2020-05-19,CRUDE,36060,-23541,184737
2020-05-26,CRUDE,542574,-571140,2135678
2020-05-26,CRUDE,41726,-28132,190445
2020-06-02,CRUDE,568330,-600014,2127664
2020-06-02,CRUDE,33482,-18164,156023
2020-06-09,CRUDE,567909,-608563,2126629
2020-06-09,CRUDE,34715,-19443,159745
2020-06-16,CRUDE,546272,-580309,2076990
2020-06-16,CRUDE,38290,-22344,165113
2020-06-23,CRUDE,560883,-595878,2003477
2020-06-23,CRUDE,34924,-21533,169081
2020-06-30,CRUDE,34086,-12946,174157
2020-06-30,CRUDE,543826,-570385,2008618
2020-07-07,CRUDE,30850,-15986,151918
2020-07-07,CRUDE,535317,-562326,1972049
2020-07-14,CRUDE,539751,-560793,2019705
2020-07-14,CRUDE,32978,-17901,156210
2020-07-21,CRUDE,548876,-578656,1956768
2020-07-21,CRUDE,32927,-21292,164193
2020-07-28,CRUDE,532569,-564457,1992556
2020-07-28,CRUDE,34976,-24173,167933
2020-08-04,CRUDE,28515,-19888,145368
2020-08-04,CRUDE,536266,-567061,2032921
2020-08-11,CRUDE,520935,-556797,2060880
2020-08-11,CRUDE,28558,-20797,150366
2020-08-18,CRUDE,510695,-547747,2044952
2020-08-18,CRUDE,27462,-19381,154893
2020-08-25,CRUDE,500699,-536969,2052448
2020-08-25,CRUDE,27450,-18877,155898
2020-09-01,CRUDE,490915,-527236,2064137
2020-09-01,CRUDE,28606,-22716,142833
2020-09-08,CRUDE,449366,-480182,2046660
2020-09-08,CRUDE,28348,-22914,143755
2020-09-15,CRUDE,449744,-474847,2108987
2020-09-15,CRUDE,30278,-24239,147781
2020-09-22,CRUDE,28917,-24111,150259
2020-09-22,CRUDE,472769,-492699,2028620
2020-09-29,CRUDE,461911,-481202,2078331
2020-09-29,CRUDE,29758,-24981,152081
2020-10-06,CRUDE,27042,-28944,137659
2020-10-06,CRUDE,471536,-488364,2111762
2020-10-13,CRUDE,472797,-496915,2059382
2020-10-13,CRUDE,29074,-28807,143890
2020-10-20,CRUDE,490348,-511117,2008815
2020-10-20,CRUDE,28952,-26908,146569
2020-10-27,CRUDE,472090,-498804,2011744
2020-10-27,CRUDE,27473,-24825,148376
2020-11-03,CRUDE,442460,-467558,2013491
2020-11-03,CRUDE,25271,-20274,137539
2020-11-10,CRUDE,26174,-21005,144632
2020-11-10,CRUDE,463538,-485493,2053450
2020-11-17,CRUDE,28035,-21219,149886
2020-11-17,CRUDE,480811,-504036,2083804
2020-11-24,CRUDE,522639,-555786,2083018
2020-11-24,CRUDE,26735,-21448,157949
2020-12-01,CRUDE,31061,-28569,148210
2020-12-01,CRUDE,517165,-559995,2122605
2020-12-08,CRUDE,514629,-556475,2131913
2020-12-08,CRUDE,28106,-26725,154703
2020-12-15,CRUDE,513804,-551938,2154618
2020-12-15,CRUDE,31421,-28193,159861
2020-12-21,CRUDE,525702,-570577,2120797
2020-12-21,CRUDE,32211,-29571,164686
2020-12-29,CRUDE,511731,-551950,2121502
2020-12-29,CRUDE,34364,-32122,167817
2021-01-05,CRUDE,31930,-30269,146482
2021-01-05,CRUDE,518649,-561851,2169541
2021-01-12,CRUDE,527717,-576924,2234696
2021-01-12,CRUDE,35066,-37514,151537
2021-01-19,CRUDE,508584,-557701,2217037
2021-01-19,CRUDE,37603,-38377,156144
2021-01-26,CRUDE,39320,-41946,157351
2021-01-26,CRUDE,504612,-551051,2316660
2021-02-02,CRUDE,499174,-548207,2389677
2021-02-02,CRUDE,36432,-34624,140436
2021-02-09,CRUDE,514258,-571032,2446808
2021-02-09,CRUDE,42554,-39597,151431
2021-02-16,CRUDE,514713,-574784,2507620
2021-02-16,CRUDE,43188,-40869,154853
2021-02-23,CRUDE,511840,-569824,2460204
2021-02-23,CRUDE,38514,-39579,160476
2021-03-02,CRUDE,35429,-33757,150784
2021-03-02,CRUDE,519019,-577836,2491831
2021-03-09,CRUDE,537438,-594631,2494636
2021-03-09,CRUDE,33423,-32461,156485
2021-03-16,CRUDE,34527,-33511,159214
2021-03-16,CRUDE,525442,-579200,2523179
2021-03-23,CRUDE,523055,-577756,2321767
2021-03-23,CRUDE,33833,-32255,160706
2021-03-30,CRUDE,531310,-579193,2327016
2021-03-30,CRUDE,37355,-34933,166257
2021-04-06,CRUDE,511725,-563474,2340357
2021-04-06,CRUDE,31455,-26906,145016
2021-04-13,CRUDE,492678,-544688,2301831
2021-04-13,CRUDE,30874,-26329,146482
2021-04-20,CRUDE,29552,-28588,151734
2021-04-20,CRUDE,499983,-548874,2346793
2021-04-27,CRUDE,489711,-542141,2353470
2021-04-27,CRUDE,30053,-29916,152958
2021-05-04,CRUDE,500013,-556470,2419641
2021-05-04,CRUDE,31932,-30297,143740
2021-05-11,CRUDE,496561,-556851,2444466
2021-05-11,CRUDE,28559,-26295,149750
2021-05-18,CRUDE,475947,-532529,2458804
2021-05-18,CRUDE,29475,-26218,156115
2021-05-25,CRUDE,27804,-25008,157017
2021-05-25,CRUDE,475490,-524540,2426045
2021-06-01,CRUDE,491297,-546592,2507073
2021-06-01,CRUDE,23174,-17658,144473
2021-06-08,CRUDE,24316,-17994,146933
2021-06-08,CRUDE,510499,-560953,2511533
2021-06-15,CRUDE,523956,-571900,2474859
2021-06-15,CRUDE,23395,-21524,153927
2021-06-22,CRUDE,19348,-17349,154071
2021-06-22,CRUDE,526161,-574438,2348317
2021-06-29,CRUDE,17533,-18329,158062
2021-06-29,CRUDE,522490,-576084,2369631
2021-07-06,CRUDE,21873,-28504,145245
2021-07-06,CRUDE,497351,-551362,2413946
2021-07-13,CRUDE,24164,-31436,149945
2021-07-13,CRUDE,499096,-547555,2413536
2021-07-20,CRUDE,448740,-500536,2243475
2021-07-20,CRUDE,22480,-27936,152224
2021-07-27,CRUDE,449764,-487889,2326985
2021-07-27,CRUDE,21619,-27117,154222
2021-08-03,CRUDE,18196,-26717,138991
2021-08-03,CRUDE,430527,-474358,2313202
2021-08-10,CRUDE,21808,-34160,143154
2021-08-10,CRUDE,400413,-446519,2194794
2021-08-17,CRUDE,404323,-447254,2135698
2021-08-17,CRUDE,20768,-33460,143095
2021-08-24,CRUDE,374312,-408022,2042879
2021-08-24,CRUDE,17749,-30379,141830
2021-08-31,CRUDE,22977,-34340,148395
2021-08-31,CRUDE,356528,-394313,2074185
2021-09-07,CRUDE,22101,-35610,133678
2021-09-07,CRUDE,349158,-391251,2107706
2021-09-14,CRUDE,355064,-397188,2145165
2021-09-14,CRUDE,21828,-36572,138114
2021-09-21,CRUDE,355978,-396180,2101558
2021-09-21,CRUDE,19395,-34839,138724
2021-09-28,CRUDE,373814,-418880,2175199
2021-09-28,CRUDE,20894,-29198,149125
2021-10-05,CRUDE,398307,-443259,2230794
2021-10-05,CRUDE,21215,-28277,138778
2021-10-12,CRUDE,29233,-30752,141667
2021-10-12,CRUDE,404776,-453684,2231227
2021-10-19,CRUDE,429594,-473181,2205089
2021-10-19,CRUDE,29388,-27706,150751
2021-10-26,CRUDE,29845,-28484,154056
2021-10-26,CRUDE,423718,-472412,2144359
2021-11-02,CRUDE,419293,-461516,2121461
2021-11-02,CRUDE,28286,-31652,136983
2021-11-09,CRUDE,30926,-34699,141016
2021-11-09,CRUDE,421312,-461964,2081385
2021-11-16,CRUDE,33511,-37067,142926
2021-11-16,CRUDE,415785,-470324,2057633
2021-11-23,CRUDE,407657,-454965,2028573
2021-11-23,CRUDE,35513,-42021,150457
2021-11-30,CRUDE,387234,-432885,2033286
2021-11-30,CRUDE,41961,-46793,157460
2021-12-07,CRUDE,367232,-400431,1972536
2021-12-07,CRUDE,34638,-37909,140244
2021-12-14,CRUDE,29006,-30968,143951
2021-12-14,CRUDE,347137,-385527,1953397
2021-12-21,CRUDE,340255,-375816,1892701
2021-12-21,CRUDE,29598,-24620,149955
2021-12-28,CRUDE,31423,-26499,153290
2021-12-28,CRUDE,338429,-373092,1867339
2022-01-04,CRUDE,332825,-369956,1887131
2022-01-04,CRUDE,34314,-32976,140556
2022-01-11,CRUDE,36396,-34368,145375
2022-01-11,CRUDE,360505,-396940,1966615
2022-01-18,CRUDE,37863,-35826,150753
2022-01-18,CRUDE,385781,-427052,2059564
2022-01-25,CRUDE,39509,-38261,158518
2022-01-25,CRUDE,373415,-420646,2095994
2022-02-01,CRUDE,368904,-414658,2093735
2022-02-01,CRUDE,31462,-31697,144078
2022-02-08,CRUDE,33974,-35349,148788
2022-02-15,CRUDE,33418,-34879,149735
2022-02-22,CRUDE,33844,-35484,152013
2022-03-01,CRUDE,32452,-42047,140310
2022-03-08,CRUDE,30857,-37428,149981
2022-03-15,CRUDE,41058,-43353,155791
2022-03-22,CRUDE,39871,-44081,161379
2022-03-29,CRUDE,47989,-51399,172135
2022-04-05,CRUDE,47589,-47605,161579
2022-04-12,CRUDE,48482,-48594,164150
2022-04-19,CRUDE,48094,-47364,167419
2022-04-26,CRUDE,48832,-48656,168036
2022-05-03,CRUDE,46413,-46631,151172
2022-05-10,CRUDE,44847,-45750,151291
2022-05-17,CRUDE,46116,-43248,154673
2022-05-24,CRUDE,46395,-43710,156131
2022-05-31,CRUDE,48252,-41824,160150
2022-06-07,CRUDE,41297,-35793,142899
2022-06-14,CRUDE,41089,-35575,152858
2022-06-21,CRUDE,44133,-38589,159935
2022-06-28,CRUDE,44986,-41002,162196
2022-07-05,CRUDE,41216,-31418,149152
2022-07-12,CRUDE,40028,-31044,150133
2022-07-19,CRUDE,37756,-29554,152173
2022-07-26,CRUDE,38672,-31042,154031
2022-08-02,CRUDE,31439,-21531,134731
2022-08-09,CRUDE,29563,-21202,137832
2022-08-16,CRUDE,28193,-23059,142605
2022-08-23,CRUDE,30045,-20684,149099
2022-08-30,CRUDE,38271,-32176,155190
2022-09-06,CRUDE,39560,-32834,142607
2022-09-13,CRUDE,39245,-32095,143094
2022-09-20,CRUDE,39104,-31204,144818
2022-09-27,CRUDE,38776,-31557,147398
2022-10-04,CRUDE,35079,-29284,154165
2022-10-11,CRUDE,35304,-28796,156479
2022-10-18,CRUDE,36193,-29118,158275
2022-10-25,CRUDE,35888,-29256,162319
2022-11-01,CRUDE,34357,-29095,145267
2022-11-08,CRUDE,35157,-29461,147145
2022-11-15,CRUDE,35051,-29530,147682
2022-11-22,CRUDE,37022,-32975,153695
2022-11-29,CRUDE,41148,-40508,157316
2022-12-06,CRUDE,36180,-35091,136490
2022-12-13,CRUDE,34033,-34645,139896
2022-12-20,CRUDE,35216,-35294,145341
2022-12-27,CRUDE,36088,-36138,147603
2023-01-03,CRUDE,36107,-41413,131126
2023-01-10,CRUDE,34263,-38942,139987
2023-01-17,CRUDE,33838,-37930,141333
2023-01-24,CRUDE,39795,-43532,147592
2023-01-31,CRUDE,43490,-48746,154980
2023-02-07,CRUDE,44274,-50092,136593
2023-02-14,CRUDE,45371,-51089,142701
2023-02-21,CRUDE,45127,-49997,143973
2023-02-28,CRUDE,47225,-51278,147885
2023-03-07,CRUDE,43169,-49602,131152
2023-03-14,CRUDE,41176,-49929,133657
2023-03-21,CRUDE,38444,-43722,137456
2023-03-28,CRUDE,40929,-44761,141271
2023-04-04,CRUDE,34614,-36506,127362
2023-04-11,CRUDE,35279,-32371,133555
2023-04-18,CRUDE,35334,-32109,138058
2023-04-25,CRUDE,35397,-32951,142157
2023-05-02,CRUDE,32540,-30549,123125
2023-05-09,CRUDE,34857,-30826,126504
2023-05-16,CRUDE,32357,-29455,127977
2023-05-23,CRUDE,33773,-30704,131284
2023-05-30,CRUDE,31535,-28524,140880
2023-06-06,CRUDE,25915,-24350,122213
2023-06-13,CRUDE,27101,-24135,125128
2023-06-20,CRUDE,29747,-26814,126197
2023-06-27,CRUDE,33829,-30558,132761
2023-07-03,CRUDE,27426,-29064,117652
2023-07-11,CRUDE,26921,-24885,129360
2023-07-18,CRUDE,28892,-26724,133049
2023-07-25,CRUDE,30247,-23592,137464
2023-08-01,CRUDE,30140,-24967,126830
2023-08-08,CRUDE,33523,-28578,132194
2023-08-15,CRUDE,33463,-29197,137084
2023-08-22,CRUDE,37307,-33902,143395
2023-08-29,CRUDE,44473,-39166,153627
2023-09-05,CRUDE,37758,-31497,138421
2023-09-12,CRUDE,42087,-30152,147156
2023-09-19,CRUDE,41500,-27698,155988
2023-09-26,CRUDE,40808,-25378,156962
2023-10-03,CRUDE,35965,-17391,134213
2023-10-10,CRUDE,34999,-15993,139829
2023-10-17,CRUDE,35133,-15563,149751
2023-10-24,CRUDE,37164,-17721,157335
2023-10-31,CRUDE,36983,-14233,164257
2023-11-07,CRUDE,28741,-6725,147533
2023-11-14,CRUDE,27818,-8652,154774
2023-11-21,CRUDE,29535,-10159,158111
2023-11-28,CRUDE,31170,-11584,159363
2023-12-05,CRUDE,28792,-17377,135684
2023-12-12,CRUDE,29679,-14429,145282
2023-12-19,CRUDE,26659,-18176,147531
2023-12-26,CRUDE,28698,-15924,148056
2024-01-02,CRUDE,36490,-20356,126163
2024-01-09,CRUDE,34539,-18935,127095
2024-01-16,CRUDE,33206,-17915,130893
2024-01-23,CRUDE,33034,-17769,133918
2024-01-30,CRUDE,33819,-17832,140646
2024-02-06,CRUDE,36840,-21565,135521
2024-02-13,CRUDE,36099,-21620,142610
2024-02-20,CRUDE,36711,-22574,145874
2024-02-27,CRUDE,37495,-22348,151319
2024-03-05,CRUDE,37814,-26851,136071
2024-03-12,CRUDE,33523,-21250,150126
2024-03-19,CRUDE,33921,-20163,160575
2024-03-26,CRUDE,34744,-20758,164232
2024-04-02,CRUDE,35112,-23440,145033
2024-04-09,CRUDE,34463,-25700,160242
2024-04-16,CRUDE,35987,-25302,164559
2024-04-23,CRUDE,36262,-27134,167796
2024-04-30,CRUDE,39802,-29867,173697
2024-05-07,CRUDE,35083,-26752,150745
2024-05-14,CRUDE,34342,-26821,156490
2024-05-21,CRUDE,33841,-26445,161286
2024-05-28,CRUDE,34591,-27184,165320
2024-06-04,CRUDE,31828,-25488,146326
2024-06-11,CRUDE,31481,-24459,147285
2024-06-18,CRUDE,33295,-27094,151094
2024-06-25,CRUDE,33297,-28014,156911
2024-07-02,CRUDE,31556,-28958,139381
2024-07-09,CRUDE,30499,-28057,143363
2024-07-16,CRUDE,32466,-30097,146363
2024-07-23,CRUDE,34525,-33468,154799
2024-07-30,CRUDE,38471,-36425,162325
2024-08-06,CRUDE,31951,-32018,140769
2024-08-13,CRUDE,32208,-31380,147407
2024-08-20,CRUDE,34016,-31240,148882
2024-08-27,CRUDE,33027,-37112,153870
2024-09-03,CRUDE,27205,-29702,132232
2024-09-10,CRUDE,26822,-29050,133970
2024-09-17,CRUDE,25182,-24571,135441
2024-09-24,CRUDE,28627,-24181,139146
2024-10-01,CRUDE,31844,-26060,131676
2024-10-08,CRUDE,29072,-24633,141004
2024-10-15,CRUDE,29232,-25181,145464
2024-10-22,CRUDE,28069,-24661,146756
2024-10-29,CRUDE,22090,-20543,155520
2024-11-05,CRUDE,13666,-11587,137261
2024-11-12,CRUDE,13363,-11504,140729
2024-11-19,CRUDE,17821,-15234,147249
2024-11-26,CRUDE,18562,-15601,149662
2024-12-03,CRUDE,18177,-14729,134738
2024-12-10,CRUDE,17710,-16019,151130
2024-12-17,CRUDE,17626,-15283,162902
2024-12-24,CRUDE,14669,-8376,166999
2024-12-31,CRUDE,15666,-8924,167767
2025-01-07,CRUDE,19782,-10713,150377
2025-01-14,CRUDE,21049,-12632,155726
2025-01-21,CRUDE,19950,-11701,159386
2025-01-28,CRUDE,21936,-13200,163071
2025-02-04,CRUDE,20318,-7454,141714
2025-02-11,CRUDE,20204,-6155,146377
2025-02-18,CRUDE,20332,-7065,150840
2025-02-25,CRUDE,20098,-7588,154003
2025-03-04,CRUDE,18707,-6095,134488
2025-03-11,CRUDE,11367,-5169,136946
2025-03-18,CRUDE,10263,-3903,140167
2025-03-25,CRUDE,6327,-282,146198
2025-04-01,CRUDE,7321,-1392,130591
2025-04-08,CRUDE,5094,1955,137183
2025-04-15,CRUDE,3303,3401,140738
2025-04-22,CRUDE,4650,574,144652
2025-04-29,CRUDE,8701,-4176,151431
2025-05-06,CRUDE,9922,-3146,138664
2025-05-13,CRUDE,12845,-4780,148144
2025-05-20,CRUDE,17357,-7339,155636
2025-05-27,CRUDE,21734,-11396,162523
2025-06-03,CRUDE,25916,-13207,151124
2025-06-10,CRUDE,24558,-10943,154155
2025-06-17,CRUDE,28461,-12184,168777
2025-06-24,CRUDE,26921,-13911,172759
2025-07-01,CRUDE,22109,-13532,159332
2025-07-08,CRUDE,23795,-16662,163670
2025-07-15,CRUDE,23416,-14806,167890
2025-07-22,CRUDE,25991,-18254,176243
2025-07-29,CRUDE,28237,-20209,182334
2025-08-05,CRUDE,30820,-27071,167430
2025-08-12,CRUDE,32062,-24941,169490
2025-08-19,CRUDE,32169,-25912,170923
2025-08-26,CRUDE,30830,-25449,173323
2025-09-02,CRUDE,29319,-22513,155964
2025-09-09,CRUDE,27211,-19365,159482
2025-09-16,CRUDE,29091,-21826,163603
2025-09-23,CRUDE,29651,-22057,165725
2025-09-30,CRUDE,28377,-24782,173720
2025-10-07,CRUDE,24897,-19734,159722
2025-10-14,CRUDE,20737,-17026,160571
2025-10-21,CRUDE,23006,-17630,162577
2025-10-28,CRUDE,28191,-19680,170277
2025-11-04,CRUDE,29475,-23572,162671
2025-11-10,CRUDE,32982,-29979,163973
2025-11-18,CRUDE,30932,-28538,171541
2025-11-25,CRUDE,33088,-29842,176638
2025-12-02,CRUDE,36036,-33422,159976
2025-12-09,CRUDE,38317,-35447,163099
2025-12-16,CRUDE,39551,-33043,166861
2025-12-23,CRUDE,42022,-33482,174882
2025-12-30,CRUDE,42172,-33680,180123
2026-01-06,CRUDE,47131,-44142,153565
2026-01-13,CRUDE,40906,-40002,163182
2026-01-20,CRUDE,38693,-33136,170314
2026-01-27,CRUDE,41058,-33283,177483
2026-02-03,CRUDE,44123,-32481,167458
2026-02-10,CRUDE,34569,-29029,172532
2026-02-17,CRUDE,32863,-28403,176823
2026-02-24,CRUDE,35879,-29450,189804
2026-03-03,CRUDE,32899,-32653,188874
2026-03-10,CRUDE,30364,-24649,206658
2026-03-17,CRUDE,31502,-27369,213364
2026-03-24,CRUDE,25100,-24496,225742
2026-03-31,CRUDE,27118,-22118,235004
2026-04-07,CRUDE,26083,-21990,220157
2026-04-14,CRUDE,27208,-22231,226616
2026-04-21,CRUDE,28824,-22500,232833
2026-04-28,CRUDE,26708,-16761,239741
2026-05-05,CRUDE,24464,-14446,217942
2026-05-12,CRUDE,23348,-13696,222402
2026-05-19,CRUDE,24585,-14008,225508
2026-05-26,CRUDE,25666,-14852,228086
2026-06-02,CRUDE,18213,-1143,200211
2026-06-09,CRUDE,19500,-5916,209220
2019-01-08,EUR,-40533,7525,514545
2019-01-15,EUR,-32661,520,525052
2019-01-22,EUR,-41006,6135,527176
2019-01-29,EUR,-46474,15193,527521
2019-02-05,EUR,-51964,19299,523868
2019-02-12,EUR,-63900,37516,538627
2019-02-19,EUR,-74934,45314,537396
2019-02-26,EUR,-72455,43841,528376
2019-03-05,EUR,-78166,54656,541753
2019-03-12,EUR,-75745,56994,536724
2019-03-19,EUR,-77704,60232,483172
2019-03-26,EUR,-80278,60799,486804
2019-04-02,EUR,-99184,75210,497717
2019-04-09,EUR,-102198,77317,494804
2019-04-16,EUR,-98023,74486,499280
2019-04-23,EUR,-105418,85952,507722
2019-04-30,EUR,-105544,82620,517935
2019-05-07,EUR,-106105,84744,516282
2019-05-14,EUR,-95301,75784,504460
2019-05-21,EUR,-101102,78203,516122
2019-05-28,EUR,-99691,71678,536798
2019-06-04,EUR,-87551,60556,517428
2019-06-11,EUR,-86792,62146,542810
2019-06-18,EUR,-52330,27139,503825
2019-06-25,EUR,-56295,23609,521907
2019-07-02,EUR,-31733,7316,520970
2019-07-09,EUR,-35865,5964,521379
2019-07-16,EUR,-31351,4153,535848
2019-07-23,EUR,-39004,14897,541102
2019-07-30,EUR,-53983,30970,563024
2019-08-06,EUR,-44010,23265,545453
2019-08-13,EUR,-46649,27106,550607
2019-08-20,EUR,-37977,16207,542806
2019-08-27,EUR,-38804,16057,525065
2019-09-03,EUR,-49136,27465,546954
2019-09-10,EUR,-49842,32960,585117
2019-09-17,EUR,-68559,45506,503272
2019-09-24,EUR,-60722,38960,502612
2019-10-01,EUR,-65978,40674,511934
2019-10-08,EUR,-75413,54591,514638
2019-10-15,EUR,-76866,50487,517182
2019-10-22,EUR,-51050,22010,528545
2019-10-29,EUR,-53355,25834,538847
2019-11-05,EUR,-60746,32067,563336
2019-11-12,EUR,-57669,26670,569527
2019-11-19,EUR,-62503,32209,577689
2019-11-26,EUR,-61416,31371,578450
2019-12-03,EUR,-69049,35452,590124
2019-12-10,EUR,-67643,38169,646417
2019-12-17,EUR,-65694,44038,542923
2019-12-24,EUR,-72943,41337,540395
2019-12-31,EUR,-74345,39950,557585
2020-01-07,EUR,-61664,25308,555940
2020-01-14,EUR,-48182,8565,571239
2020-01-21,EUR,-47019,7102,582164
2020-01-28,EUR,-58862,20151,598793
2020-02-04,EUR,-75080,37989,594698
2020-02-11,EUR,-85669,56426,612444
2020-02-18,EUR,-91507,58235,617487
2020-02-25,EUR,-114021,84545,625563
2020-03-03,EUR,-86703,55706,640357
2020-03-10,EUR,-12667,-27128,659151
2020-03-17,EUR,32495,-66817,588116
2020-03-24,EUR,61290,-88649,571086
2020-03-31,EUR,74247,-100254,551752
2020-04-07,EUR,79624,-117599,554697
2020-04-14,EUR,86617,-120725,543361
2020-04-21,EUR,87218,-115373,546661
2020-04-28,EUR,79681,-107682,545082
2020-05-05,EUR,76299,-102610,541624
2020-05-12,EUR,78140,-106457,547329
2020-05-19,EUR,72562,-102594,547206
2020-05-26,EUR,75222,-106256,556749
2020-06-02,EUR,81240,-117198,583384
2020-06-09,EUR,95649,-133718,592915
2020-06-16,EUR,117132,-155035,574939
2020-06-23,EUR,118448,-162540,585421
2020-06-30,EUR,98955,-147128,579738
2020-07-07,EUR,103597,-155130,593341
2020-07-14,EUR,110912,-162064,604982
2020-07-21,EUR,125047,-180668,636212
2020-07-28,EUR,157559,-217509,678965
2020-08-04,EUR,180648,-241358,704875
2020-08-11,EUR,199751,-256261,706458
2020-08-18,EUR,196943,-259364,704050
2020-08-25,EUR,211752,-267982,704077
2020-09-01,EUR,196747,-251585,698211
2020-09-08,EUR,196814,-249049,690782
2020-09-15,EUR,178576,-235159,658174
2020-09-22,EUR,190822,-239413,666412
2020-09-29,EUR,188116,-235636,655912
2020-10-06,EUR,174308,-226270,652135
2020-10-13,EUR,168637,-218939,646165
2020-10-20,EUR,165943,-219511,644667
2020-10-27,EUR,155555,-206818,636778
2020-11-03,EUR,140349,-186702,627754
2020-11-10,EUR,135287,-187574,638993
2020-11-17,EUR,133960,-183725,637946
2020-11-24,EUR,138250,-188662,644566
2020-12-01,EUR,139894,-190908,654257
2020-12-08,EUR,156429,-213072,683351
2020-12-15,EUR,141833,-199262,657046
2020-12-21,EUR,143902,-199401,659499
2020-12-29,EUR,143076,-201772,671643
2021-01-05,EUR,142991,-201265,673532
2021-01-12,EUR,155890,-215802,677952
2021-01-19,EUR,163466,-222378,676515
2021-01-26,EUR,165344,-220628,677432
2021-02-02,EUR,137003,-188808,675520
2021-02-09,EUR,140222,-191987,673116
2021-02-16,EUR,140006,-193756,675761
2021-02-23,EUR,138365,-194417,696916
2021-03-02,EUR,125988,-175928,698229
2021-03-09,EUR,101964,-157442,722123
2021-03-16,EUR,89976,-134979,638977
2021-03-23,EUR,93322,-138033,641428
2021-03-30,EUR,73739,-121328,645121
2021-04-06,EUR,67522,-109741,642671
2021-04-13,EUR,66851,-109634,648681
2021-04-20,EUR,80808,-129232,661640
2021-04-27,EUR,80967,-135833,672072
2021-05-04,EUR,84829,-142158,677397
2021-05-11,EUR,93907,-164905,697211
2021-05-18,EUR,99858,-172904,727631
2021-05-25,EUR,104000,-179866,738138
2021-06-01,EUR,109322,-183514,742079
2021-06-08,EUR,107213,-182479,743159
2021-06-15,EUR,118186,-182091,694722
2021-06-22,EUR,89057,-144579,694804
2021-06-29,EUR,87146,-136602,697425
2021-07-06,EUR,77190,-124158,699383
2021-07-13,EUR,59713,-101371,688952
2021-07-20,EUR,45822,-82401,683075
2021-07-27,EUR,38126,-79849,678008
2021-08-03,EUR,38007,-79035,674491
2021-08-10,EUR,33857,-70059,702098
2021-08-17,EUR,57640,-73083,694792
2021-08-24,EUR,24630,-57393,698547
2021-08-31,EUR,10476,-52212,705110
2021-09-07,EUR,26308,-73316,696734
2021-09-14,EUR,27805,-66260,653102
2021-09-21,EUR,12095,-44249,663519
2021-09-28,EUR,872,-30424,668067
2021-10-05,EUR,-22334,-8487,693591
2021-10-12,EUR,-18398,-8953,695329
2021-10-19,EUR,-12107,-17573,679418
2021-10-26,EUR,-11256,-16255,680374
2021-11-02,EUR,-6138,-22728,678024
2021-11-09,EUR,3773,-32041,678368
2021-11-16,EUR,-3826,-26985,705698
2021-11-23,EUR,-16452,-16835,711685
2021-11-30,EUR,-23240,-10871,705409
2021-12-07,EUR,-8299,-20175,716213
2021-12-14,EUR,-11879,-16589,661711
2021-12-21,EUR,-10162,-15626,672239
2021-12-28,EUR,-6634,-18533,673273
2022-01-04,EUR,-1554,-26458,678218
2022-01-11,EUR,6005,-33390,682293
2022-01-18,EUR,24584,-50464,691882
2022-01-25,EUR,31560,-56258,682952
2022-02-01,EUR,29716,-57467,685431
2022-02-08,EUR,38842,-73252,700098
2022-02-15,EUR,47581,-85057,702047
2022-02-22,EUR,59306,-98050,696682
2022-03-01,EUR,64939,-95105,719975
2022-03-08,EUR,58844,-83873,738990
2022-03-15,EUR,18794,-42629,666010
2022-03-22,EUR,23843,-46378,658817
2022-03-29,EUR,21374,-47348,662415
2022-04-05,EUR,27370,-49617,663589
2022-04-12,EUR,39060,-60750,678607
2022-04-19,EUR,31301,-49726,675939
2022-04-26,EUR,22201,-46107,688449
2022-05-03,EUR,-6378,-24586,694926
2022-05-10,EUR,16529,-43026,705046
2022-05-17,EUR,20339,-51517,706712
2022-05-24,EUR,38930,-72600,708938
2022-05-31,EUR,52272,-85186,706317
2022-06-07,EUR,50543,-88189,730667
2022-06-14,EUR,-6018,-28495,668164
2022-06-21,EUR,-15605,-18182,671718
2022-06-28,EUR,-10596,-19812,671472
2022-07-05,EUR,-16852,-8636,673772
2022-07-12,EUR,-25244,5760,682031
2022-07-19,EUR,-42745,17430,694106
2022-07-26,EUR,-41584,18656,694099
2022-08-02,EUR,-38811,15520,683883
2022-08-09,EUR,-34536,14402,692398
2022-08-16,EUR,-42784,20916,698570
2022-08-23,EUR,-44109,24307,717921
2022-08-30,EUR,-47676,28860,720081
2022-09-06,EUR,-36349,19610,721678
2022-09-13,EUR,-11837,-11423,742244
2022-09-20,EUR,33449,-52310,657952
2022-09-27,EUR,33797,-58440,654142
2022-10-04,EUR,43682,-56848,640458
2022-10-11,EUR,37499,-60161,639348
2022-10-18,EUR,48150,-70577,640469
2022-10-25,EUR,74909,-93832,666719
2022-11-01,EUR,105790,-128819,671729
2022-11-08,EUR,107599,-131763,667902
2022-11-15,EUR,112666,-151573,682575
2022-11-22,EUR,123112,-157944,680873
2022-11-29,EUR,122247,-154585,695776
2022-12-06,EUR,124883,-160005,711537
2022-12-13,EUR,124715,-157377,772800
2022-12-20,EUR,142272,-186014,725968
2022-12-27,EUR,146162,-186820,728387
2023-01-03,EUR,129915,-174081,712030
2023-01-10,EUR,134982,-182210,746163
2023-01-17,EUR,126984,-179074,753915
2023-01-24,EUR,134349,-186450,777569
2023-01-31,EUR,150509,-203589,796738
2023-02-07,EUR,165038,-211746,781287
2023-02-14,EUR,163906,-211790,788633
2023-02-21,EUR,165068,-213818,789898
2023-02-28,EUR,162199,-211903,803963
2023-03-07,EUR,148448,-202628,821057
2023-03-14,EUR,139956,-186869,745403
2023-03-21,EUR,144842,-191171,737437
2023-03-28,EUR,145025,-191248,732506
2023-04-04,EUR,143393,-194787,747095
2023-04-11,EUR,163338,-212065,759439
2023-04-18,EUR,164361,-213285,766374
2023-04-25,EUR,169400,-224437,772882
2023-05-02,EUR,173489,-221703,779458
2023-05-09,EUR,179422,-234260,794721
2023-05-16,EUR,187089,-238333,789930
2023-05-23,EUR,173736,-224195,781123
2023-05-30,EUR,165725,-214015,775142
2023-06-06,EUR,158421,-203916,781967
2023-06-13,EUR,151822,-197071,818294
2023-06-20,EUR,144649,-192723,732979
2023-06-27,EUR,145028,-193260,732123
2023-07-03,EUR,142837,-189459,725927
2023-07-11,EUR,140162,-192462,736056
2023-07-18,EUR,178832,-229343,783132
2023-07-25,EUR,177230,-234269,772408
2023-08-01,EUR,172062,-221571,755156
2023-08-08,EUR,149811,-195450,760968
2023-08-15,EUR,159863,-205284,760233
2023-08-22,EUR,158760,-200399,750486
2023-08-29,EUR,146679,-188151,748127
2023-09-05,EUR,136231,-175854,754263
2023-09-12,EUR,113080,-149981,743759
2023-09-19,EUR,101981,-128742,695343
2023-09-26,EUR,98399,-124407,699271
2023-10-03,EUR,78943,-104752,702433
2023-10-10,EUR,75532,-98293,687382
2023-10-17,EUR,82410,-101623,695676
2023-10-24,EUR,85253,-107996,702668
2023-10-31,EUR,85389,-109031,694962
2023-11-07,EUR,89056,-117515,697624
2023-11-14,EUR,108907,-140987,702463
2023-11-21,EUR,129654,-165818,712364
2023-11-28,EUR,143165,-176315,727138
2023-12-05,EUR,152360,-188929,756615
2023-12-12,EUR,147327,-182357,792149
2023-12-19,EUR,114592,-145622,700244
2023-12-26,EUR,117391,-151186,705627
2024-01-02,EUR,119476,-157386,718885
2024-01-09,EUR,118877,-156887,714079
2024-01-16,EUR,104092,-136513,733091
2024-01-23,EUR,88324,-117397,725423
2024-01-30,EUR,88771,-116006,727210
2024-02-06,EUR,62153,-86886,731991
2024-02-13,EUR,52838,-72264,740105
2024-02-20,EUR,68016,-89451,722299
2024-02-27,EUR,62854,-89901,715545
2024-03-05,EUR,66311,-96766,707108
2024-03-12,EUR,74407,-104604,717720
2024-03-19,EUR,48342,-74130,656182
2024-03-26,EUR,31194,-54172,657300
2024-04-02,EUR,16794,-33432,682768
2024-04-09,EUR,32723,-52032,643496
2024-04-16,EUR,12224,-28654,658865
2024-04-23,EUR,-9989,-5265,665771
2024-04-30,EUR,-6777,-10737,652297
2024-05-07,EUR,4590,-22279,654804
2024-05-14,EUR,17155,-38282,656802
2024-05-21,EUR,41475,-69453,653081
2024-05-28,EUR,57572,-84652,664864
2024-06-04,EUR,67870,-98786,671736
2024-06-11,EUR,43644,-72345,712894
2024-06-18,EUR,7951,-27864,650388
2024-06-25,EUR,-8431,-9767,650087
2024-07-02,EUR,-9519,-12721,636895
2024-07-09,EUR,3623,-27239,637266
2024-07-16,EUR,24749,-49549,649251
2024-07-23,EUR,35906,-59873,672022
2024-07-30,EUR,17799,-40813,667299
2024-08-06,EUR,33580,-57860,671104
2024-08-13,EUR,26983,-54027,667350
2024-08-20,EUR,56017,-89224,692017
2024-08-27,EUR,92838,-135522,726519
2024-09-03,EUR,100018,-141548,740311
2024-09-10,EUR,81433,-123807,741888
2024-09-17,EUR,69646,-114402,678001
2024-09-24,EUR,71698,-112828,679514
2024-10-01,EUR,55327,-93702,674734
2024-10-08,EUR,39098,-74895,669131
2024-10-15,EUR,17150,-48975,658481
2024-10-22,EUR,-28524,-8,650759
2024-10-29,EUR,-50304,31448,661675
2024-11-05,EUR,-21653,617,645597
2024-11-12,EUR,-7437,-18274,637105
2024-11-19,EUR,-42557,21047,658774
2024-11-26,EUR,-56009,32427,665553
2024-12-03,EUR,-57489,34476,675059
2024-12-10,EUR,-75573,54716,727276
2024-12-17,EUR,-65895,48089,584000
2024-12-24,EUR,-68507,55114,597583
2024-12-31,EUR,-69564,51061,609159
2025-01-07,EUR,-64124,45004,603187
2025-01-14,EUR,-60397,48337,604225
2025-01-21,EUR,-62486,44295,609492
2025-01-28,EUR,-66604,41595,618908
2025-02-04,EUR,-58614,36471,616623
2025-02-11,EUR,-64425,39974,622873
2025-02-18,EUR,-51420,26195,638024
2025-02-25,EUR,-25425,-640,658684
2025-03-04,EUR,-10106,-19259,683819
2025-03-11,EUR,13090,-47847,729760
2025-03-18,EUR,59425,-92360,652620
2025-03-25,EUR,65525,-100316,672875
2025-04-01,EUR,51835,-82872,670827
2025-04-08,EUR,59980,-90416,697776
2025-04-15,EUR,69280,-117915,708122
2025-04-22,EUR,65028,-117941,719232
2025-04-29,EUR,75797,-131511,730212
2025-05-06,EUR,75719,-131339,737013
2025-05-13,EUR,84774,-134282,750906
2025-05-20,EUR,74453,-126830,759249
2025-05-27,EUR,79474,-131901,760471
2025-06-03,EUR,82764,-138285,781284
2025-06-10,EUR,93025,-151256,810517
2025-06-17,EUR,101553,-161021,755861
2025-06-24,EUR,111135,-164301,762607
2025-07-01,EUR,107537,-160664,779031
2025-07-08,EUR,120596,-177423,805847
2025-07-15,EUR,128221,-184215,820440
2025-07-22,EUR,125515,-177713,843447
2025-07-29,EUR,123359,-175778,828577
2025-08-05,EUR,115959,-163545,818360
2025-08-12,EUR,115431,-167063,824972
2025-08-19,EUR,118745,-166431,825219
2025-08-26,EUR,123039,-173206,842215
2025-09-02,EUR,119592,-171269,845820
2025-09-09,EUR,125677,-179647,878104
2025-09-16,EUR,117759,-167380,855448
2025-09-23,EUR,114345,-165777,859215
2025-09-30,EUR,117369,-167136,845775
2025-10-07,EUR,118365,-167834,855286
2025-10-14,EUR,108325,-149130,841079
2025-10-21,EUR,111752,-156233,835887
2025-10-28,EUR,107333,-151596,843717
2025-11-04,EUR,91795,-126612,835176
2025-11-10,EUR,73589,-111373,831275
2025-11-18,EUR,99007,-140150,827015
2025-11-25,EUR,94071,-136976,830589
2025-12-02,EUR,108453,-155752,851184
2025-12-09,EUR,138788,-189597,942794
2025-12-16,EUR,144903,-196057,986986
2025-12-23,EUR,159891,-209478,866951
2025-12-30,EUR,157465,-211626,869169
2026-01-06,EUR,162812,-215819,881815
2026-01-13,EUR,132656,-179767,883672
2026-01-20,EUR,111695,-155596,880948
2026-01-27,EUR,132134,-181604,919284
2026-02-03,EUR,163361,-218541,910464
2026-02-10,EUR,180305,-235779,926273
2026-02-17,EUR,174480,-227677,916813
2026-02-24,EUR,156856,-210903,911287
2026-03-03,EUR,136498,-184593,913289
2026-03-10,EUR,105144,-145419,969374
2026-03-17,EUR,21132,-58433,755789
2026-03-24,EUR,9279,-46758,764691
2026-03-31,EUR,507,-36991,774237
2026-04-07,EUR,-7541,-33150,775043
2026-04-14,EUR,26018,-62532,788828
2026-04-21,EUR,41324,-83663,790622
2026-04-28,EUR,35712,-75137,801430
2026-05-05,EUR,32202,-73379,815942
2026-05-12,EUR,40200,-79054,829377
2026-05-19,EUR,33513,-66535,826019
2026-05-26,EUR,29426,-65524,824224
2026-06-02,EUR,48866,-69396,842424
2026-06-09,EUR,13932,-38085,871507
2019-01-08,GOLD,99216,-121187,455232
2019-01-15,GOLD,87913,-108113,501605
2019-01-22,GOLD,74504,-92077,513509
2019-01-29,GOLD,99593,-118609,483390
2019-02-05,GOLD,109095,-131242,479736
2019-02-12,GOLD,104874,-126111,476083
2019-02-19,GOLD,145647,-166477,504639
2019-02-26,GOLD,135696,-159845,501268
2019-03-05,GOLD,88018,-113997,471311
2019-03-12,GOLD,78819,-108474,530030
2019-03-19,GOLD,88396,-115659,514163
2019-03-26,GOLD,119938,-151434,509575
2019-04-02,GOLD,94556,-118230,440170
2019-04-09,GOLD,105364,-132809,447539
2019-04-16,GOLD,56273,-78430,440581
2019-04-23,GOLD,37395,-57396,440048
2019-04-30,GOLD,66219,-88312,430011
2019-05-07,GOLD,75411,-96359,450039
2019-05-14,GOLD,124536,-137183,517995
2019-05-21,GOLD,88805,-107938,508643
2019-05-28,GOLD,86688,-109954,505126
2019-06-04,GOLD,156115,-172576,481495
2019-06-11,GOLD,184238,-202027,496663
2019-06-18,GOLD,204323,-223855,525636
2019-06-25,GOLD,236554,-260150,577605
2019-07-02,GOLD,258946,-286822,605949
2019-07-09,GOLD,244763,-278416,598977
2019-07-16,GOLD,245501,-277408,601900
2019-07-23,GOLD,251250,-287839,616859
2019-07-30,GOLD,254388,-287967,563298
2019-08-06,GOLD,292545,-324325,600317
2019-08-13,GOLD,290090,-323727,593962
2019-08-20,GOLD,299993,-336250,594807
2019-08-27,GOLD,296838,-333806,636183
2019-09-03,GOLD,300547,-337741,634358
2019-09-10,GOLD,269725,-305611,614753
2019-09-17,GOLD,282599,-318399,630990
2019-09-24,GOLD,312444,-345145,658944
2019-10-01,GOLD,268993,-303688,604885
2019-10-08,GOLD,275563,-310942,616957
2019-10-15,GOLD,253027,-288275,607387
2019-10-22,GOLD,259132,-295357,625528
2019-10-29,GOLD,276515,-301216,643442
2019-11-05,GOLD,279828,-317138,690181
2019-11-12,GOLD,267066,-301468,708463
2019-11-19,GOLD,285859,-319095,719211
2019-11-26,GOLD,271634,-305467,669268
2019-12-03,GOLD,290705,-322787,701016
2019-12-10,GOLD,270920,-302283,690003
2019-12-17,GOLD,286275,-318619,716987
2019-12-24,GOLD,305652,-340396,748737
2019-12-31,GOLD,327925,-366491,786166
2020-01-07,GOLD,322291,-356081,785857
2020-01-14,GOLD,319235,-349819,796883
2020-01-21,GOLD,317695,-351903,793829
2020-01-28,GOLD,330092,-360814,715539
2020-02-04,GOLD,299806,-331687,654572
2020-02-11,GOLD,307974,-337791,658024
2020-02-18,GOLD,353649,-385612,715317
2020-02-25,GOLD,335865,-375621,732917
2020-03-03,GOLD,319733,-351011,691985
2020-03-10,GOLD,299531,-328304,633470
2020-03-17,GOLD,281916,-301709,573925
2020-03-24,GOLD,288366,-311823,547334
2020-03-31,GOLD,258849,-283959,495652
2020-04-07,GOLD,248942,-275611,480050
2020-04-14,GOLD,252501,-280408,489965
2020-04-21,GOLD,249571,-280073,493158
2020-04-28,GOLD,262729,-293629,500816
2020-05-05,GOLD,250004,-281636,490343
2020-05-12,GOLD,242828,-278533,496739
2020-05-19,GOLD,251788,-290174,528205
2020-05-26,GOLD,237914,-274322,519374
2020-06-02,GOLD,219034,-256623,475745
2020-06-09,GOLD,208613,-243457,475661
2020-06-16,GOLD,224348,-258020,489563
2020-06-23,GOLD,251957,-287292,532101
2020-06-30,GOLD,266670,-301463,561628
2020-07-07,GOLD,267358,-302592,572776
2020-07-14,GOLD,262428,-302018,580175
2020-07-21,GOLD,266436,-303859,603138
2020-07-28,GOLD,236801,-278377,598629
2020-08-04,GOLD,238746,-276345,561837
2020-08-11,GOLD,224053,-268331,553345
2020-08-18,GOLD,223518,-267771,544010
2020-08-25,GOLD,221038,-266445,549282
2020-09-01,GOLD,230796,-277406,547704
2020-09-08,GOLD,236473,-281040,557457
2020-09-15,GOLD,240977,-285186,578925
2020-09-22,GOLD,219060,-266408,575877
2020-09-29,GOLD,243659,-286178,562396
2020-10-06,GOLD,248587,-288468,555555
2020-10-13,GOLD,240671,-284655,553197
2020-10-20,GOLD,249604,-294124,562993
2020-10-27,GOLD,248634,-296462,560900
2020-11-03,GOLD,242909,-289338,544774
2020-11-10,GOLD,239736,-283423,547449
2020-11-17,GOLD,251270,-294572,557533
2020-11-24,GOLD,243902,-284829,555253
2020-12-01,GOLD,1117,0,32377
2020-12-01,GOLD,260314,-293263,538042
2020-12-08,GOLD,269220,-300723,549520
2020-12-15,GOLD,271584,-306342,550366
2020-12-21,GOLD,278196,-315099,560769
2020-12-29,GOLD,-6586,0,34210
2020-12-29,GOLD,268872,-307254,556414
2021-01-05,GOLD,279318,-320923,568888
2021-01-12,GOLD,246227,-290301,555538
2021-01-19,GOLD,246638,-287467,541330
2021-01-26,GOLD,257546,-298948,534574
2021-02-02,GOLD,257126,-297957,520011
2021-02-09,GOLD,251407,-292195,506741
2021-02-16,GOLD,234969,-275078,503016
2021-02-23,GOLD,215733,-251729,481125
2021-03-02,GOLD,189638,-222203,467008
2021-03-09,GOLD,175163,-207880,473871
2021-03-16,GOLD,180196,-209475,476467
2021-03-23,GOLD,174067,-201803,485457
2021-03-30,GOLD,167528,-193726,467321
2021-04-06,GOLD,189509,-214799,463353
2021-04-13,GOLD,180874,-208788,460733
2021-04-20,GOLD,181498,-213193,471738
2021-04-27,GOLD,170619,-207177,473305
2021-05-04,GOLD,170741,-201923,470341
2021-05-11,GOLD,192255,-227084,498693
2021-05-18,GOLD,-2884,0,33854
2021-05-18,GOLD,198889,-232901,520410
2021-05-25,GOLD,214642,-250869,510164
2021-06-01,GOLD,213701,-248175,489198
2021-06-08,GOLD,209387,-244806,491858
2021-06-15,GOLD,192036,-231226,480127
2021-06-22,GOLD,166214,-202382,453940
2021-06-29,GOLD,162226,-195120,453360
2021-07-06,GOLD,182821,-214726,465811
2021-07-13,GOLD,190836,-221028,495798
2021-07-20,GOLD,195972,-228548,490520
2021-07-27,GOLD,199388,-228814,500187
2021-08-03,GOLD,196335,-231284,485663
2021-08-10,GOLD,168406,-195641,477232
2021-08-17,GOLD,5579,0,32480
2021-08-17,GOLD,191542,-214000,485485
2021-08-24,GOLD,210653,-234678,504735
2021-08-31,GOLD,216550,-240512,507113
2021-09-07,GOLD,206039,-235808,506772
2021-09-07,GOLD,-1265,0,34633
2021-09-14,GOLD,207760,-234251,506356
2021-09-21,GOLD,187647,-212644,492765
2021-09-28,GOLD,168399,-190151,490858
2021-10-05,GOLD,182582,-203702,483789
2021-10-12,GOLD,185539,-207614,484382
2021-10-19,GOLD,193349,-219190,485974
2021-10-26,GOLD,214560,-239654,509794
2021-11-02,GOLD,215129,-239877,507616
2021-11-09,GOLD,250181,-275489,571025
2021-11-16,GOLD,259780,-287539,612612
2021-11-16,GOLD,-4908,0,27699
2021-11-23,GOLD,-10696,0,32929
2021-11-23,GOLD,234411,-267834,559823
2021-11-30,GOLD,225860,-258603,531868
2021-12-07,GOLD,217185,-245623,499307
2021-12-14,GOLD,202401,-231411,503709
2021-12-21,GOLD,205811,-236029,500846
2021-12-28,GOLD,213156,-245664,508912
2022-01-04,GOLD,211355,-237458,502717
2022-01-11,GOLD,199737,-225073,546516
2022-01-18,GOLD,194207,-221068,539204
2022-01-25,GOLD,220151,-249746,572078
2022-02-01,GOLD,172142,-201342,515331
2022-02-08,GOLD,186706,-211434,512842
2022-02-15,GOLD,213613,-238875,558645
2022-02-22,GOLD,243148,-269722,611488
2022-03-01,GOLD,257622,-285809,615600
2022-03-08,GOLD,274388,-306946,638502
2022-03-15,GOLD,-6166,0,35921
2022-03-15,GOLD,261788,-297441,617605
2022-03-22,GOLD,-5792,0,35952
2022-03-22,GOLD,248032,-281595,605191
2022-03-29,GOLD,257596,-285937,574521
2022-04-05,GOLD,-1790,0,27111
2022-04-05,GOLD,245541,-278758,560666
2022-04-12,GOLD,254287,-288093,577639
2022-04-19,GOLD,239757,-275525,575202
2022-04-26,GOLD,218024,-249294,557785
2022-04-26,GOLD,-8152,0,32262
2022-05-03,GOLD,-10631,0,30453
2022-05-03,GOLD,199168,-231852,560441
2022-05-10,GOLD,-11933,0,30320
2022-05-10,GOLD,193315,-227756,571447
2022-05-17,GOLD,175360,-206879,555756
2022-05-17,GOLD,-11925,0,30753
2022-05-24,GOLD,183813,-211947,530098
2022-05-31,GOLD,172589,-200056,513722
2022-06-07,GOLD,175268,-199886,494130
2022-06-14,GOLD,154598,-178569,497456
2022-06-21,GOLD,163287,-186929,500276
2022-06-28,GOLD,157693,-182007,497005
2022-07-05,GOLD,145660,-165585,498210
2022-07-12,GOLD,118121,-137788,542493
2022-07-19,GOLD,94955,-112262,524786
2022-07-26,GOLD,92690,-108422,487515
2022-08-02,GOLD,124326,-135565,459649
2022-08-09,GOLD,142851,-154554,453540
2022-08-16,GOLD,141164,-153709,453960
2022-08-23,GOLD,125847,-138072,457762
2022-08-30,GOLD,117734,-129679,459165
2022-09-06,GOLD,103857,-114064,465908
2022-09-13,GOLD,97344,-110938,463674
2022-09-20,GOLD,65722,-75428,469395
2022-09-27,GOLD,3181,0,36658
2022-09-27,GOLD,52081,-62138,457061
2022-10-04,GOLD,88385,-96548,437065
2022-10-11,GOLD,94420,-103728,431395
2022-10-18,GOLD,76956,-90030,434701
2022-10-25,GOLD,68032,-80213,456072
2022-11-01,GOLD,64623,-74782,467276
2022-11-08,GOLD,82338,-91144,488471
2022-11-15,GOLD,2400,0,28826
2022-11-15,GOLD,126269,-134308,495171
2022-11-22,GOLD,116113,-130064,449542
2022-11-29,GOLD,110003,-119233,433661
2022-12-06,GOLD,115125,-130079,422100
2022-12-13,GOLD,125649,-138529,437040
2022-12-20,GOLD,128848,-142514,436653
2022-12-27,GOLD,136880,-153776,440040
2023-01-03,GOLD,141666,-159974,449393
2023-01-10,GOLD,150535,-172478,481519
2023-01-17,GOLD,153240,-175913,491818
2023-01-24,GOLD,157673,-180554,499927
2023-01-24,GOLD,7876,0,31036
2023-01-31,GOLD,160281,-180520,471642
2023-02-07,GOLD,128815,-152966,439755
2023-02-14,GOLD,105529,-129072,426116
2023-02-21,GOLD,107101,-129355,422648
2023-02-28,GOLD,108593,-127487,426890
2023-03-07,GOLD,98474,-118920,458474
2023-03-14,GOLD,140331,-155440,459064
2023-03-21,GOLD,-204,-285,25449
2023-03-21,GOLD,158605,-183568,469874
2023-03-28,GOLD,181630,-201508,478611
2023-04-04,GOLD,195216,-218250,476592
2023-04-11,GOLD,192745,-216548,476567
2023-04-18,GOLD,189893,-216425,482254
2023-04-25,GOLD,185264,-211928,473209
2023-04-25,GOLD,759,-353,23780
2023-05-02,GOLD,2580,-398,24422
2023-05-02,GOLD,195567,-217584,493804
2023-05-09,GOLD,195814,-222515,518951
2023-05-16,GOLD,179814,-211557,521832
2023-05-23,GOLD,160732,-187023,479080
2023-05-30,GOLD,169316,-190005,449515
2023-06-06,GOLD,175641,-198187,436301
2023-06-13,GOLD,160209,-186062,432898
2023-06-20,GOLD,162975,-186537,438037
2023-06-27,GOLD,151910,-175335,431861
2023-07-03,GOLD,163097,-184717,448063
2023-07-11,GOLD,165754,-187749,483170
2023-07-18,GOLD,193348,-213715,482104
2023-07-25,GOLD,173639,-198210,476176
2023-08-01,GOLD,164924,-186845,439383
2023-08-08,GOLD,142985,-167554,427759
2023-08-15,GOLD,121136,-141930,433611
2023-08-22,GOLD,101946,-121036,430239
2023-08-29,GOLD,-2356,0,30968
2023-08-29,GOLD,123272,-140594,442806
2023-09-05,GOLD,138006,-158239,438672
2023-09-12,GOLD,123864,-144810,441221
2023-09-12,GOLD,-3667,0,31729
2023-09-19,GOLD,-1728,0,28783
2023-09-19,GOLD,135163,-152932,438078
2023-09-26,GOLD,115815,-134836,435620
2023-10-03,GOLD,-9770,0,31905
2023-10-03,GOLD,91226,-111982,431226
2023-10-10,GOLD,-7812,0,32110
2023-10-10,GOLD,71433,-90428,436499
2023-10-17,GOLD,112738,-127999,439581
2023-10-17,GOLD,-1008,0,30091
2023-10-24,GOLD,1963,0,30049
2023-10-24,GOLD,149385,-165873,463476
2023-10-31,GOLD,163425,-182707,475808
2023-10-31,GOLD,364,0,31025
2023-11-07,GOLD,166216,-186091,484347
2023-11-07,GOLD,379,0,31707
2023-11-14,GOLD,-1626,0,33096
2023-11-14,GOLD,155376,-177019,486634
2023-11-21,GOLD,2383,0,34115
2023-11-21,GOLD,171705,-190235,508429
2023-11-28,GOLD,200084,-218592,505658
2023-11-28,GOLD,12496,0,40385
2023-12-05,GOLD,203544,-226945,487469
2023-12-05,GOLD,1911,0,30478
2023-12-12,GOLD,188233,-212808,469939
2023-12-19,GOLD,201339,-227058,481203
2023-12-19,GOLD,-756,0,32144
2023-12-26,GOLD,207718,-232345,491343
2024-01-02,GOLD,207649,-235478,500364
2024-01-09,GOLD,188614,-217701,489849
2024-01-09,GOLD,-2210,0,36371
2024-01-16,GOLD,-2860,0,38536
2024-01-16,GOLD,179893,-207420,489334
2024-01-23,GOLD,169474,-192093,465872
2024-01-23,GOLD,-1668,0,39256
2024-01-30,GOLD,147791,-170518,430328
2024-02-06,GOLD,161738,-180241,419121
2024-02-13,GOLD,131168,-152980,420812
2024-02-13,GOLD,-1971,0,30686
2024-02-20,GOLD,140262,-159411,407063
2024-02-27,GOLD,141636,-158352,411195
2024-03-05,GOLD,4377,0,29986
2024-03-05,GOLD,191293,-206792,471616
2024-03-12,GOLD,4612,0,37886
2024-03-12,GOLD,201602,-218273,516057
2024-03-19,GOLD,4453,0,39169
2024-03-19,GOLD,201602,-217530,535047
2024-03-26,GOLD,199294,-218340,503642
2024-04-02,GOLD,207250,-225714,500045
2024-04-02,GOLD,10952,0,36112
2024-04-09,GOLD,11469,0,40105
2024-04-09,GOLD,202419,-224582,505214
2024-04-16,GOLD,201923,-222758,517193
2024-04-16,GOLD,9671,0,39775
2024-04-23,GOLD,202891,-226872,516249
2024-04-30,GOLD,204210,-227498,519791
2024-04-30,GOLD,82,0,37555
2024-05-07,GOLD,199567,-227266,529835
2024-05-14,GOLD,204496,-232110,522952
2024-05-14,GOLD,4089,0,40598
2024-05-21,GOLD,229806,-258663,530591
2024-05-21,GOLD,4284,0,41406
2024-05-28,GOLD,1248,0,40454
2024-05-28,GOLD,236585,-260950,485430
2024-06-04,GOLD,237302,-265931,447488
2024-06-11,GOLD,233926,-260511,436857
2024-06-11,GOLD,1786,-390,32509
2024-06-18,GOLD,243084,-267730,444345
2024-06-18,GOLD,2859,0,31580
2024-06-25,GOLD,246229,-271488,452190
2024-06-25,GOLD,-136,0,30360
2024-07-02,GOLD,241543,-264799,454730
2024-07-02,GOLD,-418,0,30961
2024-07-09,GOLD,401,0,38660
2024-07-09,GOLD,254775,-280629,516324
2024-07-16,GOLD,285024,-309304,579862
2024-07-16,GOLD,6840,0,43755
2024-07-23,GOLD,273074,-300925,572306
2024-07-23,GOLD,4152,0,43847
2024-07-30,GOLD,246601,-272857,510914
2024-08-06,GOLD,238749,-269034,480645
2024-08-13,GOLD,9576,0,38056
2024-08-13,GOLD,267264,-292502,505872
2024-08-20,GOLD,9429,0,44178
2024-08-20,GOLD,291253,-316506,532867
2024-08-27,GOLD,8585,0,43309
2024-08-27,GOLD,294445,-322319,521759
2024-09-03,GOLD,287558,-311887,511136
2024-09-03,GOLD,7353,0,44594
2024-09-10,GOLD,282501,-306899,511501
2024-09-10,GOLD,9772,0,44724
2024-09-17,GOLD,11457,0,47777
2024-09-17,GOLD,310066,-335127,537627
2024-09-24,GOLD,16282,0,49943
2024-09-24,GOLD,315390,-339706,564640
2024-10-01,GOLD,299931,-327524,533107
2024-10-01,GOLD,7528,0,47225
2024-10-08,GOLD,3050,0,45558
2024-10-08,GOLD,278180,-303976,520316
2024-10-15,GOLD,3203,0,46591
2024-10-15,GOLD,286434,-312658,541232
2024-10-22,GOLD,8545,0,50336
2024-10-22,GOLD,296204,-324701,573760
2024-10-29,GOLD,278653,-303671,579468
2024-10-29,GOLD,8101,0,50738
2024-11-05,GOLD,4381,0,53088
2024-11-05,GOLD,255329,-283059,558034
2024-11-12,GOLD,236451,-265582,535981
2024-11-12,GOLD,1695,0,56238
2024-11-19,GOLD,-215,0,54084
2024-11-19,GOLD,234367,-262322,502952
2024-11-26,GOLD,250338,-272520,472660
2024-11-26,GOLD,-2022,0,48387
2024-12-03,GOLD,-3688,0,28567
2024-12-03,GOLD,259736,-286275,462040
2024-12-10,GOLD,275586,-296871,483346
2024-12-10,GOLD,-991,0,28606
2024-12-17,GOLD,262041,-285233,466571
2024-12-17,GOLD,-4826,0,34592
2024-12-24,GOLD,-9531,0,33447
2024-12-24,GOLD,247629,-273336,454646
2024-12-31,GOLD,247279,-271296,458584
2024-12-31,GOLD,-8328,0,32076
2025-01-07,GOLD,254911,-278646,477043
2025-01-14,GOLD,279363,-302452,526467
2025-01-14,GOLD,-3517,0,33485
2025-01-21,GOLD,-1764,-216,37335
2025-01-21,GOLD,300784,-326608,571387
2025-01-28,GOLD,299409,-323722,577505
2025-01-28,GOLD,631,-227,37889
2025-02-04,GOLD,302508,-328175,542004
2025-02-11,GOLD,3030,-232,32134
2025-02-11,GOLD,284504,-309888,528719
2025-02-18,GOLD,2256,0,33569
2025-02-18,GOLD,268674,-296071,522330
2025-02-25,GOLD,261625,-288100,512179
2025-02-25,GOLD,-3120,0,34485
2025-03-04,GOLD,243261,-271115,489270
2025-03-04,GOLD,-5673,0,31386
2025-03-11,GOLD,236100,-265188,511276
2025-03-11,GOLD,-5520,0,31965
2025-03-18,GOLD,257932,-285168,533566
2025-03-18,GOLD,1318,0,35957
2025-03-25,GOLD,249796,-278598,511482
2025-03-25,GOLD,-4547,0,38212
2025-04-01,GOLD,238434,-265061,498746
2025-04-01,GOLD,4671,0,38070
2025-04-08,GOLD,200715,-232183,445468
2025-04-08,GOLD,-2868,0,37869
2025-04-15,GOLD,202210,-231912,456628
2025-04-15,GOLD,1629,396,38924
2025-04-22,GOLD,175378,-202268,465351
2025-04-22,GOLD,3966,396,46167
2025-04-29,GOLD,163318,-190761,451868
2025-04-29,GOLD,-457,396,43846
2025-05-06,GOLD,162497,-192103,452414
2025-05-06,GOLD,-474,632,46294
2025-05-13,GOLD,161209,-191207,440842
2025-05-13,GOLD,-5995,0,42731
2025-05-20,GOLD,-5711,0,48985
2025-05-20,GOLD,163981,-197648,448000
2025-05-27,GOLD,-9231,0,49049
2025-05-27,GOLD,174184,-207587,437538
2025-06-03,GOLD,187905,-220826,415941
2025-06-03,GOLD,-3638,0,39082
2025-06-10,GOLD,187481,-222718,417143
2025-06-10,GOLD,-8882,0,43741
2025-06-17,GOLD,200648,-237727,441214
2025-06-17,GOLD,-13255,0,44993
2025-06-24,GOLD,195004,-230560,434958
2025-06-24,GOLD,-14902,0,46420
2025-07-01,GOLD,201980,-236069,437662
2025-07-01,GOLD,-6840,0,45300
2025-07-08,GOLD,202968,-238354,443144
2025-07-08,GOLD,-14246,0,48319
2025-07-15,GOLD,213115,-250688,448531
2025-07-15,GOLD,-11354,0,52631
2025-07-22,GOLD,253038,-282337,489423
2025-07-22,GOLD,2630,0,52999
2025-07-29,GOLD,223596,-259079,445259
2025-07-29,GOLD,-17750,0,53658
2025-08-05,GOLD,-2053,0,45256
2025-08-05,GOLD,237050,-270146,449647
2025-08-12,GOLD,-7215,0,44830
2025-08-12,GOLD,229485,-263065,446152
2025-08-19,GOLD,212590,-249965,438541
2025-08-19,GOLD,-12553,0,51255
2025-08-26,GOLD,-6605,0,49276
2025-08-26,GOLD,214311,-250965,443760
2025-09-02,GOLD,11759,0,61871
2025-09-02,GOLD,249530,-273898,492908
2025-09-09,GOLD,5592,0,57444
2025-09-09,GOLD,261740,-273375,509625
2025-09-16,GOLD,266410,-302371,516221
2025-09-16,GOLD,2397,0,55899
2025-09-23,GOLD,4248,0,59196
2025-09-23,GOLD,266749,-298403,528789
2025-09-30,GOLD,252908,-288236,493748
2025-09-30,GOLD,-2176,319,55129
2025-10-07,GOLD,-3007,508,55692
2025-10-07,GOLD,231956,-263772,485559
2025-10-14,GOLD,-19516,1079,62468
2025-10-14,GOLD,203916,-236867,485788
2025-10-21,GOLD,176609,-210117,472421
2025-10-21,GOLD,-36175,431,65693
2025-10-28,GOLD,204664,-237027,457122
2025-10-28,GOLD,-38391,1114,74509
2025-11-04,GOLD,202307,-236542,450399
2025-11-04,GOLD,-40176,1007,76611
2025-11-10,GOLD,207069,-244823,459997
2025-11-10,GOLD,-37006,1000,80918
2025-11-18,GOLD,210339,-245585,471953
2025-11-18,GOLD,-40665,2029,84281
2025-11-25,GOLD,204588,-241403,432946
2025-11-25,GOLD,-14625,2134,44734
2025-12-02,GOLD,217560,-255348,418490
2025-12-02,GOLD,-16265,2102,51164
2025-12-09,GOLD,-16393,2224,54042
2025-12-09,GOLD,223886,-262579,432569
2025-12-16,GOLD,233978,-274358,471093
2025-12-16,GOLD,-16886,2341,57894
2025-12-23,GOLD,-16094,2836,65212
2025-12-23,GOLD,240700,-283526,492103
2025-12-30,GOLD,-25403,2870,70021
2025-12-30,GOLD,231173,-275246,481866
2026-01-06,GOLD,227632,-272035,488116
2026-01-06,GOLD,-14509,3011,68733
2026-01-13,GOLD,-14372,2850,72555
2026-01-13,GOLD,251238,-297106,527455
2026-01-20,GOLD,-7943,2989,78970
2026-01-20,GOLD,244770,-289689,528004
2026-01-27,GOLD,-14711,4022,78421
2026-01-27,GOLD,205396,-248285,488463
2026-02-03,GOLD,-13892,4038,53594
2026-02-03,GOLD,165604,-207778,409694
2026-02-10,GOLD,160012,-197738,404391
2026-02-10,GOLD,-14726,4222,60592
2026-02-17,GOLD,159915,-196782,407078
2026-02-17,GOLD,-17489,4953,60814
2026-02-24,GOLD,159177,-200806,420182
2026-02-24,GOLD,-21078,5303,59925
2026-03-03,GOLD,-20752,5382,60931
2026-03-03,GOLD,160145,-200583,409789
2026-03-10,GOLD,-21307,5527,58116
2026-03-10,GOLD,163132,-202976,413956
2026-03-17,GOLD,159869,-198648,411388
2026-03-17,GOLD,-24829,5811,64123
2026-03-24,GOLD,-16603,5984,71997
2026-03-24,GOLD,168327,-203828,403925
2026-03-31,GOLD,163202,-201640,361409
2026-03-31,GOLD,-13091,6087,57288
2026-04-07,GOLD,156305,-193751,354877
2026-04-07,GOLD,-13177,6107,57228
2026-04-14,GOLD,-13439,6208,59913
2026-04-14,GOLD,162526,-201082,362274
2026-04-21,GOLD,164006,-202940,365842
2026-04-21,GOLD,-25920,5929,60480
2026-04-28,GOLD,159571,-194813,369530
2026-04-28,GOLD,-23047,6027,61830
2026-05-05,GOLD,-24542,6018,65308
2026-05-05,GOLD,163303,-198935,367932
2026-05-12,GOLD,171622,-210258,376496
2026-05-12,GOLD,-23877,6097,67067
2026-05-19,GOLD,-24044,5810,68209
2026-05-19,GOLD,159833,-191629,379325
2026-05-26,GOLD,154260,-185766,353489
2026-05-26,GOLD,-17232,6082,65249
2026-06-02,GOLD,176020,-206345,326052
2026-06-02,GOLD,-24393,6753,55714
2026-06-09,GOLD,173837,-201036,332709
2026-06-09,GOLD,-21470,6728,59682
2019-01-08,JPY,-61314,58826,230524
2019-01-15,JPY,-46421,39419,229295
2019-01-22,JPY,-39667,33943,212563
2019-01-29,JPY,-33345,32091,204816
2019-02-05,JPY,-31410,32923,192789
2019-02-12,JPY,-30742,33715,185725
2019-02-19,JPY,-37461,40473,184023
2019-02-26,JPY,-39654,45624,186158
2019-03-05,JPY,-51306,58662,207083
2019-03-12,JPY,-58781,63289,196766
2019-03-19,JPY,-59221,73552,158074
2019-03-26,JPY,-62121,69792,157145
2019-04-02,JPY,-62741,72916,156838
2019-04-09,JPY,-71520,77529,165736
2019-04-16,JPY,-87106,97500,200018
2019-04-23,JPY,-94414,104493,207316
2019-04-30,JPY,-99599,108609,203323
2019-05-07,JPY,-91717,103550,201462
2019-05-14,JPY,-61580,69796,180573
2019-05-21,JPY,-55192,64617,170834
2019-05-28,JPY,-55577,59617,169790
2019-06-04,JPY,-44389,44542,167810
2019-06-11,JPY,-45165,45570,169387
2019-06-18,JPY,-16565,17488,123629
2019-06-25,JPY,-10147,3781,139439
2019-07-02,JPY,-1227,-1327,139355
2019-07-09,JPY,-3651,4484,135737
2019-07-16,JPY,-11380,9640,130304
2019-07-23,JPY,-9377,6038,136245
2019-07-30,JPY,-4218,2358,138842
2019-08-06,JPY,10561,-18647,153338
2019-08-13,JPY,24742,-29542,160271
2019-08-20,JPY,31154,-37982,154662
2019-08-27,JPY,33607,-39617,157862
2019-09-03,JPY,27682,-38978,157788
2019-09-10,JPY,32591,-39201,151397
2019-09-17,JPY,23862,-30593,130940
2019-09-24,JPY,12783,-19404,142026
2019-10-01,JPY,13917,-20633,151860
2019-10-08,JPY,11012,-15390,150019
2019-10-15,JPY,-6641,9772,157707
2019-10-22,JPY,-18165,20576,159250
2019-10-29,JPY,-19698,25097,163486
2019-11-05,JPY,-26605,34695,177106
2019-11-12,JPY,-34997,39118,183480
2019-11-19,JPY,-35031,35491,182445
2019-11-26,JPY,-39591,46703,196894
2019-12-03,JPY,-47823,49353,214223
2019-12-10,JPY,-43682,51631,198700
2019-12-17,JPY,-42062,48744,178529
2019-12-24,JPY,-33542,38012,173142
2019-12-31,JPY,-25302,35166,174966
2020-01-07,JPY,-12248,17460,162094
2020-01-14,JPY,-31430,38516,183863
2020-01-21,JPY,-44701,52107,203579
2020-01-28,JPY,-36025,47186,184919
2020-02-04,JPY,-21898,34324,190079
2020-02-11,JPY,-26188,40397,193822
2020-02-18,JPY,-27221,42777,203631
2020-02-25,JPY,-56389,74248,223904
2020-03-03,JPY,-42324,50087,198404
2020-03-10,JPY,8157,-6386,159128
2020-03-17,JPY,32935,-35176,125769
2020-03-24,JPY,23863,-20475,125594
2020-03-31,JPY,18282,-15067,120270
2020-04-07,JPY,22410,-19604,118595
2020-04-14,JPY,22643,-26779,122929
2020-04-21,JPY,26026,-25805,128272
2020-04-28,JPY,32326,-36737,143835
2020-05-05,JPY,27214,-32837,152042
2020-05-12,JPY,27937,-29239,153370
2020-05-19,JPY,27470,-27709,147975
2020-05-26,JPY,34607,-34222,156827
2020-06-02,JPY,32579,-28488,158743
2020-06-09,JPY,17462,-13302,155159
2020-06-16,JPY,22110,-22145,127287
2020-06-23,JPY,27458,-33885,144549
2020-06-30,JPY,23861,-28424,137362
2020-07-07,JPY,16812,-17841,138313
2020-07-14,JPY,18326,-19740,135263
2020-07-21,JPY,19307,-26747,142686
2020-07-28,JPY,28507,-42059,170269
2020-08-04,JPY,31429,-46125,157968
2020-08-11,JPY,27016,-34737,150149
2020-08-18,JPY,20584,-32518,147076
2020-08-25,JPY,23616,-30163,147553
2020-09-01,JPY,29604,-38011,145922
2020-09-08,JPY,21742,-32185,151546
2020-09-15,JPY,22889,-34628,148912
2020-09-22,JPY,29581,-43644,169251
2020-09-29,JPY,24789,-36070,158298
2020-10-06,JPY,21102,-32966,163024
2020-10-13,JPY,19976,-30096,165616
2020-10-20,JPY,14183,-27028,166091
2020-10-27,JPY,17893,-36809,177622
2020-11-03,JPY,28098,-47675,184751
2020-11-10,JPY,41894,-55356,183518
2020-11-17,JPY,29667,-44880,165073
2020-11-24,JPY,40242,-54797,179503
2020-12-01,JPY,47503,-63405,185873
2020-12-08,JPY,48166,-66974,193326
2020-12-15,JPY,43963,-63113,193317
2020-12-21,JPY,46093,-63066,196845
2020-12-29,JPY,47350,-66386,194454
2021-01-05,JPY,50190,-73117,206963
2021-01-12,JPY,50520,-61797,190811
2021-01-19,JPY,50014,-64942,191540
2021-01-26,JPY,44992,-61560,193822
2021-02-02,JPY,44629,-45880,190948
2021-02-09,JPY,34618,-36873,183901
2021-02-16,JPY,37182,-35486,188119
2021-02-23,JPY,28622,-28087,183247
2021-03-02,JPY,19270,-11313,189270
2021-03-09,JPY,6514,10816,211347
2021-03-16,JPY,-39368,56281,145951
2021-03-23,JPY,-53525,72912,160581
2021-03-30,JPY,-59481,80881,166091
2021-04-06,JPY,-57989,78537,164310
2021-04-13,JPY,-58312,78770,165431
2021-04-20,JPY,-59819,76083,162649
2021-04-27,JPY,-48509,61928,154894
2021-05-04,JPY,-41492,54331,152676
2021-05-11,JPY,-41728,55223,152404
2021-05-18,JPY,-50948,64101,154727
2021-05-25,JPY,-50156,61353,153196
2021-06-01,JPY,-47115,62579,162091
2021-06-08,JPY,-37314,54268,161592
2021-06-15,JPY,-46850,65317,155359
2021-06-22,JPY,-53862,76170,190545
2021-06-29,JPY,-69895,91715,195698
2021-07-06,JPY,-69136,92131,205341
2021-07-13,JPY,-56250,74736,203727
2021-07-20,JPY,-55731,71266,192301
2021-07-27,JPY,-59934,75014,196102
2021-08-03,JPY,-55190,67607,189242
2021-08-10,JPY,-60657,83261,206131
2021-08-17,JPY,-63208,78091,196495
2021-08-24,JPY,-66671,82070,194477
2021-08-31,JPY,-63130,79415,193999
2021-09-07,JPY,-62325,78582,204435
2021-09-14,JPY,-60295,68035,192088
2021-09-21,JPY,-56071,66594,191213
2021-09-28,JPY,-64760,83279,219638
2021-10-05,JPY,-63694,84463,226379
2021-10-12,JPY,-76634,95092,243617
2021-10-19,JPY,-102734,122640,266750
2021-10-26,JPY,-107036,128546,265254
2021-11-02,JPY,-107624,126005,251058
2021-11-09,JPY,-105351,123199,243087
2021-11-16,JPY,-93126,115758,252897
2021-11-23,JPY,-97253,116225,251801
2021-11-30,JPY,-78866,92033,216692
2021-12-07,JPY,-63081,80497,205970
2021-12-14,JPY,-53523,71060,176584
2021-12-21,JPY,-52286,71159,183743
2021-12-28,JPY,-53102,72364,203814
2022-01-04,JPY,-62262,84744,234068
2022-01-11,JPY,-87525,108392,234005
2022-01-18,JPY,-80879,99740,201820
2022-01-25,JPY,-68273,82863,197830
2022-02-01,JPY,-60640,79353,194435
2022-02-08,JPY,-59148,75957,196478
2022-02-15,JPY,-66162,86256,199425
2022-02-22,JPY,-63187,82480,194169
2022-03-01,JPY,-68732,79535,208629
2022-03-08,JPY,-55856,76657,208683
2022-03-15,JPY,-62340,87597,215484
2022-03-22,JPY,-78482,104790,248221
2022-03-29,JPY,-102131,124850,239698
2022-04-05,JPY,-103829,125224,242217
2022-04-12,JPY,-111827,131902,245403
2022-04-19,JPY,-107187,129842,251291
2022-04-26,JPY,-95535,114921,237995
2022-05-03,JPY,-100794,120264,254813
2022-05-10,JPY,-110454,124927,247278
2022-05-17,JPY,-102309,115062,241308
2022-05-24,JPY,-99444,106699,237256
2022-05-31,JPY,-94439,105049,239080
2022-06-07,JPY,-91646,109109,266054
2022-06-14,JPY,-69755,86443,232513
2022-06-21,JPY,-58454,74349,218076
2022-06-28,JPY,-52570,67895,213767
2022-07-05,JPY,-54445,64063,217672
2022-07-12,JPY,-59998,75067,223539
2022-07-19,JPY,-59225,73082,229449
2022-07-26,JPY,-61481,73773,229219
2022-08-02,JPY,-42753,50254,236737
2022-08-09,JPY,-25032,36994,225834
2022-08-16,JPY,-28891,41979,228697
2022-08-23,JPY,-38807,52464,242132
2022-08-30,JPY,-41531,61287,247030
2022-09-06,JPY,-58189,77669,281266
2022-09-13,JPY,-80692,98299,281716
2022-09-20,JPY,-81280,97513,250892
2022-09-27,JPY,-82556,100633,244655
2022-10-04,JPY,-81623,93324,243289
2022-10-11,JPY,-77393,94449,245007
2022-10-18,JPY,-94336,110841,264265
2022-10-25,JPY,-102618,118082,272597
2022-11-01,JPY,-77620,95774,258906
2022-11-08,JPY,-75258,88980,251378
2022-11-15,JPY,-65842,77213,233346
2022-11-22,JPY,-64850,78106,227435
2022-11-29,JPY,-67394,82669,228328
2022-12-06,JPY,-65996,75202,223424
2022-12-13,JPY,-53188,59029,226964
2022-12-20,JPY,-40881,45723,182034
2022-12-27,JPY,-37730,46001,173136
2023-01-03,JPY,-46864,46773,172590
2023-01-10,JPY,-35377,34488,175745
2023-01-17,JPY,-22961,18084,176862
2023-01-24,JPY,-21635,17145,173321
2023-01-31,JPY,-20060,18179,168540
2023-02-07,JPY,-29089,33346,164069
2023-02-14,JPY,-27843,35769,174955
2023-02-21,JPY,-34029,46889,186100
2023-02-28,JPY,-58678,70521,200047
2023-03-07,JPY,-75303,89603,211297
2023-03-14,JPY,-74794,85994,179782
2023-03-21,JPY,-66345,72484,169188
2023-03-28,JPY,-53975,57562,169473
2023-04-04,JPY,-57036,52266,178828
2023-04-11,JPY,-57207,56349,176822
2023-04-18,JPY,-56869,61645,177507
2023-04-25,JPY,-68744,72625,184041
2023-05-02,JPY,-68324,77521,202996
2023-05-09,JPY,-61015,69162,192574
2023-05-16,JPY,-64791,76137,200515
2023-05-23,JPY,-80660,92378,226400
2023-05-30,JPY,-96193,106512,243237
2023-06-06,JPY,-104817,113736,245332
2023-06-13,JPY,-103976,118181,252566
2023-06-20,JPY,-107656,118272,238556
2023-06-27,JPY,-112870,122366,251524
2023-07-03,JPY,-117920,126010,265066
2023-07-11,JPY,-117182,129077,252349
2023-07-18,JPY,-90239,98195,230932
2023-07-25,JPY,-77752,86555,223760
2023-08-01,JPY,-79216,83288,229015
2023-08-08,JPY,-83180,89121,229849
2023-08-15,JPY,-80961,90497,247954
2023-08-22,JPY,-95323,104624,246923
2023-08-29,JPY,-98473,103068,245452
2023-09-05,JPY,-97136,105867,268344
2023-09-12,JPY,-98713,106644,270854
2023-09-19,JPY,-101619,111445,265860
2023-09-26,JPY,-109512,120227,285974
2023-10-03,JPY,-113988,117869,282682
2023-10-10,JPY,-99476,106152,259937
2023-10-17,JPY,-102658,112359,267521
2023-10-24,JPY,-99629,104809,260909
2023-10-31,JPY,-103848,107566,277272
2023-11-07,JPY,-104040,111957,259698
2023-11-14,JPY,-130249,133272,273763
2023-11-21,JPY,-105454,105428,264903
2023-11-28,JPY,-109237,103692,260781
2023-12-05,JPY,-104956,106218,267482
2023-12-12,JPY,-81131,79527,257581
2023-12-19,JPY,-64902,62693,185940
2023-12-26,JPY,-55568,52659,188540
2024-01-02,JPY,-57195,55489,184042
2024-01-09,JPY,-55949,54191,200299
2024-01-16,JPY,-56560,61724,213309
2024-01-23,JPY,-70645,76992,243032
2024-01-30,JPY,-80455,80134,242029
2024-02-06,JPY,-84230,82983,259542
2024-02-13,JPY,-111536,115172,304592
2024-02-20,JPY,-120778,125854,305438
2024-02-27,JPY,-132705,131982,309633
2024-03-05,JPY,-118843,113525,314586
2024-03-12,JPY,-102322,97877,325675
2024-03-19,JPY,-116012,115119,302500
2024-03-26,JPY,-129106,129588,305701
2024-04-02,JPY,-143230,139494,316809
2024-04-09,JPY,-162151,156942,324479
2024-04-16,JPY,-165619,167742,331110
2024-04-23,JPY,-179919,179144,336167
2024-04-30,JPY,-168388,176122,334848
2024-05-07,JPY,-134922,141773,299859
2024-05-14,JPY,-126182,133294,297606
2024-05-21,JPY,-144367,146517,301315
2024-05-28,JPY,-156039,166122,325231
2024-06-04,JPY,-132101,129895,303009
2024-06-11,JPY,-138579,145627,319274
2024-06-18,JPY,-147753,159766,297117
2024-06-25,JPY,-173900,181858,340237
2024-07-02,JPY,-184223,194545,349817
2024-07-09,JPY,-182033,189867,348954
2024-07-16,JPY,-151072,159089,307205
2024-07-23,JPY,-107108,108768,307183
2024-07-30,JPY,-73460,77580,303151
2024-08-06,JPY,-11354,12196,298937
2024-08-13,JPY,23104,-23527,315338
2024-08-20,JPY,23585,-28401,316197
2024-08-27,JPY,25868,-31450,318259
2024-09-03,JPY,41116,-46765,326795
2024-09-10,JPY,55770,-66719,376514
2024-09-17,JPY,56840,-71839,199463
2024-09-24,JPY,66011,-77508,207702
2024-10-01,JPY,56772,-66747,196200
2024-10-08,JPY,36528,-37659,196685
2024-10-15,JPY,34110,-36639,197871
2024-10-22,JPY,12771,-10628,207338
2024-10-29,JPY,-24817,28082,225894
2024-11-05,JPY,-44167,47295,235762
2024-11-12,JPY,-64902,72173,257688
2024-11-19,JPY,-46868,49209,254087
2024-11-26,JPY,-22633,23290,253566
2024-12-03,JPY,2334,-164,256849
2024-12-10,JPY,25752,-24598,274834
2024-12-17,JPY,5961,-3101,181673
2024-12-24,JPY,2311,3683,200720
2024-12-31,JPY,-8443,9602,206971
2025-01-07,JPY,-20189,20284,212456
2025-01-14,JPY,-29411,31023,223952
2025-01-21,JPY,-14673,8829,211620
2025-01-28,JPY,-959,-6737,216788
2025-02-04,JPY,18768,-30683,231911
2025-02-11,JPY,54615,-68154,273314
2025-02-18,JPY,60569,-70193,281163
2025-02-25,JPY,95980,-108945,329186
2025-03-04,JPY,133651,-145919,354415
2025-03-11,JPY,133902,-149269,446178
2025-03-18,JPY,122964,-136776,296567
2025-03-25,JPY,125376,-135740,303778
2025-04-01,JPY,121774,-138547,311162
2025-04-08,JPY,147067,-161669,320758
2025-04-15,JPY,171855,-190345,338849
2025-04-22,JPY,177814,-200922,351226
2025-04-29,JPY,179212,-201897,366246
2025-05-06,JPY,176859,-200612,375546
2025-05-13,JPY,172268,-184891,359521
2025-05-20,JPY,167330,-181021,366865
2025-05-27,JPY,164012,-183698,377011
2025-06-03,JPY,151149,-175508,366008
2025-06-10,JPY,144595,-169077,388263
2025-06-17,JPY,130877,-148173,317523
2025-06-24,JPY,132277,-147710,314767
2025-07-01,JPY,127338,-150857,314251
2025-07-08,JPY,116155,-128680,308621
2025-07-15,JPY,103582,-110846,321350
2025-07-22,JPY,106645,-117360,313040
2025-07-29,JPY,89243,-92548,329115
2025-08-05,JPY,82006,-87341,337378
2025-08-12,JPY,74234,-73895,351163
2025-08-19,JPY,77581,-79882,348982
2025-08-26,JPY,84484,-90150,357366
2025-09-02,JPY,73258,-76256,414249
2025-09-09,JPY,91643,-100442,410799
2025-09-16,JPY,61411,-68338,299620
2025-09-23,JPY,79500,-83239,309893
2025-09-30,JPY,61465,-60745,305711
2025-10-07,JPY,46307,-45974,305134
2025-10-14,JPY,37166,-36620,305003
2025-10-21,JPY,70414,-67894,307569
2025-10-28,JPY,68115,-68613,321889
2025-11-04,JPY,51265,-47851,314190
2025-11-10,JPY,48476,-48023,312845
2025-11-18,JPY,31157,-30527,329456
2025-11-25,JPY,26517,-27484,344420
2025-12-02,JPY,36418,-38123,394859
2025-12-09,JPY,17448,-18059,465416
2025-12-16,JPY,-2942,-4744,379679
2025-12-23,JPY,1223,-5904,285084
2025-12-30,JPY,14068,-19076,286132
2026-01-06,JPY,8815,-12168,287715
2026-01-13,JPY,-45164,45819,294242
2026-01-20,JPY,-44829,41140,292607
2026-01-27,JPY,-33933,26709,300726
2026-02-03,JPY,-19222,14417,303673
2026-02-10,JPY,-19106,12679,334948
2026-02-17,JPY,12955,-16168,354328
2026-02-24,JPY,11539,-14729,369721
2026-03-03,JPY,-16575,15007,416977
2026-03-10,JPY,-41387,45970,427718
2026-03-17,JPY,-67780,70002,326688
2026-03-24,JPY,-62806,57901,328210
2026-03-31,JPY,-72872,70707,345276
2026-04-07,JPY,-93742,90396,349373
2026-04-14,JPY,-83208,81048,354344
2026-04-21,JPY,-94460,95467,351782
2026-04-28,JPY,-102059,99270,372780
2026-05-05,JPY,-61738,59650,354005
2026-05-12,JPY,-75102,74143,362042
2026-05-19,JPY,-93905,90766,396573
2026-05-26,JPY,-114667,107692,427294
2026-06-02,JPY,-129567,127768,505555
2026-06-09,JPY,-145818,142369,505075
2022-02-08,SP500,177587,-200467,2229911
2022-02-15,SP500,195123,-205622,2270263
2022-02-22,SP500,236443,-239541,2374165
2022-03-01,SP500,161019,-154853,2387492
2022-03-08,SP500,127653,-120684,2435543
2022-03-15,SP500,102201,-111881,2582759
2022-03-22,SP500,-54168,55533,2111687
2022-03-29,SP500,-50855,58322,2120049
2022-04-05,SP500,-31659,20045,2122357
2022-04-12,SP500,62964,-65151,2156967
2022-04-19,SP500,68429,-65946,2158797
2022-04-26,SP500,122750,-125848,2191696
2022-05-03,SP500,52207,-58797,2208674
2022-05-10,SP500,121775,-116810,2261956
2022-05-17,SP500,66646,-52662,2252109
2022-05-24,SP500,48888,-28820,2262171
2022-05-31,SP500,21907,2732,2260467
2022-06-07,SP500,-17024,51858,2267420
2022-06-14,SP500,34278,-28864,2654399
2022-06-21,SP500,-114319,144197,2262004
2022-06-28,SP500,-139226,168405,2248771
2022-07-05,SP500,-183682,221625,2309241
2022-07-12,SP500,-215528,247687,2317580
2022-07-19,SP500,-208148,266346,2335319
2022-07-26,SP500,-237635,290090,2322824
2022-08-02,SP500,-231885,293137,2310665
2022-08-09,SP500,-244261,312241,2299388
2022-08-16,SP500,-287984,354217,2346224
2022-08-23,SP500,-262276,328415,2329538
2022-08-30,SP500,-239632,311815,2329953
2022-09-06,SP500,-238720,301282,2314290
2022-09-13,SP500,-281004,370284,2603046
2022-09-20,SP500,-219451,313698,2141022
2022-09-27,SP500,-150201,232967,2233878
2022-10-04,SP500,-209297,247141,2261285
2022-10-11,SP500,-164057,195229,2277794
2022-10-18,SP500,-223198,258615,2336566
2022-10-25,SP500,-219102,247652,2361824
2022-11-01,SP500,-175063,197340,2336711
2022-11-08,SP500,-177059,198237,2318895
2022-11-15,SP500,-202645,203138,2343509
2022-11-22,SP500,-191492,195187,2304077
2022-11-29,SP500,-204176,201684,2314527
2022-12-06,SP500,-203719,196622,2287691
2022-12-13,SP500,-230122,212726,2477140
2022-12-20,SP500,-159752,160719,1986847
2022-12-27,SP500,-174281,178986,1961310
2023-01-03,SP500,-167301,166552,2010996
2023-01-10,SP500,-213174,202933,2032566
2023-01-17,SP500,-226818,231163,2056472
2023-01-24,SP500,-208991,202765,2024437
2023-01-31,SP500,-222257,234786,2061419
2023-02-07,SP500,-217545,214876,2053086
2023-02-14,SP500,-246454,251135,2076347
2023-02-21,SP500,-234291,241153,2074486
2023-02-28,SP500,-183891,184866,2113159
2023-03-07,SP500,-209482,237677,2133169
2023-03-14,SP500,-119819,183204,2550984
2023-03-21,SP500,-202480,266455,2149005
2023-03-28,SP500,-224656,270978,2142232
2023-04-04,SP500,-321459,281472,2219512
2023-04-11,SP500,-307612,342012,2248469
2023-04-18,SP500,-344257,359830,2278321
2023-04-25,SP500,-363267,386640,2265794
2023-05-02,SP500,-355411,381267,2276183
2023-05-09,SP500,-376023,397887,2296259
2023-05-16,SP500,-388721,415658,2306298
2023-05-23,SP500,-404292,422107,2385936
2023-05-30,SP500,-434170,435558,2494943
2023-06-06,SP500,-344531,350541,2500232
2023-06-13,SP500,-331413,308044,2907468
2023-06-20,SP500,-239331,248779,2223815
2023-06-27,SP500,-208250,204853,2187114
2023-07-03,SP500,-207239,205791,2211004
2023-07-11,SP500,-208979,202437,2209607
2023-07-18,SP500,-263685,235997,2280677
2023-07-25,SP500,-232615,215413,2243361
2023-08-01,SP500,-200048,185303,2241749
2023-08-08,SP500,-159570,139895,2221709
2023-08-15,SP500,-118408,96147,2220084
2023-08-22,SP500,-133491,101903,2232226
2023-08-29,SP500,-142106,123869,2267572
2023-09-05,SP500,-144211,123567,2259160
2023-09-12,SP500,-116333,87045,2520164
2023-09-19,SP500,-138991,124661,2097946
2023-09-26,SP500,-89281,65622,2137648
2023-10-03,SP500,-73235,46115,2138034
2023-10-10,SP500,-94449,69430,2073930
2023-10-17,SP500,-63178,43110,2112419
2023-10-24,SP500,10185,-34736,2158452
2023-10-31,SP500,4337,-33976,2174689
2023-11-07,SP500,-53421,35344,2177947
2023-11-14,SP500,-52833,11057,2192899
2023-11-21,SP500,-80080,33971,2240214
2023-11-28,SP500,-65027,21959,2279894
2023-12-05,SP500,-47261,-95,2314400
2023-12-12,SP500,-65083,21495,2670454
2023-12-19,SP500,-195395,123438,2156203
2023-12-26,SP500,-192462,120789,2155313
2024-01-02,SP500,-214088,127346,2221215
2024-01-09,SP500,-117049,15495,2209328
2024-01-16,SP500,-169246,102434,2217057
2024-01-23,SP500,-189473,111135,2271312
2024-01-30,SP500,-225962,142194,2308955
2024-02-06,SP500,-232962,161838,2297385
2024-02-13,SP500,-215778,152512,2338964
2024-02-20,SP500,-218530,143353,2322953
2024-02-27,SP500,-224223,141214,2344340
2024-03-05,SP500,-204440,120676,2377697
2024-03-12,SP500,-239827,141731,2678339
2024-03-19,SP500,-194169,110101,2094749
2024-03-26,SP500,-169439,74729,2110848
2024-04-02,SP500,-78122,-20612,2089222
2024-04-09,SP500,-62914,-41924,2091937
2024-04-16,SP500,74114,-186343,2100522
2024-04-23,SP500,67678,-189951,2067890
2024-04-30,SP500,43133,-150593,2006204
2024-05-07,SP500,-9695,-95129,2030975
2024-05-14,SP500,-25284,-73047,2081097
2024-05-21,SP500,-22774,-91982,2148201
2024-05-28,SP500,-2208,-105944,2179731
2024-06-04,SP500,-65000,-47092,2160026
2024-06-11,SP500,-111414,-11051,2266096
2024-06-18,SP500,-114110,10139,2595590
2024-06-25,SP500,-65247,-46099,1976080
2024-07-02,SP500,-11808,-98013,2037086
2024-07-09,SP500,-55011,-43078,2048220
2024-07-16,SP500,-65444,-37170,2090007
2024-07-23,SP500,-13221,-95397,2047183
2024-07-30,SP500,11956,-123402,2046205
2024-08-06,SP500,33990,-118575,2025834
2024-08-13,SP500,-23451,-47518,2033008
2024-08-20,SP500,-84803,-4339,2050976
2024-08-27,SP500,-81908,-29163,2098974
2024-09-03,SP500,-48819,-47646,2106791
2024-09-10,SP500,-59388,-15254,2156591
2024-09-17,SP500,-122948,37745,2579860
2024-09-24,SP500,-35753,-59919,2046032
2024-10-01,SP500,7545,-94480,2081475
2024-10-08,SP500,-5644,-87667,2132773
2024-10-15,SP500,28135,-129397,2185413
2024-10-22,SP500,22981,-118042,2186686
2024-10-29,SP500,62698,-177608,2168363
2024-11-05,SP500,113440,-233202,2140451
2024-11-12,SP500,25001,-161143,2235256
2024-11-19,SP500,34911,-182867,2259351
2024-11-26,SP500,-78894,-74426,2272398
2024-12-03,SP500,-108610,-40012,2279466
2024-12-10,SP500,-83333,-66801,2324611
2024-12-17,SP500,-39862,-118471,2596020
2024-12-24,SP500,-63791,-63377,2083230
2024-12-31,SP500,-56802,-82170,2058648
2025-01-07,SP500,-62203,-57197,2069259
2025-01-14,SP500,-30542,-85660,2044090
2025-01-21,SP500,-75715,-60433,2036469
2025-01-28,SP500,-56154,-79303,2033094
2025-02-04,SP500,-4817,-123461,2071863
2025-02-11,SP500,-17109,-113610,2096517
2025-02-18,SP500,-39966,-91985,2120653
2025-02-25,SP500,-32779,-107803,2126872
2025-03-04,SP500,32103,-167315,2180944
2025-03-11,SP500,80613,-218014,2282648
2025-03-18,SP500,68311,-191735,2560662
2025-03-25,SP500,-53362,-33837,2074351
2025-04-01,SP500,-19022,-56199,2111750
2025-04-08,SP500,-28687,-9951,2332802
2025-04-15,SP500,-63097,33979,2181908
2025-04-22,SP500,-75935,36396,2209656
2025-04-29,SP500,-78666,37753,2134084
2025-05-06,SP500,-76405,40182,2133652
2025-05-13,SP500,-122194,61669,2125890
2025-05-20,SP500,-96569,51097,2113668
2025-05-27,SP500,-52970,6469,2112166
2025-06-03,SP500,-69415,9046,2123862
2025-06-10,SP500,-127668,58705,2223909
2025-06-17,SP500,-174147,116271,2450146
2025-06-24,SP500,-144775,78550,1886352
2025-07-01,SP500,-86809,3044,1887354
2025-07-08,SP500,-140018,61922,1899046
2025-07-15,SP500,-167778,96835,1935859
2025-07-22,SP500,-168481,98168,1917043
2025-07-29,SP500,-163181,81752,1941931
2025-08-05,SP500,-139646,63683,1909338
2025-08-12,SP500,-192057,118751,1967857
2025-08-19,SP500,-171498,98790,1974585
2025-08-26,SP500,-187752,107645,2018365
2025-09-02,SP500,-161060,88921,1997661
2025-09-09,SP500,-173665,90841,2035158
2025-09-16,SP500,-225074,134019,2435899
2025-09-23,SP500,-172549,88637,1950977
2025-09-30,SP500,-136689,49567,1942253
2025-10-07,SP500,-144091,47444,1951558
2025-10-14,SP500,-165683,72883,1929048
2025-10-21,SP500,-145350,51577,1882544
2025-10-28,SP500,-150135,51870,1929734
2025-11-04,SP500,-163945,65824,1956133
2025-11-10,SP500,-157930,52891,1981117
2025-11-18,SP500,-147405,49964,2037320
2025-11-25,SP500,-155278,29367,2070962
2025-12-02,SP500,-195667,67896,2074887
2025-12-09,SP500,-190445,63942,2141031
2025-12-16,SP500,-166019,34871,2466313
2025-12-23,SP500,-81820,-50620,1911017
2025-12-30,SP500,-94415,-29910,1936495
2026-01-06,SP500,-106088,-30378,1945513
2026-01-13,SP500,-122127,-16500,1909351
2026-01-20,SP500,-81776,-41923,1926910
2026-01-27,SP500,-99787,-28130,1897461
2026-02-03,SP500,-132941,11292,1928476
2026-02-10,SP500,-105129,-12879,1934958
2026-02-17,SP500,-177831,48889,1966090
2026-02-24,SP500,-193483,71496,2017196
2026-03-03,SP500,-168216,71672,2060733
2026-03-10,SP500,-134505,57122,1996720
2026-03-17,SP500,-113057,19120,2330659
2026-03-24,SP500,-80891,-3321,1879423
2026-03-31,SP500,-42479,-32898,1947769
2026-04-07,SP500,-45666,-17528,1929090
2026-04-14,SP500,-115762,45668,1959076
2026-04-21,SP500,-110106,18347,1963317
2026-04-28,SP500,-101440,8951,1959933
2026-05-05,SP500,-103885,16362,1987685
2026-05-12,SP500,-143835,47812,2056229
2026-05-19,SP500,-140605,38808,2068443
2026-05-26,SP500,-165831,54929,2093621
2026-06-02,SP500,-220768,110074,2149231
2026-06-09,SP500,-205644,90660,2203164
