day,px,f8,carry
2020-01-01 00:00:00+00:00,129.91,0.00025713002881116813,0.0006161902090188109
2020-01-02 00:00:00+00:00,127.07,-3.5778959690202362e-06,-2.3636540174152243e-05
2020-01-03 00:00:00+00:00,132.93,-2.1358680571403527e-06,2.5979240315787655e-06
2020-01-04 00:00:00+00:00,134.1,-2.3375167205088475e-05,-6.510925740102286e-05
2020-01-05 00:00:00+00:00,134.89,-2.2293904353391325e-05,-0.00011340736122039116
2020-01-06 00:00:00+00:00,143.07,-4.0780183027648314e-05,-9.176256772429465e-05
2020-01-07 00:00:00+00:00,142.19,-4.0658210675589586e-05,-0.00012732340982084164
2020-01-08 00:00:00+00:00,140.35,-4.4277226642967783e-05,-0.00011316527697678556
2020-01-09 00:00:00+00:00,137.57,-1.0785326776683504e-05,-4.0026875245122695e-05
2020-01-10 00:00:00+00:00,143.05,-2.944223494468634e-05,-0.00015227833299378152
2020-01-11 00:00:00+00:00,143.35,-3.8280792667546184e-05,-6.347701546024039e-05
2020-01-12 00:00:00+00:00,145.37,6.172598462380101e-05,0.00031812586022241754
2020-01-13 00:00:00+00:00,144.0,0.00014174008868872895,0.000314267263514487
2020-01-14 00:00:00+00:00,164.01,0.00023773074611797918,0.0009640507525049969
2020-01-15 00:00:00+00:00,166.62,0.00033029223951077296,0.0008626548210454442
2020-01-16 00:00:00+00:00,163.99,0.00025680024950509574,0.0008397016796057272
2020-01-17 00:00:00+00:00,171.62,0.00033025301185469753,0.000928911206131515
2020-01-18 00:00:00+00:00,176.85,9.980740370820367e-05,0.0003138600601694272
2020-01-19 00:00:00+00:00,165.94,5.435819482037831e-05,2.5530823533184244e-05
2020-01-20 00:00:00+00:00,167.38,0.00011018849749170347,0.00043461740817562697
2020-01-21 00:00:00+00:00,169.06,3.7880731258877375e-05,0.00013674398419351858
2020-01-22 00:00:00+00:00,167.25,2.987087045346928e-05,-1.214042713664455e-05
2020-01-23 00:00:00+00:00,162.81,-2.1050731482606745e-05,-6.466448226477865e-05
2020-01-24 00:00:00+00:00,162.68,0.00011665851610022494,0.0004012682213639747
2020-01-25 00:00:00+00:00,160.84,0.00010309603828138077,0.0003429581787016747
2020-01-26 00:00:00+00:00,166.69,0.00012389224414233134,0.0004033061921143761
2020-01-27 00:00:00+00:00,170.05,0.0004128284431680192,0.0012404419206040504
2020-01-28 00:00:00+00:00,173.66,0.00022399728383464747,0.000637707498801735
2020-01-29 00:00:00+00:00,175.53,0.00031773242026628465,0.0010138725637425445
2020-01-30 00:00:00+00:00,186.47,0.0003169290132765769,0.0010659551523046424
2020-01-31 00:00:00+00:00,181.65,0.000412200187406353,0.001015396851881116
2020-02-01 00:00:00+00:00,182.89,0.00016088758835433882,0.0005129204888251329
2020-02-02 00:00:00+00:00,189.22,0.0003634500638864877,0.0011461193237109766
2020-02-03 00:00:00+00:00,189.18,0.00011474145930789438,0.000288227156039812
2020-02-04 00:00:00+00:00,188.66,0.00012515082736557553,0.0004642590904289205
2020-02-05 00:00:00+00:00,204.69,0.00034896229092828404,0.001135528605181053
2020-02-06 00:00:00+00:00,211.13,0.0002562049831273857,0.0006547571434108014
2020-02-07 00:00:00+00:00,221.96,0.00027000283048991136,0.0007769686268301172
2020-02-08 00:00:00+00:00,224.21,0.00045315642686342793,0.0016040361022698786
2020-02-09 00:00:00+00:00,227.94,0.0003230985332220491,0.0008829785511921339
2020-02-10 00:00:00+00:00,223.32,0.0004107303665767581,0.001077900929948078
2020-02-11 00:00:00+00:00,237.83,0.00038801297496593554,0.0013043297121548977
2020-02-12 00:00:00+00:00,268.45,0.00044846491311578647,0.0016003459743203535
2020-02-13 00:00:00+00:00,266.15,0.0005747091259393194,0.0015923592855951116
2020-02-14 00:00:00+00:00,284.05,0.0007351954345808455,0.002127648097848069
2020-02-15 00:00:00+00:00,267.36,0.00041601009139890355,0.001192497704872556
2020-02-16 00:00:00+00:00,255.46,0.00035616085237184314,0.0011131208204565902
2020-02-17 00:00:00+00:00,261.19,0.0004664731915618871,0.0013868147809759275
2020-02-18 00:00:00+00:00,281.38,0.0003900263217221413,0.001253421405943659
2020-02-19 00:00:00+00:00,264.89,0.00037814359083876924,0.0009130315310667115
2020-02-20 00:00:00+00:00,259.4,-1.120752400093745e-05,-2.8846520014555316e-05
2020-02-21 00:00:00+00:00,264.11,3.369061221785553e-05,8.727041968390766e-05
2020-02-22 00:00:00+00:00,262.45,0.00013058251707797342,0.0004502458216281061
2020-02-23 00:00:00+00:00,273.23,0.00021142161920084993,0.0006858757099943169
2020-02-24 00:00:00+00:00,263.79,0.00019438459125241227,0.0005419960235783062
2020-02-25 00:00:00+00:00,251.77,0.00023260839956211596,0.0007860078745205633
2020-02-26 00:00:00+00:00,225.32,0.00041776680117498326,0.0010811498177213308
2020-02-27 00:00:00+00:00,228.68,2.6477592287841166e-05,0.0001362678736924325
2020-02-28 00:00:00+00:00,229.86,0.00013418663370587665,0.0004358537411601312
2020-02-29 00:00:00+00:00,223.28,0.000173144828722969,0.0005100322025576343
2020-03-01 00:00:00+00:00,218.69,0.00014197459575718605,0.00040971431016583685
2020-03-02 00:00:00+00:00,230.75,0.0001220857712521201,0.00031358379861214135
2020-03-03 00:00:00+00:00,224.35,6.11272424051499e-05,0.0001693161967641274
2020-03-04 00:00:00+00:00,223.42,-6.514791580800699e-05,-0.00029980585976163346
2020-03-05 00:00:00+00:00,228.93,-7.458056998647372e-05,-0.0001358681261080119
2020-03-06 00:00:00+00:00,240.51,-2.9627579789163738e-05,-9.387675648901349e-05
2020-03-07 00:00:00+00:00,240.41,6.410338462479448e-07,-5.792108970761696e-06
2020-03-08 00:00:00+00:00,204.11,-0.00011128439438455693,-0.000410913298691288
2020-03-09 00:00:00+00:00,198.93,3.497916725890853e-05,0.00023198966295936573
2020-03-10 00:00:00+00:00,203.17,-1.3429221174616818e-06,-1.3529752454639008e-05
2020-03-11 00:00:00+00:00,194.52,1.9638950318473376e-05,8.250507107736162e-05
2020-03-12 00:00:00+00:00,126.84,-0.0006387736407093378,-0.0017896956466354156
2020-03-13 00:00:00+00:00,134.68,-0.004652124046250303,-0.015128257217712306
2020-03-14 00:00:00+00:00,124.53,-0.001819029768538648,-0.0037430196918013946
2020-03-15 00:00:00+00:00,123.46,-1.560880447573531e-05,0.00018059372172874193
2020-03-16 00:00:00+00:00,107.83,-0.0005531376564877195,-0.0022181304115986705
2020-03-17 00:00:00+00:00,118.12,-0.0006364808282379252,-0.0017447912275634185
2020-03-18 00:00:00+00:00,116.58,-0.0006673151671072688,-0.0018516384467818104
2020-03-19 00:00:00+00:00,140.53,-0.0005577998675441077,-0.001668991522472512
2020-03-20 00:00:00+00:00,131.34,-0.0002526725219297782,-0.0007806612524681986
2020-03-21 00:00:00+00:00,132.66,-0.0002333894943672535,-0.000684566257033848
2020-03-22 00:00:00+00:00,123.14,-0.00027353628571923143,-0.0006699681334338398
2020-03-23 00:00:00+00:00,133.69,-0.0003437914479973645,-0.0011148354831531208
2020-03-24 00:00:00+00:00,140.07,-0.00039360302763019107,-0.0012642551470213239
2020-03-25 00:00:00+00:00,136.2,-0.0003671154215042039,-0.0009644321799328813
2020-03-26 00:00:00+00:00,136.49,-0.00022083895667214005,-0.0008351538898522319
2020-03-27 00:00:00+00:00,137.11,-0.0003438321391645654,-0.0009851095306818796
2020-03-28 00:00:00+00:00,131.21,-0.0013431991987288008,-0.004121310130794865
2020-03-29 00:00:00+00:00,125.64,-0.0003401695012462056,-0.0008211612982074774
2020-03-30 00:00:00+00:00,133.72,-0.00037330930086600203,-0.0010574617624248396
2020-03-31 00:00:00+00:00,133.81,-0.0002124453166267949,-0.0006199703353332879
2020-04-01 00:00:00+00:00,133.68,-7.771762871693869e-05,-0.00031211133501902197
2020-04-02 00:00:00+00:00,142.54,-4.590554890800005e-05,-1.9283992370796667e-05
2020-04-03 00:00:00+00:00,142.04,-3.889718807408404e-05,-0.00014471760295169288
2020-04-04 00:00:00+00:00,144.17,-9.302579674843871e-05,-0.00026186205408393234
2020-04-05 00:00:00+00:00,143.47,-5.5143298213253466e-05,-0.0001727123584278422
2020-04-06 00:00:00+00:00,165.84,-1.7675491892763208e-05,-2.072081809119135e-05
2020-04-07 00:00:00+00:00,166.33,-2.3263920064795097e-05,-8.486398444504158e-05
2020-04-08 00:00:00+00:00,172.9,-1.0163439431887333e-05,-7.926848120381332e-06
2020-04-09 00:00:00+00:00,171.0,-5.5735967058868627e-05,-0.00017528769076497605
2020-04-10 00:00:00+00:00,158.27,-0.00025869819134135213,-0.000997439672016947
2020-04-11 00:00:00+00:00,157.89,-0.00023353737259672913,-0.0005568597281330034
2020-04-12 00:00:00+00:00,162.12,-0.00016971905901653063,-0.0004296171983047561
2020-04-13 00:00:00+00:00,158.28,-0.0002847838492336583,-0.0008536772185518167
2020-04-14 00:00:00+00:00,159.63,-2.990456116788175e-05,-7.992027692767661e-05
2020-04-15 00:00:00+00:00,155.66,-9.412913578992858e-05,-0.00038787434513018004
2020-04-16 00:00:00+00:00,174.21,-0.0002112715079920698,-0.0005071132820219762
2020-04-17 00:00:00+00:00,170.52,-1.9520028991024743e-05,-5.5538822117673135e-05
2020-04-18 00:00:00+00:00,188.04,1.7283314963099655e-05,3.429236666751118e-05
2020-04-19 00:00:00+00:00,182.78,-8.284623443641036e-05,-0.0002733669365858588
2020-04-20 00:00:00+00:00,172.88,-8.288589203993427e-05,-0.00041614104020328685
2020-04-21 00:00:00+00:00,173.08,-0.00019804599951908297,-0.0004267239637718428
2020-04-22 00:00:00+00:00,182.37,-6.853330885149673e-05,-0.00015490442192791842
2020-04-23 00:00:00+00:00,189.08,9.194435589583394e-06,5.288604444505768e-05
2020-04-24 00:00:00+00:00,186.65,2.574628468707164e-06,-1.5459554746035552e-05
2020-04-25 00:00:00+00:00,193.62,1.6354208766954644e-06,-6.121943154300835e-06
2020-04-26 00:00:00+00:00,194.91,-2.850548448323622e-05,-0.00011380743551483676
2020-04-27 00:00:00+00:00,197.08,-4.835287600522094e-05,-0.00013806678811719184
2020-04-28 00:00:00+00:00,197.36,-5.566333307347601e-05,-0.00014788625194945713
2020-04-29 00:00:00+00:00,215.02,-3.200618252825123e-06,1.1310778448872258e-05
2020-04-30 00:00:00+00:00,210.49,5.7474320049854395e-05,0.00017215022627124445
2020-05-01 00:00:00+00:00,212.22,-8.304385831889126e-07,-4.708213393549794e-06
2020-05-02 00:00:00+00:00,214.24,8.015393636741612e-07,4.3967418373042295e-06
2020-05-03 00:00:00+00:00,210.09,-2.7468034702722685e-05,-0.00013088094404373405
2020-05-04 00:00:00+00:00,207.63,-6.90546039076002e-05,-0.0001640889052998989
2020-05-05 00:00:00+00:00,205.02,-5.9207860775277476e-05,-0.00029274825435104626
2020-05-06 00:00:00+00:00,206.17,-6.964856098922107e-05,-8.151851335363765e-05
2020-05-07 00:00:00+00:00,213.04,-4.5232021820576375e-05,-0.00011573342212267229
2020-05-08 00:00:00+00:00,212.92,2.261167532862735e-05,5.1779898058408854e-05
2020-05-09 00:00:00+00:00,210.98,5.439145564178974e-05,0.00016852343859173204
2020-05-10 00:00:00+00:00,188.56,-0.0004940722689811273,-0.001504902578002112
2020-05-11 00:00:00+00:00,185.98,-0.00011827208515317182,-0.0004717276647283463
2020-05-12 00:00:00+00:00,189.91,-0.00014675441282476184,-0.00039577417239087897
2020-05-13 00:00:00+00:00,199.57,-0.00010925299456226512,-0.0002161530684259384
2020-05-14 00:00:00+00:00,203.81,-9.179058027223398e-06,-2.6371411797990583e-05
2020-05-15 00:00:00+00:00,196.08,-7.267286157182919e-05,-0.00031378084438909916
2020-05-16 00:00:00+00:00,201.42,-5.0629886297253666e-05,-5.1963106136663244e-05
2020-05-17 00:00:00+00:00,207.51,4.477285516912989e-05,0.0001656755030942878
2020-05-18 00:00:00+00:00,214.59,0.00015517522381631882,0.0004470566323326019
2020-05-19 00:00:00+00:00,213.31,4.0804373760731326e-05,0.00012107975764920292
2020-05-20 00:00:00+00:00,209.95,1.0818438069653093e-05,-6.215164095785496e-06
2020-05-21 00:00:00+00:00,200.29,-3.9628091954362e-05,-0.00019748936811786423
2020-05-22 00:00:00+00:00,208.37,-5.273230435973883e-05,-4.3509341926528594e-05
2020-05-23 00:00:00+00:00,208.09,-1.6922829363874654e-05,-4.816328810681696e-05
2020-05-24 00:00:00+00:00,206.28,-1.9464347929702334e-05,-7.278916663262222e-05
2020-05-25 00:00:00+00:00,203.85,-1.2331594258391501e-05,-2.0437440694306186e-05
2020-05-26 00:00:00+00:00,201.0,6.76190534265795e-08,1.7191811404872813e-06
2020-05-27 00:00:00+00:00,206.11,1.5858939136581367e-05,5.224738712611556e-05
2020-05-28 00:00:00+00:00,216.8,7.901433188626349e-05,0.00037092152586800975
2020-05-29 00:00:00+00:00,220.71,0.00031762917960400104,0.001009552880470907
2020-05-30 00:00:00+00:00,246.14,0.00023485626697962737,0.0005787750962172996
2020-05-31 00:00:00+00:00,233.63,0.00013446374429214208,0.0003773392383934253
2020-06-01 00:00:00+00:00,245.9,6.259682989037274e-05,0.0002090876734684995
2020-06-02 00:00:00+00:00,237.31,0.000553185669367304,0.0016265842916932825
2020-06-03 00:00:00+00:00,243.09,1.3371353797012514e-07,2.0339980845608926e-05
2020-06-04 00:00:00+00:00,243.56,1.7763450610099624e-05,4.2273221298414394e-05
2020-06-05 00:00:00+00:00,240.8,5.86385575439234e-05,0.00019176531826470554
2020-06-06 00:00:00+00:00,241.63,4.252227844732889e-05,0.00016970104695537507
2020-06-07 00:00:00+00:00,243.51,0.0001124569498157814,0.00034431516443299704
2020-06-08 00:00:00+00:00,242.71,0.00018193598382868455,0.0004931948277102365
2020-06-09 00:00:00+00:00,244.71,6.740943962406277e-05,0.00023481765164503834
2020-06-10 00:00:00+00:00,247.69,0.00010602682010678564,0.00037377558063977256
2020-06-11 00:00:00+00:00,231.72,0.00010045506841356197,0.00020933196877200746
2020-06-12 00:00:00+00:00,237.59,8.073358460097294e-06,2.6185919344716993e-05
2020-06-13 00:00:00+00:00,238.0,2.8831085946529248e-06,1.0801491605349923e-05
2020-06-14 00:00:00+00:00,233.51,1.9784803371982158e-05,6.923039905483373e-05
2020-06-15 00:00:00+00:00,230.9,3.949729427602474e-05,9.701861571545295e-05
2020-06-16 00:00:00+00:00,235.15,1.3314201474698343e-05,4.849346290624852e-05
2020-06-17 00:00:00+00:00,232.22,2.3683996704494908e-05,8.490330223498985e-05
2020-06-18 00:00:00+00:00,230.5,6.109298928932615e-05,0.00016558307886528002
2020-06-19 00:00:00+00:00,229.5,7.561589410644444e-06,3.60598729950343e-05
2020-06-20 00:00:00+00:00,229.32,3.325839200995345e-05,8.648679754980044e-05
2020-06-21 00:00:00+00:00,228.0,7.082193356639952e-05,0.00022433656296861522
2020-06-22 00:00:00+00:00,243.22,3.413858129646292e-05,9.597704778647048e-05
2020-06-23 00:00:00+00:00,242.63,3.575580753774031e-05,0.00011087630081249162
2020-06-24 00:00:00+00:00,234.7,3.889137100287077e-05,0.0001050492415141196
2020-06-25 00:00:00+00:00,232.66,-1.6817482350495123e-06,-2.0622336233838474e-05
2020-06-26 00:00:00+00:00,229.87,-8.434657787759411e-06,-9.272738758624098e-06
2020-06-27 00:00:00+00:00,219.4,-2.523059885470195e-06,-2.3199872636755725e-05
2020-06-28 00:00:00+00:00,224.55,-5.743788101296956e-06,2.1539560214035948e-06
2020-06-29 00:00:00+00:00,227.76,4.2991180949287105e-06,1.2388093154929162e-05
2020-06-30 00:00:00+00:00,225.09,2.207271507787937e-05,6.393036406258269e-05
2020-07-01 00:00:00+00:00,231.08,5.555363387446418e-06,1.70662522341921e-05
2020-07-02 00:00:00+00:00,226.99,-5.624681188924788e-07,-1.206827903604035e-06
2020-07-03 00:00:00+00:00,226.12,1.984387785188584e-06,5.290245485566996e-06
2020-07-04 00:00:00+00:00,228.9,3.2051425986482104e-06,2.060277743260007e-05
2020-07-05 00:00:00+00:00,227.53,1.0896144493738303e-05,2.5734283641528272e-05
2020-07-06 00:00:00+00:00,239.47,8.627068115017241e-05,0.0003119073547215318
2020-07-07 00:00:00+00:00,238.93,5.6941251613365284e-05,0.00012557494653123795
2020-07-08 00:00:00+00:00,247.46,0.00012799850960803843,0.00048073170831069544
2020-07-09 00:00:00+00:00,241.77,0.000165906822234954,0.00041568568257828583
2020-07-10 00:00:00+00:00,239.91,0.0001964243305972356,0.0006163464923262807
2020-07-11 00:00:00+00:00,238.75,5.6508613798677177e-05,0.00013232179575893961
2020-07-12 00:00:00+00:00,240.67,3.220077359999855e-05,0.0001090443838914935
2020-07-13 00:00:00+00:00,239.61,0.00014425657056822008,0.00044986220959574087
2020-07-14 00:00:00+00:00,240.46,6.26283213720776e-05,0.0002040085624255266
2020-07-15 00:00:00+00:00,238.22,0.00019801301983153204,0.0006492825754469456
2020-07-16 00:00:00+00:00,233.38,0.00016357259415086334,0.00039775953190254883
2020-07-17 00:00:00+00:00,232.96,8.441383564564917e-05,0.0002435165988604711
2020-07-18 00:00:00+00:00,235.58,9.730656304935833e-06,1.6557322638226903e-05
2020-07-19 00:00:00+00:00,237.84,1.5892838126955794e-05,6.923504979920386e-05
2020-07-20 00:00:00+00:00,236.26,0.00011868808641803448,0.00034683167545804835
2020-07-21 00:00:00+00:00,244.72,4.286246731649219e-05,0.00012567144916585192
2020-07-22 00:00:00+00:00,262.67,1.4313594191847057e-05,0.0001676842438021726
2020-07-23 00:00:00+00:00,274.73,0.0004100732422571332,0.0011937625761430856
2020-07-24 00:00:00+00:00,281.02,0.00015171559511267796,0.0004086582902803086
2020-07-25 00:00:00+00:00,306.91,0.0001445350424637063,0.000536322962517446
2020-07-26 00:00:00+00:00,311.76,0.0007404290033390387,0.0023116300254275163
2020-07-27 00:00:00+00:00,328.27,0.0006088555166972725,0.0019524017794031493
2020-07-28 00:00:00+00:00,318.11,0.0007430776553909702,0.0019702934559821805
2020-07-29 00:00:00+00:00,321.78,0.00039314630836935043,0.0012385393514508516
2020-07-30 00:00:00+00:00,335.04,0.00023783143156610849,0.0007714596829630797
2020-07-31 00:00:00+00:00,344.07,0.00028509164138487475,0.0007393772368048357
2020-08-01 00:00:00+00:00,387.78,0.00023968918417302813,0.0009414888228522572
2020-08-02 00:00:00+00:00,373.6,0.0004291672380679348,0.001138572015044666
2020-08-03 00:00:00+00:00,384.07,0.00020750728644516737,0.000553632212242579
2020-08-04 00:00:00+00:00,393.07,0.0002690675331461573,0.0008479191052957934
2020-08-05 00:00:00+00:00,397.3,0.0003470563730458764,0.0011474233044950518
2020-08-06 00:00:00+00:00,394.86,0.00014536885497785747,0.0003270476417503955
2020-08-07 00:00:00+00:00,380.68,8.27266825867061e-05,0.00015891668035422524
2020-08-08 00:00:00+00:00,391.1,6.616345741952542e-06,8.087482305637502e-05
2020-08-09 00:00:00+00:00,389.07,0.0001621866955222966,0.00047829397094798366
2020-08-10 00:00:00+00:00,395.02,0.0003571090538464442,0.0011445876764070633
2020-08-11 00:00:00+00:00,375.44,0.00013566874612383573,0.00032616387316380913
2020-08-12 00:00:00+00:00,386.37,3.267525239282241e-05,0.00016851506697326693
2020-08-13 00:00:00+00:00,423.83,0.00028205222246020464,0.0010571379173696734
2020-08-14 00:00:00+00:00,439.95,0.0008108126174999281,0.0025153545727781435
2020-08-15 00:00:00+00:00,432.06,0.000902131719773664,0.0028409070364725183
2020-08-16 00:00:00+00:00,433.65,0.0006065611973290935,0.001564024100955287
2020-08-17 00:00:00+00:00,438.36,0.00042886307638906356,0.0015126955982279879
2020-08-18 00:00:00+00:00,425.65,0.0003428331490612142,0.0006084087574138957
2020-08-19 00:00:00+00:00,407.49,3.457515613141152e-05,0.00016902928927846862
2020-08-20 00:00:00+00:00,414.72,9.30882649016512e-05,0.0002094427020598737
2020-08-21 00:00:00+00:00,389.3,3.7913566324360536e-05,0.00012054924466077454
2020-08-22 00:00:00+00:00,393.4,-2.250607986233559e-06,-1.5529661420928176e-05
2020-08-23 00:00:00+00:00,391.35,-1.3603126178012087e-07,-1.4846810488932166e-07
2020-08-24 00:00:00+00:00,406.79,2.0590581731041323e-05,7.06494722193808e-05
2020-08-25 00:00:00+00:00,382.81,-4.22732236414846e-05,-0.0001995301776105999
2020-08-26 00:00:00+00:00,386.05,-2.510773004381199e-05,-7.975208544047942e-06
2020-08-27 00:00:00+00:00,379.2,-9.41392339267101e-05,-0.0001653415136514285
2020-08-28 00:00:00+00:00,392.44,6.874956851785422e-06,2.1689801489273145e-05
2020-08-29 00:00:00+00:00,400.7,1.3771614088436984e-05,4.481728121482844e-05
2020-08-30 00:00:00+00:00,423.86,3.61248421966543e-05,0.0001602919502308918
2020-08-31 00:00:00+00:00,435.34,0.00012992853473225782,0.00038456149062067766
2020-09-01 00:00:00+00:00,481.71,0.00036219329985730654,0.0012631420602301352
2020-09-02 00:00:00+00:00,442.84,0.0001776814123085927,0.00020051242430788708
2020-09-03 00:00:00+00:00,396.73,-0.00021955229023825764,-0.0007999680665558877
2020-09-04 00:00:00+00:00,388.0,-0.00042424196380660934,-0.0009736656199038537
2020-09-05 00:00:00+00:00,320.64,-7.464741299157246e-05,-0.00037011506286125626
2020-09-06 00:00:00+00:00,351.78,-0.0001367562191268445,-0.00024989448812819516
2020-09-07 00:00:00+00:00,352.61,-4.0151428716709305e-05,-9.906139652940903e-05
2020-09-08 00:00:00+00:00,336.25,-9.360203183329621e-06,-4.4517930571508605e-05
2020-09-09 00:00:00+00:00,356.48,-9.158841446154981e-06,-1.7041358898406903e-05
2020-09-10 00:00:00+00:00,369.13,-7.138338596672003e-06,-2.4666441806409654e-05
2020-09-11 00:00:00+00:00,373.63,-4.064870163194661e-05,-0.00012578217303609618
2020-09-12 00:00:00+00:00,384.85,-1.0397581283563883e-05,-1.9416460863546183e-05
2020-09-13 00:00:00+00:00,365.2,-1.2011357530119542e-05,-7.674339391880141e-05
2020-09-14 00:00:00+00:00,372.15,-2.2822373939084808e-05,-9.934957652168098e-06
2020-09-15 00:00:00+00:00,365.14,2.571704577240435e-05,5.798294682612639e-05
2020-09-16 00:00:00+00:00,368.35,-5.086885699558002e-06,1.6070656173117504e-06
2020-09-17 00:00:00+00:00,387.58,0.00011793878960899533,0.00035878382213392154
2020-09-18 00:00:00+00:00,383.59,7.529102070109083e-06,-1.5532700729777133e-06
2020-09-19 00:00:00+00:00,384.95,-3.708349073243881e-06,-3.587030687828987e-06
2020-09-20 00:00:00+00:00,369.48,-0.0001175088079754058,-0.0006230976398969864
2020-09-21 00:00:00+00:00,344.43,-0.0002277432757974642,-0.0005889054777800931
2020-09-22 00:00:00+00:00,343.5,-0.00017121012040112644,-0.0003695795864250365
2020-09-23 00:00:00+00:00,323.86,-0.00010029627013254908,-0.0003301907522638997
2020-09-24 00:00:00+00:00,351.0,-0.00016177263010573852,-0.000408616308719842
2020-09-25 00:00:00+00:00,352.29,-2.8615045049343385e-05,-9.644503528640985e-05
2020-09-26 00:00:00+00:00,353.4,-2.018049622625408e-05,-5.6560079731610204e-05
2020-09-27 00:00:00+00:00,354.69,-6.69569457643324e-06,-1.663559302453297e-05
2020-09-28 00:00:00+00:00,361.22,4.385133433041745e-06,2.6584104860556424e-06
2020-09-29 00:00:00+00:00,357.5,-7.280562136847363e-05,-0.00020788505716312874
2020-09-30 00:00:00+00:00,359.11,-2.477696769718576e-05,-9.331538785184555e-05
2020-10-01 00:00:00+00:00,351.82,-2.3978286856392104e-05,-0.00013911354080845011
2020-10-02 00:00:00+00:00,345.01,-0.0003471679836823557,-0.0010747712656368586
2020-10-03 00:00:00+00:00,347.66,-0.0002258087676036798,-0.0006356683666682027
2020-10-04 00:00:00+00:00,352.16,-0.00020832074366608275,-0.0005603884560861772
2020-10-05 00:00:00+00:00,352.69,-9.109889687329812e-05,-0.0003439386540726232
2020-10-06 00:00:00+00:00,339.53,-0.00012854470905305634,-0.00046754847721564014
2020-10-07 00:00:00+00:00,340.34,-0.0003518171307018462,-0.0008824813568892525
2020-10-08 00:00:00+00:00,351.17,-3.974094086858736e-05,-0.00012030261039785303
2020-10-09 00:00:00+00:00,365.49,-3.482665151043676e-06,-1.071345488807788e-05
2020-10-10 00:00:00+00:00,374.64,1.4977393599984952e-05,4.40916481445969e-05
2020-10-11 00:00:00+00:00,373.4,2.625143019632703e-06,1.1402957714782444e-05
2020-10-12 00:00:00+00:00,392.76,2.800119164996293e-05,0.00013330602359357713
2020-10-13 00:00:00+00:00,381.34,2.965439450873282e-05,3.9919384792063334e-05
2020-10-14 00:00:00+00:00,377.49,-4.273646969488392e-06,-1.9868260469080698e-05
2020-10-15 00:00:00+00:00,377.45,-5.867423191079438e-06,-6.303982448391259e-06
2020-10-16 00:00:00+00:00,366.62,-3.2339446607049204e-05,-0.0001618734576683591
2020-10-17 00:00:00+00:00,367.92,-3.8773305640283986e-05,-5.395244573642361e-05
2020-10-18 00:00:00+00:00,377.06,-1.1552287906724986e-06,-3.826688059679448e-06
2020-10-19 00:00:00+00:00,379.15,1.816370330412155e-05,6.689905433220803e-05
2020-10-20 00:00:00+00:00,369.66,-4.257594283488404e-06,-6.159381672943082e-05
2020-10-21 00:00:00+00:00,401.12,3.173363968461815e-05,0.00018569074245186937
2020-10-22 00:00:00+00:00,415.64,0.0001471677089823229,0.0004152740346789383
2020-10-23 00:00:00+00:00,409.39,8.007877697390907e-05,0.00026575346075778986
2020-10-24 00:00:00+00:00,411.78,7.62721581945069e-05,0.00018743662307073604
2020-10-25 00:00:00+00:00,406.5,2.3552488721844194e-05,6.67736596296719e-05
2020-10-26 00:00:00+00:00,392.5,1.1190175995821059e-05,-3.4694430121344342e-06
2020-10-27 00:00:00+00:00,405.34,1.4849309120318458e-05,9.360191114516468e-05
2020-10-28 00:00:00+00:00,387.88,-6.021936634165523e-06,-7.297556461407752e-05
2020-10-29 00:00:00+00:00,383.98,-7.504227184777604e-05,-0.00018157470974511258
2020-10-30 00:00:00+00:00,383.39,-0.00012136589884084552,-0.0003637077506007262
2020-10-31 00:00:00+00:00,388.75,-1.8871025797250511e-06,-5.6704328207542795e-06
2020-11-01 00:00:00+00:00,395.63,-1.5412189936779e-05,-3.8031832777170325e-05
2020-11-02 00:00:00+00:00,383.57,-2.934969569020037e-05,-0.00010189076485204477
2020-11-03 00:00:00+00:00,388.1,-6.561412923757947e-05,-0.00021069670627893897
2020-11-04 00:00:00+00:00,402.51,4.60637423052972e-06,0.0001199084432200247
2020-11-05 00:00:00+00:00,418.99,0.00020788612884266888,0.0005571263026293128
2020-11-06 00:00:00+00:00,455.55,0.00022913129323810032,0.0007111046658944999
2020-11-07 00:00:00+00:00,436.95,0.0002881306108831272,0.001137383876784173
2020-11-08 00:00:00+00:00,455.09,0.00033087872072245416,0.0008048799422496677
2020-11-09 00:00:00+00:00,443.07,0.00017177761197657737,0.0004003416311523353
2020-11-10 00:00:00+00:00,454.15,7.673522682078033e-05,0.00022793279416300825
2020-11-11 00:00:00+00:00,466.6,0.00010863933393592156,0.0003621910692990722
2020-11-12 00:00:00+00:00,462.85,-1.606391296112335e-05,-9.352903243176552e-05
2020-11-13 00:00:00+00:00,477.0,8.477369474910527e-05,0.00034462663089835066
2020-11-14 00:00:00+00:00,462.44,4.851880802676699e-05,7.386966846506541e-05
2020-11-15 00:00:00+00:00,446.66,5.982162157807418e-07,-5.955839226698254e-06
2020-11-16 00:00:00+00:00,461.26,-2.0709945918723688e-05,-4.846091617058615e-05
2020-11-17 00:00:00+00:00,480.98,0.0002587447436157181,0.0010902913759247932
2020-11-18 00:00:00+00:00,480.51,0.0003144181836953585,0.000633202682320985
2020-11-19 00:00:00+00:00,472.57,7.441781853237345e-05,0.0002268341164207358
2020-11-20 00:00:00+00:00,508.59,0.000334442442653859,0.0010284815765621755
2020-11-21 00:00:00+00:00,542.84,0.00014309046211998089,0.0006639963148722066
2020-11-22 00:00:00+00:00,574.37,0.000621323065070801,0.0020071326186388364
2020-11-23 00:00:00+00:00,610.53,0.00042660367785335326,0.000991318638966569
2020-11-24 00:00:00+00:00,603.64,0.0003462995066666643,0.0011860711972774896
2020-11-25 00:00:00+00:00,569.38,0.0002110636572840156,0.0004983439227524433
2020-11-26 00:00:00+00:00,521.75,0.0001761825158091522,0.0004280906506257219
2020-11-27 00:00:00+00:00,513.88,0.00013192724431851946,0.00039864247404107
2020-11-28 00:00:00+00:00,542.91,1.8332185099849356e-06,7.588156804688433e-06
2020-11-29 00:00:00+00:00,571.0,0.00010052103989601368,0.0004569742798145341
2020-11-30 00:00:00+00:00,610.57,0.0005727605812194567,0.0018725604842975664
2020-12-01 00:00:00+00:00,590.81,0.00039217258630953286,0.0009031194752384756
2020-12-02 00:00:00+00:00,596.95,0.0001089698011579297,0.0004817012563406118
2020-12-03 00:00:00+00:00,616.8,0.00040325642078678313,0.0012154263625240062
2020-12-04 00:00:00+00:00,569.53,0.00010020138237322686,0.0001622744805863011
2020-12-05 00:00:00+00:00,591.45,-2.39112542738013e-06,-1.1896775059358828e-05
2020-12-06 00:00:00+00:00,593.26,0.00010637282038519691,0.00034313358363345284
2020-12-07 00:00:00+00:00,590.97,0.00010139053230075705,0.0002795409290028826
2020-12-08 00:00:00+00:00,555.0,1.5230240561750051e-05,6.895950293737077e-05
2020-12-09 00:00:00+00:00,576.31,8.84306390032224e-06,3.632305671741131e-06
2020-12-10 00:00:00+00:00,563.21,-3.051805482127706e-07,4.639105848401339e-06
2020-12-11 00:00:00+00:00,550.65,5.019748813331625e-06,8.630754607575635e-06
2020-12-12 00:00:00+00:00,571.76,-2.646739356283868e-06,-7.2688926018374925e-06
2020-12-13 00:00:00+00:00,588.54,0.0002177354624762021,0.000843554228513885
2020-12-14 00:00:00+00:00,588.39,0.00014825250086527046,0.0002696909593769454
2020-12-15 00:00:00+00:00,588.62,0.00011565136367854814,0.00034470736741861656
2020-12-16 00:00:00+00:00,635.63,0.0003478339454227926,0.0014268251103262885
2020-12-17 00:00:00+00:00,645.91,0.0009976653230973787,0.0028102039933015697
2020-12-18 00:00:00+00:00,651.97,0.0005310590968886031,0.0015307745552633415
2020-12-19 00:00:00+00:00,663.87,0.0004724251841947671,0.0016044638775120279
2020-12-20 00:00:00+00:00,636.26,0.00045583402619139786,0.00140409238714952
2020-12-21 00:00:00+00:00,617.25,0.0003127297415450582,0.0006302137437691205
2020-12-22 00:00:00+00:00,629.82,5.153309919702397e-05,0.00015802010839605817
2020-12-23 00:00:00+00:00,584.3,0.0002580686347673367,0.0007513307488766918
2020-12-24 00:00:00+00:00,612.67,-4.000852076747898e-05,-0.00010095843708291137
2020-12-25 00:00:00+00:00,621.97,0.0002705612821698227,0.0008837315896968573
2020-12-26 00:00:00+00:00,633.7,0.0005050838947223885,0.0017517050236842298
2020-12-27 00:00:00+00:00,686.42,0.0008052351544494573,0.002587278865613113
2020-12-28 00:00:00+00:00,725.67,0.0007651157653572275,0.0021593473653511437
2020-12-29 00:00:00+00:00,729.01,0.0005287411545175613,0.0014686757528829743
2020-12-30 00:00:00+00:00,745.3,0.0007379595850788917,0.0025109167980679205
2020-12-31 00:00:00+00:00,741.37,0.00039039460920097126,0.0007452673739131353
2021-01-01 00:00:00+00:00,730.86,4.636665718797029e-05,0.00010071780813801727
2021-01-02 00:00:00+00:00,772.1,0.0006819544838688193,0.0029496456128835823
2021-01-03 00:00:00+00:00,992.74,0.0013312861484521482,0.004222633218844485
2021-01-04 00:00:00+00:00,1013.16,0.0016223617033788067,0.004379766746015573
2021-01-05 00:00:00+00:00,1112.28,0.0005149395239367696,0.001678868195880159
2021-01-06 00:00:00+00:00,1181.37,0.0008259009225920046,0.0022178338802586366
2021-01-07 00:00:00+00:00,1246.14,0.000562579869869721,0.00180740523186609
2021-01-08 00:00:00+00:00,1217.95,0.0005443612015096659,0.0015439431477194232
2021-01-09 00:00:00+00:00,1292.57,0.00034938973591539267,0.0016617316375051215
2021-01-10 00:00:00+00:00,1273.13,0.0014407051515740183,0.004458906806733903
2021-01-11 00:00:00+00:00,1058.31,0.0011217034808264146,0.0024404424056523964
2021-01-12 00:00:00+00:00,1052.08,0.00026250379389068044,0.0009181429953569186
2021-01-13 00:00:00+00:00,1117.39,0.00030419713728497004,0.0010434270561251475
2021-01-14 00:00:00+00:00,1199.06,0.0007394057728467158,0.002292864381606801
2021-01-15 00:00:00+00:00,1163.17,0.0006043931229198744,0.0016353467084409018
2021-01-16 00:00:00+00:00,1232.9,0.0007179101424449411,0.002536186033161131
2021-01-17 00:00:00+00:00,1245.44,0.00032756802647393424,0.0007372476727787393
2021-01-18 00:00:00+00:00,1241.22,0.0003279937700464224,0.0009426613056998585
2021-01-19 00:00:00+00:00,1410.58,0.0011518917091585576,0.0034904073455626307
2021-01-20 00:00:00+00:00,1335.15,7.933392952926809e-05,0.00013103682566343637
2021-01-21 00:00:00+00:00,1134.12,0.00013995603278194112,0.00041124752581596916
2021-01-22 00:00:00+00:00,1225.9,-2.5772562989556212e-05,-6.61980598610502e-05
2021-01-23 00:00:00+00:00,1237.45,0.00017863915586356863,0.0007184138446808238
2021-01-24 00:00:00+00:00,1369.11,0.00027367503456741314,0.0006912348869756912
2021-01-25 00:00:00+00:00,1326.96,0.00035107957288593164,0.001032272311266431
2021-01-26 00:00:00+00:00,1362.1,-0.00010731199085335348,-0.00033381851898537594
2021-01-27 00:00:00+00:00,1252.82,-6.159304361144526e-05,-0.00015756129722922644
2021-01-28 00:00:00+00:00,1352.52,6.597769903370441e-05,0.0002605839664767233
2021-01-29 00:00:00+00:00,1396.74,0.0008175469750080394,0.0028181391994566043
2021-01-30 00:00:00+00:00,1387.24,0.000472396490576259,0.001592548949162172
2021-01-31 00:00:00+00:00,1311.9,0.0004879926705988113,0.0009122826884359523
2021-02-01 00:00:00+00:00,1358.5,0.0003464256912524514,0.0011410141615184317
2021-02-02 00:00:00+00:00,1535.89,0.0008388655043509759,0.0028651345220954785
2021-02-03 00:00:00+00:00,1639.41,0.00048010133956364947,0.0013890264258956677
2021-02-04 00:00:00+00:00,1628.05,0.00032244926742743934,0.0008589513160226222
2021-02-05 00:00:00+00:00,1704.03,0.00036705737562326606,0.0008827480971306463
2021-02-06 00:00:00+00:00,1704.72,3.154396054729204e-05,0.0005522458734744141
2021-02-07 00:00:00+00:00,1601.96,0.0001069931033159387,-0.0002677045381583475
2021-02-08 00:00:00+00:00,1716.67,0.000683859488812862,0.0030546461041658928
2021-02-09 00:00:00+00:00,1767.56,0.001087470044391048,0.002691435365407774
2021-02-10 00:00:00+00:00,1749.18,0.000630270273895511,0.0017400618730769371
2021-02-11 00:00:00+00:00,1783.41,0.0003986383339199598,0.0013267868068864055
2021-02-12 00:00:00+00:00,1854.41,0.000414062922545203,0.0015840386194789816
2021-02-13 00:00:00+00:00,1817.58,0.0006620519942857932,0.0015257909289785898
2021-02-14 00:00:00+00:00,1825.66,0.0006495664295639278,0.0019527364563286776
2021-02-15 00:00:00+00:00,1799.11,3.7106542365937474e-05,0.00020229102333430647
2021-02-16 00:00:00+00:00,1768.51,0.0001594589937647795,0.0004108093989134676
2021-02-17 00:00:00+00:00,1839.83,0.0010925584395561248,0.004376241092397088
2021-02-18 00:00:00+00:00,1938.39,0.0017373972286550108,0.0044186974947284085
2021-02-19 00:00:00+00:00,1953.85,0.0008866926796300352,0.003035601396324742
2021-02-20 00:00:00+00:00,1896.25,0.0010508602238815193,0.002522799652571759
2021-02-21 00:00:00+00:00,1930.03,0.0002118463940326786,0.0007664856407227982
2021-02-22 00:00:00+00:00,1776.46,0.0003400114353980196,0.0010160939394994668
2021-02-23 00:00:00+00:00,1569.13,0.00029282230704887605,0.000785402224456591
2021-02-24 00:00:00+00:00,1591.59,2.3634240701542798e-05,2.1461327628263752e-05
2021-02-25 00:00:00+00:00,1515.66,4.634385026280956e-06,1.0905198209462096e-05
2021-02-26 00:00:00+00:00,1424.8,-4.579319935431491e-05,-0.0001253624773156152
2021-02-27 00:00:00+00:00,1464.52,3.952459589032085e-06,-2.0711526229274384e-05
2021-02-28 00:00:00+00:00,1423.57,-0.0002183197165621687,-0.0007253943475503237
2021-03-01 00:00:00+00:00,1552.41,3.172689124949648e-06,0.00021800608906091015
2021-03-02 00:00:00+00:00,1481.53,5.819839262133428e-05,8.536778169432857e-05
2021-03-03 00:00:00+00:00,1584.53,0.00014910318300565985,0.0005089659327589225
2021-03-04 00:00:00+00:00,1528.69,0.00015740058543038218,0.0004598306262596309
2021-03-05 00:00:00+00:00,1537.24,2.9995522920026375e-05,8.848501081672733e-05
2021-03-06 00:00:00+00:00,1666.11,0.00024472537640272686,0.0008668373685836923
2021-03-07 00:00:00+00:00,1679.59,0.0001262035795417834,0.0002563161134068182
2021-03-08 00:00:00+00:00,1789.21,0.0002435727370984687,0.0007383959634844709
2021-03-09 00:00:00+00:00,1846.53,0.00046001324008292343,0.0014668142266371265
2021-03-10 00:00:00+00:00,1831.33,0.0003425013103732745,0.0013077982550986638
2021-03-11 00:00:00+00:00,1827.51,0.0003760705747711646,0.0012170633477124547
2021-03-12 00:00:00+00:00,1760.33,0.0005331045379534448,0.0011961374461283416
2021-03-13 00:00:00+00:00,1918.44,0.0009247576721508878,0.0034684727874726407
2021-03-14 00:00:00+00:00,1881.16,0.0009664979293139223,0.002458561463559623
2021-03-15 00:00:00+00:00,1787.66,0.00045334919115689844,0.0010694256257102982
2021-03-16 00:00:00+00:00,1788.7,9.215009622525037e-05,0.0003339121769824794
2021-03-17 00:00:00+00:00,1816.33,7.721486598991205e-05,0.0004960100947410866
2021-03-18 00:00:00+00:00,1779.59,0.0004085645517649549,0.0009442264552532349
2021-03-19 00:00:00+00:00,1820.61,9.573188058874227e-05,0.00033555335590579793
2021-03-20 00:00:00+00:00,1828.32,0.00032528121820504726,0.0010390687837504207
2021-03-21 00:00:00+00:00,1786.55,-7.541047721005128e-06,-0.00014816826818736357
2021-03-22 00:00:00+00:00,1694.82,-7.342432510387545e-06,-0.00020300469392914219
2021-03-23 00:00:00+00:00,1665.39,6.307001920152899e-06,0.0003122615365156165
2021-03-24 00:00:00+00:00,1586.81,0.0004140623989121142,0.0013298829961027195
2021-03-25 00:00:00+00:00,1583.81,0.00023278689152919662,0.0007664854001943355
2021-03-26 00:00:00+00:00,1683.28,0.00030306621224084643,0.0006596419494415165
2021-03-27 00:00:00+00:00,1724.49,0.00011533575544119889,0.0004679088763445698
2021-03-28 00:00:00+00:00,1683.47,0.00038391394876377284,0.0012515497648937538
2021-03-29 00:00:00+00:00,1813.13,0.0007401217318743917,0.0024211762688124156
2021-03-30 00:00:00+00:00,1840.01,0.0006799266977480098,0.002002430331386598
2021-03-31 00:00:00+00:00,1905.55,0.0007425450284018333,0.0024789048071717362
2021-04-01 00:00:00+00:00,1971.28,0.0009573934618096674,0.0025803481940144465
2021-04-02 00:00:00+00:00,2110.69,0.0009078334689396954,0.002668162678060454
2021-04-03 00:00:00+00:00,2033.57,0.000564177391877349,0.001616393561457007
2021-04-04 00:00:00+00:00,2070.95,0.0003513305123488933,0.001137242293685272
2021-04-05 00:00:00+00:00,2113.94,0.0005725573244163744,0.002325682660331931
2021-04-06 00:00:00+00:00,2113.37,0.0008084508913828282,0.0017377458660569835
2021-04-07 00:00:00+00:00,2007.58,0.0002700440540886645,0.0007965258611254226
2021-04-08 00:00:00+00:00,2071.36,0.00041244698624759733,0.0013614994064932882
2021-04-09 00:00:00+00:00,2065.58,0.0006333574853339617,0.001800320763806196
2021-04-10 00:00:00+00:00,2109.71,0.001550044086918844,0.004806753097930214
2021-04-11 00:00:00+00:00,2144.37,0.0008378189312996134,0.0027142722901037446
2021-04-12 00:00:00+00:00,2149.13,0.0010336134597339988,0.002972520047522239
2021-04-13 00:00:00+00:00,2284.99,0.00112153263741608,0.0035183328834864397
2021-04-14 00:00:00+00:00,2426.74,0.0004936695976874768,0.0012507720190483283
2021-04-15 00:00:00+00:00,2531.35,0.0003555406079141603,0.0009686256990260647
2021-04-16 00:00:00+00:00,2423.94,0.00026584454043090256,0.0007986897812799551
2021-04-17 00:00:00+00:00,2379.84,0.00021323760657512654,0.0005891103199686331
2021-04-18 00:00:00+00:00,2242.37,7.366443104851867e-05,0.0002935328884663605
2021-04-19 00:00:00+00:00,2191.8,0.00017806694846170568,0.0004618865975530897
2021-04-20 00:00:00+00:00,2320.95,0.0003245590191394592,0.0010496190076137305
2021-04-21 00:00:00+00:00,2364.41,0.0005161728679825428,0.0016232862856056195
2021-04-22 00:00:00+00:00,2403.94,0.00028744535916725935,0.0011059789855749182
2021-04-23 00:00:00+00:00,2319.74,0.0005895295377972451,0.0014071536886024973
2021-04-24 00:00:00+00:00,2243.66,0.00028375541877641194,0.0008285769121014964
2021-04-25 00:00:00+00:00,2280.4,0.0002131033353651373,0.0006031079458162109
2021-04-26 00:00:00+00:00,2511.99,0.00017816268754034987,0.0006091093695532862
2021-04-27 00:00:00+00:00,2624.73,0.00023549322820784526,0.0006715576188812795
2021-04-28 00:00:00+00:00,2714.02,0.00013816225859218797,0.00039605365019712574
2021-04-29 00:00:00+00:00,2764.28,5.316767918144251e-05,0.00015133784686754718
2021-04-30 00:00:00+00:00,2748.56,9.736139172855845e-05,0.0002470539143416443
2021-05-01 00:00:00+00:00,2940.58,9.96340513180424e-05,0.0003057123544493418
2021-05-02 00:00:00+00:00,2949.3,2.6804334111870772e-05,0.00016808141710926663
2021-05-03 00:00:00+00:00,3385.37,0.0004418859299124131,0.00130315304881817
2021-05-04 00:00:00+00:00,3314.52,0.00023618828981948704,0.0007048812974180747
2021-05-05 00:00:00+00:00,3527.69,0.0001875472897640951,0.0005389694931863253
2021-05-06 00:00:00+00:00,3532.04,0.00010089250758410822,0.0003425746788080303
2021-05-07 00:00:00+00:00,3445.67,0.00032296576899948755,0.001081772967984636
2021-05-08 00:00:00+00:00,3881.41,0.00022113907609304243,0.0005026904243445768
2021-05-09 00:00:00+00:00,3890.85,1.4185784190314388e-05,4.8367363410749484e-05
2021-05-10 00:00:00+00:00,4036.6,0.00042649339039024667,0.001433096215952399
2021-05-11 00:00:00+00:00,4134.51,0.000248954527481856,0.0006163033241514863
2021-05-12 00:00:00+00:00,4235.0,0.0001281884091632842,0.00024871965398077204
2021-05-13 00:00:00+00:00,3666.54,-0.00013525278769736538,-0.00029783565638201936
2021-05-14 00:00:00+00:00,4077.81,-6.556458491587104e-06,2.9896316123741926e-05
2021-05-15 00:00:00+00:00,3768.97,0.00020866507110602753,0.0006996685561756819
2021-05-16 00:00:00+00:00,3532.07,0.00026905749805139224,0.0007820460894460326
2021-05-17 00:00:00+00:00,3226.79,0.00027801093421007635,0.000817001480658378
2021-05-18 00:00:00+00:00,3373.26,0.0001496299185683559,0.00034173145838969676
2021-05-19 00:00:00+00:00,2666.8,-0.0006285979168903442,-0.0017581853049306647
2021-05-20 00:00:00+00:00,2849.31,-1.6510194645696147e-05,0.0001195674997753508
2021-05-21 00:00:00+00:00,2383.43,-7.90025961800083e-05,-0.00031479937007926296
2021-05-22 00:00:00+00:00,2338.81,9.107657668523211e-05,0.0003462616393589553
2021-05-23 00:00:00+00:00,2066.67,-2.8550503702357465e-05,-9.586803881710898e-05
2021-05-24 00:00:00+00:00,2589.73,-2.807196183277985e-05,-0.00012129076188066899
2021-05-25 00:00:00+00:00,2717.0,-7.92574295001631e-05,-0.000292950305856572
2021-05-26 00:00:00+00:00,2844.1,-5.734594142004158e-05,-8.608704854904151e-05
2021-05-27 00:00:00+00:00,2758.42,2.3006106744012425e-06,1.4065235043136172e-05
2021-05-28 00:00:00+00:00,2388.93,-2.7213496058773375e-05,-7.40052603436342e-05
2021-05-29 00:00:00+00:00,2273.59,2.412749875638265e-05,6.535272071922058e-05
2021-05-30 00:00:00+00:00,2410.82,-3.612175875580764e-05,-0.00010867859456384813
2021-05-31 00:00:00+00:00,2646.75,6.345694115520196e-06,2.764403110542332e-05
2021-06-01 00:00:00+00:00,2585.86,-5.734403805935019e-06,-3.1417194569754684e-05
2021-06-02 00:00:00+00:00,2698.42,8.266364943515095e-05,0.000288404821385383
2021-06-03 00:00:00+00:00,2834.63,3.300908545473573e-05,9.153291333211056e-05
2021-06-04 00:00:00+00:00,2717.77,-7.3508934777001805e-06,-6.305235244233174e-05
2021-06-05 00:00:00+00:00,2576.08,-0.00010912800177007579,-0.00044927244324016486
2021-06-06 00:00:00+00:00,2696.72,-0.00014242874772245809,-0.00029936434920951036
2021-06-07 00:00:00+00:00,2629.24,8.058883813549644e-06,2.210496624463998e-05
2021-06-08 00:00:00+00:00,2522.89,-0.00011191401896185846,-0.0003099734669231575
2021-06-09 00:00:00+00:00,2600.13,-1.208607227908483e-05,-4.116601518246928e-05
2021-06-10 00:00:00+00:00,2490.0,-8.707926398353864e-06,-2.9412023555150925e-05
2021-06-11 00:00:00+00:00,2361.15,-1.5043286001796928e-05,-4.106190158997743e-05
2021-06-12 00:00:00+00:00,2381.47,-1.256654958228106e-07,2.2193234540658516e-06
2021-06-13 00:00:00+00:00,2520.5,-1.75292521985409e-05,-5.3517627016706943e-05
2021-06-14 00:00:00+00:00,2558.29,-5.866271125995394e-06,-2.0182144930684083e-05
2021-06-15 00:00:00+00:00,2554.87,-1.036032154928431e-05,-3.3182740385240416e-05
2021-06-16 00:00:00+00:00,2386.79,-0.00016167589623608956,-0.0006155161105982474
2021-06-17 00:00:00+00:00,2359.9,-0.00021806006374329518,-0.0007464253491488319
2021-06-18 00:00:00+00:00,2216.85,-0.0005720581610442365,-0.0015889368359941194
2021-06-19 00:00:00+00:00,2177.59,-0.0001626853085939341,-0.00041337297749614914
2021-06-20 00:00:00+00:00,2252.97,-0.00023666118078382703,-0.0006656290926474395
2021-06-21 00:00:00+00:00,1865.67,-0.00024677359195470914,-0.0008087667815655948
2021-06-22 00:00:00+00:00,1887.96,-0.00014873599977901673,-0.0003716061510551646
2021-06-23 00:00:00+00:00,1949.69,-0.00026321687956104486,-0.0008378714757576028
2021-06-24 00:00:00+00:00,1983.96,-9.865785287019691e-05,-0.00022702372845491002
2021-06-25 00:00:00+00:00,1801.7,-0.00019272332966913133,-0.0006196379628238203
2021-06-26 00:00:00+00:00,1792.5,-0.0003179209647262811,-0.0009252170386736474
2021-06-27 00:00:00+00:00,1955.28,-0.0004798679008176723,-0.0015418399115779253
2021-06-28 00:00:00+00:00,2097.32,-5.422888102723926e-05,-3.298793772002873e-05
2021-06-29 00:00:00+00:00,2171.52,-0.0002105473359608751,-0.0007947771134199888
2021-06-30 00:00:00+00:00,2257.54,-0.00013311928084062445,-0.000229069877887172
2021-07-01 00:00:00+00:00,2129.67,0.0001996680412322319,0.0004648790958206475
2021-07-02 00:00:00+00:00,2158.31,-0.00031787735351892214,-0.0009314684068820631
2021-07-03 00:00:00+00:00,2205.71,-0.00011262648509861513,-0.00031697880095273
2021-07-04 00:00:00+00:00,2327.96,-0.00013565200054930048,-0.0005458095530276178
2021-07-05 00:00:00+00:00,2229.0,-0.00033875120341254943,-0.0008506808621737561
2021-07-06 00:00:00+00:00,2309.24,-0.00014401102072358508,-0.0004473808534222174
2021-07-07 00:00:00+00:00,2325.69,-8.900129124678733e-05,-0.0003584140879269665
2021-07-08 00:00:00+00:00,2104.56,-0.00018812196733332368,-0.0003974777508614818
2021-07-09 00:00:00+00:00,2164.33,-6.538460893220153e-05,-0.00019704412066121684
2021-07-10 00:00:00+00:00,2115.13,-0.00010282173008162147,-0.00040083508617255764
2021-07-11 00:00:00+00:00,2148.91,-0.00017135953751095358,-0.000681459962276268
2021-07-12 00:00:00+00:00,2036.8,-0.0007205768398678216,-0.002049615137870412
2021-07-13 00:00:00+00:00,1936.29,-0.00020373929209473572,-0.0005469800773456887
2021-07-14 00:00:00+00:00,2005.07,-0.0002111533588101966,-0.0005775985490176195
2021-07-15 00:00:00+00:00,1922.08,-0.00019556836521617642,-0.0005437618842252935
2021-07-16 00:00:00+00:00,1879.89,-1.8266596234189036e-05,-4.960494975135509e-05
2021-07-17 00:00:00+00:00,1899.45,-0.00015256752867262664,-0.000458494377962433
2021-07-18 00:00:00+00:00,1887.49,-4.497388585595637e-05,-0.00023140308325789234
2021-07-19 00:00:00+00:00,1820.5,-0.00018476032185683064,-0.0005363552836239375
2021-07-20 00:00:00+00:00,1770.19,-0.0001974864619934643,-0.0005224816645189998
2021-07-21 00:00:00+00:00,1983.51,-2.321724430920936e-05,-4.6884194956888185e-05
2021-07-22 00:00:00+00:00,2007.5,-2.8439696570212552e-05,-0.0001393826140916592
2021-07-23 00:00:00+00:00,2090.66,2.09946123557573e-05,0.00011854952292673278
2021-07-24 00:00:00+00:00,2171.51,1.0272072581024609e-06,3.7525819656088363e-06
2021-07-25 00:00:00+00:00,2166.01,-2.151445648842875e-05,-6.33438123932923e-05
2021-07-26 00:00:00+00:00,2249.22,1.0206052215792905e-05,2.510167356092569e-05
2021-07-27 00:00:00+00:00,2296.35,-3.297426706030919e-05,-9.771319182490122e-05
2021-07-28 00:00:00+00:00,2292.03,-6.955257736436503e-06,-2.1044268075569993e-05
2021-07-29 00:00:00+00:00,2337.17,2.001092663776928e-06,1.0765206540148865e-05
2021-07-30 00:00:00+00:00,2440.03,1.1156931270793241e-05,5.366004179141346e-05
2021-07-31 00:00:00+00:00,2538.52,4.245018580272385e-05,0.00011063407042047426
2021-08-01 00:00:00+00:00,2601.33,-6.040873108133843e-06,-4.2222687363482264e-05
2021-08-02 00:00:00+00:00,2625.7,-0.00011595960664876575,-0.0003354180170130501
2021-08-03 00:00:00+00:00,2512.85,-0.00018134257545069664,-0.0005367987625841897
2021-08-04 00:00:00+00:00,2728.64,-2.2888628138069504e-05,-5.393198058160936e-05
2021-08-05 00:00:00+00:00,2809.53,-2.761011716063574e-07,-3.4325929744169423e-06
2021-08-06 00:00:00+00:00,2892.61,2.0926062020764032e-05,9.020818242423314e-05
2021-08-07 00:00:00+00:00,3090.92,3.342283829883655e-05,8.176614686104419e-05
2021-08-08 00:00:00+00:00,3046.9,-4.747993984000759e-05,-0.00015915571317527208
2021-08-09 00:00:00+00:00,3146.56,1.5180280482897398e-05,8.367089461847017e-05
2021-08-10 00:00:00+00:00,3151.73,4.414201821356989e-05,0.0001361761532119112
2021-08-11 00:00:00+00:00,3171.4,5.492671309192781e-05,0.00013431373087033983
2021-08-12 00:00:00+00:00,3000.09,-2.4629996542142654e-05,-8.815513302889649e-05
2021-08-13 00:00:00+00:00,3290.97,0.0001055487577574597,0.00044627144991139165
2021-08-14 00:00:00+00:00,3244.4,0.00012754423865261655,0.0002830164842979214
2021-08-15 00:00:00+00:00,3306.18,2.570163155248852e-05,7.744384826169943e-05
2021-08-16 00:00:00+00:00,3185.58,0.0001419147836824125,0.0004350260576952926
2021-08-17 00:00:00+00:00,3051.94,6.890323865404654e-05,0.00020523645512278877
2021-08-18 00:00:00+00:00,3040.18,1.1189354668009435e-05,1.996993032713793e-05
2021-08-19 00:00:00+00:00,3170.31,2.1441613581663922e-05,0.0001450659403526207
2021-08-20 00:00:00+00:00,3260.76,0.00017067600399611535,0.0004841479714930748
2021-08-21 00:00:00+00:00,3254.75,2.464046277730618e-05,2.6951424401558625e-05
2021-08-22 00:00:00+00:00,3218.28,-1.0782415265564324e-05,-5.670475782748282e-05
2021-08-23 00:00:00+00:00,3335.74,0.00018756214665820205,0.0006063105500258612
2021-08-24 00:00:00+00:00,3215.6,3.5227395786531925e-05,9.178823517324828e-05
2021-08-25 00:00:00+00:00,3219.07,7.228379197216167e-06,3.82969759751888e-05
2021-08-26 00:00:00+00:00,3127.08,4.933280721570174e-05,0.00018107209455444167
2021-08-27 00:00:00+00:00,3275.14,0.0001883417322304527,0.0006848496686368763
2021-08-28 00:00:00+00:00,3236.26,0.00010538623773171085,0.00015741167064211635
2021-08-29 00:00:00+00:00,3237.8,2.4377079228923146e-05,0.00011221069169102058
2021-08-30 00:00:00+00:00,3284.73,7.781603038940441e-05,0.0003762829534628855
2021-08-31 00:00:00+00:00,3413.33,0.00024799361219911617,0.0006141868969065474
2021-09-01 00:00:00+00:00,3763.4,0.0001757413587080014,0.0006738571271569216
2021-09-02 00:00:00+00:00,3805.67,0.00029946744405906847,0.00079427021319186
2021-09-03 00:00:00+00:00,3887.59,0.0003026521579139824,0.0008992753825307587
2021-09-04 00:00:00+00:00,3886.77,9.37039140254888e-05,0.0003092402516968972
2021-09-05 00:00:00+00:00,3949.5,0.00025531899271620057,0.0009913788575928377
2021-09-06 00:00:00+00:00,3941.53,0.00030187587602036547,0.0008841246296091318
2021-09-07 00:00:00+00:00,3437.97,0.00018433607831876378,0.0003685880856720568
2021-09-08 00:00:00+00:00,3536.48,0.0001762026366751539,0.000501759469369787
2021-09-09 00:00:00+00:00,3448.86,4.358184551108682e-05,7.683889194927824e-05
2021-09-10 00:00:00+00:00,3171.45,5.0015605426557804e-06,-1.6242366430880517e-06
2021-09-11 00:00:00+00:00,3253.78,-3.448391153093044e-06,-1.518637472283659e-06
2021-09-12 00:00:00+00:00,3379.14,1.283277817308385e-05,5.947656269775936e-05
2021-09-13 00:00:00+00:00,3288.21,3.2107143849315818e-06,-1.1693170414652658e-05
2021-09-14 00:00:00+00:00,3420.76,1.0146688238717471e-06,7.062671059252601e-06
2021-09-15 00:00:00+00:00,3595.25,-1.7218865624997644e-06,-7.768917726633842e-06
2021-09-16 00:00:00+00:00,3554.7,3.929581585699365e-05,0.00013055176799520383
2021-09-17 00:00:00+00:00,3372.12,2.1683664193065245e-05,5.299710809494737e-05
2021-09-18 00:00:00+00:00,3419.88,1.3397852736639293e-06,2.9125689381704836e-06
2021-09-19 00:00:00+00:00,3298.86,-6.311080612935149e-07,-2.3511248796323935e-06
2021-09-20 00:00:00+00:00,2992.21,7.484867114008239e-06,4.9939370681646155e-05
2021-09-21 00:00:00+00:00,2723.06,1.828426069818301e-05,2.1035109670444754e-05
2021-09-22 00:00:00+00:00,3071.19,-5.0532932912896785e-05,-0.00016642383476891503
2021-09-23 00:00:00+00:00,3142.95,-0.00012492133667064967,-0.0004527018926023081
2021-09-24 00:00:00+00:00,2959.12,-0.0002136663457139739,-0.0005630403401063279
2021-09-25 00:00:00+00:00,2935.4,-1.2335429682777033e-05,-1.0518163106895101e-05
2021-09-26 00:00:00+00:00,3020.3,-2.008329832391533e-05,-5.8337891539938155e-05
2021-09-27 00:00:00+00:00,3003.95,2.4654129800796373e-07,-5.941819288555926e-06
2021-09-28 00:00:00+00:00,2834.77,-5.5209554723846745e-05,-0.00020359107676422373
2021-09-29 00:00:00+00:00,2837.35,-3.94036602471588e-05,-9.198662878802208e-05
2021-09-30 00:00:00+00:00,3003.91,-9.923690263205193e-07,1.6283182881322865e-05
2021-10-01 00:00:00+00:00,3287.79,-3.303311952098609e-07,-2.60110736523299e-06
2021-10-02 00:00:00+00:00,3424.79,-1.1477571111413635e-06,-6.769826356300187e-07
2021-10-03 00:00:00+00:00,3409.62,4.719355893203234e-07,8.394807587992321e-07
2021-10-04 00:00:00+00:00,3374.0,-7.731912878758332e-08,1.0645981018778342e-06
2021-10-05 00:00:00+00:00,3511.66,3.00037213212996e-06,1.3015173003503074e-05
2021-10-06 00:00:00+00:00,3589.37,2.1293515730571246e-05,6.787628056365058e-05
2021-10-07 00:00:00+00:00,3608.28,7.372722721050852e-06,1.5678980323280392e-05
2021-10-08 00:00:00+00:00,3577.29,5.3807422038530325e-05,0.0001773506759410726
2021-10-09 00:00:00+00:00,3588.98,1.872299347425839e-05,4.202603493545613e-05
2021-10-10 00:00:00+00:00,3467.81,-1.4002171053841755e-06,-7.491447671014808e-06
2021-10-11 00:00:00+00:00,3512.08,4.3335509461089225e-05,0.00014132607378929764
2021-10-12 00:00:00+00:00,3499.89,2.838248792143643e-06,7.861682619487565e-08
2021-10-13 00:00:00+00:00,3604.6,1.4635528945802055e-05,7.505865800246629e-05
2021-10-14 00:00:00+00:00,3783.07,0.00014955837601194624,0.0004344213496602857
2021-10-15 00:00:00+00:00,3849.07,0.00018367905204895462,0.0006532647165631267
2021-10-16 00:00:00+00:00,3825.15,0.00024287469202416865,0.0007725824951470408
2021-10-17 00:00:00+00:00,3828.16,0.0002262311251436597,0.0005236731706371981
2021-10-18 00:00:00+00:00,3747.35,7.226695944030528e-05,0.00030144625222982814
2021-10-19 00:00:00+00:00,3879.25,0.00011671219427621933,0.0002868537676917913
2021-10-20 00:00:00+00:00,4127.05,0.00017276913744876775,0.0006676217881612433
2021-10-21 00:00:00+00:00,4069.92,0.0003836115603323101,0.0010551179746075994
2021-10-22 00:00:00+00:00,3969.76,0.00014926903369912248,0.0004402873090021747
2021-10-23 00:00:00+00:00,4117.85,0.0001239095389941262,0.00039412015576188286
2021-10-24 00:00:00+00:00,4073.93,0.0002593163030107651,0.0007530534521105399
2021-10-25 00:00:00+00:00,4219.72,0.00030884650615493507,0.0009943430934404144
2021-10-26 00:00:00+00:00,4121.03,0.00020976228985485383,0.0006458475473651043
2021-10-27 00:00:00+00:00,3977.39,9.030002804656347e-05,0.00015133892050190172
2021-10-28 00:00:00+00:00,4253.15,6.009161616422541e-05,0.0002774186955090693
2021-10-29 00:00:00+00:00,4418.79,0.0004014642301840223,0.0011931621736786442
2021-10-30 00:00:00+00:00,4290.16,0.00024111308293163632,0.0006736736989202269
2021-10-31 00:00:00+00:00,4296.49,0.00011731050858317185,0.000377620166343242
2021-11-01 00:00:00+00:00,4308.97,0.0001883401003175902,0.0005695747926683294
2021-11-02 00:00:00+00:00,4549.05,0.00018597827142226007,0.0005224222496952016
2021-11-03 00:00:00+00:00,4595.42,0.00011276425201379549,0.00042062198768720707
2021-11-04 00:00:00+00:00,4519.25,7.608240766285015e-05,0.0001348900470826562
2021-11-05 00:00:00+00:00,4484.5,2.232083061980725e-05,6.859019730779489e-05
2021-11-06 00:00:00+00:00,4506.49,-2.3314068232909446e-05,-7.540377574208087e-05
2021-11-07 00:00:00+00:00,4600.15,0.00011669171911410554,0.0004560337746678995
2021-11-08 00:00:00+00:00,4781.68,0.0002943926657005779,0.0008019706020515663
2021-11-09 00:00:00+00:00,4757.43,3.729223919188903e-05,0.00011482467432647592
2021-11-10 00:00:00+00:00,4643.14,9.487724692201306e-05,0.0003311086071160634
2021-11-11 00:00:00+00:00,4752.89,3.280528296251087e-05,3.566504278556511e-05
2021-11-12 00:00:00+00:00,4644.55,1.972199375753134e-05,5.9548514358166336e-05
2021-11-13 00:00:00+00:00,4640.03,1.9075504880103217e-06,6.494071393192158e-06
2021-11-14 00:00:00+00:00,4574.73,-1.1040691339847521e-06,3.224379708875906e-06
2021-11-15 00:00:00+00:00,4581.99,0.00015443439599796522,0.0005907127407075456
2021-11-16 00:00:00+00:00,4261.93,4.384447818360308e-05,-4.3695883381055855e-06
2021-11-17 00:00:00+00:00,4238.59,-4.4235247213029614e-05,-0.00014116374152158603
2021-11-18 00:00:00+00:00,3974.76,2.123524298575462e-06,2.917730342094109e-05
2021-11-19 00:00:00+00:00,4283.42,1.74947323635899e-05,3.442871632741046e-05
2021-11-20 00:00:00+00:00,4414.55,-7.437458941684622e-06,-2.0647057717491157e-05
2021-11-21 00:00:00+00:00,4318.24,2.679715140434938e-07,9.078829206594107e-07
2021-11-22 00:00:00+00:00,4116.23,1.8706548284448867e-06,8.70256816137587e-06
2021-11-23 00:00:00+00:00,4334.74,1.679608009479198e-05,6.161294107394184e-05
2021-11-24 00:00:00+00:00,4247.78,4.792973466575328e-05,0.00014820052344888322
2021-11-25 00:00:00+00:00,4520.69,6.0972529567608195e-05,0.00020671402160504402
2021-11-26 00:00:00+00:00,4070.26,-3.490851587122585e-06,-0.00013933131020231883
2021-11-27 00:00:00+00:00,4118.79,-4.5515879295632386e-05,-5.132180371338038e-05
2021-11-28 00:00:00+00:00,4226.74,-2.6640143764975034e-06,-1.8801225010163632e-06
2021-11-29 00:00:00+00:00,4443.62,-1.8444644471409473e-07,-3.0117681269069473e-06
2021-11-30 00:00:00+00:00,4658.7,1.4192908272240787e-05,6.131306562381739e-05
2021-12-01 00:00:00+00:00,4567.48,1.042644881737306e-05,2.3792371088251516e-05
2021-12-02 00:00:00+00:00,4545.9,1.2149116689681858e-05,4.52180392807127e-05
2021-12-03 00:00:00+00:00,4199.52,2.5029720468981343e-05,6.585401251609402e-05
2021-12-04 00:00:00+00:00,4099.78,-0.0001661040624510471,-0.00048644625813271445
2021-12-05 00:00:00+00:00,4167.14,-1.694892738872412e-06,-3.6929748981026124e-06
2021-12-06 00:00:00+00:00,4340.7,4.501166122443734e-05,0.00014595200967357442
2021-12-07 00:00:00+00:00,4272.31,4.014024843411301e-05,0.00013447553234557848
2021-12-08 00:00:00+00:00,4391.62,3.13989511926364e-05,0.00010104961605435319
2021-12-09 00:00:00+00:00,4167.46,1.3628556228120459e-05,2.461169403898988e-05
2021-12-10 00:00:00+00:00,3960.34,6.863692556965128e-06,4.579026246041885e-06
2021-12-11 00:00:00+00:00,4026.49,2.138266333134127e-07,1.4890587556377767e-06
2021-12-12 00:00:00+00:00,4156.85,6.589061851552251e-07,2.400757101821441e-06
2021-12-13 00:00:00+00:00,3795.08,-8.980392374744174e-07,-3.574236059069996e-06
2021-12-14 00:00:00+00:00,3839.81,2.0851706852109747e-07,1.0346055100474248e-06
2021-12-15 00:00:00+00:00,4001.59,1.6075290148162497e-06,2.6682336904978836e-05
2021-12-16 00:00:00+00:00,4009.06,2.361854213993336e-05,6.299206163547616e-05
2021-12-17 00:00:00+00:00,3901.27,1.1314852092952094e-05,6.391309442601805e-05
2021-12-18 00:00:00+00:00,3974.92,8.436722536315941e-05,0.00022127737479693313
2021-12-19 00:00:00+00:00,3982.87,5.398094848030156e-05,0.00016103428431164172
2021-12-20 00:00:00+00:00,3892.8,0.00017026379781216844,0.0006053500518047457
2021-12-21 00:00:00+00:00,4028.81,0.0002271909025116505,0.0006339701680419808
2021-12-22 00:00:00+00:00,4002.36,6.564232075247614e-05,0.00015713962276705569
2021-12-23 00:00:00+00:00,4096.65,1.960484767316023e-05,0.00011296569214915871
2021-12-24 00:00:00+00:00,4056.07,7.615339794256914e-05,0.00017791638763865796
2021-12-25 00:00:00+00:00,4089.29,6.390208237425188e-05,0.00023910771361574653
2021-12-26 00:00:00+00:00,4084.19,7.406279903020545e-05,0.0002646957882668438
2021-12-27 00:00:00+00:00,4065.12,0.0001775359065805394,0.0004501977519080689
2021-12-28 00:00:00+00:00,3810.94,1.4803766123964284e-05,2.8868459493556325e-05
2021-12-29 00:00:00+00:00,3723.14,6.8864226744436e-06,3.6939132403742694e-05
2021-12-30 00:00:00+00:00,3702.65,1.8970915696135562e-05,3.9637628170314986e-05
2021-12-31 00:00:00+00:00,3682.39,5.827719764735792e-06,2.479709499613776e-05
2022-01-01 00:00:00+00:00,3758.47,2.115574992523672e-05,5.466301433703479e-05
2022-01-02 00:00:00+00:00,3829.04,5.771537596500907e-08,1.6063606916403438e-07
2022-01-03 00:00:00+00:00,3751.96,2.7281988112576996e-06,1.711108525358521e-05
2022-01-04 00:00:00+00:00,3815.78,1.3792149404607e-05,3.780164905596815e-05
2022-01-05 00:00:00+00:00,3533.0,8.71263268206989e-06,2.6196249113917528e-05
2022-01-06 00:00:00+00:00,3428.48,9.3276255778872e-06,2.0864329834102744e-05
2022-01-07 00:00:00+00:00,3181.15,1.2684038959980957e-05,4.021850818831115e-05
2022-01-08 00:00:00+00:00,3118.71,2.007599631562071e-06,6.1462507664384355e-06
2022-01-09 00:00:00+00:00,3179.06,-1.7710463711905422e-06,-2.1873566303614163e-05
2022-01-10 00:00:00+00:00,3063.39,-6.89361165516294e-06,-8.258338515781207e-06
2022-01-11 00:00:00+00:00,3233.91,-9.981464031328626e-06,-4.826483714189291e-05
2022-01-12 00:00:00+00:00,3363.73,-4.299086477360555e-05,-0.00013600824308653868
2022-01-13 00:00:00+00:00,3247.85,-4.0920275109625105e-05,-9.509911013227453e-05
2022-01-14 00:00:00+00:00,3316.45,4.128173251309496e-06,9.34595333451485e-06
2022-01-15 00:00:00+00:00,3340.25,2.151518671231677e-06,1.373276290798493e-05
2022-01-16 00:00:00+00:00,3351.21,3.7153700843225564e-05,0.00011361583238759446
2022-01-17 00:00:00+00:00,3194.04,3.121989672645903e-05,0.00010298043541064201
2022-01-18 00:00:00+00:00,3180.04,5.617378007084106e-05,0.00019562932735441138
2022-01-19 00:00:00+00:00,3128.57,2.0171750993854564e-05,1.3301781253438367e-05
2022-01-20 00:00:00+00:00,3060.71,2.7854657207355545e-06,1.4271870427081243e-05
2022-01-21 00:00:00+00:00,2545.38,2.9478547401453063e-06,2.6583556058467466e-05
2022-01-22 00:00:00+00:00,2379.1,1.1294436297703619e-05,1.4485320797060351e-05
2022-01-23 00:00:00+00:00,2446.93,-6.903725049769044e-07,-1.068306668602671e-05
2022-01-24 00:00:00+00:00,2414.1,-6.3293958133250615e-06,-4.555624953190035e-05
2022-01-25 00:00:00+00:00,2436.82,-2.832671685194816e-05,-8.493760787455892e-05
2022-01-26 00:00:00+00:00,2439.45,-5.7922429136338246e-05,-0.000162430287818913
2022-01-27 00:00:00+00:00,2382.92,-6.900216824184093e-06,-4.37066344602275e-06
2022-01-28 00:00:00+00:00,2518.04,-1.0735805378628158e-05,-9.466962949114944e-05
2022-01-29 00:00:00+00:00,2601.64,-8.743177352953009e-05,-0.00025071110120992855
2022-01-30 00:00:00+00:00,2577.29,-5.80799791429549e-05,-0.00013374768309246078
2022-01-31 00:00:00+00:00,2682.15,-7.612718603897284e-06,-5.411433639531243e-05
2022-02-01 00:00:00+00:00,2789.79,-0.000129854849236805,-0.00039938349094732837
2022-02-02 00:00:00+00:00,2680.63,-4.378364513674213e-05,-0.00011685561296893217
2022-02-03 00:00:00+00:00,2661.88,-1.4412213502623477e-05,-1.1398186513721388e-05
2022-02-04 00:00:00+00:00,2958.17,2.3728691812909474e-06,-2.1564778262755083e-06
2022-02-05 00:00:00+00:00,3021.19,-5.607112274287089e-05,-0.0001692529587816558
2022-02-06 00:00:00+00:00,2990.87,-2.9885770685771897e-06,-1.0650699582873199e-05
2022-02-07 00:00:00+00:00,3154.41,-4.788587994972631e-05,-0.00017311252743615717
2022-02-08 00:00:00+00:00,3116.63,-2.301272704993515e-05,-3.9300257527554416e-05
2022-02-09 00:00:00+00:00,3254.19,-1.0193866283964419e-05,-5.912908316154114e-05
2022-02-10 00:00:00+00:00,3117.36,-5.181114471566007e-05,-0.00015361111066168202
2022-02-11 00:00:00+00:00,2894.78,-9.7316954499444e-07,6.238719438047282e-05
2022-02-12 00:00:00+00:00,2917.17,3.5406403204903906e-05,6.664182076255856e-05
2022-02-13 00:00:00+00:00,2903.99,5.41651115829915e-07,4.932774922128256e-06
2022-02-14 00:00:00+00:00,2942.29,7.320912428671892e-06,1.7427597056786113e-05
2022-02-15 00:00:00+00:00,3127.61,-3.634437546027436e-05,-0.00011027766401903803
2022-02-16 00:00:00+00:00,3138.16,-5.829265577620952e-06,-3.336684084467632e-05
2022-02-17 00:00:00+00:00,2900.47,-2.3938920351504792e-05,-5.3055393497482685e-05
2022-02-18 00:00:00+00:00,2775.29,1.3872066964200663e-05,6.085000081405496e-05
2022-02-19 00:00:00+00:00,2744.22,1.1718364565631364e-05,1.7827911031606752e-05
2022-02-20 00:00:00+00:00,2654.05,4.074378471597654e-06,1.1312823133297735e-05
2022-02-21 00:00:00+00:00,2619.63,8.492206485528926e-06,2.1085367423329557e-05
2022-02-22 00:00:00+00:00,2604.94,1.4007300883715282e-06,3.714485319202711e-06
2022-02-23 00:00:00+00:00,2638.12,-1.566769090925811e-06,-4.892123155323283e-06
2022-02-24 00:00:00+00:00,2566.2,2.0545028777658886e-05,5.588632728333113e-05
2022-02-25 00:00:00+00:00,2795.41,-4.829434266421358e-06,-1.6916178691450212e-05
2022-02-26 00:00:00+00:00,2796.75,-5.8306768635120225e-06,-1.2774408357087137e-05
2022-02-27 00:00:00+00:00,2631.16,-7.86812817724227e-08,-4.389451704441093e-06
2022-02-28 00:00:00+00:00,2894.08,-2.793398582628837e-06,-7.410385272831288e-06
2022-03-01 00:00:00+00:00,2974.97,-6.163416965006597e-06,-1.822177388179427e-05
2022-03-02 00:00:00+00:00,2962.64,-2.3100901196620435e-06,-2.4787005673297327e-06
2022-03-03 00:00:00+00:00,2834.35,1.3308746580862892e-06,5.412627614727666e-06
2022-03-04 00:00:00+00:00,2612.54,2.2433447912507225e-05,6.973416676019535e-05
2022-03-05 00:00:00+00:00,2670.37,2.136081327265751e-06,7.2890663116264e-07
2022-03-06 00:00:00+00:00,2629.74,5.561954000279615e-08,2.8218344174797725e-07
2022-03-07 00:00:00+00:00,2504.24,1.7050739619311491e-06,4.842857407260579e-06
2022-03-08 00:00:00+00:00,2568.95,4.925596860981651e-08,5.37977903837299e-07
2022-03-09 00:00:00+00:00,2717.77,-2.6404025043507287e-06,-8.459165954271509e-06
2022-03-10 00:00:00+00:00,2613.73,-1.035588851051879e-06,-2.82648306853502e-06
2022-03-11 00:00:00+00:00,2570.37,3.541096230492336e-07,1.4760998715556799e-06
2022-03-12 00:00:00+00:00,2588.2,-6.22047032231956e-06,-3.276240429150529e-05
2022-03-13 00:00:00+00:00,2505.91,-1.2783881314399629e-05,-2.7972919931345902e-05
2022-03-14 00:00:00+00:00,2570.79,-1.2476624795741165e-06,-2.578119105079933e-07
2022-03-15 00:00:00+00:00,2623.64,-1.63901175439951e-05,-4.9171445467310704e-05
2022-03-16 00:00:00+00:00,2748.13,-1.892785401748909e-06,-4.599059303901986e-06
2022-03-17 00:00:00+00:00,2821.43,3.217468993114957e-06,8.531492106380548e-06
2022-03-18 00:00:00+00:00,2932.71,-1.7938361784397516e-06,-8.931529063155016e-06
2022-03-19 00:00:00+00:00,2937.08,-3.2680382063416196e-06,-7.249075367032518e-06
2022-03-20 00:00:00+00:00,2877.4,3.076989480840219e-06,1.545584120774361e-05
2022-03-21 00:00:00+00:00,2909.39,4.359371911693625e-06,7.416306000726258e-06
2022-03-22 00:00:00+00:00,3000.89,1.1721153356190818e-06,3.5663254008802645e-06
2022-03-23 00:00:00+00:00,3006.88,-1.0214145402683185e-06,-3.0633104762641157e-06
2022-03-24 00:00:00+00:00,3113.59,3.8290473900613636e-06,1.1498243904968155e-05
2022-03-25 00:00:00+00:00,3100.01,2.4482866803289184e-06,6.927411721217986e-06
2022-03-26 00:00:00+00:00,3136.08,3.3433613951354066e-07,1.5865364519418915e-06
2022-03-27 00:00:00+00:00,3270.72,2.0445793922038678e-07,1.9525133246718377e-06
2022-03-28 00:00:00+00:00,3372.76,-1.792594862237525e-06,-1.0483053426450988e-05
2022-03-29 00:00:00+00:00,3388.12,-2.3123915839214792e-06,-3.2702021875812514e-06
2022-03-30 00:00:00+00:00,3390.28,2.037080570776575e-06,6.492377370041761e-06
2022-03-31 00:00:00+00:00,3291.83,8.788577126366163e-06,3.3442473790307323e-05
2022-04-01 00:00:00+00:00,3451.98,2.3828012159109348e-05,6.729722835536412e-05
2022-04-02 00:00:00+00:00,3467.48,7.07576487647884e-06,1.7500001492554573e-05
2022-04-03 00:00:00+00:00,3544.72,1.8693310194110598e-06,6.074137427773601e-06
2022-04-04 00:00:00+00:00,3528.74,6.110599927543774e-07,3.6896677117514354e-06
2022-04-05 00:00:00+00:00,3444.2,1.3766259077467645e-05,3.9495689622959345e-05
2022-04-06 00:00:00+00:00,3189.56,1.5954765404885407e-05,7.248478490471137e-05
2022-04-07 00:00:00+00:00,3235.87,9.366881456652251e-06,1.957943104162906e-06
2022-04-08 00:00:00+00:00,3190.89,-1.881629245344793e-07,-2.3361307921236396e-06
2022-04-09 00:00:00+00:00,3248.72,-4.3172358524863295e-07,5.152521026440733e-07
2022-04-10 00:00:00+00:00,3223.91,2.3105300055605748e-08,7.153328308429253e-09
2022-04-11 00:00:00+00:00,3000.07,1.5574247759116378e-05,6.391512439297753e-05
2022-04-12 00:00:00+00:00,3014.58,1.8110587810797044e-05,4.0848263214965814e-05
2022-04-13 00:00:00+00:00,3123.61,5.923785918827068e-06,1.3110897178457142e-05
2022-04-14 00:00:00+00:00,3014.3,7.3587894545954e-07,2.3180350818260885e-06
2022-04-15 00:00:00+00:00,3033.07,-2.322465078789483e-07,-8.432309453177194e-07
2022-04-16 00:00:00+00:00,3061.66,-7.575184109540317e-08,-1.9040943567559248e-07
2022-04-17 00:00:00+00:00,3045.7,-7.319190501039775e-08,-4.116454499140435e-07
2022-04-18 00:00:00+00:00,3065.9,-3.125131678199332e-07,-5.540109817532344e-07
2022-04-19 00:00:00+00:00,3098.54,-1.2028030231289807e-07,-6.544471400688542e-07
2022-04-20 00:00:00+00:00,3086.66,-4.369080957721315e-07,-1.2991876518871018e-06
2022-04-21 00:00:00+00:00,2983.9,-3.1172412486891885e-06,-9.912437563942969e-06
2022-04-22 00:00:00+00:00,2959.17,6.398908936503221e-07,5.729414083132339e-06
2022-04-23 00:00:00+00:00,2956.3,1.0912520351804928e-06,3.0614418649778144e-08
2022-04-24 00:00:00+00:00,2929.67,2.264341528130287e-08,1.0752872616156748e-07
2022-04-25 00:00:00+00:00,3009.75,1.2894637115390614e-07,3.873291156829089e-07
2022-04-26 00:00:00+00:00,2821.11,4.868736687087469e-06,2.438422405591056e-05
2022-04-27 00:00:00+00:00,2875.8,3.280177564964984e-06,-3.519913818595107e-07
2022-04-28 00:00:00+00:00,2928.3,8.257270393884645e-07,1.8731541308868695e-06
2022-04-29 00:00:00+00:00,2819.28,-1.29782700143394e-07,-1.2134722421928967e-06
2022-04-30 00:00:00+00:00,2781.64,-6.802989449299966e-07,-9.506253945532769e-07
2022-05-01 00:00:00+00:00,2806.92,-1.096834451858588e-06,-2.937851244752574e-06
2022-05-02 00:00:00+00:00,2861.89,1.8390797032102008e-09,1.1871499600114314e-08
2022-05-03 00:00:00+00:00,2784.08,1.637006017111693e-08,8.349870920086361e-08
2022-05-04 00:00:00+00:00,2924.41,3.1651876912524015e-06,2.0115820258211614e-05
2022-05-05 00:00:00+00:00,2736.2,1.5022718516272421e-05,3.304681990693246e-05
2022-05-06 00:00:00+00:00,2694.46,-1.544904027498987e-07,1.278579383154848e-06
2022-05-07 00:00:00+00:00,2602.7,7.026726401849836e-07,2.025523556189998e-06
2022-05-08 00:00:00+00:00,2538.6,3.380983190831953e-05,0.00012744130280342914
2022-05-09 00:00:00+00:00,2293.42,7.17419268767544e-05,0.00026332774168077305
2022-05-10 00:00:00+00:00,2318.75,0.0001587311489138829,0.000532168244515934
2022-05-11 00:00:00+00:00,2076.37,0.0002919086012176324,0.0010668029591177981
2022-05-12 00:00:00+00:00,1918.89,0.0004735499312047502,0.0010600151775647648
2022-05-13 00:00:00+00:00,2055.21,5.797014479027242e-05,0.0001412077559321759
2022-05-14 00:00:00+00:00,2052.85,1.1796954156643341e-07,6.897322326718055e-07
2022-05-15 00:00:00+00:00,2127.4,1.250713518351275e-05,7.003956510867428e-05
2022-05-16 00:00:00+00:00,2030.39,3.86749527208735e-05,9.587115012099887e-05
2022-05-17 00:00:00+00:00,2079.39,2.812820404605417e-05,7.48316590937809e-05
2022-05-18 00:00:00+00:00,1945.55,3.2923321089349162e-06,8.459149773391802e-06
2022-05-19 00:00:00+00:00,2004.5,2.1081626779344518e-05,8.465514793789338e-05
2022-05-20 00:00:00+00:00,1950.91,3.634142989631071e-05,8.845315178915589e-05
2022-05-21 00:00:00+00:00,1972.21,2.284503253805369e-06,6.412349864846495e-06
2022-05-22 00:00:00+00:00,2033.39,8.248702973012808e-07,4.473964079124136e-06
2022-05-23 00:00:00+00:00,1975.93,4.1545715227879454e-06,1.3321188665209503e-05
2022-05-24 00:00:00+00:00,1980.87,1.65619345514876e-06,6.263087303771674e-06
2022-05-25 00:00:00+00:00,1963.31,2.9747608432959507e-05,9.212526863332925e-05
2022-05-26 00:00:00+00:00,1818.4,4.504578308023616e-06,1.3578574759739615e-05
2022-05-27 00:00:00+00:00,1740.09,2.2134573085936716e-05,6.202078499284997e-05
2022-05-28 00:00:00+00:00,1782.78,5.301127339049878e-06,1.2466145914821925e-05
2022-05-29 00:00:00+00:00,1809.06,2.0407984880311713e-06,6.798431707150009e-06
2022-05-30 00:00:00+00:00,1998.0,2.8338483716869953e-05,0.00011001752885907944
2022-05-31 00:00:00+00:00,1955.92,5.018633263939635e-05,0.00013236821252602676
2022-06-01 00:00:00+00:00,1816.62,1.9205384924244168e-05,5.4007670790992955e-05
2022-06-02 00:00:00+00:00,1833.1,1.3974930168362626e-05,4.969252038283244e-05
2022-06-03 00:00:00+00:00,1781.01,1.4696490177067523e-05,3.491867859558537e-05
2022-06-04 00:00:00+00:00,1797.56,3.5845268145559194e-06,1.050476256676974e-05
2022-06-05 00:00:00+00:00,1814.29,1.3153778885376544e-05,5.9490740268618046e-05
2022-06-06 00:00:00+00:00,1853.66,3.083363394033023e-05,9.09137167234059e-05
2022-06-07 00:00:00+00:00,1807.85,7.072099746067663e-06,4.13914405001439e-06
2022-06-08 00:00:00+00:00,1798.71,1.1382102461127044e-06,9.052605983011224e-07
2022-06-09 00:00:00+00:00,1787.05,5.7216282483120056e-08,2.390843168577816e-07
2022-06-10 00:00:00+00:00,1673.53,2.7310366434070737e-06,7.5107174815754015e-06
2022-06-11 00:00:00+00:00,1546.76,-9.95417420876941e-06,-2.8162467352814657e-05
2022-06-12 00:00:00+00:00,1454.6,-1.2959988517296716e-06,-5.551966811747102e-06
2022-06-13 00:00:00+00:00,1191.45,-3.111845310115123e-05,-0.00015758727751212973
2022-06-14 00:00:00+00:00,1175.32,-0.00032849985093657,-0.0012209862446338295
2022-06-15 00:00:00+00:00,1217.14,-0.0005527559635693869,-0.0014090649294590312
2022-06-16 00:00:00+00:00,1065.04,-0.00023106265384001618,-0.0006629821515856471
2022-06-17 00:00:00+00:00,1082.63,-0.0003342216771905987,-0.0010484785063468419
2022-06-18 00:00:00+00:00,989.72,-0.00035126979797496185,-0.0011384781417339415
2022-06-19 00:00:00+00:00,1140.05,-0.00044432362334732834,-0.0011832490440850532
2022-06-20 00:00:00+00:00,1106.15,-0.0001597488899711106,-0.0004306984640424543
2022-06-21 00:00:00+00:00,1137.1,-0.0001283145726203389,-0.00042677421000521747
2022-06-22 00:00:00+00:00,1060.79,-0.0001493359006909892,-0.00037949471543187246
2022-06-23 00:00:00+00:00,1140.68,-4.5051049095992957e-05,-0.00012074751304517194
2022-06-24 00:00:00+00:00,1229.38,-2.2747558485249713e-06,-2.0287785176194872e-05
2022-06-25 00:00:00+00:00,1241.47,-2.2464688489439603e-06,6.147981038036384e-06
2022-06-26 00:00:00+00:00,1213.63,-7.817682954936089e-06,-3.313278363707501e-05
2022-06-27 00:00:00+00:00,1201.25,-1.1882135333815132e-05,-2.5806083492087135e-05
2022-06-28 00:00:00+00:00,1146.75,-3.456200128430619e-06,-1.318384308463424e-05
2022-06-29 00:00:00+00:00,1107.82,-6.387756605419603e-06,-1.7472318463445967e-05
2022-06-30 00:00:00+00:00,1022.34,-9.307132515431816e-05,-0.0003081838894365721
2022-07-01 00:00:00+00:00,1063.3,-4.422902485429953e-05,-0.00010671059533902097
2022-07-02 00:00:00+00:00,1069.15,-2.4945812591688608e-05,-7.179929775043455e-05
2022-07-03 00:00:00+00:00,1074.68,-3.57743429248096e-05,-0.00010046562474711599
2022-07-04 00:00:00+00:00,1141.8,-4.3519923800204385e-05,-0.0001301933052387455
2022-07-05 00:00:00+00:00,1150.2,-5.9109251586820585e-06,-1.727656470028999e-05
2022-07-06 00:00:00+00:00,1189.45,-1.0973817172646941e-06,-2.552028186858786e-06
2022-07-07 00:00:00+00:00,1229.3,-2.419944970219862e-06,-1.1733693516144795e-05
2022-07-08 00:00:00+00:00,1230.57,-3.2518178939978577e-06,-4.890743118235459e-06
2022-07-09 00:00:00+00:00,1215.47,3.655364919588864e-08,-3.8544152981794365e-10
2022-07-10 00:00:00+00:00,1167.81,-1.122752597154585e-06,-3.971970147752955e-06
2022-07-11 00:00:00+00:00,1097.98,-1.3823541079676394e-06,-3.7464123307790614e-06
2022-07-12 00:00:00+00:00,1041.97,-1.68693200115032e-05,-6.062653109694135e-05
2022-07-13 00:00:00+00:00,1085.55,-7.331092625025195e-05,-0.00028711166752914323
2022-07-14 00:00:00+00:00,1186.55,-0.00010179215169012132,-0.00023450863978105599
2022-07-15 00:00:00+00:00,1248.8,-5.698988009708154e-06,-1.6151683112355546e-05
2022-07-16 00:00:00+00:00,1357.52,-1.0618604471712486e-06,3.920036570463074e-06
2022-07-17 00:00:00+00:00,1359.97,3.0271587119429813e-06,6.908597371636427e-06
2022-07-18 00:00:00+00:00,1514.18,-5.918497280545792e-06,-2.0626290667495355e-05
2022-07-19 00:00:00+00:00,1563.58,-4.152388241202979e-06,-1.2733049641457205e-05
2022-07-20 00:00:00+00:00,1526.82,-2.5329774807363347e-05,-8.934608890521995e-05
2022-07-21 00:00:00+00:00,1576.44,-2.746286794106433e-05,-6.694090607096617e-05
2022-07-22 00:00:00+00:00,1539.98,8.219207717536773e-07,-9.429315202451027e-07
2022-07-23 00:00:00+00:00,1542.26,-2.6095404317547253e-05,-7.377274312912238e-05
2022-07-24 00:00:00+00:00,1605.28,3.164019730571806e-07,5.077739210698017e-06
2022-07-25 00:00:00+00:00,1481.62,-7.1244122181394945e-06,-3.726398192426298e-05
2022-07-26 00:00:00+00:00,1411.17,-3.1644945919542283e-05,-0.00010223949566763708
2022-07-27 00:00:00+00:00,1626.64,-1.7000109246713706e-05,-3.4384179380483396e-05
2022-07-28 00:00:00+00:00,1746.32,1.4650674090807754e-06,1.0697638489760157e-05
2022-07-29 00:00:00+00:00,1742.22,-7.24593545662526e-06,-2.4603056967612527e-05
2022-07-30 00:00:00+00:00,1699.69,-2.1648627482187243e-05,-7.070475475499966e-05
2022-07-31 00:00:00+00:00,1685.45,-2.1969240609154826e-05,-6.501473306819534e-05
2022-08-01 00:00:00+00:00,1629.54,-5.6589514245736885e-05,-0.0001661799613807013
2022-08-02 00:00:00+00:00,1647.52,-4.923752321327698e-05,-0.0001539682508847489
2022-08-03 00:00:00+00:00,1622.42,-6.082623436573121e-05,-0.00017570236468662575
2022-08-04 00:00:00+00:00,1596.87,-6.300542840994285e-05,-0.00019567683101620357
2022-08-05 00:00:00+00:00,1715.67,-6.697403348748901e-06,-6.709775054336758e-06
2022-08-06 00:00:00+00:00,1713.79,-1.623203401715099e-07,-1.039974984232828e-06
2022-08-07 00:00:00+00:00,1705.04,-2.34546529693956e-06,-9.865806718697892e-06
2022-08-08 00:00:00+00:00,1778.26,-2.181709083192869e-06,-6.625031272473135e-06
2022-08-09 00:00:00+00:00,1704.2,-2.030425115148972e-05,-5.784006739193243e-05
2022-08-10 00:00:00+00:00,1850.81,-2.207883677354171e-05,-6.663010717913451e-05
2022-08-11 00:00:00+00:00,1874.36,-2.323671608964602e-06,-7.383600152257847e-06
2022-08-12 00:00:00+00:00,1932.87,-6.54431182196321e-08,7.046398789263856e-07
2022-08-13 00:00:00+00:00,1979.36,-2.5082438475690304e-05,-8.885224901600299e-05
2022-08-14 00:00:00+00:00,1933.06,-4.315407709103537e-05,-0.00013385890297650812
2022-08-15 00:00:00+00:00,1895.55,-3.470819504845943e-05,-9.85477602837008e-05
2022-08-16 00:00:00+00:00,1872.23,-6.336010587862446e-06,-1.2539310653016188e-05
2022-08-17 00:00:00+00:00,1829.08,-1.0860627751058058e-05,-4.251200127548142e-05
2022-08-18 00:00:00+00:00,1866.86,-5.943065422967021e-05,-0.00017605364316090747
2022-08-19 00:00:00+00:00,1620.23,-0.00020568909404319183,-0.0008217532374010904
2022-08-20 00:00:00+00:00,1573.68,-0.00047499683166927646,-0.0014206739475505622
2022-08-21 00:00:00+00:00,1618.6,-0.000362488012201364,-0.0008917342806211966
2022-08-22 00:00:00+00:00,1587.27,-7.010157467453433e-05,-0.000200776343755849
2022-08-23 00:00:00+00:00,1654.01,-6.308324947378879e-05,-0.00016135401739112953
2022-08-24 00:00:00+00:00,1660.73,-1.6468104800614203e-05,-4.895432105268579e-05
2022-08-25 00:00:00+00:00,1694.61,-2.6068972603952575e-05,-0.00014399167876618722
2022-08-26 00:00:00+00:00,1549.18,-0.00011538738467543164,-0.0004077292537547031
2022-08-27 00:00:00+00:00,1484.18,-0.00032426096442725116,-0.0009852755811381115
2022-08-28 00:00:00+00:00,1464.47,-0.00039559192115994117,-0.001138342593523429
2022-08-29 00:00:00+00:00,1540.52,-0.0002190555276509271,-0.000666572064855904
2022-08-30 00:00:00+00:00,1545.77,-0.00014750714223858114,-0.00040292342115963865
2022-08-31 00:00:00+00:00,1568.52,-0.00017497960447423683,-0.0005723436208654561
2022-09-01 00:00:00+00:00,1586.52,-0.00023650199686638639,-0.0005805727506528505
2022-09-02 00:00:00+00:00,1580.73,-3.546500483380386e-05,-0.0001398829351455723
2022-09-03 00:00:00+00:00,1555.55,-7.630532408479022e-05,-0.00025775014965111973
2022-09-04 00:00:00+00:00,1566.97,-0.00011010237556118522,-0.00030652457088624796
2022-09-05 00:00:00+00:00,1606.48,-6.547950206444412e-05,-0.0002043833959186149
2022-09-06 00:00:00+00:00,1579.33,-0.00017979751237502366,-0.0005918955517781442
2022-09-07 00:00:00+00:00,1635.75,-0.0002848413576769027,-0.0009335324695729129
2022-09-08 00:00:00+00:00,1632.18,-0.00036397712760159485,-0.0010626114715950041
2022-09-09 00:00:00+00:00,1720.33,-0.0002236711865997077,-0.0006804885405769806
2022-09-10 00:00:00+00:00,1784.03,-0.00021267351657118896,-0.0005790358166241217
2022-09-11 00:00:00+00:00,1746.48,-0.0004036450612254789,-0.00130919265274029
2022-09-12 00:00:00+00:00,1706.4,-0.0003723426503786733,-0.001110522735061668
2022-09-13 00:00:00+00:00,1587.69,-0.0006313280701979753,-0.0021676492141340952
2022-09-14 00:00:00+00:00,1639.1,-0.001957289705335034,-0.007212875852298057
2022-09-15 00:00:00+00:00,1474.69,-0.0029523265856692895,-0.0070828651436436445
2022-09-16 00:00:00+00:00,1432.23,-2.7916773725151492e-05,-4.895283413744785e-05
2022-09-17 00:00:00+00:00,1465.41,-9.585132460138443e-05,-0.00033312719867901753
2022-09-18 00:00:00+00:00,1341.17,-0.00011827187572118165,-0.00045990918519277837
2022-09-19 00:00:00+00:00,1385.88,-0.00033247926003078396,-0.0008848372133865523
2022-09-20 00:00:00+00:00,1331.11,-9.39851298795476e-05,-0.00027222179733568853
2022-09-21 00:00:00+00:00,1243.98,-2.4301148974791934e-05,-7.513367273800765e-05
2022-09-22 00:00:00+00:00,1323.52,-0.00020312811520410514,-0.000569591049364304
2022-09-23 00:00:00+00:00,1329.79,-2.5310444735098178e-05,-7.242636833397689e-05
2022-09-24 00:00:00+00:00,1314.35,-4.165390905524756e-05,-0.00014705974533414198
2022-09-25 00:00:00+00:00,1290.97,-3.0543950019299545e-05,-0.0001158035463506139
2022-09-26 00:00:00+00:00,1327.4,-2.6978744591278552e-05,-3.466929363658686e-05
2022-09-27 00:00:00+00:00,1329.81,-5.82869986841615e-05,-0.0002513715656132221
2022-09-28 00:00:00+00:00,1337.92,-0.00012612567517145292,-0.00029476934780912683
2022-09-29 00:00:00+00:00,1329.45,-3.3890122849902935e-05,-0.00019118083503006896
2022-09-30 00:00:00+00:00,1322.44,-0.0001192978783299095,-0.0003048510695004902
2022-10-01 00:00:00+00:00,1312.92,-0.00010344435114126157,-0.0003046662046519942
2022-10-02 00:00:00+00:00,1290.1,-0.00012636263276563327,-0.000406487064960702
2022-10-03 00:00:00+00:00,1315.62,-0.0001752302445281642,-0.000500200672433551
2022-10-04 00:00:00+00:00,1359.55,-6.259901111981357e-05,-0.0001615768097456799
2022-10-05 00:00:00+00:00,1355.93,-5.1444079076888955e-05,-0.00021995021154333402
2022-10-06 00:00:00+00:00,1351.05,-7.323125525718115e-05,-0.00017281019808522647
2022-10-07 00:00:00+00:00,1333.83,-4.3758576020358815e-05,-0.00010854220182616601
2022-10-08 00:00:00+00:00,1311.91,-9.110977802179863e-06,-3.760387400905529e-05
2022-10-09 00:00:00+00:00,1316.7,-2.9369771478872986e-05,-0.0001252738592673126
2022-10-10 00:00:00+00:00,1292.2,-7.690431721774355e-05,-0.00024083424005427547
2022-10-11 00:00:00+00:00,1280.72,-7.751369925260744e-05,-0.00020212984721869868
2022-10-12 00:00:00+00:00,1294.55,-1.9776015922050166e-05,-2.923785894266095e-05
2022-10-13 00:00:00+00:00,1292.58,-7.838519846520747e-05,-0.0002371706738957727
2022-10-14 00:00:00+00:00,1295.85,-1.8284723056534683e-05,-5.2112225428412575e-05
2022-10-15 00:00:00+00:00,1271.3,-4.8069288480588596e-05,-0.00015905825621666538
2022-10-16 00:00:00+00:00,1308.39,-3.434910791207168e-05,-8.607234866769091e-05
2022-10-17 00:00:00+00:00,1331.12,-3.928834300014286e-06,-1.1485588944813246e-05
2022-10-18 00:00:00+00:00,1312.62,-2.726472491008664e-05,-9.688251456091972e-05
2022-10-19 00:00:00+00:00,1286.32,-3.2638981368950474e-05,-0.00010236159023165151
2022-10-20 00:00:00+00:00,1282.78,-5.423022082259296e-05,-0.00018733720464733089
2022-10-21 00:00:00+00:00,1301.55,-6.169835981954383e-05,-0.00013750475034902124
2022-10-22 00:00:00+00:00,1315.36,-1.48697130798637e-05,-4.6467847835464535e-05
2022-10-23 00:00:00+00:00,1365.33,-1.3396911596572236e-05,-4.1089638899716375e-05
2022-10-24 00:00:00+00:00,1346.13,-4.231374601154882e-05,-0.00014240432065401566
2022-10-25 00:00:00+00:00,1458.19,-2.7892858058770548e-05,-5.22372780871857e-05
2022-10-26 00:00:00+00:00,1568.83,2.8383694769243916e-05,7.426557763834453e-05
2022-10-27 00:00:00+00:00,1517.46,2.397512847965629e-06,6.255493132379233e-06
2022-10-28 00:00:00+00:00,1559.03,-2.453372478911802e-06,-7.369467878397707e-06
2022-10-29 00:00:00+00:00,1611.25,1.730894780393297e-05,5.5950643336456066e-05
2022-10-30 00:00:00+00:00,1587.36,2.559170898434648e-06,4.847244161559345e-06
2022-10-31 00:00:00+00:00,1565.75,6.57446769577475e-06,1.9602369250620148e-05
2022-11-01 00:00:00+00:00,1578.47,4.5097858453212015e-06,2.9825334436093426e-05
2022-11-02 00:00:00+00:00,1511.24,1.0989467182576946e-05,1.803455105445944e-05
2022-11-03 00:00:00+00:00,1531.22,5.016273022177094e-07,4.068205422233939e-07
2022-11-04 00:00:00+00:00,1649.81,4.852416627538806e-05,0.0001622775815890083
2022-11-05 00:00:00+00:00,1632.43,4.409419045756776e-05,0.00013775612119324565
2022-11-06 00:00:00+00:00,1601.83,2.1103067689447452e-05,4.4599790330970655e-05
2022-11-07 00:00:00+00:00,1559.66,6.136667820840501e-06,2.279021733441592e-05
2022-11-08 00:00:00+00:00,1317.9,-4.9133858865906805e-05,-0.0002894469803168622
2022-11-09 00:00:00+00:00,1116.98,-0.0006836547088173087,-0.0030405042458011644
2022-11-10 00:00:00+00:00,1321.34,-0.0009899047421862363,-0.001966041529917187
2022-11-11 00:00:00+00:00,1276.94,-0.0002300985944457074,-0.0005633721922506991
2022-11-12 00:00:00+00:00,1258.28,-0.0004596063605454437,-0.0012859465560503796
2022-11-13 00:00:00+00:00,1226.18,-0.0007439971797843308,-0.002813473787872185
2022-11-14 00:00:00+00:00,1218.26,-0.0008860891626108753,-0.0020657362228412193
2022-11-15 00:00:00+00:00,1244.09,-8.297958626557368e-05,-0.0002059485755252247
2022-11-16 00:00:00+00:00,1215.07,4.4211467250976796e-05,0.00011945892835607719
2022-11-17 00:00:00+00:00,1205.98,3.6366688118098096e-05,0.00012526119365046743
2022-11-18 00:00:00+00:00,1208.5,-9.131853897047769e-05,-0.0002945129676636052
2022-11-19 00:00:00+00:00,1223.03,-0.0001741444616893044,-0.0005997994461645593
2022-11-20 00:00:00+00:00,1140.9,-0.0001455741628251825,-0.000374681073464595
2022-11-21 00:00:00+00:00,1106.52,-0.00023722410659282698,-0.0009032285201355635
2022-11-22 00:00:00+00:00,1135.93,-0.00045668264876189417,-0.0012475090967619226
2022-11-23 00:00:00+00:00,1173.33,-0.00012085982932987591,-0.0002743829008962961
2022-11-24 00:00:00+00:00,1202.01,-3.834435509641488e-05,-0.0001077869804347257
2022-11-25 00:00:00+00:00,1198.74,-2.2885794117014048e-05,-5.892338742002335e-05
2022-11-26 00:00:00+00:00,1200.55,1.7182964868692958e-06,-4.314132371336405e-06
2022-11-27 00:00:00+00:00,1215.35,-1.2200791362184767e-05,-2.695757299050566e-05
2022-11-28 00:00:00+00:00,1170.26,1.8120115829780086e-05,5.243259251283985e-05
2022-11-29 00:00:00+00:00,1222.29,-5.386825415762004e-06,-1.704612694365786e-05
2022-11-30 00:00:00+00:00,1299.47,3.48272739985481e-06,1.76966994625853e-05
2022-12-01 00:00:00+00:00,1277.51,7.972526736619434e-05,0.000236162068374869
2022-12-02 00:00:00+00:00,1291.01,3.7454576878695926e-05,0.00013678157194082675
2022-12-03 00:00:00+00:00,1242.15,0.00014845097873059036,0.0005256374553579448
2022-12-04 00:00:00+00:00,1275.82,0.00025756652720667706,0.0007142195543132258
2022-12-05 00:00:00+00:00,1259.02,5.073665567410669e-05,0.00010411353735018026
2022-12-06 00:00:00+00:00,1252.91,1.9241987972539696e-06,7.612511043582288e-06
2022-12-07 00:00:00+00:00,1230.34,7.558100816735457e-06,2.9220282508577758e-05
2022-12-08 00:00:00+00:00,1284.06,5.1166141432120116e-05,0.00029351009051135885
2022-12-09 00:00:00+00:00,1263.87,4.910797422802557e-05,1.7861383614773779e-06
2022-12-10 00:00:00+00:00,1268.84,2.2474598715789052e-05,6.595996041246114e-05
2022-12-11 00:00:00+00:00,1262.31,1.1701120101209383e-06,4.780659370776152e-06
2022-12-12 00:00:00+00:00,1272.53,3.7812038747007315e-06,1.3166554496901444e-05
2022-12-13 00:00:00+00:00,1318.97,8.690126847354171e-05,0.0003559279714109428
2022-12-14 00:00:00+00:00,1311.53,0.00013842045051078918,0.0003370818271562827
2022-12-15 00:00:00+00:00,1263.38,1.1195548370967784e-05,1.7048171186619025e-05
2022-12-16 00:00:00+00:00,1179.05,2.5851231302496915e-05,7.722731977741913e-05
2022-12-17 00:00:00+00:00,1185.87,7.90198407734311e-07,1.487560113309132e-05
2022-12-18 00:00:00+00:00,1187.8,-1.0846850215331045e-05,-9.822641667724829e-05
2022-12-19 00:00:00+00:00,1162.57,-2.359359787093322e-05,-2.7760657796002626e-05
2022-12-20 00:00:00+00:00,1215.56,-1.3457448090678083e-05,-4.139083809998698e-05
2022-12-21 00:00:00+00:00,1209.63,-5.659523569188662e-06,-5.7349589383361425e-06
2022-12-22 00:00:00+00:00,1215.53,1.3934245326303582e-06,3.642267050861747e-06
2022-12-23 00:00:00+00:00,1218.55,1.4068038320017135e-08,1.415422329462855e-06
2022-12-24 00:00:00+00:00,1218.46,1.0280662091357187e-06,-2.824788478683206e-06
2022-12-25 00:00:00+00:00,1217.09,2.8676550094935185e-06,1.4742088928105086e-05
2022-12-26 00:00:00+00:00,1218.29,8.962779986734748e-06,2.141437001163771e-05
2022-12-27 00:00:00+00:00,1210.84,-1.239835804657896e-06,2.2692937443165267e-06
2022-12-28 00:00:00+00:00,1185.08,1.4599993861422179e-05,5.781969208327242e-05
2022-12-29 00:00:00+00:00,1197.26,1.3935173354099507e-05,2.98940156269726e-05
2022-12-30 00:00:00+00:00,1197.6,-2.0178239835198118e-05,-6.412851148966145e-05
2022-12-31 00:00:00+00:00,1195.19,1.7120665518159758e-06,1.4837572795620456e-05
2023-01-01 00:00:00+00:00,1200.45,1.0294052930800027e-05,2.1937823880397566e-05
2023-01-02 00:00:00+00:00,1214.87,-7.82327743703553e-06,-2.011252563869224e-05
2023-01-03 00:00:00+00:00,1212.0,1.4970843266664738e-06,9.152858898186036e-07
2023-01-04 00:00:00+00:00,1253.08,-1.575052771948467e-08,2.4420370512785556e-06
2023-01-05 00:00:00+00:00,1250.35,4.995844989067099e-08,-2.3527007026474493e-06
2023-01-06 00:00:00+00:00,1269.29,3.835280836983974e-05,0.00011495907324919636
2023-01-07 00:00:00+00:00,1262.88,6.0099253011391164e-05,0.00020666727411164411
2023-01-08 00:00:00+00:00,1269.68,7.798559878271413e-05,0.00020742413680399123
2023-01-09 00:00:00+00:00,1321.08,-4.535308950702206e-06,-1.1851401490701334e-05
2023-01-10 00:00:00+00:00,1334.8,1.339976385980998e-06,6.834530884318614e-07
2023-01-11 00:00:00+00:00,1349.62,2.3282670552847545e-06,2.6415590973979074e-05
2023-01-12 00:00:00+00:00,1422.58,-2.0297580779378622e-05,-0.00010059328779372852
2023-01-13 00:00:00+00:00,1453.47,-4.402499078205425e-05,-8.719300065800397e-05
2023-01-14 00:00:00+00:00,1551.31,0.00017759871672030867,0.0005686374936441291
2023-01-15 00:00:00+00:00,1557.95,8.709544485677916e-05,0.00023529538793923215
2023-01-16 00:00:00+00:00,1579.74,2.9388624490167905e-05,0.00011261315710347604
2023-01-17 00:00:00+00:00,1575.55,4.235216871297741e-05,9.752031465131434e-05
2023-01-18 00:00:00+00:00,1531.26,-8.789020504459979e-06,-3.522790773715078e-05
2023-01-19 00:00:00+00:00,1551.5,1.259237005718534e-08,-1.0352823312071148e-06
2023-01-20 00:00:00+00:00,1651.5,1.4123674183335764e-06,3.704357854790327e-05
2023-01-21 00:00:00+00:00,1627.94,0.0001312492539043847,0.0005490323521309577
2023-01-22 00:00:00+00:00,1628.92,0.00035331031885927564,0.001007552876079081
2023-01-23 00:00:00+00:00,1627.36,0.00020649675577086063,0.0005860411883575196
2023-01-24 00:00:00+00:00,1562.39,0.00024350638528545498,0.0006883312962562384
2023-01-25 00:00:00+00:00,1586.46,4.482104784914678e-05,9.82930030699957e-05
2023-01-26 00:00:00+00:00,1601.77,1.0518432064623566e-05,4.153344943110295e-06
2023-01-27 00:00:00+00:00,1593.27,-1.3047662744719714e-07,4.728491169644764e-06
2023-01-28 00:00:00+00:00,1565.07,3.864453930814588e-06,6.12521744594819e-06
2023-01-29 00:00:00+00:00,1642.93,1.1220482899063452e-05,4.4084497577052776e-05
2023-01-30 00:00:00+00:00,1564.13,1.80542251664239e-05,4.646555121670545e-05
2023-01-31 00:00:00+00:00,1590.31,8.102912285021983e-06,2.2407169286349476e-05
2023-02-01 00:00:00+00:00,1637.96,4.154083832385676e-06,1.6262698550693216e-05
2023-02-02 00:00:00+00:00,1655.82,2.548861933120399e-05,0.00012196577862420263
2023-02-03 00:00:00+00:00,1667.8,5.200834358033855e-05,0.00013392889664501164
2023-02-04 00:00:00+00:00,1680.5,5.926143562212262e-05,0.0001616041438284812
2023-02-05 00:00:00+00:00,1634.56,1.6319706233792354e-05,4.2760937188515104e-05
2023-02-06 00:00:00+00:00,1633.0,9.247417561308204e-06,2.8549163500276656e-05
2023-02-07 00:00:00+00:00,1665.89,2.2801222461052076e-05,0.00010423041919676268
2023-02-08 00:00:00+00:00,1650.82,8.729227226877127e-05,0.00022095159719470273
2023-02-09 00:00:00+00:00,1538.42,3.310401499741806e-07,6.256580540756797e-07
2023-02-10 00:00:00+00:00,1509.28,-4.777141637451478e-07,-5.205267435041035e-06
2023-02-11 00:00:00+00:00,1536.71,-1.0128149655634431e-05,-2.7022695804076804e-05
2023-02-12 00:00:00+00:00,1513.62,-1.4040107418438227e-05,-4.728477398993446e-05
2023-02-13 00:00:00+00:00,1492.33,-1.1269973920819144e-05,-5.2759865799167746e-05
2023-02-14 00:00:00+00:00,1555.03,-6.545231626675327e-05,-0.00018590209180898153
2023-02-15 00:00:00+00:00,1666.44,-5.375759995562102e-05,-0.00012828671552472684
2023-02-16 00:00:00+00:00,1646.42,0.00016781604472800046,0.0005456040922379883
2023-02-17 00:00:00+00:00,1699.71,4.707530480891695e-05,0.00011716893662378721
2023-02-18 00:00:00+00:00,1690.21,7.620863878587875e-05,0.00019835445492696934
2023-02-19 00:00:00+00:00,1685.84,1.8957193563767383e-06,6.150337363019889e-06
2023-02-20 00:00:00+00:00,1693.29,4.0285559765239985e-06,1.8242967549243252e-05
2023-02-21 00:00:00+00:00,1653.21,2.216797773219771e-05,6.093199141729111e-05
2023-02-22 00:00:00+00:00,1634.33,-1.1909313170132087e-06,-2.2042063610105355e-06
2023-02-23 00:00:00+00:00,1647.38,1.9419865676573185e-05,5.584903742268118e-05
2023-02-24 00:00:00+00:00,1604.49,1.515906239089952e-06,8.3543708022999e-06
2023-02-25 00:00:00+00:00,1591.68,1.2829296552015175e-06,3.792336147558161e-07
2023-02-26 00:00:00+00:00,1633.77,7.457365383328488e-07,2.6451956032230597e-06
2023-02-27 00:00:00+00:00,1631.06,-8.678056172867179e-07,-3.265148925937395e-06
2023-02-28 00:00:00+00:00,1613.0,-4.755088835029906e-08,-1.675830821464903e-08
2023-03-01 00:00:00+00:00,1656.23,7.551519169162215e-06,2.416286363967145e-05
2023-03-02 00:00:00+00:00,1648.98,6.314662780528034e-07,6.696126104845661e-07
2023-03-03 00:00:00+00:00,1567.32,-1.1971891508272898e-05,-3.543921674067402e-05
2023-03-04 00:00:00+00:00,1561.61,-1.076009290989462e-08,-9.653098832974931e-06
2023-03-05 00:00:00+00:00,1565.63,-2.085535968835972e-06,3.0023346362546604e-06
2023-03-06 00:00:00+00:00,1569.24,-2.1133192167805541e-07,-7.614915570441605e-07
2023-03-07 00:00:00+00:00,1552.86,4.034101739267346e-06,4.9102021077146706e-05
2023-03-08 00:00:00+00:00,1545.45,4.0537672524343264e-05,9.525254323208285e-05
2023-03-09 00:00:00+00:00,1432.81,5.587595621912165e-06,9.249144562051414e-06
2023-03-10 00:00:00+00:00,1428.86,-2.1658838306384205e-06,-7.102390850199237e-05
2023-03-11 00:00:00+00:00,1471.38,-0.0007135933437995579,-0.003031871625131514
2023-03-12 00:00:00+00:00,1576.86,-0.001699160466189541,-0.004939297356635847
2023-03-13 00:00:00+00:00,1687.0,-0.00028872945962964337,-0.00015380855538987243
2023-03-14 00:00:00+00:00,1708.08,5.4402074058553005e-06,0.00019616487703463776
2023-03-15 00:00:00+00:00,1655.15,9.620763123316884e-05,0.00011294086428247969
2023-03-16 00:00:00+00:00,1676.65,-2.8611123986259127e-05,-8.24865892267983e-05
2023-03-17 00:00:00+00:00,1777.42,1.6835666820914174e-05,6.12312526326002e-05
2023-03-18 00:00:00+00:00,1774.38,8.231932906720271e-05,0.0002493188169017182
2023-03-19 00:00:00+00:00,1810.45,2.4776349161790932e-05,7.070150700839666e-05
2023-03-20 00:00:00+00:00,1752.89,3.1243887362279785e-05,0.00023349040296863122
2023-03-21 00:00:00+00:00,1797.85,0.0001285459425956471,0.0002827189320347211
2023-03-22 00:00:00+00:00,1730.95,0.00011260794880852505,0.00029623672322369606
2023-03-23 00:00:00+00:00,1811.9,3.568964622633815e-06,1.0293909576149256e-05
2023-03-24 00:00:00+00:00,1744.99,6.0548320400098715e-06,1.7103889948207252e-05
2023-03-25 00:00:00+00:00,1739.55,9.232481073942015e-08,6.962559810207815e-08
2023-03-26 00:00:00+00:00,1777.58,-3.747433393311716e-08,1.1011386844148163e-07
2023-03-27 00:00:00+00:00,1710.25,6.548246149838715e-06,2.1662423105017168e-05
2023-03-28 00:00:00+00:00,1770.78,1.628772377117238e-05,0.00010611495403133028
2023-03-29 00:00:00+00:00,1790.37,0.0001822347976473916,0.0005354710864257354
2023-03-30 00:00:00+00:00,1785.05,0.0001099246330379103,0.0003305216845224595
2023-03-31 00:00:00+00:00,1826.84,5.297752561822768e-05,0.00011456025568887914
2023-04-01 00:00:00+00:00,1823.99,2.015520886453299e-06,9.94321223141953e-06
2023-04-02 00:00:00+00:00,1794.13,6.547137720326249e-06,1.9447487738721676e-05
2023-04-03 00:00:00+00:00,1806.67,2.0864281370691504e-06,2.328749791143915e-06
2023-04-04 00:00:00+00:00,1867.53,5.322200393483783e-06,1.6341420938472262e-05
2023-04-05 00:00:00+00:00,1910.32,3.603257185845046e-05,0.00011024047352537835
2023-04-06 00:00:00+00:00,1870.21,1.4369312186543464e-06,2.3294963845267756e-06
2023-04-07 00:00:00+00:00,1869.01,-5.062941323989865e-07,-1.4905967917210369e-06
2023-04-08 00:00:00+00:00,1852.57,-2.8840563363849062e-06,-1.2741996027754176e-05
2023-04-09 00:00:00+00:00,1867.0,-4.012783966934098e-05,-0.00012250273818820962
2023-04-10 00:00:00+00:00,1905.26,-9.297996062042182e-06,-2.147351293385626e-05
2023-04-11 00:00:00+00:00,1895.78,3.858631382052916e-07,-4.2197759768207486e-07
2023-04-12 00:00:00+00:00,1914.36,-2.560100873352705e-05,-8.484917099057923e-05
2023-04-13 00:00:00+00:00,2009.65,2.393257000418219e-05,9.11430639551151e-05
2023-04-14 00:00:00+00:00,2106.48,5.389241539448627e-05,0.0001531322033986195
2023-04-15 00:00:00+00:00,2097.01,-2.9355925646566546e-07,-1.0461095366309574e-07
2023-04-16 00:00:00+00:00,2127.98,3.078861533307269e-05,0.00021149851566790005
2023-04-17 00:00:00+00:00,2080.91,8.77951732371014e-05,0.00015852977297686348
2023-04-18 00:00:00+00:00,2092.86,7.610937691404514e-05,0.0002597659547359008
2023-04-19 00:00:00+00:00,1966.6,0.0001342482193678076,0.00036355938789780487
2023-04-20 00:00:00+00:00,1943.09,4.291223231973129e-05,0.0001956359759204034
2023-04-21 00:00:00+00:00,1845.04,0.00022957209387213578,0.0006962143083824278
2023-04-22 00:00:00+00:00,1877.57,0.0001126809437722949,0.0002494864979817996
2023-04-23 00:00:00+00:00,1861.71,5.742346181571998e-06,1.4824276129872991e-05
2023-04-24 00:00:00+00:00,1838.68,8.717718711207718e-06,4.22902061410539e-05
2023-04-25 00:00:00+00:00,1867.73,2.432537708253448e-05,7.104487209583754e-05
2023-04-26 00:00:00+00:00,1865.53,1.465039163206836e-05,3.53648024472357e-05
2023-04-27 00:00:00+00:00,1905.25,1.1611674543844475e-05,3.154807015362723e-05
2023-04-28 00:00:00+00:00,1895.34,3.7413072612504506e-05,0.00015118660150701267
2023-04-29 00:00:00+00:00,1904.8,5.681443412836702e-05,0.00013724245277267676
2023-04-30 00:00:00+00:00,1893.24,4.1438147128658376e-05,0.00012445604178959742
2023-05-01 00:00:00+00:00,1826.28,0.00025351220309984506,0.0009592511074994547
2023-05-02 00:00:00+00:00,1874.81,0.00012810765300699215,0.00017042113999036237
2023-05-03 00:00:00+00:00,1907.24,5.7455386400454855e-06,3.429695346984406e-05
2023-05-04 00:00:00+00:00,1872.14,2.5959835109264534e-05,7.810588437778921e-05
2023-05-05 00:00:00+00:00,1990.68,2.3706047602665333e-05,5.7487763303099906e-05
2023-05-06 00:00:00+00:00,1899.07,6.781328192411268e-06,1.713018637331157e-05
2023-05-07 00:00:00+00:00,1909.8,-4.796379956082531e-07,1.1217992656954852e-05
2023-05-08 00:00:00+00:00,1848.48,2.7740700372219284e-06,-4.320687528265422e-06
2023-05-09 00:00:00+00:00,1844.78,-5.7888727949064416e-09,6.209019977853736e-09
2023-05-10 00:00:00+00:00,1843.77,4.383264342948427e-07,1.7672237124717131e-06
2023-05-11 00:00:00+00:00,1790.18,9.200671275532609e-07,2.3111064702430393e-06
2023-05-12 00:00:00+00:00,1803.32,-3.0051294082425303e-06,-8.700224110941534e-06
2023-05-13 00:00:00+00:00,1802.74,5.455788896068834e-07,1.4259011262075805e-06
2023-05-14 00:00:00+00:00,1800.56,7.601082845927342e-10,2.2844844294946034e-09
2023-05-15 00:00:00+00:00,1823.81,2.0531526754141655e-07,1.8272159818781956e-06
2023-05-16 00:00:00+00:00,1823.43,1.1066095722495123e-06,3.2954360534166822e-06
2023-05-17 00:00:00+00:00,1820.28,9.67063503640403e-06,3.616004659159455e-05
2023-05-18 00:00:00+00:00,1808.77,7.001312678634478e-06,3.3943031284387634e-05
2023-05-19 00:00:00+00:00,1812.5,2.723603519187433e-05,6.202954870306207e-05
2023-05-20 00:00:00+00:00,1818.81,2.2948045006315476e-06,5.308965216178648e-06
2023-05-21 00:00:00+00:00,1805.6,7.683040464222445e-07,4.890763461767375e-06
2023-05-22 00:00:00+00:00,1818.67,2.5380625184387252e-05,7.361518548018734e-05
2023-05-23 00:00:00+00:00,1854.33,3.377539297385658e-05,0.00011380196519387065
2023-05-24 00:00:00+00:00,1799.45,6.410295709647707e-06,7.424870883171252e-06
2023-05-25 00:00:00+00:00,1807.63,2.2633614556925276e-06,6.785887297364435e-06
2023-05-26 00:00:00+00:00,1827.23,9.980243708976932e-06,3.0339760671560238e-05
2023-05-27 00:00:00+00:00,1830.8,2.8057126523064e-06,9.781380213230676e-06
2023-05-28 00:00:00+00:00,1907.33,2.6287415739029914e-05,0.0001571631983897239
2023-05-29 00:00:00+00:00,1892.73,0.00021690943280828066,0.0006218967159246319
2023-05-30 00:00:00+00:00,1904.72,7.981137845636037e-05,0.0002621432929501132
2023-05-31 00:00:00+00:00,1869.77,0.00012665148692846028,0.000335588693449372
2023-06-01 00:00:00+00:00,1867.9,0.00016168692506912243,0.0005182798571016536
2023-06-02 00:00:00+00:00,1906.87,8.947141993992924e-05,0.0002268048937176389
2023-06-03 00:00:00+00:00,1892.05,1.1567519001435898e-05,1.8761668641448337e-05
2023-06-04 00:00:00+00:00,1902.03,5.950937589560735e-05,0.00024903705927816985
2023-06-05 00:00:00+00:00,1807.57,0.0002950857128903196,0.0009965279681051252
2023-06-06 00:00:00+00:00,1883.02,0.00017507259311627785,0.00035503426237876965
2023-06-07 00:00:00+00:00,1829.86,1.2594500702944021e-05,5.701107873867908e-05
2023-06-08 00:00:00+00:00,1850.0,7.489809333304066e-05,0.00018537746884535818
2023-06-09 00:00:00+00:00,1838.24,3.215422158415039e-05,0.00013720835361761917
2023-06-10 00:00:00+00:00,1754.84,0.00010656604779369628,0.0002888201297417354
2023-06-11 00:00:00+00:00,1754.3,5.06523033737594e-05,0.000162560063875296
2023-06-12 00:00:00+00:00,1742.84,0.0002112751645235215,0.0007860823557856777
2023-06-13 00:00:00+00:00,1734.43,0.00024028081948448306,0.0006363614419945416
2023-06-14 00:00:00+00:00,1649.36,0.00014027301574799978,0.0003474550288418318
2023-06-15 00:00:00+00:00,1664.19,0.00011275050088031947,0.00033133527783325855
2023-06-16 00:00:00+00:00,1718.95,0.00010410477292208338,0.00033657513970741977
2023-06-17 00:00:00+00:00,1730.12,4.706729012941959e-05,0.00011466365073396363
2023-06-18 00:00:00+00:00,1722.48,1.813773417985303e-05,4.535838232458175e-05
2023-06-19 00:00:00+00:00,1732.9,5.389921697405074e-06,2.4046200438372534e-05
2023-06-20 00:00:00+00:00,1785.56,3.07963671842752e-05,8.324348062870613e-05
2023-06-21 00:00:00+00:00,1893.29,2.7849950146461272e-06,1.021574936276276e-05
2023-06-22 00:00:00+00:00,1870.94,4.654765629710335e-05,0.00016233890539819635
2023-06-23 00:00:00+00:00,1891.36,1.1850290558287286e-05,1.2988988101166162e-05
2023-06-24 00:00:00+00:00,1876.25,1.5656539463560873e-06,4.388394614283793e-06
2023-06-25 00:00:00+00:00,1900.35,3.368148151403404e-05,0.000132151005443121
2023-06-26 00:00:00+00:00,1859.25,4.192988881325136e-05,0.00011743782155215124
2023-06-27 00:00:00+00:00,1886.21,4.2394775409338214e-05,0.00012030573919957732
2023-06-28 00:00:00+00:00,1827.47,7.132107709245311e-05,0.0002498239450924737
2023-06-29 00:00:00+00:00,1851.69,0.00015454110364202466,0.0004818899095280296
2023-06-30 00:00:00+00:00,1934.5,0.00019883381046017506,0.0006442751907192313
2023-07-01 00:00:00+00:00,1923.05,0.00017144564939585336,0.0004515129485018229
2023-07-02 00:00:00+00:00,1942.15,6.545274339930184e-05,0.00022517652839450242
2023-07-03 00:00:00+00:00,1955.34,0.00014116383427127877,0.0003444883957952893
2023-07-04 00:00:00+00:00,1941.84,1.898387587823779e-05,6.108386064909656e-05
2023-07-05 00:00:00+00:00,1909.01,9.595530854132661e-05,0.00035219616691148234
2023-07-06 00:00:00+00:00,1868.08,7.999690162235055e-05,0.00021613127100867058
2023-07-07 00:00:00+00:00,1867.84,5.148609748561582e-05,0.00011090197377551801
2023-07-08 00:00:00+00:00,1860.85,8.624739474244305e-05,0.00026446991058565015
2023-07-09 00:00:00+00:00,1867.21,8.17702949429179e-05,0.00026729223777372885
2023-07-10 00:00:00+00:00,1876.51,2.8773598332289683e-05,0.00011804562922888568
2023-07-11 00:00:00+00:00,1879.07,8.673595181566838e-05,0.00023440305680243924
2023-07-12 00:00:00+00:00,1871.33,2.5619756513743603e-05,4.377523353157266e-05
2023-07-13 00:00:00+00:00,1992.46,9.44467940242333e-05,0.00045920796078220314
2023-07-14 00:00:00+00:00,1927.5,0.0002429944414550579,0.0006279251824865334
2023-07-15 00:00:00+00:00,1928.77,0.00011096338940794171,0.0002798740425179943
2023-07-16 00:00:00+00:00,1934.64,4.233296696667765e-05,0.00012152017607484436
2023-07-17 00:00:00+00:00,1910.4,2.2865590433517706e-05,5.9926912699357676e-05
2023-07-18 00:00:00+00:00,1901.66,1.1276893765564249e-06,1.606841152933406e-06
2023-07-19 00:00:00+00:00,1888.41,1.578689961339819e-06,4.615994122912533e-06
2023-07-20 00:00:00+00:00,1894.51,3.403180786917304e-05,0.0001026843979771477
2023-07-21 00:00:00+00:00,1893.45,1.9971908443916272e-05,7.88224728340084e-05
2023-07-22 00:00:00+00:00,1884.48,7.922638308565727e-06,7.257412446248487e-06
2023-07-23 00:00:00+00:00,1883.5,1.9679932441498443e-05,6.225038883584568e-05
2023-07-24 00:00:00+00:00,1847.65,4.816497287303279e-05,0.00019436925607967982
2023-07-25 00:00:00+00:00,1859.46,6.405924063832747e-05,0.00019764714852018854
2023-07-26 00:00:00+00:00,1872.72,4.2136835067949974e-05,7.252098187080622e-05
2023-07-27 00:00:00+00:00,1856.6,5.348842345810378e-05,0.0001920177101591497
2023-07-28 00:00:00+00:00,1875.89,0.00016384946458183628,0.000525208943056556
2023-07-29 00:00:00+00:00,1879.71,7.434282869316345e-05,0.00023373128953552656
2023-07-30 00:00:00+00:00,1855.68,0.00011348537729607501,0.00028945650825115205
2023-07-31 00:00:00+00:00,1855.9,7.587557889994568e-05,0.0002152527891739878
2023-08-01 00:00:00+00:00,1850.58,0.00010487551852625221,0.0004326026898528678
2023-08-02 00:00:00+00:00,1841.48,0.00025929328305683276,0.000719237950039238
2023-08-03 00:00:00+00:00,1836.55,0.0001839716063683364,0.000558959280804783
2023-08-04 00:00:00+00:00,1826.24,0.00021663715931584445,0.0006753036890389844
2023-08-05 00:00:00+00:00,1836.68,0.0003016679450550153,0.0008429738853891357
2023-08-06 00:00:00+00:00,1827.42,0.00016202068511244008,0.0006304354349864094
2023-08-07 00:00:00+00:00,1825.56,0.00043684982960789416,0.0012532961656799492
2023-08-08 00:00:00+00:00,1856.69,0.0002972612662474799,0.0007795433201169197
2023-08-09 00:00:00+00:00,1854.04,8.945706729537959e-05,0.0003242699142804642
2023-08-10 00:00:00+00:00,1849.76,0.00022676880634477572,0.0006771710447222273
2023-08-11 00:00:00+00:00,1844.72,0.0001428903265770474,0.0003785819290006732
2023-08-12 00:00:00+00:00,1848.85,6.043861061286814e-05,0.00018337795778051454
2023-08-13 00:00:00+00:00,1837.69,0.00013025334705612447,0.00047252294284108056
2023-08-14 00:00:00+00:00,1844.05,0.0003096204940034373,0.0009539725035252342
2023-08-15 00:00:00+00:00,1826.71,0.0002958903047734528,0.000870275533894392
2023-08-16 00:00:00+00:00,1810.02,0.00019341240159164775,0.0005090281379706635
2023-08-17 00:00:00+00:00,1695.26,7.512881785877847e-05,-0.00011391590639966196
2023-08-18 00:00:00+00:00,1662.07,-7.548145856887022e-05,8.6655521451998e-05
2023-08-19 00:00:00+00:00,1666.34,2.56265156305045e-05,0.00010348662197375164
2023-08-20 00:00:00+00:00,1683.79,3.268698423718766e-05,6.0972369007271853e-05
2023-08-21 00:00:00+00:00,1666.73,8.06114537703162e-06,2.6742646469473056e-05
2023-08-22 00:00:00+00:00,1619.13,2.776348568927485e-05,8.323226539603572e-05
2023-08-23 00:00:00+00:00,1675.8,2.3480555388588217e-05,8.26441326874703e-05
2023-08-24 00:00:00+00:00,1654.18,9.449125920998826e-06,1.5861731598285407e-05
2023-08-25 00:00:00+00:00,1653.26,7.644447374705427e-06,3.0171904278997737e-05
2023-08-26 00:00:00+00:00,1647.62,9.798488142160296e-06,5.1239861845624166e-05
2023-08-27 00:00:00+00:00,1656.72,4.4502658870096565e-05,0.00010566781628249729
2023-08-28 00:00:00+00:00,1650.11,2.4051464999855387e-05,7.16233962925342e-05
2023-08-29 00:00:00+00:00,1729.88,7.192727673998071e-06,1.8231583019217175e-05
2023-08-30 00:00:00+00:00,1701.42,1.2100036594462355e-05,5.3551944768046635e-05
2023-08-31 00:00:00+00:00,1649.04,1.9775717601117623e-05,7.122989045022405e-05
2023-09-01 00:00:00+00:00,1626.18,4.101073672912749e-05,9.920737192513987e-05
2023-09-02 00:00:00+00:00,1636.77,2.6624241685241954e-06,2.4002715457201946e-06
2023-09-03 00:00:00+00:00,1635.64,-5.519169292702511e-07,-1.9913278893474353e-06
2023-09-04 00:00:00+00:00,1623.5,6.780040883655122e-07,3.5463451782179878e-06
2023-09-05 00:00:00+00:00,1631.08,2.8219198247067138e-05,9.221137581789612e-05
2023-09-06 00:00:00+00:00,1630.94,2.705070961436948e-05,7.767210224096877e-05
2023-09-07 00:00:00+00:00,1649.86,1.981166531935806e-05,6.0278583311574316e-05
2023-09-08 00:00:00+00:00,1635.61,1.0652887705687257e-05,2.747097216458869e-05
2023-09-09 00:00:00+00:00,1635.14,7.01531955513691e-07,3.992953210359707e-07
2023-09-10 00:00:00+00:00,1618.93,-1.5959064981349526e-06,-3.6762223129349966e-06
2023-09-11 00:00:00+00:00,1547.42,3.082320682561518e-06,5.320634023015744e-06
2023-09-12 00:00:00+00:00,1597.01,-5.359213098963178e-06,-2.341641265444275e-05
2023-09-13 00:00:00+00:00,1607.46,-2.881290918819804e-05,-9.018876125039086e-05
2023-09-14 00:00:00+00:00,1630.57,-2.782294862615279e-05,-7.030905291906925e-05
2023-09-15 00:00:00+00:00,1649.47,-7.036772667630577e-06,-1.9588659308589453e-05
2023-09-16 00:00:00+00:00,1636.52,-6.473479419245636e-06,-2.3760417951511507e-05
2023-09-17 00:00:00+00:00,1620.86,-2.710815087491555e-05,-7.884458015350146e-05
2023-09-18 00:00:00+00:00,1642.37,-1.4667960217878144e-05,-4.615045435321846e-05
2023-09-19 00:00:00+00:00,1642.12,-4.2908820697966835e-06,-8.980136225872561e-06
2023-09-20 00:00:00+00:00,1623.03,-6.274183780378662e-06,-3.798676386850737e-05
2023-09-21 00:00:00+00:00,1585.82,-5.029068369736745e-06,8.63261422731225e-06
2023-09-22 00:00:00+00:00,1594.77,6.847776195633903e-06,2.1052402976165672e-05
2023-09-23 00:00:00+00:00,1591.02,3.428337430274576e-06,7.803059756489322e-06
2023-09-24 00:00:00+00:00,1589.36,2.8704650378709095e-06,5.070380093030156e-06
2023-09-25 00:00:00+00:00,1586.68,1.6606716419391367e-05,7.232459550047573e-05
2023-09-26 00:00:00+00:00,1587.16,4.191457301938647e-05,0.00012313707361594843
2023-09-27 00:00:00+00:00,1597.13,0.00010058250012982981,0.00039873491322644096
2023-09-28 00:00:00+00:00,1650.38,0.00010220576907460442,0.0002058618485618133
2023-09-29 00:00:00+00:00,1666.95,3.0370275112071317e-05,8.154554751451306e-05
2023-09-30 00:00:00+00:00,1675.1,2.017140593206076e-06,-3.9408093590092735e-06
2023-10-01 00:00:00+00:00,1734.37,-2.8271287730198575e-06,6.809623489746663e-06
2023-10-02 00:00:00+00:00,1661.55,6.213202469631364e-06,7.690612433518708e-06
2023-10-03 00:00:00+00:00,1657.54,-5.674974333967385e-06,-2.5380106683346877e-05
2023-10-04 00:00:00+00:00,1648.34,-6.321065258967038e-06,-1.0106810268639432e-05
2023-10-05 00:00:00+00:00,1615.97,-1.2181408450094523e-07,2.095732523970893e-07
2023-10-06 00:00:00+00:00,1645.93,9.84324626369854e-07,2.2479604191199835e-06
2023-10-07 00:00:00+00:00,1636.23,-2.9617021268993807e-06,-1.0840089788603738e-05
2023-10-08 00:00:00+00:00,1631.84,-1.6730258527081885e-06,-6.75539005661779e-06
2023-10-09 00:00:00+00:00,1577.14,4.544465562897651e-05,0.0001798399581562085
2023-10-10 00:00:00+00:00,1568.16,8.083273605142905e-05,0.0002350362715952763
2023-10-11 00:00:00+00:00,1565.27,3.141701120488432e-05,7.383308138257121e-05
2023-10-12 00:00:00+00:00,1539.27,6.340658002567806e-05,0.0002174167618308247
2023-10-13 00:00:00+00:00,1549.35,5.023556873928478e-05,0.00013572394859824743
2023-10-14 00:00:00+00:00,1556.74,8.830493866783484e-05,0.000247374300329004
2023-10-15 00:00:00+00:00,1555.38,1.2503048844503709e-05,3.0903972327102885e-05
2023-10-16 00:00:00+00:00,1602.5,-8.718809693964209e-06,-3.216825395508561e-05
2023-10-17 00:00:00+00:00,1562.58,-6.612542745017644e-06,-1.6426164971335727e-05
2023-10-18 00:00:00+00:00,1564.86,-2.1655203115097473e-05,-6.464091331613453e-05
2023-10-19 00:00:00+00:00,1564.99,5.48530609262334e-07,1.7015023192399295e-06
2023-10-20 00:00:00+00:00,1609.21,-8.116849610986898e-07,-4.329774889826579e-06
2023-10-21 00:00:00+00:00,1631.32,-6.9744642204188876e-06,-2.2440600244222143e-05
2023-10-22 00:00:00+00:00,1667.25,-5.697455725015679e-07,2.914728167407785e-05
2023-10-23 00:00:00+00:00,1785.05,0.00019598297167178368,0.0007267640427733314
2023-10-24 00:00:00+00:00,1793.31,0.0005960410550183712,0.0016908334672118607
2023-10-25 00:00:00+00:00,1793.31,5.00324830472133e-05,0.0001220786871497789
2023-10-26 00:00:00+00:00,1807.62,7.870183624394402e-05,0.00025378786673885457
2023-10-27 00:00:00+00:00,1777.46,0.00010541481773222113,0.0003285394454407628
2023-10-28 00:00:00+00:00,1777.31,0.00017025358014891663,0.0006270384201453841
2023-10-29 00:00:00+00:00,1805.89,0.00017646151963665883,0.00046368626833270007
2023-10-30 00:00:00+00:00,1810.2,0.00023179146875229776,0.0006599450834976197
2023-10-31 00:00:00+00:00,1809.82,7.90582753593539e-05,0.00023599193648251318
2023-11-01 00:00:00+00:00,1844.27,0.00017283331724351128,0.0006700784738859422
2023-11-02 00:00:00+00:00,1796.24,0.0003226383955487393,0.0008079988548628814
2023-11-03 00:00:00+00:00,1832.28,3.2236428458035924e-05,7.098655696898204e-05
2023-11-04 00:00:00+00:00,1858.7,9.819128262625791e-05,0.00029834726027582224
2023-11-05 00:00:00+00:00,1886.79,0.00036673638794218277,0.0012578511812799502
2023-11-06 00:00:00+00:00,1903.89,0.00015684307544457408,0.00032100721144074794
2023-11-07 00:00:00+00:00,1880.44,3.7889650510073125e-05,0.00012761857178250293
2023-11-08 00:00:00+00:00,1891.57,8.510865845258426e-05,0.00033483923754568665
2023-11-09 00:00:00+00:00,2095.96,0.0003815967249752564,0.001200999519489363
2023-11-10 00:00:00+00:00,2082.78,0.00038942559200371525,0.001127135092611651
2023-11-11 00:00:00+00:00,2045.76,0.00011080702231293226,0.0003185739832838248
2023-11-12 00:00:00+00:00,2061.78,0.0003039975918051766,0.0010174307586441808
2023-11-13 00:00:00+00:00,2059.13,0.00019524077388353254,0.0004215927511448815
2023-11-14 00:00:00+00:00,1987.35,4.6336106629981095e-05,0.0001528046501839944
2023-11-15 00:00:00+00:00,2054.0,6.407910672631902e-05,0.00028775325111157275
2023-11-16 00:00:00+00:00,1967.98,0.0001820663770788916,0.0004448589794560797
2023-11-17 00:00:00+00:00,1963.52,3.733473407918062e-05,9.272682377810027e-05
2023-11-18 00:00:00+00:00,1958.23,5.200266200283465e-05,0.0001531381360628701
2023-11-19 00:00:00+00:00,1981.66,6.8268795252784316e-06,4.9425846979516404e-05
2023-11-20 00:00:00+00:00,2025.53,0.0001225825969743049,0.0003621202451515983
2023-11-21 00:00:00+00:00,1942.72,4.7094810017821725e-05,0.00015403610433176827
2023-11-22 00:00:00+00:00,2065.43,7.312983864959517e-05,0.00021827579366329422
2023-11-23 00:00:00+00:00,2066.33,0.0001625509896690971,0.00047394761608131916
2023-11-24 00:00:00+00:00,2075.69,0.0002623787865609052,0.000930059971915496
2023-11-25 00:00:00+00:00,2084.07,0.00027212130248323584,0.000784711859025347
2023-11-26 00:00:00+00:00,2077.64,0.0003238676531519789,0.0009945076979159216
2023-11-27 00:00:00+00:00,2020.16,0.00014157551453731877,0.00028676641664894645
2023-11-28 00:00:00+00:00,2050.09,0.00010280986667215372,0.00037480245083206215
2023-11-29 00:00:00+00:00,2029.22,7.841796192436279e-05,0.00020916988200068968
2023-11-30 00:00:00+00:00,2044.31,6.345595297435662e-05,0.0001436012521647839
2023-12-01 00:00:00+00:00,2086.34,0.000148944627488646,0.0005301836254604437
2023-12-02 00:00:00+00:00,2158.67,0.00014496720125443258,0.0006047045203575234
2023-12-03 00:00:00+00:00,2205.82,0.0004909951539262844,0.0013792688541875804
2023-12-04 00:00:00+00:00,2228.0,0.0005023126182699876,0.0014543419167440722
2023-12-05 00:00:00+00:00,2281.97,0.00020607893799158138,0.0006653661704419161
2023-12-06 00:00:00+00:00,2233.72,0.00023558415356666248,0.0006114783272699796
2023-12-07 00:00:00+00:00,2351.16,0.00016103482585565324,0.0006657162504473853
2023-12-08 00:00:00+00:00,2364.92,0.0002770836645201062,0.0007086669845830741
2023-12-09 00:00:00+00:00,2353.95,0.00025533287016910386,0.0007550213946392617
2023-12-10 00:00:00+00:00,2361.81,0.00014859523378080156,0.000514704317686892
2023-12-11 00:00:00+00:00,2222.52,0.00014825806628739153,0.00044254878753671116
2023-12-12 00:00:00+00:00,2187.73,0.00017982191276372264,0.000452751898176328
2023-12-13 00:00:00+00:00,2261.24,0.00016894608016888122,0.000499398893506007
2023-12-14 00:00:00+00:00,2315.38,0.00013010203876079795,0.00039208802638454946
2023-12-15 00:00:00+00:00,2231.92,0.00031138731144812363,0.0009670938406500661
2023-12-16 00:00:00+00:00,2227.09,0.0002854810215839635,0.0009301824942895354
2023-12-17 00:00:00+00:00,2216.54,0.00041132101630900745,0.001279755786075421
2023-12-18 00:00:00+00:00,2211.81,0.000346258468116002,0.000914119612298056
2023-12-19 00:00:00+00:00,2176.88,0.00017190397073686367,0.00048705753677284985
2023-12-20 00:00:00+00:00,2192.33,0.0001756509727071935,0.0006024448593892951
2023-12-21 00:00:00+00:00,2245.28,0.0002750823302486688,0.00088757239633369
2023-12-22 00:00:00+00:00,2314.88,0.0003949567119874873,0.0011354708864863643
2023-12-23 00:00:00+00:00,2297.74,0.0002134428290787002,0.0005639257029738401
2023-12-24 00:00:00+00:00,2260.67,0.0002657169556956265,0.000775847498047633
2023-12-25 00:00:00+00:00,2284.98,0.0002860473799356725,0.0011423612886854162
2023-12-26 00:00:00+00:00,2227.99,0.0004002381749168249,0.0010116468171094475
2023-12-27 00:00:00+00:00,2366.86,0.0003385123332350418,0.0011721589618899223
2023-12-28 00:00:00+00:00,2358.37,0.000783078367173278,0.0022845276867291342
2023-12-29 00:00:00+00:00,2281.94,0.00026796678136812804,0.0007158366394008067
2023-12-30 00:00:00+00:00,2288.23,0.00030275226350008443,0.0009147272164853488
2023-12-31 00:00:00+00:00,2274.21,0.00033630432170395763,0.0010583514408108493
2024-01-01 00:00:00+00:00,2334.36,0.0003237648392651116,0.0009751305865094283
2024-01-02 00:00:00+00:00,2360.04,0.0005866617130986276,0.0017054990364665857
2024-01-03 00:00:00+00:00,2206.32,4.311368092520265e-05,1.4176712431266753e-05
2024-01-04 00:00:00+00:00,2272.35,1.865709107669442e-05,7.822649544113772e-05
2024-01-05 00:00:00+00:00,2249.38,3.094791270012028e-05,7.91333717753749e-05
2024-01-06 00:00:00+00:00,2238.83,4.322819190945363e-05,0.00012057663556203882
2024-01-07 00:00:00+00:00,2217.57,1.7331291963927035e-05,5.385974571814048e-05
2024-01-08 00:00:00+00:00,2339.26,7.578929490389666e-05,0.0002938066103074345
2024-01-09 00:00:00+00:00,2342.45,7.130890664476984e-05,0.00020759300649028216
2024-01-10 00:00:00+00:00,2548.6,0.00022669133222069822,0.0007034039741833416
2024-01-11 00:00:00+00:00,2615.24,0.0004240938865173694,0.0014069244139748496
2024-01-12 00:00:00+00:00,2497.21,0.00022450927402548832,0.0006225948818949177
2024-01-13 00:00:00+00:00,2577.36,7.60027242904169e-05,8.121227069566848e-05
2024-01-14 00:00:00+00:00,2507.84,0.00018436375856583146,0.0006978962058441097
2024-01-15 00:00:00+00:00,2511.29,0.00020633151067739512,0.0004987250998220261
2024-01-16 00:00:00+00:00,2593.41,0.00012912476366625547,0.00035783780383800545
2024-01-17 00:00:00+00:00,2525.69,6.946809292647338e-05,0.0002752594216848881
2024-01-18 00:00:00+00:00,2468.13,0.0001863720867459947,0.0006429545467648067
2024-01-19 00:00:00+00:00,2488.63,0.0001957994847217321,0.00045457963455607466
2024-01-20 00:00:00+00:00,2470.34,4.857244619789836e-05,0.00012794525486597327
2024-01-21 00:00:00+00:00,2460.67,3.322463279758999e-05,9.037621518457889e-05
2024-01-22 00:00:00+00:00,2317.96,7.026019544100551e-05,0.0002562876203517804
2024-01-23 00:00:00+00:00,2224.58,8.479449459781064e-05,0.00021561965860026247
2024-01-24 00:00:00+00:00,2220.31,2.255757258798435e-05,7.711689827721886e-05
2024-01-25 00:00:00+00:00,2220.3,6.07791897408698e-05,0.00016495093972560443
2024-01-26 00:00:00+00:00,2267.4,2.288830184375556e-05,7.874277646084676e-05
2024-01-27 00:00:00+00:00,2266.58,2.1781483297298856e-05,5.328712072089285e-05
2024-01-28 00:00:00+00:00,2249.15,3.1322088074323935e-06,8.965168021124679e-06
2024-01-29 00:00:00+00:00,2311.62,4.321746629453949e-05,0.00013016007005250203
2024-01-30 00:00:00+00:00,2365.21,4.147166527174785e-05,0.0001259115540051653
2024-01-31 00:00:00+00:00,2284.32,9.3464276353081e-05,0.0003045246700224873
2024-02-01 00:00:00+00:00,2296.33,8.423883109724613e-05,0.00023762703049341822
2024-02-02 00:00:00+00:00,2306.61,3.6974252688562656e-05,0.00015363412478332293
2024-02-03 00:00:00+00:00,2297.64,5.287490706454387e-05,0.0001087889620056975
2024-02-04 00:00:00+00:00,2287.11,7.751591582700984e-06,1.469656426824506e-05
2024-02-05 00:00:00+00:00,2291.83,8.12563681361332e-05,0.0003209312101998779
2024-02-06 00:00:00+00:00,2380.99,9.842004453397916e-05,0.000216300561042444
2024-02-07 00:00:00+00:00,2425.12,2.0591132874155963e-05,7.00776150654858e-05
2024-02-08 00:00:00+00:00,2424.8,0.0001777052649290714,0.000591568667073154
2024-02-09 00:00:00+00:00,2496.02,0.00018660780681263456,0.0005043626628730944
2024-02-10 00:00:00+00:00,2496.71,5.0022555503365986e-05,0.0002038937029995329
2024-02-11 00:00:00+00:00,2500.95,9.436345092677865e-05,0.00023124923905669736
2024-02-12 00:00:00+00:00,2656.44,0.00023998092060082698,0.001012763574687953
2024-02-13 00:00:00+00:00,2636.92,0.00045019101942337427,0.0010835471714315838
2024-02-14 00:00:00+00:00,2774.71,0.00023577114556930058,0.0008483989428485348
2024-02-15 00:00:00+00:00,2816.21,0.00025743839306676845,0.0007350960604838577
2024-02-16 00:00:00+00:00,2790.89,0.0002889969674197829,0.0007807691710422736
2024-02-17 00:00:00+00:00,2786.67,9.957870905795471e-05,0.0003148309508911732
2024-02-18 00:00:00+00:00,2880.63,0.0001686544287956127,0.000642334993940478
2024-02-19 00:00:00+00:00,2962.65,0.0004626241847293271,0.0014123263103286684
2024-02-20 00:00:00+00:00,2996.39,0.00027525775510676975,0.000731642538894395
2024-02-21 00:00:00+00:00,2934.2,0.00014066093440004226,0.0004671164775829451
2024-02-22 00:00:00+00:00,2986.92,0.0004109356485890705,0.001245197751518782
2024-02-23 00:00:00+00:00,2921.97,4.729081602917717e-05,9.811669968020692e-07
2024-02-24 00:00:00+00:00,2987.93,5.3487390883754446e-05,0.00018587955767464858
2024-02-25 00:00:00+00:00,3102.35,6.332092222510399e-05,0.0003241352556674372
2024-02-26 00:00:00+00:00,3187.31,0.0001455401091944296,0.0003907466995108488
2024-02-27 00:00:00+00:00,3249.54,0.00025356127028393675,0.0007679362666770936
2024-02-28 00:00:00+00:00,3342.14,0.00022839033692232885,0.0007002490689260912
2024-02-29 00:00:00+00:00,3324.02,0.00040765219756418977,0.0012392779000222538
2024-03-01 00:00:00+00:00,3435.84,9.261893656752349e-05,0.00015074741362280385
2024-03-02 00:00:00+00:00,3407.7,5.211842398248264e-05,0.00016408453454134814
2024-03-03 00:00:00+00:00,3474.64,0.00015198919268475855,0.0006436648884176463
2024-03-04 00:00:00+00:00,3612.42,0.00035967524253613636,0.0009557993423159288
2024-03-05 00:00:00+00:00,3507.95,0.0006278265878689171,0.0020152773615635753
2024-03-06 00:00:00+00:00,3815.28,0.0003889995184877401,0.0010970622992314371
2024-03-07 00:00:00+00:00,3862.48,0.00023661658824772748,0.0007236397840922502
2024-03-08 00:00:00+00:00,3888.46,0.0002797004287831691,0.0007491046095371501
2024-03-09 00:00:00+00:00,3909.26,8.16860872437652e-05,0.00027917132132148097
2024-03-10 00:00:00+00:00,3829.77,0.00017702201555698567,0.0005156529215964952
2024-03-11 00:00:00+00:00,4068.61,0.00047049383418024815,0.001567738254740815
2024-03-12 00:00:00+00:00,3950.21,0.00020045020354106637,0.00047073230557142403
2024-03-13 00:00:00+00:00,3985.82,0.00022562251507916,0.0006466647405680402
2024-03-14 00:00:00+00:00,3877.42,0.00017385701045199035,0.0005392722765915498
2024-03-15 00:00:00+00:00,3730.03,0.00010106125670383581,0.0002762689520604498
2024-03-16 00:00:00+00:00,3556.2,8.473925301769335e-05,0.000361164997479428
2024-03-17 00:00:00+00:00,3643.91,8.76710958108601e-05,0.00010850007513968268
2024-03-18 00:00:00+00:00,3522.1,8.861460945715207e-06,6.488069963769915e-05
2024-03-19 00:00:00+00:00,3208.79,0.00018038849283600068,0.0005303722414339508
2024-03-20 00:00:00+00:00,3520.97,-5.892166047215698e-05,-0.00017840119951648194
2024-03-21 00:00:00+00:00,3482.79,2.903556682534321e-05,9.913480013369388e-05
2024-03-22 00:00:00+00:00,3287.74,3.9320208444836935e-05,0.00011110028238246071
2024-03-23 00:00:00+00:00,3378.13,1.7916483850157158e-05,8.093200674800736e-05
2024-03-24 00:00:00+00:00,3441.36,5.404603988252253e-05,0.00013215470884492367
2024-03-25 00:00:00+00:00,3612.63,5.7378302385229214e-05,0.0003559116387691436
2024-03-26 00:00:00+00:00,3605.39,0.00022209753874804833,0.0005650471201155395
2024-03-27 00:00:00+00:00,3514.05,0.00028034817824021467,0.0009417561058870022
2024-03-28 00:00:00+00:00,3567.28,0.00042238864428542915,0.001215525302444662
2024-03-29 00:00:00+00:00,3522.52,0.00023864076776912774,0.0005964479896082328
2024-03-30 00:00:00+00:00,3507.66,5.3294887219323496e-05,0.00019502194835268948
2024-03-31 00:00:00+00:00,3630.17,0.00030333548784476964,0.0011790572497466345
2024-04-01 00:00:00+00:00,3505.47,0.00029310627378208767,0.0005767803366619009
2024-04-02 00:00:00+00:00,3299.39,-5.581405337812941e-06,-3.0644269993978794e-05
2024-04-03 00:00:00+00:00,3319.41,3.425487015874457e-06,1.7552540594127393e-05
2024-04-04 00:00:00+00:00,3313.82,8.8500691514162e-06,2.9109324247906986e-05
2024-04-05 00:00:00+00:00,3316.19,3.721766581678108e-06,2.602774612533838e-05
2024-04-06 00:00:00+00:00,3378.73,5.608423742143918e-06,5.8900604384348345e-08
2024-04-07 00:00:00+00:00,3421.6,-5.109954688276196e-07,1.3229391853191949e-05
2024-04-08 00:00:00+00:00,3720.8,0.0001917400637194137,0.0006341684134882966
2024-04-09 00:00:00+00:00,3516.9,6.0989703877594456e-05,0.00013545921840718138
2024-04-10 00:00:00+00:00,3538.53,2.4145995789496363e-05,6.138025726755464e-05
2024-04-11 00:00:00+00:00,3506.6,1.4527429031191785e-05,4.904224680677451e-05
2024-04-12 00:00:00+00:00,3220.41,5.9218171094607735e-05,0.00017251430813018935
2024-04-13 00:00:00+00:00,3022.09,-6.0539267434735874e-05,-0.00036692773438016146
2024-04-14 00:00:00+00:00,3158.09,-0.0001045495141565232,-0.00011900238207706761
2024-04-15 00:00:00+00:00,3127.38,-9.533087570609879e-06,-2.8740820192782817e-05
2024-04-16 00:00:00+00:00,3094.77,-2.162878411322493e-05,-6.49108408452514e-05
2024-04-17 00:00:00+00:00,3007.86,-1.0728764531984004e-05,-3.0050083768316213e-05
2024-04-18 00:00:00+00:00,3071.56,-5.742672774467844e-05,-0.00023590550669550425
2024-04-19 00:00:00+00:00,3071.1,-9.289972176084019e-05,-0.00026020001090573273
2024-04-20 00:00:00+00:00,3142.76,-7.907026569790229e-05,-0.00020020126405721704
2024-04-21 00:00:00+00:00,3155.79,-3.0869859173676105e-05,-8.872882945102712e-05
2024-04-22 00:00:00+00:00,3219.54,-1.6713210601296795e-05,-7.390067776517206e-05
2024-04-23 00:00:00+00:00,3215.9,-6.924165251136566e-05,-0.00018085767054902845
2024-04-24 00:00:00+00:00,3130.19,1.4143357406292194e-05,4.393330100785741e-05
2024-04-25 00:00:00+00:00,3159.91,-4.922452528725469e-06,-1.573464530442233e-05
2024-04-26 00:00:00+00:00,3130.97,-4.4190362112793786e-05,-0.0001392728857488964
2024-04-27 00:00:00+00:00,3243.61,-2.733710843170002e-06,9.209583559781633e-06
2024-04-28 00:00:00+00:00,3289.91,1.9373153549204763e-05,6.061347219938983e-05
2024-04-29 00:00:00+00:00,3214.03,9.011335130957259e-06,1.782376574742995e-05
2024-04-30 00:00:00+00:00,3006.74,5.9339960427122e-06,5.9631010795362954e-05
2024-05-01 00:00:00+00:00,2965.7,2.827160267204445e-05,3.71232738281314e-05
2024-05-02 00:00:00+00:00,2997.56,-4.3710936550265014e-05,-0.00014284169465644315
2024-05-03 00:00:00+00:00,3108.7,-1.0558411699450352e-05,-2.7984934568945885e-05
2024-05-04 00:00:00+00:00,3107.86,2.9599123899904356e-05,0.00011018277706864444
2024-05-05 00:00:00+00:00,3132.06,3.1276867161142044e-06,-1.0140808079137877e-06
2024-05-06 00:00:00+00:00,3081.74,4.127579095323424e-05,0.00013007175907732606
2024-05-07 00:00:00+00:00,3036.82,3.744020504221259e-05,0.00012649333160089882
2024-05-08 00:00:00+00:00,2967.82,7.399889196125492e-05,0.00025589736394723546
2024-05-09 00:00:00+00:00,3053.54,8.356480093069364e-05,0.00019718862012785816
2024-05-10 00:00:00+00:00,2904.4,2.9100160409246893e-05,9.242856755060756e-05
2024-05-11 00:00:00+00:00,2915.47,7.400997377902823e-06,1.6199812501607107e-05
2024-05-12 00:00:00+00:00,2929.95,1.5118341828885132e-05,7.594040652371565e-05
2024-05-13 00:00:00+00:00,2940.03,3.903876888134291e-05,9.200903748996608e-05
2024-05-14 00:00:00+00:00,2887.64,2.7237467703272186e-05,0.00012251791423335866
2024-05-15 00:00:00+00:00,3014.17,6.779041800400227e-05,0.00015508317260946495
2024-05-16 00:00:00+00:00,2939.54,4.6392948904443176e-06,1.5663436442794335e-05
2024-05-17 00:00:00+00:00,3091.86,1.8701277256110204e-05,6.482907767004307e-05
2024-05-18 00:00:00+00:00,3118.87,2.114328064591258e-05,6.52243758802431e-05
2024-05-19 00:00:00+00:00,3076.43,1.541994313815598e-05,3.591104909668843e-05
2024-05-20 00:00:00+00:00,3613.38,2.175372449865908e-05,0.00018868212885242853
2024-05-21 00:00:00+00:00,3813.37,0.0003261927736241191,0.0010239683058929768
2024-05-22 00:00:00+00:00,3744.49,0.0001327710866808115,0.000316906408895048
2024-05-23 00:00:00+00:00,3809.61,0.0002724356817056472,0.0008204913337119523
2024-05-24 00:00:00+00:00,3736.68,8.73114630464418e-05,0.00020429092632532307
2024-05-25 00:00:00+00:00,3736.92,5.982138451892085e-05,0.00018341147042987908
2024-05-26 00:00:00+00:00,3836.43,0.00013772349944009767,0.00047800099844181904
2024-05-27 00:00:00+00:00,3883.97,0.00026216801993207906,0.0008840236789703741
2024-05-28 00:00:00+00:00,3859.24,0.000253864727014584,0.0007138267071768451
2024-05-29 00:00:00+00:00,3774.94,0.00021476976572223073,0.0005723095259600677
2024-05-30 00:00:00+00:00,3746.22,8.780328168524972e-05,0.0002215757558804796
2024-05-31 00:00:00+00:00,3766.55,4.920756093290338e-05,0.00028931229123245255
2024-06-01 00:00:00+00:00,3819.39,0.00018801410080617205,0.0005271435124364021
2024-06-02 00:00:00+00:00,3780.37,0.0001065942296438532,0.00023729564337729596
2024-06-03 00:00:00+00:00,3777.02,9.60430248177362e-05,0.0002747541163524718
2024-06-04 00:00:00+00:00,3815.06,5.538540292076622e-05,0.00017927745274799902
2024-06-05 00:00:00+00:00,3851.19,0.00019820647688188593,0.0006324201791403932
2024-06-06 00:00:00+00:00,3810.69,0.00018006439552363768,0.0005060222415761998
2024-06-07 00:00:00+00:00,3692.46,0.00013973703044560512,0.00040449213761354095
2024-06-08 00:00:00+00:00,3675.92,6.808885967226286e-05,0.0001887914569642405
2024-06-09 00:00:00+00:00,3707.16,-5.053206132437651e-08,-3.7839992437923014e-07
2024-06-10 00:00:00+00:00,3672.95,2.0259190918891176e-06,9.115579472566656e-06
2024-06-11 00:00:00+00:00,3500.16,4.967709012362139e-06,2.047681275017181e-05
2024-06-12 00:00:00+00:00,3570.37,5.3366719446701606e-05,0.0001537191895337253
2024-06-13 00:00:00+00:00,3480.2,4.14117894993798e-06,2.6264872713213312e-05
2024-06-14 00:00:00+00:00,3483.26,2.8329560979132785e-05,7.300491244343497e-05
2024-06-15 00:00:00+00:00,3568.51,5.969680299825074e-05,0.00019534945059761414
2024-06-16 00:00:00+00:00,3626.52,5.157328033917837e-05,0.00014518722737558756
2024-06-17 00:00:00+00:00,3522.62,9.573223596409901e-06,2.215457320546344e-05
2024-06-18 00:00:00+00:00,3478.97,-1.8434668215084492e-05,-5.163342715655688e-05
2024-06-19 00:00:00+00:00,3556.41,2.3957913282947875e-05,8.231866147488101e-05
2024-06-20 00:00:00+00:00,3517.84,2.276471327148693e-05,5.088568109481509e-05
2024-06-21 00:00:00+00:00,3522.54,-1.6493549962347384e-05,-4.712796123516055e-05
2024-06-22 00:00:00+00:00,3501.24,-1.7736023328828234e-07,-5.536571853197759e-07
2024-06-23 00:00:00+00:00,3423.53,5.7293401257389085e-06,2.479713887801103e-05
2024-06-24 00:00:00+00:00,3331.44,-1.223731912230229e-06,1.0917151982675444e-06
2024-06-25 00:00:00+00:00,3402.8,9.200110350513437e-06,5.35874065545675e-06
2024-06-26 00:00:00+00:00,3379.0,-1.869690646086338e-06,6.992075541805813e-06
2024-06-27 00:00:00+00:00,3446.9,0.00011961045636129205,0.00043022811416379024
2024-06-28 00:00:00+00:00,3367.44,8.864954200093319e-05,0.00024109876587440358
2024-06-29 00:00:00+00:00,3371.0,7.647385886027816e-05,0.00022048633453808613
2024-06-30 00:00:00+00:00,3444.88,4.6363637936407526e-05,0.00013579330624247232
2024-07-01 00:00:00+00:00,3439.68,7.541093110756827e-05,0.00019750653219032145
2024-07-02 00:00:00+00:00,3419.03,2.07309261467291e-05,6.072229593597772e-05
2024-07-03 00:00:00+00:00,3298.41,2.0582873549478726e-06,-2.0039407147694825e-06
2024-07-04 00:00:00+00:00,3126.87,-5.36270951150524e-06,-1.3750206449385972e-05
2024-07-05 00:00:00+00:00,2977.84,-5.794421166410814e-06,-1.71835888206459e-05
2024-07-06 00:00:00+00:00,3064.87,-2.879835253222664e-06,-1.2322658713008757e-05
2024-07-07 00:00:00+00:00,2937.4,-5.2541610096053236e-06,-1.953524601099144e-05
2024-07-08 00:00:00+00:00,3024.05,1.6328423822745215e-06,1.3924096353712851e-05
2024-07-09 00:00:00+00:00,3059.71,-4.5986592656404574e-07,1.700216473952157e-05
2024-07-10 00:00:00+00:00,3100.46,2.430885824588075e-05,5.391073937285911e-05
2024-07-11 00:00:00+00:00,3102.65,3.98286335208505e-07,1.3592634206980343e-06
2024-07-12 00:00:00+00:00,3127.94,-3.7023855928955507e-06,-1.1688637128713061e-05
2024-07-13 00:00:00+00:00,3192.24,2.005461930659243e-06,3.6322611777929474e-06
2024-07-14 00:00:00+00:00,3247.15,1.0792993361903936e-05,3.77261325197063e-05
2024-07-15 00:00:00+00:00,3475.25,1.6830191341501566e-05,5.0100426699782764e-05
2024-07-16 00:00:00+00:00,3429.83,1.1190342382346007e-05,4.4939214644362205e-05
2024-07-17 00:00:00+00:00,3395.23,2.5889319720080542e-05,6.529907213914789e-05
2024-07-18 00:00:00+00:00,3432.32,5.781151641929919e-08,1.006471835436772e-05
2024-07-19 00:00:00+00:00,3510.08,3.062932449785157e-05,0.00012772592554654956
2024-07-20 00:00:00+00:00,3515.69,5.9678308688214205e-05,0.000138307510353657
2024-07-21 00:00:00+00:00,3534.13,6.979917453724604e-06,4.545174829483213e-05
2024-07-22 00:00:00+00:00,3449.58,1.9870332330754734e-05,3.149419064797531e-05
2024-07-23 00:00:00+00:00,3482.92,7.94170367027531e-06,2.039486781890276e-05
2024-07-24 00:00:00+00:00,3328.79,4.3649083526868173e-07,8.43207448422791e-06
2024-07-25 00:00:00+00:00,3164.62,1.2412507304733992e-05,3.8141834000854095e-05
2024-07-26 00:00:00+00:00,3279.8,3.5316935506376702e-06,1.8776516241209738e-05
2024-07-27 00:00:00+00:00,3274.88,4.6506609530865544e-05,0.00013721070888765108
2024-07-28 00:00:00+00:00,3259.43,4.0285860016431095e-05,0.00013143505195952837
2024-07-29 00:00:00+00:00,3329.06,7.520070004152835e-05,0.00020799436247096646
2024-07-30 00:00:00+00:00,3277.88,1.7259986249024172e-05,8.613553170924696e-05
2024-07-31 00:00:00+00:00,3242.36,7.490786681029105e-05,0.00022330256684517901
2024-08-01 00:00:00+00:00,3206.11,0.00011751265920920295,0.0003738223024154948
2024-08-02 00:00:00+00:00,2974.67,6.0925523829576805e-05,0.00014396043526163606
2024-08-03 00:00:00+00:00,2907.49,6.107774220195864e-05,0.00017862954070899155
2024-08-04 00:00:00+00:00,2721.45,2.984464233615977e-05,7.104967779122036e-05
2024-08-05 00:00:00+00:00,2452.95,-0.0003688328345322334,-0.0011023048467610876
2024-08-06 00:00:00+00:00,2476.09,-0.00012433080280297286,-0.0003623673395058379
2024-08-07 00:00:00+00:00,2356.67,-0.00011778267001991435,-0.00041526152759580943
2024-08-08 00:00:00+00:00,2708.4,-0.0001061124630059632,-0.00029652086214796976
2024-08-09 00:00:00+00:00,2599.32,-0.00010197872396493697,-0.00032143255117971685
2024-08-10 00:00:00+00:00,2607.06,-6.917651519166768e-05,-0.0001201089282056328
2024-08-11 00:00:00+00:00,2567.85,-2.0587312884252305e-05,-6.347805680052399e-05
2024-08-12 00:00:00+00:00,2696.75,-2.4221736009394416e-05,-7.428379583311697e-05
2024-08-13 00:00:00+00:00,2714.66,-3.9296171696301055e-05,-0.00013707021790314693
2024-08-14 00:00:00+00:00,2670.02,-4.1080360194999545e-05,-0.0001008586871973963
2024-08-15 00:00:00+00:00,2577.15,-1.9118737335991683e-05,-0.00010462722264716419
2024-08-16 00:00:00+00:00,2596.39,-8.344938483712093e-05,-0.0002792869159573249
2024-08-17 00:00:00+00:00,2609.16,-6.683917225667258e-05,-0.00013311193961177878
2024-08-18 00:00:00+00:00,2646.61,-1.9058130030529678e-05,-4.898295008186125e-05
2024-08-19 00:00:00+00:00,2623.95,-4.923345492046898e-05,-0.00016366425746148735
2024-08-20 00:00:00+00:00,2587.17,-2.857213377471517e-05,-6.955788102243606e-05
2024-08-21 00:00:00+00:00,2631.32,-2.213935676292934e-05,-0.00012966423544251288
2024-08-22 00:00:00+00:00,2624.58,-3.8158370875923034e-05,-4.77895238119864e-05
2024-08-23 00:00:00+00:00,2762.23,-2.1781377867587565e-06,-1.0374189529773123e-05
2024-08-24 00:00:00+00:00,2753.11,-2.3394382198593076e-05,-7.022816226385874e-05
2024-08-25 00:00:00+00:00,2772.44,-2.288537711167371e-06,-5.115293353097654e-06
2024-08-26 00:00:00+00:00,2687.04,-1.2281511888414673e-05,-4.675857055347385e-05
2024-08-27 00:00:00+00:00,2461.02,-4.1866177309397486e-05,-0.00015239906844999172
2024-08-28 00:00:00+00:00,2532.84,-3.203515947459106e-05,-5.80857814209569e-05
2024-08-29 00:00:00+00:00,2524.07,-4.8043711794821175e-06,-1.46128350115006e-05
2024-08-30 00:00:00+00:00,2525.74,-3.8054526742894726e-07,1.2487284169303973e-06
2024-08-31 00:00:00+00:00,2516.49,9.232012823029926e-07,1.3184961967321178e-06
2024-09-01 00:00:00+00:00,2406.1,-1.5944281734913544e-06,-9.82088011977146e-06
2024-09-02 00:00:00+00:00,2544.75,-7.074271948730665e-06,-1.5485264178854236e-05
2024-09-03 00:00:00+00:00,2452.89,1.0877745603769094e-06,3.135329525969991e-06
2024-09-04 00:00:00+00:00,2462.37,-3.8476918910526415e-05,-0.00011362648859729748
2024-09-05 00:00:00+00:00,2370.48,-1.6714692858332593e-05,-5.2028248084204794e-05
2024-09-06 00:00:00+00:00,2208.82,-2.728800506973558e-06,-9.41847330760835e-06
2024-09-07 00:00:00+00:00,2264.49,-1.932785685895021e-05,-9.181315678046668e-05
2024-09-08 00:00:00+00:00,2293.45,-4.0391638928686664e-05,-8.49709408794888e-05
2024-09-09 00:00:00+00:00,2357.74,-1.7378828110555895e-07,2.6836176734923083e-06
2024-09-10 00:00:00+00:00,2390.18,2.848718098705676e-06,7.129400154559476e-06
2024-09-11 00:00:00+00:00,2339.93,-3.381540531281995e-06,-1.0135844454397393e-05
2024-09-12 00:00:00+00:00,2360.83,4.062120568763778e-06,1.2580501554698711e-05
2024-09-13 00:00:00+00:00,2447.83,5.970726841893601e-06,2.058586881996639e-05
2024-09-14 00:00:00+00:00,2417.49,6.241393035923614e-06,1.7956597196204403e-05
2024-09-15 00:00:00+00:00,2346.75,3.7090287404544794e-06,8.862955686189181e-06
2024-09-16 00:00:00+00:00,2283.96,-9.77591948426313e-06,-2.177303811028771e-05
2024-09-17 00:00:00+00:00,2338.06,1.316438938737701e-05,3.276631507908399e-05
2024-09-18 00:00:00+00:00,2339.94,3.0423454761797737e-06,1.0671940389940963e-05
2024-09-19 00:00:00+00:00,2472.54,2.7452578059506072e-05,8.1647651178956e-05
2024-09-20 00:00:00+00:00,2551.09,4.102971694765272e-05,0.00013628547241007302
2024-09-21 00:00:00+00:00,2576.32,1.9169272602460288e-05,6.742608140282125e-05
2024-09-22 00:00:00+00:00,2589.54,2.3429092938598432e-05,4.9328811591274206e-05
2024-09-23 00:00:00+00:00,2646.59,2.691193390106825e-05,7.808471957530496e-05
2024-09-24 00:00:00+00:00,2666.3,2.1294832585781507e-05,8.111347751915835e-05
2024-09-25 00:00:00+00:00,2571.88,4.7911630342152785e-05,0.00015435448922050305
2024-09-26 00:00:00+00:00,2637.83,5.490358071229233e-05,0.0001280121114804005
2024-09-27 00:00:00+00:00,2705.88,-2.0737762605915604e-06,8.344100344291632e-06
2024-09-28 00:00:00+00:00,2675.28,1.838604452621602e-05,5.787323620142854e-05
2024-09-29 00:00:00+00:00,2656.31,3.076372433490056e-05,9.64836618291115e-05
2024-09-30 00:00:00+00:00,2601.71,2.4262527289964353e-05,9.553311602364578e-05
2024-10-01 00:00:00+00:00,2453.29,0.00010565118240648615,0.00027882569584399735
2024-10-02 00:00:00+00:00,2381.6,1.401896783497724e-05,5.2210828135217814e-05
2024-10-03 00:00:00+00:00,2351.92,1.2022752050923319e-05,3.104138853493692e-05
2024-10-04 00:00:00+00:00,2420.82,1.0356702203674303e-05,4.6585974447500143e-05
2024-10-05 00:00:00+00:00,2418.08,4.903207758169407e-05,0.00013542140376078762
2024-10-06 00:00:00+00:00,2431.78,1.662717649856294e-05,5.3280159351264455e-05
2024-10-07 00:00:00+00:00,2416.23,6.128545728039563e-05,0.0001828755586842433
2024-10-08 00:00:00+00:00,2440.01,5.7877556468139785e-05,0.00019384532623847344
2024-10-09 00:00:00+00:00,2371.68,0.00010825844323462238,0.00034055314599505963
2024-10-10 00:00:00+00:00,2375.67,8.333499401385931e-05,0.00025744863427104066
2024-10-11 00:00:00+00:00,2438.91,3.244370893445508e-05,4.695512261918317e-05
2024-10-12 00:00:00+00:00,2486.68,2.120829282833057e-05,8.06485201215853e-05
2024-10-13 00:00:00+00:00,2465.99,7.922672388732662e-05,0.000249998268696478
2024-10-14 00:00:00+00:00,2649.03,0.00015561848456366754,0.00048392972042239976
2024-10-15 00:00:00+00:00,2593.84,7.805938860513812e-05,0.00019436931777524626
2024-10-16 00:00:00+00:00,2620.98,2.349097620955654e-05,9.507640141349501e-05
2024-10-17 00:00:00+00:00,2611.72,4.858389994091163e-05,0.00012125133485520424
2024-10-18 00:00:00+00:00,2636.12,1.3386937448452654e-05,4.00391498680544e-05
2024-10-19 00:00:00+00:00,2650.17,6.038141199305397e-07,9.776225469007498e-08
2024-10-20 00:00:00+00:00,2746.73,5.783625300237499e-05,0.00021667404578952439
2024-10-21 00:00:00+00:00,2675.69,0.00014382507257994814,0.00039873683017770036
2024-10-22 00:00:00+00:00,2634.36,6.621766663454317e-05,0.00022065200371307065
2024-10-23 00:00:00+00:00,2508.29,4.821718532902977e-05,0.00015211471398173047
2024-10-24 00:00:00+00:00,2531.42,9.04153191240533e-05,0.00024575377011903905
2024-10-25 00:00:00+00:00,2460.63,5.5860607686885435e-05,0.00023500137906018454
2024-10-26 00:00:00+00:00,2483.53,4.559504612453745e-05,9.99507476914352e-05
2024-10-27 00:00:00+00:00,2511.04,7.409829076335337e-05,0.000261304306455919
2024-10-28 00:00:00+00:00,2566.09,0.00012471459353382045,0.000296306638605567
2024-10-29 00:00:00+00:00,2635.79,0.00012077653209813454,0.0003948821900444341
2024-10-30 00:00:00+00:00,2658.62,0.00014558130297975274,0.0004191558604903923
2024-10-31 00:00:00+00:00,2518.36,4.6550412188500264e-05,0.0001614797821018814
2024-11-01 00:00:00+00:00,2511.26,2.297212075338347e-05,2.773761812452243e-05
2024-11-02 00:00:00+00:00,2491.13,-1.1416638138385429e-06,-4.441980299441402e-06
2024-11-03 00:00:00+00:00,2459.45,-9.513731245685465e-07,-9.373781570782622e-07
2024-11-04 00:00:00+00:00,2404.77,5.865142803662767e-06,2.0103527506262196e-05
2024-11-05 00:00:00+00:00,2434.57,5.435765759444743e-06,1.0176738076369825e-05
2024-11-06 00:00:00+00:00,2737.18,8.433110721557067e-05,0.00027480987112922083
2024-11-07 00:00:00+00:00,2882.98,9.498701043546406e-05,0.00030289059616520644
2024-11-08 00:00:00+00:00,2960.68,0.0001435801639382962,0.00046119466406347896
2024-11-09 00:00:00+00:00,3136.04,0.0001405485811838151,0.0004572788200170834
2024-11-10 00:00:00+00:00,3185.96,0.00033771005627740214,0.001069423013647945
2024-11-11 00:00:00+00:00,3346.22,0.00019757359008106958,0.0004599366556368395
2024-11-12 00:00:00+00:00,3291.25,0.000267587958713035,0.0008032382792826538
2024-11-13 00:00:00+00:00,3183.14,6.967842936537375e-05,0.0002373648896053385
2024-11-14 00:00:00+00:00,3089.36,0.00016142071613288738,0.0005252591164762963
2024-11-15 00:00:00+00:00,3101.18,0.00012417135177991088,0.00028663739488057384
2024-11-16 00:00:00+00:00,3134.78,3.003889096762218e-05,0.0001062575213397492
2024-11-17 00:00:00+00:00,3068.75,0.00013247464428693307,0.000456032727766313
2024-11-18 00:00:00+00:00,3151.87,0.00020409040749472634,0.0006242662482906796
2024-11-19 00:00:00+00:00,3096.49,0.0002335454296689861,0.000664690947981893
2024-11-20 00:00:00+00:00,3076.61,0.00018195389541100052,0.0005133605228375794
2024-11-21 00:00:00+00:00,3374.54,0.0002934807136799899,0.0010264466662907226
2024-11-22 00:00:00+00:00,3312.19,0.00030555742332335757,0.0008102669093174171
2024-11-23 00:00:00+00:00,3410.2,0.00021853724630953138,0.00076430930580053
2024-11-24 00:00:00+00:00,3361.99,0.00025819435664010444,0.0006723973927701744
2024-11-25 00:00:00+00:00,3449.99,0.0002125711712068547,0.0007024614797177284
2024-11-26 00:00:00+00:00,3324.0,0.0002172493339457311,0.0006768637566466429
2024-11-27 00:00:00+00:00,3670.47,0.00032643592304003365,0.0008948950529852014
2024-11-28 00:00:00+00:00,3592.47,0.00018391737512615214,0.0006140266421139725
2024-11-29 00:00:00+00:00,3598.69,0.00028921777126873587,0.0008209872416322238
2024-11-30 00:00:00+00:00,3710.61,0.0002604309699789466,0.000906668016264792
2024-12-01 00:00:00+00:00,3723.53,0.0003352200670042968,0.0009760210494390235
2024-12-02 00:00:00+00:00,3616.78,0.00022751133712806042,0.0005887800728439715
2024-12-03 00:00:00+00:00,3634.71,0.00015179139977847717,0.00042016002488477934
2024-12-04 00:00:00+00:00,3848.92,0.00018306879688441391,0.0005955325447540586
2024-12-05 00:00:00+00:00,3810.93,0.00041040996810567633,0.0011789868756691597
2024-12-06 00:00:00+00:00,4029.97,0.00010467543139229427,0.0003276769409656346
2024-12-07 00:00:00+00:00,3998.75,0.00015896173706010595,0.0004923878803631575
2024-12-08 00:00:00+00:00,4012.89,0.00011368812357584507,0.00031978270719756625
2024-12-09 00:00:00+00:00,3715.63,7.008138860297658e-05,0.00021521349997111877
2024-12-10 00:00:00+00:00,3635.53,0.00010655335208425607,0.0003077347599243816
2024-12-11 00:00:00+00:00,3839.14,1.7593027497873704e-05,4.834416897131869e-05
2024-12-12 00:00:00+00:00,3883.01,7.244627883506465e-05,0.00022376443745544515
2024-12-13 00:00:00+00:00,3897.81,2.363218978012128e-06,-6.862582670643228e-06
2024-12-14 00:00:00+00:00,3862.12,-5.3998344493795126e-06,-3.174377421631598e-05
2024-12-15 00:00:00+00:00,3888.73,8.491703992591702e-06,5.925840217544677e-05
2024-12-16 00:00:00+00:00,4031.92,7.36451177071789e-05,0.00024402103294434894
2024-12-17 00:00:00+00:00,3883.19,8.997586432624345e-05,0.00024854515632535704
2024-12-18 00:00:00+00:00,3679.09,1.5092169004507943e-05,3.60230241508239e-05
2024-12-19 00:00:00+00:00,3455.27,4.937410096351699e-05,0.00014390826890261897
2024-12-20 00:00:00+00:00,3469.8,-3.326364316812893e-06,-9.883478231624931e-06
2024-12-21 00:00:00+00:00,3328.51,1.0668422008432124e-05,4.67036447577805e-05
2024-12-22 00:00:00+00:00,3284.7,4.938616151487446e-05,0.00013374637972794613
2024-12-23 00:00:00+00:00,3454.46,3.754851214745119e-05,0.0001452058908272401
2024-12-24 00:00:00+00:00,3490.49,4.896186248279592e-05,0.00011703761675574271
2024-12-25 00:00:00+00:00,3472.54,1.9619786652120602e-06,7.269692578049313e-06
2024-12-26 00:00:00+00:00,3337.31,4.021341062350871e-05,0.00016847722301596018
2024-12-27 00:00:00+00:00,3315.89,8.850878729276386e-05,0.0002748494637593076
2024-12-28 00:00:00+00:00,3404.88,5.495567580472434e-05,0.00015909298244650043
2024-12-29 00:00:00+00:00,3333.98,7.851728210185836e-05,0.0001905022953702408
2024-12-30 00:00:00+00:00,3352.03,0.00016607925560417714,0.0005203651366834774
2024-12-31 00:00:00+00:00,3333.15,7.831173422092043e-05,0.00022434291530459057
2025-01-01 00:00:00+00:00,3353.88,0.00011767593366256069,0.00044115590260405794
2025-01-02 00:00:00+00:00,3437.55,0.00019747372106501814,0.0005255680421685912
2025-01-03 00:00:00+00:00,3615.54,8.151948390821781e-05,0.0002134148770537007
2025-01-04 00:00:00+00:00,3659.97,1.5510639083345494e-05,4.8877765996480383e-05
2025-01-05 00:00:00+00:00,3644.95,4.2018525627819085e-05,0.0001326477354989499
2025-01-06 00:00:00+00:00,3679.68,5.290644898012372e-05,0.00016088692370180678
2025-01-07 00:00:00+00:00,3396.11,2.364563815858189e-05,6.425792197969969e-05
2025-01-08 00:00:00+00:00,3332.33,-1.5894213322697283e-05,-5.069550600924515e-05
2025-01-09 00:00:00+00:00,3224.4,5.8741656395506815e-06,1.495077475704417e-05
2025-01-10 00:00:00+00:00,3272.6,1.0435090949632736e-05,3.3706653708225794e-05
2025-01-11 00:00:00+00:00,3287.42,2.4607512555768113e-06,1.358679500025334e-05
2025-01-12 00:00:00+00:00,3238.06,4.534936124028991e-05,0.0001500038184676316
2025-01-13 00:00:00+00:00,3130.55,3.528404751713655e-05,8.47748330465245e-05
2025-01-14 00:00:00+00:00,3234.51,6.638405148635239e-05,0.00020213891883477647
2025-01-15 00:00:00+00:00,3430.82,4.704164773254666e-05,0.00016400784105013603
2025-01-16 00:00:00+00:00,3296.36,0.00011467165647758685,0.00034492287875424613
2025-01-17 00:00:00+00:00,3471.44,0.00010487756989512169,0.00031127328151326635
2025-01-18 00:00:00+00:00,3277.88,9.503457741320456e-05,0.00029278294525859633
2025-01-19 00:00:00+00:00,3263.24,0.00016869090366305312,0.0005536325499771794
2025-01-20 00:00:00+00:00,3314.31,0.0001566617242084106,0.0004398020739876183
2025-01-21 00:00:00+00:00,3334.58,6.310046243890136e-05,0.00015368531478216963
2025-01-22 00:00:00+00:00,3236.65,9.182182103033268e-07,-4.1196979234629517e-07
2025-01-23 00:00:00+00:00,3322.69,-4.6858517469296445e-06,-2.278934766815337e-05
2025-01-24 00:00:00+00:00,3325.86,8.84156624986653e-06,2.596904846190424e-05
2025-01-25 00:00:00+00:00,3333.94,-7.539887553080991e-07,8.66676586462362e-06
2025-01-26 00:00:00+00:00,3288.05,-4.369364645933353e-07,-1.2957660105575434e-05
2025-01-27 00:00:00+00:00,3169.73,1.526969319613074e-06,1.5722206097159002e-05
2025-01-28 00:00:00+00:00,3082.23,2.9358553761709067e-06,6.857875104857984e-06
2025-01-29 00:00:00+00:00,3132.55,-6.246493228535218e-06,-1.755031824386988e-05
2025-01-30 00:00:00+00:00,3261.09,4.1033596452176195e-05,0.00013616707167611692
2025-01-31 00:00:00+00:00,3295.6,2.960194229319359e-05,0.00010464975160535884
2025-02-01 00:00:00+00:00,3137.13,1.757706439455784e-05,2.3952167906012292e-05
2025-02-02 00:00:00+00:00,2873.92,1.3378075261533714e-05,6.702160655794364e-05
2025-02-03 00:00:00+00:00,2872.34,-0.00034290298341151944,-0.0011270471754795315
2025-02-04 00:00:00+00:00,2685.24,-8.841059398222009e-05,-0.00015832543479075785
2025-02-05 00:00:00+00:00,2759.9,-3.4112672694286e-05,-8.568669296199426e-05
2025-02-06 00:00:00+00:00,2700.51,-2.6017622744667243e-05,-8.235816754073659e-05
2025-02-07 00:00:00+00:00,2584.21,-4.782237445806712e-05,-0.00017903793088070607
2025-02-08 00:00:00+00:00,2627.11,-1.7285475673914647e-05,-5.4606099699962445e-06
2025-02-09 00:00:00+00:00,2616.33,-3.5965277871489854e-05,-0.00011995084296825752
2025-02-10 00:00:00+00:00,2659.24,-1.8886045374031008e-05,-3.8536446651083074e-05
2025-02-11 00:00:00+00:00,2585.94,1.4186968443209347e-06,5.014364328523129e-06
2025-02-12 00:00:00+00:00,2746.07,2.0388286043040716e-07,1.5581637822907304e-06
2025-02-13 00:00:00+00:00,2668.59,6.4081718028204606e-06,1.8673008344783e-05
2025-02-14 00:00:00+00:00,2718.46,2.2793592795942177e-06,7.110971192704893e-06
2025-02-15 00:00:00+00:00,2695.4,-6.3989482326922685e-06,-2.1152430482046274e-05
2025-02-16 00:00:00+00:00,2679.18,-2.3269792293306805e-05,-8.1800005130071e-05
2025-02-17 00:00:00+00:00,2738.09,-5.901710871545297e-06,-1.1442390235915246e-06
2025-02-18 00:00:00+00:00,2654.34,6.421622903631794e-07,-1.7076855460795504e-06
2025-02-19 00:00:00+00:00,2721.33,-8.303996400602451e-06,-3.052204723492101e-05
2025-02-20 00:00:00+00:00,2729.33,-4.264109859099777e-07,3.729762046779251e-06
2025-02-21 00:00:00+00:00,2642.06,1.6662409437040978e-06,3.7944428942346616e-06
2025-02-22 00:00:00+00:00,2767.97,-1.1346862660194273e-05,-3.3616857995035443e-05
2025-02-23 00:00:00+00:00,2803.41,-3.167897383096792e-05,-9.400806756227438e-05
2025-02-24 00:00:00+00:00,2508.85,-3.995124506311749e-05,-0.00014641675466165274
2025-02-25 00:00:00+00:00,2508.52,-5.739269149855081e-06,1.7684235128608968e-05
2025-02-26 00:00:00+00:00,2345.72,-1.338566084098119e-05,-3.3068300061245256e-05
2025-02-27 00:00:00+00:00,2289.91,1.1743290928107838e-05,2.635226181353573e-05
2025-02-28 00:00:00+00:00,2215.16,5.0612276931556714e-06,1.3880678709783878e-05
2025-03-01 00:00:00+00:00,2214.33,9.330477103556175e-06,2.542560145464411e-05
2025-03-02 00:00:00+00:00,2539.63,-2.7682682937391382e-05,-0.00019581620020301397
2025-03-03 00:00:00+00:00,2164.85,-3.1951178880806577e-05,1.8724455152466575e-05
2025-03-04 00:00:00+00:00,2166.14,-5.392479390939781e-06,-4.0439767109407826e-05
2025-03-05 00:00:00+00:00,2237.57,-2.4118140075786665e-05,-9.524279038715196e-05
2025-03-06 00:00:00+00:00,2211.43,-0.00010206802878648792,-0.0003010950639742355
2025-03-07 00:00:00+00:00,2143.7,-5.9152966423357924e-05,-0.0001567678569261223
2025-03-08 00:00:00+00:00,2206.65,-4.596705471980494e-05,-0.00019889589776725817
2025-03-09 00:00:00+00:00,2009.37,-0.00010870296389334367,-0.00032388870343309935
2025-03-10 00:00:00+00:00,1879.25,-6.347993619004483e-05,-0.0001371628012849831
2025-03-11 00:00:00+00:00,1943.25,-7.749132843461188e-05,-0.0002208329529269071
2025-03-12 00:00:00+00:00,1910.11,-2.4833630847172116e-05,-7.523355448606595e-05
2025-03-13 00:00:00+00:00,1878.28,-2.0164337548653598e-05,-5.999307873206492e-05
2025-03-14 00:00:00+00:00,1926.71,-6.273091931135592e-06,-2.7629640048670093e-05
2025-03-15 00:00:00+00:00,1943.89,-5.912030804045752e-06,-8.454221512287309e-06
2025-03-16 00:00:00+00:00,1874.49,-8.545723663896641e-06,-3.7118257932496155e-05
2025-03-17 00:00:00+00:00,1932.3,-5.184647204362669e-06,-3.841472026490588e-06
2025-03-18 00:00:00+00:00,1917.43,-3.38418866917081e-06,-1.1915033798445739e-05
2025-03-19 00:00:00+00:00,2049.92,-5.389031894181169e-06,-2.676775386706523e-05
2025-03-20 00:00:00+00:00,1975.62,-9.75930376113163e-06,-1.7364027544300864e-05
2025-03-21 00:00:00+00:00,1965.64,-1.007265854187275e-05,-3.816204861578213e-05
2025-03-22 00:00:00+00:00,1984.45,-6.238820890230815e-06,-1.0654768774017226e-05
2025-03-23 00:00:00+00:00,1987.39,-1.4983098249579915e-06,-4.52678253789544e-06
2025-03-24 00:00:00+00:00,2077.33,-1.1078931217023556e-06,-5.191691861514533e-06
2025-03-25 00:00:00+00:00,2063.19,-3.147784144468963e-05,-9.372517473774471e-05
2025-03-26 00:00:00+00:00,2000.5,-5.4100272759329075e-06,-1.7152642370699786e-05
2025-03-27 00:00:00+00:00,2007.54,-8.96700515992927e-06,-2.402112059805845e-05
2025-03-28 00:00:00+00:00,1900.32,-9.611244920140989e-05,-0.00028298989649445483
2025-03-29 00:00:00+00:00,1817.14,-6.333127426729897e-05,-0.0002891296979234321
2025-03-30 00:00:00+00:00,1804.52,-0.0001506532003629076,-0.0004709244132147511
2025-03-31 00:00:00+00:00,1824.49,-9.832648115151316e-05,-0.000169760308257888
2025-04-01 00:00:00+00:00,1911.9,5.967009453815329e-07,1.4848075356260508e-06
2025-04-02 00:00:00+00:00,1797.5,5.859227696506837e-07,-3.506807303810303e-06
2025-04-03 00:00:00+00:00,1810.34,-2.226797215829899e-05,-5.961924852226416e-05
2025-04-04 00:00:00+00:00,1818.55,1.0453830977847294e-05,3.0346396889627233e-05
2025-04-05 00:00:00+00:00,1796.42,-1.718253238867655e-07,-2.0153122437544324e-06
2025-04-06 00:00:00+00:00,1576.05,-5.160909290901218e-05,-0.0002332010048841179
2025-04-07 00:00:00+00:00,1578.24,-0.00014906121829740495,-0.0003709467740218354
2025-04-08 00:00:00+00:00,1466.07,-2.486788342464982e-05,-6.315202845551871e-05
2025-04-09 00:00:00+00:00,1670.91,-3.390583459751053e-05,-0.00010602635354157178
2025-04-10 00:00:00+00:00,1523.94,-8.770205300258101e-05,-0.00033527329368144854
2025-04-11 00:00:00+00:00,1565.77,-8.814327853463287e-05,-0.00018706972197409164
2025-04-12 00:00:00+00:00,1649.74,-4.55989492952145e-05,-0.00012967890335768742
2025-04-13 00:00:00+00:00,1585.72,-3.999187940590313e-05,-0.000150317310958906
2025-04-14 00:00:00+00:00,1620.99,-1.2164576426553623e-05,-1.531297034114875e-05
2025-04-15 00:00:00+00:00,1590.79,-2.674082704020109e-05,-7.196557576392679e-05
2025-04-16 00:00:00+00:00,1587.65,-2.3520010874538793e-05,-7.675609768866793e-05
2025-04-17 00:00:00+00:00,1579.52,-4.522201578422505e-06,-6.78374635203663e-06
2025-04-18 00:00:00+00:00,1592.74,-2.0499848194646936e-05,-6.857833660730272e-05
2025-04-19 00:00:00+00:00,1619.18,-2.7118889395802557e-06,2.3345965341757958e-07
2025-04-20 00:00:00+00:00,1582.05,-1.1115739945894404e-05,-3.182933737584741e-05
2025-04-21 00:00:00+00:00,1577.87,7.257533680304805e-07,1.0925695928170403e-06
2025-04-22 00:00:00+00:00,1745.49,-1.0541058066049284e-06,-4.854576708039856e-06
2025-04-23 00:00:00+00:00,1804.15,1.1465150459926519e-06,5.154663870909447e-06
2025-04-24 00:00:00+00:00,1760.79,7.169439864116325e-07,2.0380954473810265e-06
2025-04-25 00:00:00+00:00,1797.0,-1.2663636709225097e-05,-5.021445961331807e-05
2025-04-26 00:00:00+00:00,1817.14,-1.0815859460013154e-05,-2.034550395217599e-05
2025-04-27 00:00:00+00:00,1795.11,-4.2474587571384244e-06,-1.2762460076911556e-05
2025-04-28 00:00:00+00:00,1802.19,-6.6135657519161835e-06,-1.9776596160155684e-05
2025-04-29 00:00:00+00:00,1793.01,-1.5864722706611462e-06,-4.906072441296411e-06
2025-04-30 00:00:00+00:00,1795.69,-2.729950296284281e-06,-7.9880826251196e-06
2025-05-01 00:00:00+00:00,1839.42,2.7947135823632603e-06,2.1160503735838805e-05
2025-05-02 00:00:00+00:00,1835.9,4.973467179035751e-06,2.0910717551082943e-06
2025-05-03 00:00:00+00:00,1843.17,-8.273431262728493e-06,-2.897541989043119e-05
2025-05-04 00:00:00+00:00,1818.1,-1.4242565529260196e-06,-6.350226262624542e-08
2025-05-05 00:00:00+00:00,1825.88,-1.2755136810394883e-06,-3.819268682064628e-06
2025-05-06 00:00:00+00:00,1811.06,-1.0153666014713227e-06,-3.9720981696976156e-06
2025-05-07 00:00:00+00:00,1817.17,1.8782805133557045e-07,1.5136741575585036e-06
2025-05-08 00:00:00+00:00,2179.14,-6.096770302038233e-06,-3.441139132955902e-05
2025-05-09 00:00:00+00:00,2334.74,2.411856920697105e-06,2.224729225147486e-05
2025-05-10 00:00:00+00:00,2578.64,4.364570494061981e-06,9.006325149032801e-06
2025-05-11 00:00:00+00:00,2503.71,-2.6699412771741696e-06,-3.877352477111088e-06
2025-05-12 00:00:00+00:00,2485.86,-2.52303694001479e-06,-7.653109927995383e-06
2025-05-13 00:00:00+00:00,2680.07,-4.470105594006079e-06,-1.5797413850930804e-05
2025-05-14 00:00:00+00:00,2596.23,-9.163750208231881e-06,-2.4042199958832483e-05
2025-05-15 00:00:00+00:00,2542.21,-2.6992865335252467e-06,-1.6417034320205195e-05
2025-05-16 00:00:00+00:00,2546.94,-1.5251208595672624e-05,-3.872920284388053e-05
2025-05-17 00:00:00+00:00,2461.42,2.2856919742140515e-06,1.235693414640917e-05
2025-05-18 00:00:00+00:00,2456.16,2.2089356017393783e-05,8.923850558971591e-05
2025-05-19 00:00:00+00:00,2504.76,2.2378001333446305e-05,4.974423536750314e-05
2025-05-20 00:00:00+00:00,2517.04,1.556571570102087e-05,7.195467634611415e-05
2025-05-21 00:00:00+00:00,2537.14,5.491201162778204e-05,0.00013103749755973964
2025-05-22 00:00:00+00:00,2636.23,4.66809495182522e-05,0.0001526663701869259
2025-05-23 00:00:00+00:00,2539.12,4.038784185671453e-05,0.00010758577824957083
2025-05-24 00:00:00+00:00,2525.91,-8.628500417453605e-06,-2.6011701897390594e-05
2025-05-25 00:00:00+00:00,2550.25,-8.256708134195906e-06,-3.954257850464829e-05
2025-05-26 00:00:00+00:00,2560.38,-1.4674148502565026e-05,-3.0043463291751246e-05
2025-05-27 00:00:00+00:00,2660.88,-1.5621159344979618e-07,1.5893735057833997e-06
2025-05-28 00:00:00+00:00,2649.48,-5.525969473084187e-06,-1.7760860318502246e-05
2025-05-29 00:00:00+00:00,2645.17,1.2407678913136647e-05,5.9547587757414486e-05
2025-05-30 00:00:00+00:00,2526.83,1.9368702666550794e-05,3.596180090708244e-05
2025-05-31 00:00:00+00:00,2531.88,-2.221887220000212e-06,-6.980378360516379e-06
2025-06-01 00:00:00+00:00,2536.17,4.8961363615608575e-06,2.3472118997044767e-05
2025-06-02 00:00:00+00:00,2585.45,2.415441861227657e-07,-1.1454277935836119e-05
2025-06-03 00:00:00+00:00,2606.2,-6.09254569968688e-07,3.019595053635771e-06
2025-06-04 00:00:00+00:00,2607.17,1.920674536698034e-05,6.632655185735787e-05
2025-06-05 00:00:00+00:00,2431.27,3.78488846147324e-05,0.00010383009196198994
2025-06-06 00:00:00+00:00,2484.74,-3.4245957764836403e-06,-1.2468562209953949e-05
2025-06-07 00:00:00+00:00,2536.57,-2.297393036078438e-06,-4.208478045570023e-06
2025-06-08 00:00:00+00:00,2508.84,6.704937710692836e-07,1.8600887144267188e-06
2025-06-09 00:00:00+00:00,2666.89,1.0108098052795894e-05,5.141725610383678e-05
2025-06-10 00:00:00+00:00,2802.77,0.000132174092146804,0.0005012209464738804
2025-06-11 00:00:00+00:00,2758.86,0.00013350151411283112,0.00028693197838898564
2025-06-12 00:00:00+00:00,2641.34,2.434340677896954e-06,-4.233689464733729e-06
2025-06-13 00:00:00+00:00,2573.09,-1.0561646858743576e-05,-2.5526222186313838e-05
2025-06-14 00:00:00+00:00,2527.41,-1.2383440129447204e-05,-3.992558623201015e-05
2025-06-15 00:00:00+00:00,2544.9,2.4619390188765423e-06,1.2136545160031264e-05
2025-06-16 00:00:00+00:00,2571.34,2.2221649300185788e-05,6.798912760444397e-05
2025-06-17 00:00:00+00:00,2494.65,4.215326547712796e-06,1.0645459475279204e-05
2025-06-18 00:00:00+00:00,2525.78,4.2440476580154107e-07,1.1095452405688679e-06
2025-06-19 00:00:00+00:00,2524.02,-4.2035622761418164e-07,-1.6986074887042331e-06
2025-06-20 00:00:00+00:00,2391.33,1.0231275976544734e-07,3.9279487688379965e-07
2025-06-21 00:00:00+00:00,2287.2,-2.476799624199757e-06,-1.0017627208049363e-05
2025-06-22 00:00:00+00:00,2234.67,-5.311207244477829e-06,-1.2160172031246157e-05
2025-06-23 00:00:00+00:00,2409.28,-2.48941142033404e-06,-1.8139196492084102e-05
2025-06-24 00:00:00+00:00,2442.5,-2.6978051585909286e-05,-7.279952730046632e-05
2025-06-25 00:00:00+00:00,2417.56,-1.0651095596189287e-06,-3.6757559864279183e-06
2025-06-26 00:00:00+00:00,2414.51,-2.5750555545964523e-06,-6.971120709166938e-06
2025-06-27 00:00:00+00:00,2423.47,-1.733144527738768e-05,-5.2749466625778245e-05
2025-06-28 00:00:00+00:00,2441.35,-5.501153180022917e-07,-6.052093064118604e-07
2025-06-29 00:00:00+00:00,2502.15,3.0244276861041203e-06,2.1979042011357572e-05
2025-06-30 00:00:00+00:00,2491.58,8.98477029235221e-06,1.4038340365206444e-05
2025-07-01 00:00:00+00:00,2401.29,-2.3643215643472364e-07,-8.058096727047881e-07
2025-07-02 00:00:00+00:00,2595.51,3.865486754541843e-06,2.6287007276361355e-05
2025-07-03 00:00:00+00:00,2594.52,4.02318734404898e-05,0.00011994224617013446
2025-07-04 00:00:00+00:00,2520.85,2.8936411231251426e-05,8.266279316134664e-05
2025-07-05 00:00:00+00:00,2519.72,1.961838809035248e-05,5.08311386764069e-05
2025-07-06 00:00:00+00:00,2582.66,5.757573977029537e-06,2.446979426160633e-05
2025-07-07 00:00:00+00:00,2536.29,2.7587550809539793e-05,7.632928368465958e-05
2025-07-08 00:00:00+00:00,2611.42,1.3309094098365848e-05,7.243807968732e-05
2025-07-09 00:00:00+00:00,2781.2,6.147390516883092e-05,0.00020502249625855233
2025-07-10 00:00:00+00:00,2974.15,0.00012013518297200434,0.0003296647591256272
2025-07-11 00:00:00+00:00,2951.64,6.055781196211645e-05,0.00017550850603958453
2025-07-12 00:00:00+00:00,2938.95,5.4712903414317964e-05,0.0001833685240456835
2025-07-13 00:00:00+00:00,2960.84,7.790266811756067e-05,0.0002022999308365316
2025-07-14 00:00:00+00:00,3014.62,7.338039936314107e-05,0.00023048238977146308
2025-07-15 00:00:00+00:00,3094.36,9.507139212534321e-05,0.0003710201477038283
2025-07-16 00:00:00+00:00,3363.9,0.00012299533171248616,0.0002789699991665957
2025-07-17 00:00:00+00:00,3468.72,1.2040741604915263e-05,4.503187908289307e-05
2025-07-18 00:00:00+00:00,3540.94,7.123089431663908e-05,0.00019718444936819284
2025-07-19 00:00:00+00:00,3579.02,-2.347822250912857e-06,3.854081670741426e-06
2025-07-20 00:00:00+00:00,3749.09,9.529020932994317e-05,0.0003043490447006335
2025-07-21 00:00:00+00:00,3763.52,0.00010045475838149002,0.00032417659095201814
2025-07-22 00:00:00+00:00,3721.58,7.671236676676708e-05,0.00023960321745974492
2025-07-23 00:00:00+00:00,3612.23,9.170835190080557e-05,0.00023882589488586172
2025-07-24 00:00:00+00:00,3726.43,6.156482590874991e-06,5.255079741691557e-06
2025-07-25 00:00:00+00:00,3721.08,7.332610184142336e-06,2.509203325523111e-05
2025-07-26 00:00:00+00:00,3751.7,3.565962374062056e-05,0.00010482843778046182
2025-07-27 00:00:00+00:00,3865.27,8.331836184653261e-06,4.638566341857341e-05
2025-07-28 00:00:00+00:00,3787.3,4.1732541649012724e-05,0.00010435673620225138
2025-07-29 00:00:00+00:00,3791.76,5.771393883328581e-06,1.7371931935981253e-05
2025-07-30 00:00:00+00:00,3763.8,-1.7964766938198664e-05,-6.379463039531981e-05
2025-07-31 00:00:00+00:00,3709.27,-2.04462073722839e-05,-5.2525025792869626e-05
2025-08-01 00:00:00+00:00,3462.27,-3.035053810892064e-05,-0.00010945952490045003
2025-08-02 00:00:00+00:00,3409.82,-3.5181986262090044e-05,-0.0001011270433057783
2025-08-03 00:00:00+00:00,3503.77,-7.62907580872637e-06,-7.157012368426664e-06
2025-08-04 00:00:00+00:00,3732.94,-3.698820357012369e-06,-6.374170349460616e-06
2025-08-05 00:00:00+00:00,3596.96,3.445847929608159e-05,0.00011933861509066596
2025-08-06 00:00:00+00:00,3683.19,2.295228790071971e-05,8.69618321307731e-05
2025-08-07 00:00:00+00:00,3918.04,4.744977180058093e-05,0.0001248377419952052
2025-08-08 00:00:00+00:00,4025.21,0.00014965823364838113,0.0005119404332793211
2025-08-09 00:00:00+00:00,4265.67,0.00017258646067384476,0.0005334781056961483
2025-08-10 00:00:00+00:00,4250.82,0.00013147887288909638,0.0003167941961771012
2025-08-11 00:00:00+00:00,4221.27,7.012072205881667e-05,0.00019737200023278576
2025-08-12 00:00:00+00:00,4575.53,3.5124307595044106e-05,0.00015047749248880025
2025-08-13 00:00:00+00:00,4737.67,9.81914734544894e-05,0.00026007081455246107
2025-08-14 00:00:00+00:00,4534.74,0.00010243527268400965,0.000321760386393797
2025-08-15 00:00:00+00:00,4479.91,7.213921066204957e-07,-5.3140428317287124e-05
2025-08-16 00:00:00+00:00,4429.85,-4.963565376332923e-05,-0.00013669743225909134
2025-08-17 00:00:00+00:00,4525.03,-2.7648055690795498e-05,-6.230330292555629e-05
2025-08-18 00:00:00+00:00,4342.82,-5.083533959760104e-05,-0.00014826098015434776
2025-08-19 00:00:00+00:00,4131.08,1.4121238873778683e-06,7.329837169332008e-06
2025-08-20 00:00:00+00:00,4367.25,2.5458877092108235e-05,7.669215979170027e-05
2025-08-21 00:00:00+00:00,4251.84,7.387721642043486e-05,0.00026794741955209856
2025-08-22 00:00:00+00:00,4809.67,0.00011754212128174658,0.000369818469923332
2025-08-23 00:00:00+00:00,4780.41,0.00021185882716945193,0.0006089446253933727
2025-08-24 00:00:00+00:00,4779.68,0.00015547299243153377,0.000462050484260164
2025-08-25 00:00:00+00:00,4393.42,6.549953175187345e-05,0.00018206891849715617
2025-08-26 00:00:00+00:00,4602.28,2.7857643247989448e-05,5.98357555886837e-05
2025-08-27 00:00:00+00:00,4524.47,-2.164361115375472e-05,-7.770738230183562e-05
2025-08-28 00:00:00+00:00,4506.48,-6.774544973606025e-05,-0.00024179086105233344
2025-08-29 00:00:00+00:00,4366.16,-0.00010280426860093823,-0.0003459215897835603
2025-08-30 00:00:00+00:00,4358.56,-0.00010745495760231367,-0.00024165956645317037
2025-08-31 00:00:00+00:00,4445.03,-5.956227381701567e-05,-0.00017483281240293963
2025-09-01 00:00:00+00:00,4285.4,-1.4608841358444127e-06,6.164457904992963e-08
2025-09-02 00:00:00+00:00,4329.14,3.916202319761334e-06,8.239600677013316e-06
2025-09-03 00:00:00+00:00,4471.01,-1.2256612080963105e-06,-4.481447620271093e-06
2025-09-04 00:00:00+00:00,4341.75,-7.326742241926795e-06,-5.87271655560857e-05
2025-09-05 00:00:00+00:00,4313.67,-8.151165787262508e-05,-0.0002250539215445521
2025-09-06 00:00:00+00:00,4278.61,-1.4234837850206096e-05,-4.4340018954522765e-05
2025-09-07 00:00:00+00:00,4309.61,-8.071798431984244e-06,-3.622822572357036e-06
2025-09-08 00:00:00+00:00,4311.28,-8.989297403397109e-07,-8.939646455086056e-06
2025-09-09 00:00:00+00:00,4317.72,2.0720124725851098e-06,1.2496406725822947e-05
2025-09-10 00:00:00+00:00,4347.04,3.1674965096764266e-06,9.404277490099146e-06
2025-09-11 00:00:00+00:00,4455.53,7.445470163433605e-06,2.429415173624452e-05
2025-09-12 00:00:00+00:00,4698.36,1.2353945861006557e-05,3.656457827947333e-05
2025-09-13 00:00:00+00:00,4661.0,8.648223527135462e-06,4.6577339309698954e-05
2025-09-14 00:00:00+00:00,4631.67,4.4926083027866825e-05,0.0001236288284248493
2025-09-15 00:00:00+00:00,4514.74,4.399319465212625e-05,0.00012574514225792226
2025-09-16 00:00:00+00:00,4522.08,-3.703278540492737e-06,-1.6685289778272436e-05
2025-09-17 00:00:00+00:00,4589.5,-3.6014244935651e-05,-0.00011152373545735902
2025-09-18 00:00:00+00:00,4593.03,1.5889634108580483e-05,5.23315110536789e-05
2025-09-19 00:00:00+00:00,4470.85,-3.416958633363037e-05,-0.0001281169621412281
2025-09-20 00:00:00+00:00,4495.88,-3.537030496949178e-05,-0.00011259868338830094
2025-09-21 00:00:00+00:00,4467.84,-5.2002829567111186e-05,-0.0001594183086283942
2025-09-22 00:00:00+00:00,4194.35,-8.631366971012965e-05,-0.00022876795888998673
2025-09-23 00:00:00+00:00,4182.92,-1.1038191265152755e-05,-2.348543301939071e-05
2025-09-24 00:00:00+00:00,4156.18,-5.845869961181848e-06,-1.863115633901233e-05
2025-09-25 00:00:00+00:00,3895.1,-0.00013189400831919776,-0.0005548388851649245
2025-09-26 00:00:00+00:00,4028.34,1.0349061847200869e-05,0.00020695193553131057
2025-09-27 00:00:00+00:00,4024.34,2.0059059081498173e-05,5.245374604103009e-05
2025-09-28 00:00:00+00:00,4132.63,2.0488922462419155e-05,7.871322464667826e-05
2025-09-29 00:00:00+00:00,4228.54,2.7427333195722102e-05,6.529599549490818e-05
2025-09-30 00:00:00+00:00,4141.08,1.9061647062959816e-05,8.22294184584756e-05
2025-10-01 00:00:00+00:00,4315.28,5.011913418787004e-05,0.00013163627457628914
2025-10-02 00:00:00+00:00,4467.06,9.160563584734441e-05,0.00027130189703942445
2025-10-03 00:00:00+00:00,4531.48,2.5395631388237212e-05,7.680398132415493e-05
2025-10-04 00:00:00+00:00,4491.32,5.537875258545595e-06,2.7109435642069833e-05
2025-10-05 00:00:00+00:00,4513.92,0.00012589167065294205,0.00041293442239627096
2025-10-06 00:00:00+00:00,4700.45,5.959095052059917e-05,0.00014442091876554837
2025-10-07 00:00:00+00:00,4500.03,5.5979614917764976e-05,0.00016470391312954099
2025-10-08 00:00:00+00:00,4523.28,6.917433861591032e-06,2.710386640774164e-05
2025-10-09 00:00:00+00:00,4380.78,-8.150593620301887e-06,-3.906008802819094e-05
2025-10-10 00:00:00+00:00,3869.05,-2.1262930600909426e-05,-0.00020970558224240514
2025-10-11 00:00:00+00:00,3747.37,-0.00018776331232431398,-0.0004065561178194983
2025-10-12 00:00:00+00:00,4138.21,-9.756454859142645e-06,-2.8437260613152406e-05
2025-10-13 00:00:00+00:00,4275.23,-1.8665183444084482e-05,-4.9324447683368753e-05
2025-10-14 00:00:00+00:00,4120.73,-4.079342230694206e-06,7.710381034617474e-06
2025-10-15 00:00:00+00:00,3963.46,1.8114297504586375e-05,3.57956741473949e-05
2025-10-16 00:00:00+00:00,3866.46,8.254689628253697e-06,3.708232754548982e-05
2025-10-17 00:00:00+00:00,3855.86,2.5066935443423857e-05,7.3034804905612e-05
2025-10-18 00:00:00+00:00,3887.24,1.201635885207701e-05,2.883163756938997e-05
2025-10-19 00:00:00+00:00,4021.89,7.441579514949874e-06,2.2231935388609066e-05
2025-10-20 00:00:00+00:00,3990.32,3.470059945726522e-05,0.00011992203687434075
2025-10-21 00:00:00+00:00,3903.35,1.7927463372896466e-05,3.9601454699713424e-05
2025-10-22 00:00:00+00:00,3752.81,-3.0577406245228357e-06,-2.0863348031308057e-05
2025-10-23 00:00:00+00:00,3852.65,-2.7874631562823052e-06,-7.066617172115693e-07
2025-10-24 00:00:00+00:00,3936.9,2.1658322610899825e-05,8.020908282725011e-05
2025-10-25 00:00:00+00:00,3962.49,1.9424763373801223e-05,5.703757175094306e-05
2025-10-26 00:00:00+00:00,4160.96,5.616292373559394e-05,0.0002069219688515575
2025-10-27 00:00:00+00:00,4122.73,0.00011067656356113416,0.0003013089692059911
2025-10-28 00:00:00+00:00,3996.11,6.994183917267894e-05,0.0001966463740740584
2025-10-29 00:00:00+00:00,3941.13,5.190187707737585e-06,1.536823787685146e-05
2025-10-30 00:00:00+00:00,3783.02,-3.763397225542718e-06,-2.55944707061907e-05
2025-10-31 00:00:00+00:00,3853.96,1.9146769658816534e-05,0.00010712640509014887
2025-11-01 00:00:00+00:00,3873.02,6.701597118076567e-05,0.00017808796225030944
2025-11-02 00:00:00+00:00,3853.98,2.5411630063226196e-05,6.346130502804497e-05
2025-11-03 00:00:00+00:00,3589.19,2.3511835005631678e-05,6.580550806830033e-05
2025-11-04 00:00:00+00:00,3245.88,8.0768758387303e-07,2.5189514825157964e-06
2025-11-05 00:00:00+00:00,3424.12,-1.9908008085700447e-06,-1.4739151696134267e-05
2025-11-06 00:00:00+00:00,3318.42,-1.1220620956193927e-05,-1.8307615665369478e-05
2025-11-07 00:00:00+00:00,3444.91,3.158080977492443e-05,9.089203709307264e-05
2025-11-08 00:00:00+00:00,3408.7,1.5954885206134918e-05,8.63883083358593e-05
2025-11-09 00:00:00+00:00,3587.01,5.476158124304535e-05,0.00015027370832508422
2025-11-10 00:00:00+00:00,3575.17,3.572808611077741e-05,0.00010041717812975336
2025-11-11 00:00:00+00:00,3428.74,2.3462206471834418e-05,5.671328180877474e-05
2025-11-12 00:00:00+00:00,3421.14,1.9570740152639157e-05,5.931576147812769e-05
2025-11-13 00:00:00+00:00,3227.13,1.1814121367517772e-05,3.6358104269578506e-05
2025-11-14 00:00:00+00:00,3156.28,1.844925857454047e-05,6.707692830285102e-05
2025-11-15 00:00:00+00:00,3169.15,8.251660885043271e-06,1.0242515743529448e-05
2025-11-16 00:00:00+00:00,3089.04,3.4677799886299574e-06,9.197978050013744e-06
2025-11-17 00:00:00+00:00,3020.07,1.9577874695566112e-05,8.14016961852018e-05
2025-11-18 00:00:00+00:00,3123.6,7.839963569530635e-05,0.00021642623534117415
2025-11-19 00:00:00+00:00,2981.65,4.3201270014784906e-05,0.00018433048933196359
2025-11-20 00:00:00+00:00,2882.79,8.143562786996982e-05,0.00032285977635883756
2025-11-21 00:00:00+00:00,2720.76,8.95522825698489e-05,0.00013673899644413274
2025-11-22 00:00:00+00:00,2787.56,1.9512403718035072e-05,6.412983768516404e-05
2025-11-23 00:00:00+00:00,2837.77,2.2676092292191685e-05,6.711035541266833e-05
2025-11-24 00:00:00+00:00,2960.19,8.621342067272754e-06,1.1891652835410919e-05
2025-11-25 00:00:00+00:00,2969.03,8.491568990092017e-07,2.3121356018661676e-06
2025-11-26 00:00:00+00:00,3027.54,3.6879158350434395e-06,1.2653351227749076e-05
2025-11-27 00:00:00+00:00,3010.82,-6.826367994329651e-06,-3.525180575970572e-05
2025-11-28 00:00:00+00:00,3039.92,-1.0229221194987502e-05,-2.5253382623331568e-05
2025-11-29 00:00:00+00:00,2989.78,-1.7151423762557087e-05,-4.434365422904844e-05
2025-11-30 00:00:00+00:00,3033.74,3.224903738450588e-07,3.693956967275396e-06
2025-12-01 00:00:00+00:00,2797.71,3.0801709582545114e-06,4.2123971588228135e-06
2025-12-02 00:00:00+00:00,3018.29,-7.689811448880171e-06,-2.402107703316857e-05
2025-12-03 00:00:00+00:00,3189.46,-1.3135727649215834e-06,-2.327674970226806e-06
2025-12-04 00:00:00+00:00,3144.96,7.496126673982519e-06,1.9203446833031217e-05
2025-12-05 00:00:00+00:00,3027.49,-1.0543329963454995e-05,-2.9457170062129295e-05
2025-12-06 00:00:00+00:00,3042.85,-3.906155161357358e-05,-0.00011520090979538228
2025-12-07 00:00:00+00:00,3034.65,-7.471728899256294e-06,-2.178060748549435e-05
2025-12-08 00:00:00+00:00,3130.43,1.116787502167972e-06,4.49808310415606e-06
2025-12-09 00:00:00+00:00,3329.13,9.922341277051641e-06,2.864263505475388e-05
2025-12-10 00:00:00+00:00,3347.47,1.6398305118621047e-05,5.046388331586133e-05
2025-12-11 00:00:00+00:00,3239.08,-4.7420481843020045e-06,-1.473372098484089e-05
2025-12-12 00:00:00+00:00,3093.54,1.2056438155132046e-05,3.623143359518678e-05
2025-12-13 00:00:00+00:00,3115.03,-2.7516592898523936e-05,-8.289704130411401e-05
2025-12-14 00:00:00+00:00,3074.47,-6.219804058060901e-06,-3.8196430082561055e-05
2025-12-15 00:00:00+00:00,2951.77,6.45753196668253e-07,3.284434747481479e-05
2025-12-16 00:00:00+00:00,2953.87,8.366961254902703e-06,1.3135145092843492e-05
2025-12-17 00:00:00+00:00,2834.12,5.122255639675105e-06,1.5037247199365214e-05
2025-12-18 00:00:00+00:00,2827.53,1.6601142147828345e-05,7.042262013784712e-05
2025-12-19 00:00:00+00:00,2986.59,3.8562977123849384e-05,0.00010550521824347418
2025-12-20 00:00:00+00:00,2976.6,1.0330221171502309e-05,2.967762841262829e-05
2025-12-21 00:00:00+00:00,2995.76,5.932259997833597e-06,9.758505662136975e-06
2025-12-22 00:00:00+00:00,3010.52,6.593248617073569e-05,0.0001987363361887482
2025-12-23 00:00:00+00:00,2959.86,2.333665492576645e-06,7.373826884472701e-06
2025-12-24 00:00:00+00:00,2958.12,1.21192797368835e-05,4.066133012948928e-05
2025-12-25 00:00:00+00:00,2920.22,2.190859004562679e-05,6.131835758727626e-05
2025-12-26 00:00:00+00:00,2929.39,1.761276351305105e-05,5.4012900603284335e-05
2025-12-27 00:00:00+00:00,2931.49,6.172642905346204e-05,0.00021252040070064045
2025-12-28 00:00:00+00:00,2948.25,8.418820953778003e-05,0.00023800628534756667
2025-12-29 00:00:00+00:00,2934.84,3.531301035315871e-05,9.481357816033372e-05
2025-12-30 00:00:00+00:00,2966.73,3.3947450215272295e-05,0.00012015346886882724
2025-12-31 00:00:00+00:00,2972.57,8.057444247871907e-05,0.00026355827337134287
2026-01-01 00:00:00+00:00,2995.47,8.74344641272083e-05,0.00023041564095633793
2026-01-02 00:00:00+00:00,3132.47,7.957869587947771e-05,0.00023832297715704174
2026-01-03 00:00:00+00:00,3121.6,5.817996988859897e-06,2.007275508451543e-05
2026-01-04 00:00:00+00:00,3138.13,3.6679707754055326e-05,0.00010535352912123522
2026-01-05 00:00:00+00:00,3240.1,6.805531766297103e-05,0.0002007974828288878
2026-01-06 00:00:00+00:00,3276.49,3.0873299006588867e-06,1.036291912327135e-05
2026-01-07 00:00:00+00:00,3150.36,2.2811790156833524e-05,6.49643327074462e-05
2026-01-08 00:00:00+00:00,3116.37,8.670039343948868e-06,3.07468876585966e-05
2026-01-09 00:00:00+00:00,3082.41,4.2028091086515065e-05,0.0001293664401910144
2026-01-10 00:00:00+00:00,3076.5,1.897091202015481e-05,6.787795419625005e-05
2026-01-11 00:00:00+00:00,3105.37,3.485404809985613e-05,9.208696918580618e-05
2026-01-12 00:00:00+00:00,3092.24,7.018314766350133e-05,0.0002027867282551866
2026-01-13 00:00:00+00:00,3329.43,2.2495205103673435e-07,3.3415763073700658e-06
2026-01-14 00:00:00+00:00,3349.45,1.529795444288622e-05,4.4782465314738264e-05
2026-01-15 00:00:00+00:00,3307.57,1.8709662300812108e-06,5.642747840890567e-06
2026-01-16 00:00:00+00:00,3292.79,8.396633014656448e-07,1.1631623908937291e-06
2026-01-17 00:00:00+00:00,3300.84,3.702845207371198e-07,1.7220892179594852e-06
2026-01-18 00:00:00+00:00,3349.53,5.947604035995515e-07,9.311796989101559e-07
2026-01-19 00:00:00+00:00,3187.02,2.7216300664734786e-07,1.01323388625985e-06
2026-01-20 00:00:00+00:00,2947.39,3.878535905650529e-06,2.9650023838911445e-05
2026-01-21 00:00:00+00:00,3008.15,-2.12601546349544e-05,-8.216467794922431e-05
2026-01-22 00:00:00+00:00,2948.98,2.5477627048994065e-05,7.74647875564036e-05
2026-01-23 00:00:00+00:00,2956.6,2.5624627183538367e-06,7.182350216738455e-06
2026-01-24 00:00:00+00:00,2958.76,5.894566567039467e-06,1.6072457415052556e-05
2026-01-25 00:00:00+00:00,2804.02,2.3008623721263698e-07,8.759749202746934e-06
2026-01-26 00:00:00+00:00,2924.24,2.2799394699631238e-05,6.37604970132441e-05
2026-01-27 00:00:00+00:00,3015.77,3.730686731587223e-05,0.00012633514945925532
2026-01-28 00:00:00+00:00,3014.44,5.8380334498075255e-05,0.0001605847576993424
2026-01-29 00:00:00+00:00,2815.71,2.498501450316736e-05,7.219085290233248e-05
2026-01-30 00:00:00+00:00,2705.94,1.0962639547913449e-05,3.426498564692668e-05
2026-01-31 00:00:00+00:00,2416.69,7.763291838106678e-06,6.868754148033393e-06
2026-02-01 00:00:00+00:00,2317.08,-2.0910975208691956e-05,-4.658167007083326e-05
2026-02-02 00:00:00+00:00,2349.51,-3.2482133392355966e-06,-1.2360410710810073e-05
2026-02-03 00:00:00+00:00,2233.76,-7.720978389376483e-06,-1.0720831633539071e-05
2026-02-04 00:00:00+00:00,2116.39,1.521603940112569e-05,5.728810835403907e-05
2026-02-05 00:00:00+00:00,1866.97,2.1978997044428304e-05,2.2844230631207617e-05
2026-02-06 00:00:00+00:00,2073.43,-2.879734377476427e-05,-6.265401824858855e-05
2026-02-07 00:00:00+00:00,2087.33,-7.722056167672501e-06,-2.1711992290514503e-05
2026-02-08 00:00:00+00:00,2107.02,-2.927585983868344e-06,-1.0244947343852528e-05
2026-02-09 00:00:00+00:00,2114.15,2.401565557077926e-06,9.604785841197645e-06
2026-02-10 00:00:00+00:00,2016.87,-5.925327830692159e-06,-1.959008902192826e-05
2026-02-11 00:00:00+00:00,1950.11,-5.756310181555464e-06,-1.715509511102177e-05
2026-02-12 00:00:00+00:00,1941.42,-4.766400464629795e-06,-1.6672702911949108e-05
2026-02-13 00:00:00+00:00,2053.18,-1.177079278137747e-05,-3.2443866058679295e-05
2026-02-14 00:00:00+00:00,2089.77,1.4770337133953243e-06,4.6352691794821985e-06
2026-02-15 00:00:00+00:00,1969.16,2.1396321568958453e-06,1.0080765914162164e-05
2026-02-16 00:00:00+00:00,1989.31,2.512469675867704e-06,4.4777635152697965e-06
2026-02-17 00:00:00+00:00,1993.23,-2.1554514843665467e-07,-1.339705655603727e-06
2026-02-18 00:00:00+00:00,1947.12,-1.954711690723016e-06,-8.82386360964895e-06
2026-02-19 00:00:00+00:00,1943.46,-2.1325777613479562e-05,-6.536745817666433e-05
2026-02-20 00:00:00+00:00,1970.82,-2.899046014240056e-05,-8.393888800595942e-05
2026-02-21 00:00:00+00:00,1974.0,1.3105556728554272e-06,4.974403674106677e-06
2026-02-22 00:00:00+00:00,1958.02,-2.5496100136484477e-06,-1.262629045089659e-05
2026-02-23 00:00:00+00:00,1859.45,-6.31654376952698e-05,-0.00018006359057697394
2026-02-24 00:00:00+00:00,1860.64,-1.9018628176914613e-05,-0.00010227802851299643
2026-02-25 00:00:00+00:00,2083.72,-1.737017136570366e-05,-7.1167862628714865e-06
2026-02-26 00:00:00+00:00,2033.36,-8.463171904936467e-07,-2.5603641687678656e-06
2026-02-27 00:00:00+00:00,1921.22,-3.108043586614064e-05,-0.00010946669061523869
2026-02-28 00:00:00+00:00,1965.69,-3.2051484377282555e-05,-7.812449798959878e-05
2026-03-01 00:00:00+00:00,1924.72,4.7095579889667673e-07,9.606411807078377e-07
2026-03-02 00:00:00+00:00,2053.98,-2.2985505583544375e-06,-5.929829059490732e-06
2026-03-03 00:00:00+00:00,1983.62,-2.537261077685163e-07,-6.961254636772453e-07
2026-03-04 00:00:00+00:00,2132.83,8.756361407038166e-06,3.052281726221342e-05
2026-03-05 00:00:00+00:00,2080.44,8.036945802720987e-06,2.9136772954680608e-05
2026-03-06 00:00:00+00:00,1987.19,2.1208000184326557e-05,5.4986658467135253e-05
2026-03-07 00:00:00+00:00,1966.49,-2.1948075244651146e-06,-7.626304557899977e-06
2026-03-08 00:00:00+00:00,1943.1,-2.733484930228588e-05,-0.0001780271031384762
2026-03-09 00:00:00+00:00,2002.76,-3.532114492033898e-05,-9.168968947536307e-06
2026-03-10 00:00:00+00:00,2027.64,-3.1374927603834175e-06,-8.245024656667976e-06
2026-03-11 00:00:00+00:00,2062.0,1.1309107481211392e-05,4.9564110147035226e-05
2026-03-12 00:00:00+00:00,2065.76,7.91609183989727e-06,7.43584317364343e-06
2026-03-13 00:00:00+00:00,2089.25,6.664086556313036e-05,0.000204351651946865
2026-03-14 00:00:00+00:00,2084.96,4.7915853467691e-06,1.2438895998728947e-05
2026-03-15 00:00:00+00:00,2184.14,2.0691154676772705e-05,7.601352539315534e-05
2026-03-16 00:00:00+00:00,2358.18,4.850995640713742e-05,0.00015460844955583595
2026-03-17 00:00:00+00:00,2330.35,4.503204872048077e-05,0.00012684155714706624
2026-03-18 00:00:00+00:00,2194.77,2.1430600902372972e-05,4.983792950312176e-05
2026-03-19 00:00:00+00:00,2140.23,-2.3628642208901347e-07,-7.754113652779241e-07
2026-03-20 00:00:00+00:00,2154.38,8.906126021868768e-06,5.1953833574136185e-05
2026-03-21 00:00:00+00:00,2149.45,6.756857680406045e-05,0.00019007455113464553
2026-03-22 00:00:00+00:00,2062.25,6.668562878027019e-06,4.438052317015242e-06
2026-03-23 00:00:00+00:00,2152.35,-6.95474157674541e-06,-1.681394090042426e-05
2026-03-24 00:00:00+00:00,2144.66,2.8427218866335174e-06,9.703449781456942e-06
2026-03-25 00:00:00+00:00,2174.02,6.626338821782836e-07,-9.898469533369312e-08
2026-03-26 00:00:00+00:00,2064.51,5.073430746149678e-08,8.426475703079339e-07
2026-03-27 00:00:00+00:00,1984.2,-5.6135070210112854e-05,-0.00019490927613904213
2026-03-28 00:00:00+00:00,2010.42,-2.7390791118832652e-05,-5.6046210184669276e-05
2026-03-29 00:00:00+00:00,1972.61,-2.528345224593289e-05,-8.61060607001634e-05
2026-03-30 00:00:00+00:00,2031.75,-1.1448309961223581e-05,-2.193821656740544e-05
2026-03-31 00:00:00+00:00,2094.85,2.3489595347864974e-06,7.5565530155418835e-06
2026-04-01 00:00:00+00:00,2139.76,5.115800384715727e-07,1.0889987542266118e-06
2026-04-02 00:00:00+00:00,2059.99,-2.1391413870042372e-05,-6.39872772343202e-05
2026-04-03 00:00:00+00:00,2051.89,-7.673524840325722e-07,-2.102528130569435e-06
2026-04-04 00:00:00+00:00,2069.03,-2.9513504739867013e-08,6.390675940764739e-07
2026-04-05 00:00:00+00:00,2085.07,-3.6600526833354436e-06,-1.1287874475780439e-05
2026-04-06 00:00:00+00:00,2105.51,2.1682209864413943e-05,6.553804370725707e-05
2026-04-07 00:00:00+00:00,2219.12,-2.0054057511186695e-05,-5.8351949463413094e-05
2026-04-08 00:00:00+00:00,2190.12,1.562221888818112e-05,4.438993830975624e-05
2026-04-09 00:00:00+00:00,2198.09,-1.534694046556409e-06,-1.7977454052636284e-06
2026-04-10 00:00:00+00:00,2243.24,5.889308219811582e-06,1.742576665552112e-05
2026-04-11 00:00:00+00:00,2297.64,2.6571221032592964e-06,2.5677964445396272e-05
2026-04-12 00:00:00+00:00,2199.78,-9.914224796601728e-06,-5.263583153421877e-05
2026-04-13 00:00:00+00:00,2353.72,-2.6400156518905788e-06,4.4196571128288426e-06
2026-04-14 00:00:00+00:00,2316.1,2.5977387600845068e-05,7.195299941537066e-05
2026-04-15 00:00:00+00:00,2364.43,-3.070520959395099e-07,2.3193307455466073e-06
2026-04-16 00:00:00+00:00,2343.1,-3.0929355584790996e-07,-3.141329985041678e-06
2026-04-17 00:00:00+00:00,2434.1,-6.848129419272915e-06,-2.4144642798522348e-05
2026-04-18 00:00:00+00:00,2357.68,-2.8419944898785155e-05,-0.00016617112412539562
2026-04-19 00:00:00+00:00,2270.82,-0.00015138586669838212,-0.0004371121603010009
2026-04-20 00:00:00+00:00,2320.2,-9.123912418851174e-05,-0.0002137694716207969
2026-04-21 00:00:00+00:00,2312.13,-1.5280105985348213e-05,-4.0567249787512966e-05
2026-04-22 00:00:00+00:00,2401.18,-1.4558314640365792e-06,-1.9893630610352701e-07
2026-04-23 00:00:00+00:00,2332.8,-1.6309252789767715e-05,-7.075819873072842e-05
2026-04-24 00:00:00+00:00,2312.84,-3.2751713761085425e-05,-7.682473151629235e-05
2026-04-25 00:00:00+00:00,2318.75,-9.548108239920835e-07,-3.1940858082530043e-06
2026-04-26 00:00:00+00:00,2362.54,-1.0110566231718185e-05,-3.060558784645406e-05
2026-04-27 00:00:00+00:00,2294.42,-3.0378283457062306e-05,-0.00013540322518005812
2026-04-28 00:00:00+00:00,2286.11,-6.313309282762453e-05,-0.00016991112094403776
2026-04-29 00:00:00+00:00,2256.97,-1.0748664188153195e-05,-1.0308907895616973e-05
2026-04-30 00:00:00+00:00,2253.62,-1.1465768626483749e-05,-3.1702940380440187e-05
2026-05-01 00:00:00+00:00,2293.18,-5.182321345636843e-06,-1.4632341027910658e-05
2026-05-02 00:00:00+00:00,2326.84,7.738022450745437e-07,4.551069188032213e-06
2026-05-03 00:00:00+00:00,2343.75,3.072966742959986e-07,-2.5631401239781076e-07
2026-05-04 00:00:00+00:00,2354.29,1.0147316249391124e-05,3.104303658755178e-05
2026-05-05 00:00:00+00:00,2367.49,-7.13037732208123e-09,-1.5527077314639555e-08
2026-05-06 00:00:00+00:00,2347.33,1.1105294422115297e-07,3.384102447411335e-07
2026-05-07 00:00:00+00:00,2287.05,-3.49695297462464e-06,-1.0439702096866063e-05
2026-05-08 00:00:00+00:00,2310.94,-3.364423419477673e-08,6.175077134707334e-08
2026-05-09 00:00:00+00:00,2329.9,2.2537638419301167e-06,6.617348512920384e-06
2026-05-10 00:00:00+00:00,2373.61,1.5543217651087113e-06,6.0995253734637305e-06
2026-05-11 00:00:00+00:00,2341.13,3.7942989778095503e-06,1.0312478905294348e-05
2026-05-12 00:00:00+00:00,2282.19,3.344228681996097e-05,0.00010950726983829031
2026-05-13 00:00:00+00:00,2258.62,7.189175260434567e-05,0.00021830696485977796
2026-05-14 00:00:00+00:00,2297.99,3.2148314386353164e-05,8.605736406643805e-05
2026-05-15 00:00:00+00:00,2222.79,9.688170345552135e-07,1.2108572248773634e-07
2026-05-16 00:00:00+00:00,2179.63,-2.443367093802933e-07,-1.8984404737785985e-06
2026-05-17 00:00:00+00:00,2178.7,-3.2718474856731346e-07,1.9006520953970024e-07
2026-05-18 00:00:00+00:00,2134.26,-3.594607507191889e-09,5.812209946660383e-07
2026-05-19 00:00:00+00:00,2104.62,2.8836526916938094e-06,7.476884208768267e-06
2026-05-20 00:00:00+00:00,2126.57,1.803467765453851e-08,8.356458320164741e-07
2026-05-21 00:00:00+00:00,2130.06,3.499937168440743e-05,0.0001155184183794638
2026-05-22 00:00:00+00:00,2070.44,2.2095142949223772e-05,5.6386390377116956e-05
2026-05-23 00:00:00+00:00,2114.27,6.933645684376112e-07,5.28497957381791e-06
2026-05-24 00:00:00+00:00,2089.94,5.044673380085547e-06,1.1990292571559202e-05
2026-05-25 00:00:00+00:00,2101.88,2.6383200854007194e-07,1.8960626845861008e-07
2026-05-26 00:00:00+00:00,2065.99,5.788000444145022e-07,1.815880447119161e-06
2026-05-27 00:00:00+00:00,2022.52,4.543595432350181e-06,1.7653202198188414e-05
2026-05-28 00:00:00+00:00,2002.98,7.383063715776078e-06,3.657966964463895e-05
2026-05-29 00:00:00+00:00,2011.26,0.00012416678273861634,0.0003716571366306447
2026-05-30 00:00:00+00:00,2020.72,3.3099896836396064e-05,9.827066738272498e-05
2026-05-31 00:00:00+00:00,2009.78,4.2838484386929986e-05,0.00016413377099089538
2026-06-01 00:00:00+00:00,2001.86,4.941769736386286e-05,0.00010940184784843262
2026-06-02 00:00:00+00:00,1866.0,4.2835228135107856e-05,0.00011583629805682249
2026-06-03 00:00:00+00:00,1826.44,1.4928244052732645e-05,9.414864668130449e-05
2026-06-04 00:00:00+00:00,1767.31,5.019992797213328e-05,0.00010424681259113378
2026-06-05 00:00:00+00:00,1597.02,-1.38634940336177e-06,-1.6374823075896087e-05
2026-06-06 00:00:00+00:00,1558.38,-2.327724595086111e-05,-6.90156769537266e-05
2026-06-07 00:00:00+00:00,1671.97,-4.3294283556338866e-05,-0.00017053692377727825
2026-06-08 00:00:00+00:00,1702.77,-4.6775863224748205e-05,-0.00014226251313751288
2026-06-09 00:00:00+00:00,1639.01,-3.169781585306909e-05,-4.3969787797933766e-05
2026-06-10 00:00:00+00:00,1615.28,-7.003877996744407e-07,-2.083661404540914e-06
2026-06-11 00:00:00+00:00,1674.62,7.05408683380157e-08,5.142889015796327e-07
2026-06-12 00:00:00+00:00,1661.68,-7.884806434133241e-06,-2.381882590158644e-05
2026-06-13 00:00:00+00:00,1680.91,-1.1502270688588269e-08,-4.583840434617838e-09
2026-06-14 00:00:00+00:00,1721.66,-9.479916968254693e-07,2.57890732468975e-07
2026-06-15 00:00:00+00:00,1788.67,-5.403054489022496e-06,-1.9754040126760192e-05
2026-06-16 00:00:00+00:00,1794.77,4.6465781137704e-06,2.293332755876053e-05
2026-06-17 00:00:00+00:00,1738.89,7.969256981173469e-06,1.5866794569233455e-05
2026-06-18 00:00:00+00:00,1705.22,1.9368518575649047e-06,4.9524632060151206e-06
2026-06-19 00:00:00+00:00,1706.13,3.9847453429723453e-07,6.810086531859771e-07
2026-06-20 00:00:00+00:00,1741.46,-1.2858284990922175e-07,1.343136032992807e-07
2026-06-21 00:00:00+00:00,1715.78,-1.4477908456220094e-08,-1.3610369575593706e-07
2026-06-22 00:00:00+00:00,1722.39,5.68183336732842e-07,1.8071916412870983e-06
2026-06-23 00:00:00+00:00,1657.74,-1.3823301577885678e-05,-4.3821359864591725e-05
