day,px,f8,carry
2020-01-01 00:00:00+00:00,7175.92,7.374358476938222e-05,0.00014611869819311328
2020-01-02 00:00:00+00:00,6955.7,6.7973206111131505e-06,1.158460055303977e-05
2020-01-03 00:00:00+00:00,7296.7,3.1366147840360814e-05,9.874042787787126e-05
2020-01-04 00:00:00+00:00,7345.12,5.030761183044472e-05,0.00016488606778990427
2020-01-05 00:00:00+00:00,7346.9,3.966485523695489e-05,0.00010268746341852336
2020-01-06 00:00:00+00:00,7714.83,4.374813370883805e-06,1.4304609807950427e-05
2020-01-07 00:00:00+00:00,8046.61,2.0524139806617935e-05,6.415352651619221e-05
2020-01-08 00:00:00+00:00,8067.11,8.594108118253497e-06,6.217120882008783e-05
2020-01-09 00:00:00+00:00,7806.29,4.639011654146332e-05,0.00011147680513069038
2020-01-10 00:00:00+00:00,8091.11,6.30435357048892e-05,0.00020806263002261637
2020-01-11 00:00:00+00:00,8073.73,9.077806050507526e-05,0.0002735470007863587
2020-01-12 00:00:00+00:00,8153.25,0.00011077618353939343,0.0003285628065382289
2020-01-13 00:00:00+00:00,8118.27,0.00015388372009552342,0.0004352027567633695
2020-01-14 00:00:00+00:00,8743.16,0.00033453087644606886,0.0013303651032569967
2020-01-15 00:00:00+00:00,8846.98,0.0005759253982635906,0.0015620597862544797
2020-01-16 00:00:00+00:00,8711.08,0.0003097619819655712,0.0008753034556602485
2020-01-17 00:00:00+00:00,8928.41,0.0003471479370730722,0.0010300203533017353
2020-01-18 00:00:00+00:00,8945.0,0.00024092283431016183,0.000697844175378399
2020-01-19 00:00:00+00:00,8630.79,0.00021193375938799455,0.0006332614304206568
2020-01-20 00:00:00+00:00,8645.5,0.00010638944144146109,0.00033198408482018274
2020-01-21 00:00:00+00:00,8711.81,0.00021436551299537505,0.0006838126550355934
2020-01-22 00:00:00+00:00,8636.36,0.00019341849615134117,0.0004848764675467465
2020-01-23 00:00:00+00:00,8393.5,0.00014414490039273313,0.00044662201935185273
2020-01-24 00:00:00+00:00,8448.46,0.00011314133556354491,0.00031947238702240784
2020-01-25 00:00:00+00:00,8341.62,3.9210650227302135e-05,0.00012366763924242198
2020-01-26 00:00:00+00:00,8558.8,0.00012479361583754177,0.00042670538883165724
2020-01-27 00:00:00+00:00,8893.85,0.0002153216963530995,0.000694439309572997
2020-01-28 00:00:00+00:00,9135.24,0.0003824188738973122,0.001147365878674206
2020-01-29 00:00:00+00:00,9326.33,0.0005076108914512511,0.0015831093348539682
2020-01-30 00:00:00+00:00,9558.41,0.0005094588706871034,0.0015149445868075176
2020-01-31 00:00:00+00:00,9391.53,0.00040314518698533313,0.0011994635120679456
2020-02-01 00:00:00+00:00,9366.56,0.00033974777367515584,0.0009264813106132387
2020-02-02 00:00:00+00:00,9383.64,0.0003809215335154063,0.0012532326825626422
2020-02-03 00:00:00+00:00,9266.87,0.0002661270575170395,0.0007529505242101838
2020-02-04 00:00:00+00:00,9171.72,0.0002387597638135072,0.0006466250383419298
2020-02-05 00:00:00+00:00,9628.82,0.0004650840934291847,0.0018692124535948916
2020-02-06 00:00:00+00:00,9676.49,0.0006517132897204953,0.0016543054319457162
2020-02-07 00:00:00+00:00,9796.03,0.0004382530699910362,0.0012880412736167716
2020-02-08 00:00:00+00:00,9920.7,0.00041179175069692037,0.0011544622224342893
2020-02-09 00:00:00+00:00,10120.31,0.0003926301438914366,0.0014007448090021103
2020-02-10 00:00:00+00:00,9837.88,0.0004662281409774235,0.0012359229230952953
2020-02-11 00:00:00+00:00,10236.71,0.0004104530809259566,0.0015299297441957653
2020-02-12 00:00:00+00:00,10359.03,0.0008211914362006137,0.0024434888765429816
2020-02-13 00:00:00+00:00,10216.34,0.000775768550314576,0.0022829133950197067
2020-02-14 00:00:00+00:00,10370.73,0.000809927984353866,0.0021720756185019774
2020-02-15 00:00:00+00:00,9927.8,0.00038569945575099725,0.001131021243078962
2020-02-16 00:00:00+00:00,9878.3,0.00013599199507430932,0.00036976373155757234
2020-02-17 00:00:00+00:00,9633.27,0.00022434468519279553,0.0007418307491659864
2020-02-18 00:00:00+00:00,10188.21,0.0002910036820149683,0.001010291258229615
2020-02-19 00:00:00+00:00,9696.98,0.0005542216601619307,0.0016260252115300026
2020-02-20 00:00:00+00:00,9626.53,0.00017858498117305193,0.0003533139344675227
2020-02-21 00:00:00+00:00,9673.25,8.667734168552873e-05,0.00024902992511704433
2020-02-22 00:00:00+00:00,9683.63,0.00014585352715094747,0.0005038217865933668
2020-02-23 00:00:00+00:00,9932.92,0.0003361344605360102,0.0011185989351722408
2020-02-24 00:00:00+00:00,9641.48,0.0003791443231749738,0.001043977621667157
2020-02-25 00:00:00+00:00,9389.27,0.00042471319090120187,0.0013785633247981226
2020-02-26 00:00:00+00:00,8783.98,0.000517538959362348,0.001352780470083212
2020-02-27 00:00:00+00:00,8787.37,3.449161388123415e-05,0.00012777390686921834
2020-02-28 00:00:00+00:00,8789.1,0.00011567068064008624,0.00044787389335842977
2020-02-29 00:00:00+00:00,8634.76,0.0001707386264074435,0.00041574539492728556
2020-03-01 00:00:00+00:00,8552.47,0.00012637267989928794,0.00044794861612048193
2020-03-02 00:00:00+00:00,8921.25,8.806189762029623e-05,0.00014243058524145814
2020-03-03 00:00:00+00:00,8778.63,6.85526541917957e-08,1.6722093228788145e-06
2020-03-04 00:00:00+00:00,8751.37,1.4243281511268334e-07,-4.511801258534645e-07
2020-03-05 00:00:00+00:00,9074.38,-8.834432271909188e-07,-3.7316964383828498e-06
2020-03-06 00:00:00+00:00,9126.77,-1.4149099617574379e-06,-3.0495221207312605e-06
2020-03-07 00:00:00+00:00,8921.41,-1.1087872171116948e-06,-5.336932189620128e-06
2020-03-08 00:00:00+00:00,8167.06,-3.759394814238218e-05,-0.0001440679150447969
2020-03-09 00:00:00+00:00,7877.1,-2.2526385353598543e-05,-3.1934148300055914e-05
2020-03-10 00:00:00+00:00,7959.15,-9.316267452753126e-06,-2.9172621565699668e-05
2020-03-11 00:00:00+00:00,7961.12,-1.6035276112650202e-06,5.818987303863546e-06
2020-03-12 00:00:00+00:00,5799.08,-0.0007992961548667108,-0.002126569407275773
2020-03-13 00:00:00+00:00,5672.31,-0.004243722899648157,-0.014495304128009071
2020-03-14 00:00:00+00:00,5271.58,-0.0019316505575289438,-0.004070237693595994
2020-03-15 00:00:00+00:00,5351.13,-0.00014907455270826407,-6.487098976132008e-05
2020-03-16 00:00:00+00:00,4938.49,-0.0007314314774096077,-0.0028403171174854105
2020-03-17 00:00:00+00:00,5453.49,-0.000745056843642684,-0.0018832355883619963
2020-03-18 00:00:00+00:00,5361.96,-0.00047182860032642343,-0.001156133799385439
2020-03-19 00:00:00+00:00,6303.43,-0.0003313187672260072,-0.0011040797565432946
2020-03-20 00:00:00+00:00,6168.14,-0.00016833289585432224,-0.0004509335736388793
2020-03-21 00:00:00+00:00,6168.16,-0.00018293844425447923,-0.0006910554569670587
2020-03-22 00:00:00+00:00,5878.14,-0.00029966657576349317,-0.0007371502231014605
2020-03-23 00:00:00+00:00,6470.31,-9.366908900708702e-05,-0.0002907364326856679
2020-03-24 00:00:00+00:00,6784.51,-0.00017387474367117615,-0.0005409114845749215
2020-03-25 00:00:00+00:00,6701.79,-0.00022976251310379494,-0.0008016099095117745
2020-03-26 00:00:00+00:00,6719.44,-0.000172394231148054,-0.00037869860002955454
2020-03-27 00:00:00+00:00,6672.07,-8.27647124252852e-05,-0.00021037396374625468
2020-03-28 00:00:00+00:00,6224.83,-0.00026364253264178384,-0.0008031585358653618
2020-03-29 00:00:00+00:00,5914.61,-6.729831062300527e-05,-0.00019917798095367157
2020-03-30 00:00:00+00:00,6479.03,-5.541196662018141e-05,-0.00014486566364265268
2020-03-31 00:00:00+00:00,6444.36,-2.1792673675894997e-05,-0.00010125969212345973
2020-04-01 00:00:00+00:00,6540.67,-8.132235754179536e-05,-0.0002530362702706552
2020-04-02 00:00:00+00:00,6851.3,-9.331992951016599e-06,5.20192752213969e-06
2020-04-03 00:00:00+00:00,6776.01,-1.8266099403226028e-05,-5.223769752994778e-05
2020-04-04 00:00:00+00:00,6856.68,-2.230883531522224e-05,-5.7397056753447095e-05
2020-04-05 00:00:00+00:00,6807.34,-8.792414725004413e-06,-4.08698314179488e-05
2020-04-06 00:00:00+00:00,7278.37,-5.772081566430655e-06,1.6022689562045455e-06
2020-04-07 00:00:00+00:00,7172.22,-3.671769611866173e-06,-2.1620893127668285e-05
2020-04-08 00:00:00+00:00,7367.33,-8.503065213212309e-06,-1.594759157383756e-05
2020-04-09 00:00:00+00:00,7320.51,-3.6575711654118964e-05,-0.00011151294995653375
2020-04-10 00:00:00+00:00,6869.49,-0.00013765299119539452,-0.0005128664909112518
2020-04-11 00:00:00+00:00,6869.56,-0.00011147707727624835,-0.00025266760125758835
2020-04-12 00:00:00+00:00,7041.84,-0.0001894168078860338,-0.0005768405341167071
2020-04-13 00:00:00+00:00,6889.75,-0.0003286998088908064,-0.00100763578651448
2020-04-14 00:00:00+00:00,6885.99,-0.00012508295110275072,-0.0004050838839230826
2020-04-15 00:00:00+00:00,6715.58,-0.0001700088614550344,-0.0005271706417609226
2020-04-16 00:00:00+00:00,7172.04,-0.00013325117833249298,-0.00027829975181768355
2020-04-17 00:00:00+00:00,7060.87,-1.938756418040519e-05,-5.992218420847623e-05
2020-04-18 00:00:00+00:00,7276.18,-1.6500288291792095e-05,-5.149384763761754e-05
2020-04-19 00:00:00+00:00,7185.36,-4.2038220300077e-05,-0.00013929593424756353
2020-04-20 00:00:00+00:00,6888.92,-8.035000413035272e-05,-0.0003870847910380945
2020-04-21 00:00:00+00:00,6904.0,-0.0001504318928020303,-0.0003361263243798544
2020-04-22 00:00:00+00:00,7121.86,-0.00011036254091480483,-0.0002987893227174234
2020-04-23 00:00:00+00:00,7571.83,-1.5695023615132393e-05,-2.5890456384973386e-05
2020-04-24 00:00:00+00:00,7493.17,1.029999754980685e-05,3.110617237950512e-05
2020-04-25 00:00:00+00:00,7543.73,-5.194271538192182e-06,-2.288969975262221e-05
2020-04-26 00:00:00+00:00,7622.07,-2.1909620564050718e-05,-8.258899191904803e-05
2020-04-27 00:00:00+00:00,7778.14,-3.762282034900553e-05,-0.00010876889366063097
2020-04-28 00:00:00+00:00,7761.92,-1.3314771761982588e-05,-3.818988754231357e-05
2020-04-29 00:00:00+00:00,8766.55,-1.3055368501764328e-05,-4.2603872610882944e-05
2020-04-30 00:00:00+00:00,8765.76,4.7786072661426436e-05,0.00016909177527679156
2020-05-01 00:00:00+00:00,8845.09,3.0933198529937354e-06,9.881235754689056e-06
2020-05-02 00:00:00+00:00,8945.46,1.1958416255494387e-06,-1.6993703734408368e-07
2020-05-03 00:00:00+00:00,8905.55,-1.7025526531818515e-06,-1.5548024658605535e-05
2020-05-04 00:00:00+00:00,8884.49,-1.6690227994189203e-05,-4.404265036012561e-05
2020-05-05 00:00:00+00:00,8977.07,-7.3371537987225675e-06,-1.7653776030918378e-05
2020-05-06 00:00:00+00:00,9372.39,-2.2192922372578573e-06,-1.438113389345227e-05
2020-05-07 00:00:00+00:00,9906.27,-1.910993280229667e-05,-5.04376668851808e-05
2020-05-08 00:00:00+00:00,9888.73,2.2812812838173625e-05,7.035622824825966e-05
2020-05-09 00:00:00+00:00,9601.92,1.279089309646335e-05,5.207588082395745e-05
2020-05-10 00:00:00+00:00,8784.22,-0.00011889526633093224,-0.0003855291785830872
2020-05-11 00:00:00+00:00,8606.64,-5.036060689155535e-05,-0.000185250474024969
2020-05-12 00:00:00+00:00,8820.08,-9.022234319028732e-05,-0.00032632480051060454
2020-05-13 00:00:00+00:00,9327.6,-7.399643247926032e-05,-0.00011765614106952069
2020-05-14 00:00:00+00:00,9757.94,2.4808582930972712e-05,0.00011242374459709136
2020-05-15 00:00:00+00:00,9360.61,2.5995163932605823e-05,5.861351746030167e-05
2020-05-16 00:00:00+00:00,9419.4,4.5046454946518724e-06,7.532114940918943e-06
2020-05-17 00:00:00+00:00,9688.8,8.369622008248379e-05,0.00028742376940699474
2020-05-18 00:00:00+00:00,9716.19,0.00011654015725704988,0.00032080193137930556
2020-05-19 00:00:00+00:00,9759.88,2.132510431235814e-05,6.727439282329488e-05
2020-05-20 00:00:00+00:00,9520.46,3.444643557892717e-05,8.933600270120041e-05
2020-05-21 00:00:00+00:00,9114.47,-4.4648722797261064e-06,-3.251321738572859e-05
2020-05-22 00:00:00+00:00,9198.22,-1.2934240469975279e-05,-2.293408726076851e-05
2020-05-23 00:00:00+00:00,9230.05,-1.0473450705251208e-05,-1.9838672530237306e-05
2020-05-24 00:00:00+00:00,9041.32,-3.2377453214183016e-06,-2.0893811656594906e-05
2020-05-25 00:00:00+00:00,8901.55,-0.00012771088528839926,-0.00038957631083563505
2020-05-26 00:00:00+00:00,8833.45,-2.2409858284999467e-05,-6.727905500610134e-05
2020-05-27 00:00:00+00:00,9098.71,-8.357890352329498e-06,-6.276391185638991e-06
2020-05-28 00:00:00+00:00,9488.41,2.048380617986217e-06,8.337869042941718e-06
2020-05-29 00:00:00+00:00,9427.07,2.816340802061689e-05,8.582576558321282e-05
2020-05-30 00:00:00+00:00,9727.72,2.7878095551523457e-05,8.948822611692734e-05
2020-05-31 00:00:00+00:00,9452.35,1.2841596423299904e-05,3.812050610200047e-05
2020-06-01 00:00:00+00:00,9750.74,2.8374725236594242e-05,9.926250405519695e-05
2020-06-02 00:00:00+00:00,9495.14,0.00043042529041045855,0.0012975077084685172
2020-06-03 00:00:00+00:00,9606.84,4.5883285885199686e-07,5.334575934546116e-06
2020-06-04 00:00:00+00:00,9821.44,3.331071723409744e-06,9.911866372074424e-06
2020-06-05 00:00:00+00:00,9676.55,9.428027571401432e-06,2.7504294760454024e-05
2020-06-06 00:00:00+00:00,9646.45,9.633322519049954e-06,3.069904684681748e-05
2020-06-07 00:00:00+00:00,9761.87,6.339237389804476e-07,1.470229981216547e-06
2020-06-08 00:00:00+00:00,9699.85,1.4732425491715882e-05,4.340992867530777e-05
2020-06-09 00:00:00+00:00,9781.91,1.7461397059583776e-06,1.1699466425501164e-05
2020-06-10 00:00:00+00:00,9900.31,1.9753156824839446e-05,7.023400394548716e-05
2020-06-11 00:00:00+00:00,9316.51,3.6526797027797876e-05,8.716614629534593e-05
2020-06-12 00:00:00+00:00,9475.87,-3.706867193461276e-06,-5.545683086215128e-06
2020-06-13 00:00:00+00:00,9438.18,-5.777265697839272e-07,-6.837114185466282e-06
2020-06-14 00:00:00+00:00,9384.19,2.8065541916490855e-06,1.9613127448956482e-05
2020-06-15 00:00:00+00:00,9425.22,1.3370750632290155e-05,3.2472571126651665e-05
2020-06-16 00:00:00+00:00,9523.67,3.3704517801276125e-06,1.0774092807148128e-05
2020-06-17 00:00:00+00:00,9433.19,9.007696992854788e-06,2.7676888666524297e-05
2020-06-18 00:00:00+00:00,9370.91,2.0062831734325532e-05,6.0214610356279105e-05
2020-06-19 00:00:00+00:00,9292.11,1.0259282511675792e-05,3.316991162348678e-05
2020-06-20 00:00:00+00:00,9371.23,7.893214877779502e-06,2.5764428523662172e-05
2020-06-21 00:00:00+00:00,9301.39,4.660831671059203e-05,0.00017023203330562422
2020-06-22 00:00:00+00:00,9681.65,7.984666015829478e-05,0.00022897361718219304
2020-06-23 00:00:00+00:00,9610.83,8.732807887665425e-05,0.0002428792863692022
2020-06-24 00:00:00+00:00,9288.16,6.71421494402848e-05,0.00019588618244049575
2020-06-25 00:00:00+00:00,9255.8,-1.6893685193847737e-07,-7.254658615446002e-06
2020-06-26 00:00:00+00:00,9166.92,-3.0840628426444796e-05,-0.00010528701174959776
2020-06-27 00:00:00+00:00,8964.67,-2.0882231102917515e-05,-6.749144969498601e-05
2020-06-28 00:00:00+00:00,9098.73,-1.8575455345314603e-05,-3.7794844280686085e-05
2020-06-29 00:00:00+00:00,9183.92,-3.2468967141156157e-06,-1.6459789569505305e-06
2020-06-30 00:00:00+00:00,9129.97,-1.9257474860633336e-06,-1.3304797291469872e-05
2020-07-01 00:00:00+00:00,9245.88,-1.8926051538415288e-06,1.147802788414119e-06
2020-07-02 00:00:00+00:00,9104.35,-4.184630918312541e-06,-2.4433727897135895e-05
2020-07-03 00:00:00+00:00,9086.75,-1.2923120848788479e-05,-5.585547045142727e-05
2020-07-04 00:00:00+00:00,9130.82,-1.1782289134024931e-05,-2.780974025968377e-06
2020-07-05 00:00:00+00:00,9079.01,-9.199060255453396e-07,-5.97888913015557e-06
2020-07-06 00:00:00+00:00,9289.97,3.591805130038768e-06,1.3777476481443941e-05
2020-07-07 00:00:00+00:00,9247.95,5.710287248993604e-06,1.4561581807451947e-05
2020-07-08 00:00:00+00:00,9454.59,1.8571223633262176e-05,6.0972818359536215e-05
2020-07-09 00:00:00+00:00,9246.32,2.308177886944801e-05,6.546056298536953e-05
2020-07-10 00:00:00+00:00,9231.27,1.9712527907397074e-05,6.108452740347839e-05
2020-07-11 00:00:00+00:00,9219.6,1.649328501345227e-05,4.9814600805055725e-05
2020-07-12 00:00:00+00:00,9295.49,4.063237079887193e-05,0.0001559601201270188
2020-07-13 00:00:00+00:00,9237.54,8.467013030789067e-05,0.00022104180313064698
2020-07-14 00:00:00+00:00,9254.57,3.651666994848954e-05,0.00013954426197073608
2020-07-15 00:00:00+00:00,9203.47,5.3987511550615835e-05,0.0001448859530237843
2020-07-16 00:00:00+00:00,9133.03,2.1812380100171543e-05,4.9064540236810456e-05
2020-07-17 00:00:00+00:00,9163.06,5.60326756358146e-07,-4.102389518298902e-05
2020-07-18 00:00:00+00:00,9172.03,-2.5064858744126904e-05,-3.4642034248139384e-05
2020-07-19 00:00:00+00:00,9192.98,1.1010362091389763e-05,5.5346621113534345e-05
2020-07-20 00:00:00+00:00,9170.0,0.00010786807321852179,0.0003034767998024418
2020-07-21 00:00:00+00:00,9389.2,3.890155527397947e-05,0.00012027065214452343
2020-07-22 00:00:00+00:00,9513.54,2.0031124142116236e-05,7.987128543705929e-05
2020-07-23 00:00:00+00:00,9605.43,0.0001907276816033459,0.0005643260002767181
2020-07-24 00:00:00+00:00,9551.43,8.721785034141728e-05,0.0002963053614227666
2020-07-25 00:00:00+00:00,9716.36,0.00017967387491634365,0.0005513969640111716
2020-07-26 00:00:00+00:00,9929.61,0.00042041650634237326,0.0014370780981504605
2020-07-27 00:00:00+00:00,11243.18,0.0006953755082602641,0.002174055014546383
2020-07-28 00:00:00+00:00,10965.83,0.0006535232179038013,0.0018044748442321138
2020-07-29 00:00:00+00:00,11259.46,0.00031457100805630777,0.0008334550969889303
2020-07-30 00:00:00+00:00,11184.58,0.00025365243218305734,0.0008984457784605208
2020-07-31 00:00:00+00:00,11316.65,0.0003935449540758426,0.0011288417535621983
2020-08-01 00:00:00+00:00,11797.52,0.00034322000359999463,0.001169319517868698
2020-08-02 00:00:00+00:00,11121.45,0.0003454423638608105,0.0008717515690496094
2020-08-03 00:00:00+00:00,11223.65,0.00010156748711806122,0.0002467530812279534
2020-08-04 00:00:00+00:00,11237.02,6.750889346909217e-05,0.00020336900252714127
2020-08-05 00:00:00+00:00,11634.5,8.404115189180734e-05,0.000327349951050905
2020-08-06 00:00:00+00:00,11791.85,5.0594188337460804e-05,8.483625215098981e-05
2020-08-07 00:00:00+00:00,11597.98,1.2842528172349801e-05,2.9795192986105536e-05
2020-08-08 00:00:00+00:00,11751.03,4.515671944493771e-05,0.00016787073190690924
2020-08-09 00:00:00+00:00,11692.58,8.063915799148461e-05,0.00023504666892037277
2020-08-10 00:00:00+00:00,11828.2,0.00022680748689724256,0.0006936797696284087
2020-08-11 00:00:00+00:00,11350.57,0.00010364268494441909,0.00028127172120923614
2020-08-12 00:00:00+00:00,11552.24,1.4470834114390609e-05,5.454876777048194e-05
2020-08-13 00:00:00+00:00,11741.45,5.507717828568681e-05,0.0001936485522741843
2020-08-14 00:00:00+00:00,11791.27,0.0002753059834731827,0.0008444552317779713
2020-08-15 00:00:00+00:00,11865.09,0.0002855734889468995,0.0009028044303770578
2020-08-16 00:00:00+00:00,11910.81,0.0002693107192524474,0.0008360548354863326
2020-08-17 00:00:00+00:00,12388.85,0.0005031902161037119,0.0015895497842106146
2020-08-18 00:00:00+00:00,12055.19,0.00035576461063969696,0.0009038380605036869
2020-08-19 00:00:00+00:00,11751.82,8.189984857147324e-05,0.00024074244389146824
2020-08-20 00:00:00+00:00,11832.67,4.953404428456581e-05,0.00011624959304315035
2020-08-21 00:00:00+00:00,11550.57,9.905400528886162e-05,0.00037086197960766126
2020-08-22 00:00:00+00:00,11671.05,8.177588172660903e-05,0.00020013012399206214
2020-08-23 00:00:00+00:00,11652.33,8.498662743854257e-05,0.0002655976319583262
2020-08-24 00:00:00+00:00,11756.85,0.0001021189113571297,0.00030264227745051086
2020-08-25 00:00:00+00:00,11362.41,9.028056328295217e-05,0.0002363596911193729
2020-08-26 00:00:00+00:00,11454.66,2.581839685188938e-05,9.737444694332375e-05
2020-08-27 00:00:00+00:00,11272.22,7.984665602928928e-05,0.0002171410392825111
2020-08-28 00:00:00+00:00,11483.23,3.2597794219046954e-05,7.331498187255289e-05
2020-08-29 00:00:00+00:00,11489.11,1.4541341220318141e-05,4.431774714366038e-05
2020-08-30 00:00:00+00:00,11658.95,0.00015739285472239555,0.0005725704153241391
2020-08-31 00:00:00+00:00,11658.96,0.000216161164683456,0.0006235216727271348
2020-09-01 00:00:00+00:00,11979.17,0.00031983445377827864,0.0010265238019931404
2020-09-02 00:00:00+00:00,11438.1,0.0003021856225180041,0.000766145022972153
2020-09-03 00:00:00+00:00,10671.61,-1.327607686516388e-05,-6.082324118107633e-05
2020-09-04 00:00:00+00:00,10477.74,-9.065992490058243e-05,-0.0002540331688185154
2020-09-05 00:00:00+00:00,9989.48,-2.42667511816054e-07,3.2417865356550982e-06
2020-09-06 00:00:00+00:00,10211.49,-6.413635288212596e-07,-4.20394271783971e-07
2020-09-07 00:00:00+00:00,10389.8,1.535826020953869e-07,1.9202925838645275e-06
2020-09-08 00:00:00+00:00,10110.62,3.175263980000551e-07,1.1140170879009151e-06
2020-09-09 00:00:00+00:00,10281.05,1.4144838055523171e-06,2.8303800874973027e-06
2020-09-10 00:00:00+00:00,10351.42,3.612992401390811e-07,1.285673945382864e-06
2020-09-11 00:00:00+00:00,10372.68,6.393489553714875e-08,2.3727966886399206e-07
2020-09-12 00:00:00+00:00,10441.0,3.897537122517047e-06,1.4981821481362446e-05
2020-09-13 00:00:00+00:00,10310.7,1.9486872369804486e-06,2.3135586345530632e-06
2020-09-14 00:00:00+00:00,10657.14,3.378533853014772e-07,1.2221752397989333e-06
2020-09-15 00:00:00+00:00,10779.36,6.273423195831746e-06,1.934234205816618e-05
2020-09-16 00:00:00+00:00,11026.09,2.094259986564864e-05,0.00010011605508433929
2020-09-17 00:00:00+00:00,10921.06,7.482974343160921e-05,0.0001903041362714371
2020-09-18 00:00:00+00:00,10935.58,7.289475472454685e-05,0.00021548377564843777
2020-09-19 00:00:00+00:00,11068.41,6.542973889131398e-05,0.00023546890167012164
2020-09-20 00:00:00+00:00,10874.78,2.8595691661329668e-05,4.839461047027275e-05
2020-09-21 00:00:00+00:00,10484.94,3.353187969436422e-05,9.937415272256069e-05
2020-09-22 00:00:00+00:00,10513.02,-1.1037321078205473e-06,-6.779003494525407e-06
2020-09-23 00:00:00+00:00,10266.24,-1.6818002664675315e-06,-2.932826485665477e-06
2020-09-24 00:00:00+00:00,10766.77,1.0498957892517983e-06,1.139916039179803e-05
2020-09-25 00:00:00+00:00,10691.54,8.626941146353745e-06,2.053303459957058e-05
2020-09-26 00:00:00+00:00,10737.51,1.4455263405794162e-05,4.2877010531670394e-05
2020-09-27 00:00:00+00:00,10752.41,4.9786413239231526e-06,1.6481667132438553e-05
2020-09-28 00:00:00+00:00,10865.76,0.00012246295495344718,0.0003681126163735575
2020-09-29 00:00:00+00:00,10766.91,1.6210442062878532e-06,3.901509410906303e-06
2020-09-30 00:00:00+00:00,10746.94,1.4029574300963175e-05,4.118207009061388e-05
2020-10-01 00:00:00+00:00,10607.48,1.2792079671837082e-05,4.031397153559634e-05
2020-10-02 00:00:00+00:00,10559.89,4.972540670098122e-07,-1.2640566036893405e-06
2020-10-03 00:00:00+00:00,10565.07,-1.770924325857971e-06,-9.804415819951515e-06
2020-10-04 00:00:00+00:00,10664.55,-8.433432981273453e-06,-2.067089964935061e-05
2020-10-05 00:00:00+00:00,10754.24,5.5164406916089235e-08,1.2169472975772497e-06
2020-10-06 00:00:00+00:00,10588.86,6.747997319799104e-07,1.10166938927729e-06
2020-10-07 00:00:00+00:00,10661.06,-9.771048915625895e-07,-2.3402493253778374e-06
2020-10-08 00:00:00+00:00,10903.61,1.5880607010821236e-05,6.741812547191118e-05
2020-10-09 00:00:00+00:00,11085.06,0.00011984037762902925,0.00037526284991147807
2020-10-10 00:00:00+00:00,11356.2,0.00018372217326645347,0.0005230135045706802
2020-10-11 00:00:00+00:00,11359.94,0.0001552450639705551,0.0005050020208191627
2020-10-12 00:00:00+00:00,11664.58,0.00012951964946086286,0.0004813329264593873
2020-10-13 00:00:00+00:00,11446.84,9.02715696372517e-05,0.00014209478596750424
2020-10-14 00:00:00+00:00,11404.85,2.6521720104727576e-06,7.401982742693697e-06
2020-10-15 00:00:00+00:00,11488.35,3.028833711373096e-06,9.654953082405794e-06
2020-10-16 00:00:00+00:00,11356.1,7.092636127325579e-06,1.3627569314719628e-05
2020-10-17 00:00:00+00:00,11348.97,-2.9594499305925174e-06,-1.9776513312818382e-06
2020-10-18 00:00:00+00:00,11467.88,-1.4651171803737588e-06,-6.011069755080193e-06
2020-10-19 00:00:00+00:00,11743.9,1.0864938932769608e-06,5.219817915085667e-06
2020-10-20 00:00:00+00:00,11966.9,-3.7491582109665277e-07,-9.040515016782376e-06
2020-10-21 00:00:00+00:00,13227.79,4.423621542344748e-05,0.00015034741846733048
2020-10-22 00:00:00+00:00,13029.92,5.621235171505914e-05,0.00016120411245204583
2020-10-23 00:00:00+00:00,12949.43,0.00010717802173046264,0.0003412414433714443
2020-10-24 00:00:00+00:00,13085.56,0.00013385451415045714,0.0003939893880295932
2020-10-25 00:00:00+00:00,13024.65,7.74106306175954e-05,0.00022931829851537114
2020-10-26 00:00:00+00:00,13059.98,6.701633400242706e-05,0.0001923309536535628
2020-10-27 00:00:00+00:00,13741.04,3.72584873465697e-05,0.0001132893957843743
2020-10-28 00:00:00+00:00,13273.0,-1.2870127711016827e-06,-9.92261565484055e-06
2020-10-29 00:00:00+00:00,13413.06,-1.2203150456524836e-05,-2.8897815070995646e-05
2020-10-30 00:00:00+00:00,13571.17,7.524288672584016e-06,2.0782100863296873e-05
2020-10-31 00:00:00+00:00,13882.99,0.00011713129741002525,0.00036860111684564615
2020-11-01 00:00:00+00:00,13709.61,1.2707275557793393e-05,2.5880424452904207e-05
2020-11-02 00:00:00+00:00,13594.22,1.8760036735899311e-06,4.780610279171051e-06
2020-11-03 00:00:00+00:00,13835.28,3.390027953030526e-07,1.647504698624144e-06
2020-11-04 00:00:00+00:00,14152.78,7.180237114791657e-05,0.00026817667254473124
2020-11-05 00:00:00+00:00,15570.81,0.00017546062338494556,0.0005364274192577212
2020-11-06 00:00:00+00:00,15610.92,0.0003538122448758302,0.001110982974265931
2020-11-07 00:00:00+00:00,14823.34,0.0004993067585366803,0.0016765142005020742
2020-11-08 00:00:00+00:00,15517.62,0.00030243920118890743,0.0007753571246769483
2020-11-09 00:00:00+00:00,15258.89,0.00034859635064862917,0.0008937008029404221
2020-11-10 00:00:00+00:00,15385.33,2.5486757377229112e-05,7.233794745476338e-05
2020-11-11 00:00:00+00:00,15805.44,0.0002999174992463529,0.0010725937881335174
2020-11-12 00:00:00+00:00,16245.04,0.00017758728182019654,0.0004363377445983168
2020-11-13 00:00:00+00:00,16330.73,0.00016632103511809635,0.0004528443008554121
2020-11-14 00:00:00+00:00,16052.13,3.126400294425417e-05,7.13361501896352e-05
2020-11-15 00:00:00+00:00,15941.62,1.1547866632715928e-06,3.869405114703763e-06
2020-11-16 00:00:00+00:00,16724.93,0.00023793716982665927,0.0008111139880659499
2020-11-17 00:00:00+00:00,17617.16,0.0002478971918347964,0.0006728523907447824
2020-11-18 00:00:00+00:00,17832.96,0.00018421493557137193,0.0005471579048686115
2020-11-19 00:00:00+00:00,17885.56,0.00012137051885521676,0.00038372143630880366
2020-11-20 00:00:00+00:00,18639.28,0.00033869595961272497,0.0010572071103041626
2020-11-21 00:00:00+00:00,18648.09,0.0001853995077516913,0.000606835158502971
2020-11-22 00:00:00+00:00,18640.94,0.0003248963521068636,0.0011396837300372035
2020-11-23 00:00:00+00:00,18433.16,0.0006393753767492786,0.0017389563391508771
2020-11-24 00:00:00+00:00,19137.84,0.000632927678245538,0.002242136990315307
2020-11-25 00:00:00+00:00,18769.65,0.000501629555689671,0.001210756504097845
2020-11-26 00:00:00+00:00,17189.01,0.00037855394641617157,0.0011079626776289563
2020-11-27 00:00:00+00:00,16973.53,0.00011581680503722527,0.00024122754765097925
2020-11-28 00:00:00+00:00,17776.61,3.741614663569103e-05,0.0001258241324584556
2020-11-29 00:00:00+00:00,18157.07,0.0002307311073994879,0.0007431808445198473
2020-11-30 00:00:00+00:00,19504.25,0.00044711217689483125,0.0016608679790702419
2020-12-01 00:00:00+00:00,18920.91,0.0006214566042925539,0.0015281086065506992
2020-12-02 00:00:00+00:00,19127.51,0.00015243064033973754,0.0005008896853534947
2020-12-03 00:00:00+00:00,19488.35,0.00024218241515211946,0.0006939557354447444
2020-12-04 00:00:00+00:00,18673.63,7.692579513589331e-05,0.0002169022128145399
2020-12-05 00:00:00+00:00,19028.15,2.1892414465358596e-05,5.259716199865223e-05
2020-12-06 00:00:00+00:00,19142.54,9.920172418396732e-05,0.00034346551888081114
2020-12-07 00:00:00+00:00,19124.41,0.00022219127093464882,0.0006258535605665096
2020-12-08 00:00:00+00:00,18349.79,3.4146730547315636e-05,0.00010108853490150419
2020-12-09 00:00:00+00:00,18556.9,8.325361609420451e-07,8.829772133329042e-07
2020-12-10 00:00:00+00:00,18332.1,1.6043001826006393e-05,6.868170698108209e-05
2020-12-11 00:00:00+00:00,18133.72,1.664386926304671e-05,3.0269537021528867e-05
2020-12-12 00:00:00+00:00,18886.2,1.2037358961015387e-06,3.5511032181799087e-06
2020-12-13 00:00:00+00:00,19108.54,0.00031746105386936226,0.0011833034204821564
2020-12-14 00:00:00+00:00,19293.24,0.00024761496444202874,0.0005257944428518392
2020-12-15 00:00:00+00:00,19472.2,0.00021462019048893095,0.000703887099986287
2020-12-16 00:00:00+00:00,21400.71,0.00034266114813066,0.0012839187973300765
2020-12-17 00:00:00+00:00,22984.42,0.0007798036675884572,0.0022768183113249067
2020-12-18 00:00:00+00:00,23042.49,0.0006376624522831183,0.0018406036712199031
2020-12-19 00:00:00+00:00,23933.49,0.0005975269400739177,0.0021224604159079457
2020-12-20 00:00:00+00:00,23519.02,0.0005531064266045411,0.0015157524252671327
2020-12-21 00:00:00+00:00,23179.99,0.00034270169349542645,0.0007578879154714089
2020-12-22 00:00:00+00:00,23717.04,0.00010166223106685824,0.00031722911774412335
2020-12-23 00:00:00+00:00,23280.81,0.00035270175284957134,0.0011042496752412879
2020-12-24 00:00:00+00:00,23699.35,3.511148764800516e-05,3.920642939493362e-05
2020-12-25 00:00:00+00:00,24573.33,0.00037457358252908037,0.0013296915438611371
2020-12-26 00:00:00+00:00,26385.83,0.0006176582571035925,0.0019606291156511863
2020-12-27 00:00:00+00:00,26479.94,0.0007336302391225328,0.002177474543123281
2020-12-28 00:00:00+00:00,26853.87,0.00039920600795572276,0.000997931209292231
2020-12-29 00:00:00+00:00,27028.81,0.00010651520269632708,0.00033680572912990535
2020-12-30 00:00:00+00:00,28721.3,0.0005436927684149747,0.0016780401837948628
2020-12-31 00:00:00+00:00,29142.82,7.835673780599862e-05,0.00013705291363095846
2021-01-01 00:00:00+00:00,29343.51,9.105884466386027e-05,0.00029047711478720305
2021-01-02 00:00:00+00:00,32151.17,0.0003769772235947173,0.0014682018651135634
2021-01-03 00:00:00+00:00,33147.04,0.000519886052698113,0.0014576676552748328
2021-01-04 00:00:00+00:00,31355.98,0.0008245765316238651,0.0024298388904680714
2021-01-05 00:00:00+00:00,34290.31,0.0002925995497322762,0.001077325561777678
2021-01-06 00:00:00+00:00,36092.06,0.0006562165120811061,0.0017144222977329565
2021-01-07 00:00:00+00:00,39710.73,0.00038195703663508693,0.0014796995708906003
2021-01-08 00:00:00+00:00,40720.11,0.0006490626107901752,0.0017558697109747922
2021-01-09 00:00:00+00:00,40448.17,0.00026908209955347275,0.0010661759377519865
2021-01-10 00:00:00+00:00,38451.9,0.0011143913899256776,0.0034768312630077546
2021-01-11 00:00:00+00:00,34403.17,0.0016866197075621593,0.004610624997068596
2021-01-12 00:00:00+00:00,33734.84,0.0006921784036547431,0.002046253815377165
2021-01-13 00:00:00+00:00,37186.85,0.000381941486952722,0.001039820602036522
2021-01-14 00:00:00+00:00,38936.44,0.000566491925939006,0.001957750720386683
2021-01-15 00:00:00+00:00,36591.55,0.000641685564257346,0.0016074956939474596
2021-01-16 00:00:00+00:00,36153.85,0.00029452696604554974,0.0009344443434310621
2021-01-17 00:00:00+00:00,36166.46,0.0002150224043210539,0.0007482896690212417
2021-01-18 00:00:00+00:00,36479.19,0.0005376888361824347,0.0015923835374156766
2021-01-19 00:00:00+00:00,36660.23,0.0005402589304775876,0.0014824695966095297
2021-01-20 00:00:00+00:00,34993.25,1.682390406176438e-05,2.6967400964169762e-05
2021-01-21 00:00:00+00:00,30884.94,0.000218291190002263,0.0006451956732320075
2021-01-22 00:00:00+00:00,32873.23,3.384510247032208e-05,6.507288982615325e-05
2021-01-23 00:00:00+00:00,32084.65,1.8518180239235454e-05,8.51611185358584e-05
2021-01-24 00:00:00+00:00,32154.49,7.470168351937394e-05,0.00020843071520427686
2021-01-25 00:00:00+00:00,32460.28,0.0002939397753620626,0.001037287139755106
2021-01-26 00:00:00+00:00,32759.74,5.2114801833733406e-05,6.186544726047541e-06
2021-01-27 00:00:00+00:00,30584.05,-4.7543237141516075e-05,-0.00017547703583026245
2021-01-28 00:00:00+00:00,33543.1,6.380877981704638e-06,3.295452076020056e-05
2021-01-29 00:00:00+00:00,34501.57,0.0003444170185631999,0.001222838316994137
2021-01-30 00:00:00+00:00,34581.08,8.264964956148307e-05,0.00012868006818338466
2021-01-31 00:00:00+00:00,33010.67,3.312004668144039e-05,7.58684327460337e-05
2021-02-01 00:00:00+00:00,33561.13,0.00016708160419706263,0.0006159999350668848
2021-02-02 00:00:00+00:00,35599.23,0.000357386998754239,0.0011761165557552123
2021-02-03 00:00:00+00:00,37320.46,0.00041062874267465687,0.0011028890658043118
2021-02-04 00:00:00+00:00,37301.26,0.0003334262953605897,0.00100706258395997
2021-02-05 00:00:00+00:00,37838.94,0.0003732676396907967,0.001103408415022485
2021-02-06 00:00:00+00:00,40049.69,0.000551709923265176,0.0020095837424277665
2021-02-07 00:00:00+00:00,38832.67,0.0004423717373994791,0.0009715495548508888
2021-02-08 00:00:00+00:00,44723.77,0.0005631219705219654,0.00207761862668272
2021-02-09 00:00:00+00:00,46909.45,0.0005881611347310328,0.0014565201832898585
2021-02-10 00:00:00+00:00,45235.91,0.00033454914361574214,0.0010289495082213035
2021-02-11 00:00:00+00:00,47758.8,0.0003399520620354074,0.001196854216605048
2021-02-12 00:00:00+00:00,47959.91,0.0005866044692576507,0.0018079514013929193
2021-02-13 00:00:00+00:00,47130.6,0.0005400823462476985,0.0013735048908909185
2021-02-14 00:00:00+00:00,49096.87,0.0006132682264791445,0.002073826109430466
2021-02-15 00:00:00+00:00,48315.57,0.00022793402531704282,0.0007199449751483838
2021-02-16 00:00:00+00:00,49120.09,0.0006632461897578106,0.0018023302030812775
2021-02-17 00:00:00+00:00,52138.27,0.0010831794813700789,0.003733453928645952
2021-02-18 00:00:00+00:00,51866.78,0.0009841491435835438,0.002605784867852553
2021-02-19 00:00:00+00:00,55473.9,0.0005785984729555318,0.0018296787724630392
2021-02-20 00:00:00+00:00,55496.8,0.00027936163806828354,0.0006372819927451976
2021-02-21 00:00:00+00:00,57396.75,0.0003826472669892355,0.0014219953708184325
2021-02-22 00:00:00+00:00,54119.46,0.00046766134454285824,0.0011334251719410686
2021-02-23 00:00:00+00:00,48615.32,0.00037439127697831047,0.0012542883857557807
2021-02-24 00:00:00+00:00,48857.55,7.701515944965572e-05,2.684109218317897e-05
2021-02-25 00:00:00+00:00,48201.83,4.8507108484395715e-06,2.6429347403469877e-05
2021-02-26 00:00:00+00:00,45503.09,0.00023374600635483675,0.0010683203022216435
2021-02-27 00:00:00+00:00,45875.87,0.0003159547623872737,0.0005810137011115022
2021-02-28 00:00:00+00:00,45262.92,0.00022458514581337853,0.0006833502284373324
2021-03-01 00:00:00+00:00,49178.88,0.0001963438927478288,0.0006228990214222807
2021-03-02 00:00:00+00:00,47843.34,0.0001193025861411963,0.0003463874790446638
2021-03-03 00:00:00+00:00,50592.83,0.000172123244249384,0.000498087132285868
2021-03-04 00:00:00+00:00,48239.72,3.1872837489484327e-05,0.0001183593322942177
2021-03-05 00:00:00+00:00,49087.55,4.0647498728364486e-05,0.00012801868384195852
2021-03-06 00:00:00+00:00,48959.31,9.741238567949422e-05,0.0002923334027474915
2021-03-07 00:00:00+00:00,50515.61,0.00022096052654213842,0.0007234124769273609
2021-03-08 00:00:00+00:00,51621.56,0.0001773287751435158,0.0006472070111845667
2021-03-09 00:00:00+00:00,54832.47,0.0003777303660422943,0.0009611970375779072
2021-03-10 00:00:00+00:00,56923.71,0.00014656000199977088,0.0005830927863127917
2021-03-11 00:00:00+00:00,57923.93,0.0003699603334827533,0.0013027547754107189
2021-03-12 00:00:00+00:00,57191.3,0.0004597698969143916,0.0011386358942773855
2021-03-13 00:00:00+00:00,61055.8,0.0010901362724049565,0.003781832647329625
2021-03-14 00:00:00+00:00,60216.69,0.0007722195131003425,0.001999376857673971
2021-03-15 00:00:00+00:00,56150.25,0.00028495159962891215,0.0006180544026754096
2021-03-16 00:00:00+00:00,56289.16,0.0001253528262114312,0.00043414427728737006
2021-03-17 00:00:00+00:00,58329.05,4.6793479668450085e-05,0.00010318025042270941
2021-03-18 00:00:00+00:00,57647.46,0.0002920712442023708,0.000887318997318008
2021-03-19 00:00:00+00:00,58521.7,5.589028050566582e-05,0.00015812657208167424
2021-03-20 00:00:00+00:00,58522.87,0.00023635696339952307,0.0008748617017107503
2021-03-21 00:00:00+00:00,57616.83,9.820929087130563e-05,0.0001611116261942203
2021-03-22 00:00:00+00:00,54621.59,0.00025938332344613925,0.0007382576205785634
2021-03-23 00:00:00+00:00,54394.22,3.1497412403528557e-05,0.00020757758406234566
2021-03-24 00:00:00+00:00,52517.11,0.0004095984826398928,0.0013258458785437974
2021-03-25 00:00:00+00:00,51751.55,0.0001366057286885364,0.0002010072978663014
2021-03-26 00:00:00+00:00,54429.51,8.002961434691171e-05,0.00019344070816858418
2021-03-27 00:00:00+00:00,56392.36,-1.3911810966208149e-05,-1.5308471523562454e-05
2021-03-28 00:00:00+00:00,55606.99,8.817810703791631e-05,0.0003929674260117933
2021-03-29 00:00:00+00:00,57732.67,0.0005078946257787209,0.0017965255657617146
2021-03-30 00:00:00+00:00,58704.73,0.0008525053519115983,0.0024936433959243023
2021-03-31 00:00:00+00:00,58638.59,0.0007123811926755247,0.0022859088494668195
2021-04-01 00:00:00+00:00,58988.33,0.0007711451462279056,0.0021456399150407653
2021-04-02 00:00:00+00:00,58851.49,0.0007415403322264389,0.002108135618953224
2021-04-03 00:00:00+00:00,57579.88,0.0006237715619167523,0.0018273207022537895
2021-04-04 00:00:00+00:00,58136.94,0.00021363273180980072,0.0007055402275809872
2021-04-05 00:00:00+00:00,58883.13,0.00042449306836676853,0.0015940996434367267
2021-04-06 00:00:00+00:00,57914.78,0.0007970239275431368,0.0020137236533961096
2021-04-07 00:00:00+00:00,56445.72,0.00026819596578720736,0.0007686616510298544
2021-04-08 00:00:00+00:00,57896.3,0.00011177618576047555,0.00031818983342100064
2021-04-09 00:00:00+00:00,58065.28,0.00023655464398329305,0.0007408800058296827
2021-04-10 00:00:00+00:00,59019.56,0.0013569380183805475,0.004469123013155059
2021-04-11 00:00:00+00:00,60061.6,0.0010441509607656445,0.003050382946701496
2021-04-12 00:00:00+00:00,60039.13,0.0008814855854600191,0.002598313543059154
2021-04-13 00:00:00+00:00,63257.36,0.0008908119878120118,0.0026670143397926433
2021-04-14 00:00:00+00:00,62848.3,0.0002928888483888796,0.0006229070944638369
2021-04-15 00:00:00+00:00,63329.72,9.263182628309345e-05,0.0003014721673256397
2021-04-16 00:00:00+00:00,61615.28,8.95724745020876e-05,0.00022095425205003857
2021-04-17 00:00:00+00:00,60727.36,0.00013261302564896956,0.0004329260322926976
2021-04-18 00:00:00+00:00,56664.59,-0.00010053974172439182,-0.0003259731585042965
2021-04-19 00:00:00+00:00,56069.88,2.3489546563366338e-05,6.978470367138332e-05
2021-04-20 00:00:00+00:00,56440.26,4.259708578839117e-05,0.00015187040694735512
2021-04-21 00:00:00+00:00,54034.37,4.547229067610662e-05,0.00012705808661607866
2021-04-22 00:00:00+00:00,51615.6,0.00017252018097247887,0.0005564402286768801
2021-04-23 00:00:00+00:00,50514.03,-1.1311356972778511e-05,-0.00011569152738064075
2021-04-24 00:00:00+00:00,50376.37,-5.169045146000951e-06,3.053606646656471e-06
2021-04-25 00:00:00+00:00,48738.04,-2.4625840985862362e-06,-1.6629186324857808e-05
2021-04-26 00:00:00+00:00,53636.28,-1.643483686337063e-05,-3.0553220724947824e-05
2021-04-27 00:00:00+00:00,54983.41,-2.158017326823126e-05,-7.127724816346223e-05
2021-04-28 00:00:00+00:00,54496.36,4.059408247833528e-05,0.00012506766614415804
2021-04-29 00:00:00+00:00,53412.93,2.970405406161564e-05,0.00011891681786447833
2021-04-30 00:00:00+00:00,57180.15,0.00010602123038563346,0.00031707302720347533
2021-05-01 00:00:00+00:00,57707.51,8.80710471263029e-05,0.0002443805261921077
2021-05-02 00:00:00+00:00,56444.72,0.00014233515412318887,0.000519363202491415
2021-05-03 00:00:00+00:00,57339.29,0.00035327381480597695,0.0010080662345902571
2021-05-04 00:00:00+00:00,54112.82,8.040587339585926e-05,0.00021425783263406996
2021-05-05 00:00:00+00:00,57149.04,6.10690104464781e-05,0.00028220572166026513
2021-05-06 00:00:00+00:00,56551.48,0.0001594773179239015,0.00038760843506262867
2021-05-07 00:00:00+00:00,57081.89,8.61510455787646e-05,0.0003955701686247227
2021-05-08 00:00:00+00:00,58650.59,0.0003190611708096026,0.0009601743708234275
2021-05-09 00:00:00+00:00,58005.74,0.00040969418134424447,0.0010705219177665397
2021-05-10 00:00:00+00:00,56290.5,0.00038895522886672686,0.0013270227341884585
2021-05-11 00:00:00+00:00,56482.34,0.00021793850694513237,0.0004890112511790446
2021-05-12 00:00:00+00:00,52874.52,0.00012169200395995983,0.00045983738816572704
2021-05-13 00:00:00+00:00,48904.34,9.735803124448809e-05,0.00023390505452628143
2021-05-14 00:00:00+00:00,49973.64,0.00018244486398828104,0.0005950383787904155
2021-05-15 00:00:00+00:00,47976.69,0.0001539608871182812,0.0005063503675086103
2021-05-16 00:00:00+00:00,45550.71,0.00020870576179534352,0.0005386573992004515
2021-05-17 00:00:00+00:00,42926.94,-0.0006078315078810709,-0.0018313700992445118
2021-05-18 00:00:00+00:00,42854.72,3.815886248473215e-06,7.602024221172744e-06
2021-05-19 00:00:00+00:00,39164.98,-0.0005420619882910394,-0.0018315813893272472
2021-05-20 00:00:00+00:00,41584.72,-0.0002806632021648773,-0.0005835847375335925
2021-05-21 00:00:00+00:00,36709.79,-2.4867919745907942e-05,-2.6462966574782535e-05
2021-05-22 00:00:00+00:00,37645.94,7.665025276510622e-05,0.00021981805687026825
2021-05-23 00:00:00+00:00,33911.22,3.16574162633298e-05,9.943228083190586e-05
2021-05-24 00:00:00+00:00,38475.45,9.119153153108241e-05,0.0002899757429987981
2021-05-25 00:00:00+00:00,38442.3,2.7734420286693566e-05,7.314250704616086e-05
2021-05-26 00:00:00+00:00,39006.64,9.672496053617031e-05,0.0002873283259002454
2021-05-27 00:00:00+00:00,38550.06,8.437319608355141e-05,0.00025543762360820263
2021-05-28 00:00:00+00:00,35065.44,7.297990220380154e-05,0.0002094439282319645
2021-05-29 00:00:00+00:00,34493.0,0.00011112123437490522,0.0003313580739858428
2021-05-30 00:00:00+00:00,35745.52,-2.9467663018487735e-06,-1.6461825049735658e-06
2021-05-31 00:00:00+00:00,36900.19,3.888280854176483e-05,0.00014174390897914253
2021-06-01 00:00:00+00:00,36433.14,7.694872093166287e-05,0.00019912444038690358
2021-06-02 00:00:00+00:00,37541.54,4.195232042196345e-05,0.00012872293163798166
2021-06-03 00:00:00+00:00,38902.92,1.154113147119273e-05,4.5169693317322486e-05
2021-06-04 00:00:00+00:00,37127.82,0.00011577256820422274,0.00032918636836377533
2021-06-05 00:00:00+00:00,35084.45,4.101268063863616e-05,0.00012323029535868475
2021-06-06 00:00:00+00:00,35566.99,1.1761366053128716e-05,4.3991561956594213e-05
2021-06-07 00:00:00+00:00,34181.31,1.6965295939286864e-05,3.696184820611716e-05
2021-06-08 00:00:00+00:00,33464.93,-3.77852412197715e-05,-0.00011194491954296049
2021-06-09 00:00:00+00:00,37113.36,-1.5247943505390063e-08,1.6957031478377088e-06
2021-06-10 00:00:00+00:00,36852.51,-6.052406245727157e-06,-1.777088561467402e-05
2021-06-11 00:00:00+00:00,37360.59,2.5301796683098274e-07,2.319400755561631e-06
2021-06-12 00:00:00+00:00,35704.51,-1.4788020510597635e-06,-4.638543901700863e-06
2021-06-13 00:00:00+00:00,38882.52,3.0278155002706926e-06,3.317968115473524e-05
2021-06-14 00:00:00+00:00,40189.86,3.402929905370132e-05,8.037862299390995e-05
2021-06-15 00:00:00+00:00,40134.7,2.660874405109637e-06,7.724138556541833e-06
2021-06-16 00:00:00+00:00,38560.63,-1.3001961137941423e-05,-5.4962443163370794e-05
2021-06-17 00:00:00+00:00,37957.79,-3.5299870321610646e-05,-0.00019414214546181486
2021-06-18 00:00:00+00:00,35639.78,-0.0002269386761027703,-0.0006939879035207537
2021-06-19 00:00:00+00:00,35563.4,-0.00029303170481612644,-0.0008427959531344057
2021-06-20 00:00:00+00:00,35644.61,-0.00018558859310202562,-0.0004892706078174748
2021-06-21 00:00:00+00:00,31265.45,-0.00012824293697057877,-0.00041588505353671955
2021-06-22 00:00:00+00:00,32607.84,-7.750290143063418e-05,-0.00019522001893782664
2021-06-23 00:00:00+00:00,33484.27,-9.485568103139497e-05,-0.00028398105438460114
2021-06-24 00:00:00+00:00,34756.78,-3.998363762067327e-05,-0.00011354029367233013
2021-06-25 00:00:00+00:00,31408.22,-3.59247538984178e-05,-0.00011597221170079667
2021-06-26 00:00:00+00:00,31777.89,-0.00013088971474901865,-0.00037518510640559353
2021-06-27 00:00:00+00:00,34416.92,-0.000139543786354895,-0.0004336680551876293
2021-06-28 00:00:00+00:00,34434.04,-1.2354012582851521e-05,-1.7257055613885114e-05
2021-06-29 00:00:00+00:00,35933.9,-1.6334830837439821e-06,-2.4434351720227897e-06
2021-06-30 00:00:00+00:00,34892.88,-2.7049230080889164e-05,-0.00011276507255725401
2021-07-01 00:00:00+00:00,33562.38,0.00018892323752184257,0.0005623229226336503
2021-07-02 00:00:00+00:00,33721.14,-6.058164616498521e-05,-0.0002454463658995811
2021-07-03 00:00:00+00:00,34582.58,-5.1977882218258706e-05,-7.111662855948858e-05
2021-07-04 00:00:00+00:00,35357.47,-5.622806757102976e-05,-0.00020521736322485056
2021-07-05 00:00:00+00:00,33969.84,-6.425217481560388e-05,-0.0001931372275469778
2021-07-06 00:00:00+00:00,34036.06,-5.180619850367418e-05,-0.0001739751230510197
2021-07-07 00:00:00+00:00,34170.71,-3.4289070459485e-05,-8.988268410155498e-05
2021-07-08 00:00:00+00:00,32563.29,-6.294715063511902e-05,-0.0001443108959728943
2021-07-09 00:00:00+00:00,33985.65,-3.7838752407703513e-06,-1.035212800802101e-05
2021-07-10 00:00:00+00:00,33652.62,-1.1726086838191581e-05,-5.541800462054124e-05
2021-07-11 00:00:00+00:00,34400.5,-6.407472025038416e-06,2.818221887461749e-06
2021-07-12 00:00:00+00:00,33040.26,1.8594961887209554e-06,2.549648646509187e-06
2021-07-13 00:00:00+00:00,32577.57,-4.484410807361989e-06,-1.2972358529427071e-05
2021-07-14 00:00:00+00:00,32972.63,-1.2513053348447772e-05,-4.530783597670622e-05
2021-07-15 00:00:00+00:00,31771.2,-2.4849998245341486e-05,-6.690611100699736e-05
2021-07-16 00:00:00+00:00,31589.05,-3.883778114225012e-07,-2.2306377871822656e-07
2021-07-17 00:00:00+00:00,31637.15,-8.671847193154155e-06,-2.58962273215692e-05
2021-07-18 00:00:00+00:00,31560.57,-4.212674234033747e-05,-0.0001499219347713478
2021-07-19 00:00:00+00:00,30860.65,-2.895561643486097e-05,-7.212513520897224e-05
2021-07-20 00:00:00+00:00,29560.3,-5.337926273256012e-05,-0.00020597407524723408
2021-07-21 00:00:00+00:00,32115.48,-8.564191571833043e-05,-0.00023215127900461362
2021-07-22 00:00:00+00:00,32195.85,-5.7590539719932716e-05,-0.00017045280078790373
2021-07-23 00:00:00+00:00,33155.4,-4.8525684074690566e-06,1.0699375266752484e-05
2021-07-24 00:00:00+00:00,34053.67,7.58942296053163e-07,4.2197615426379965e-06
2021-07-25 00:00:00+00:00,34684.4,2.2914485421646253e-05,6.72861148801569e-05
2021-07-26 00:00:00+00:00,37589.5,5.18918920220628e-05,0.00023633123041122398
2021-07-27 00:00:00+00:00,39189.78,4.264209762701315e-05,5.07760504115339e-05
2021-07-28 00:00:00+00:00,39765.3,7.620484418610824e-06,3.1145598311135324e-05
2021-07-29 00:00:00+00:00,39800.73,2.5685160179912624e-05,7.175212773490746e-05
2021-07-30 00:00:00+00:00,41379.47,8.156107664120441e-05,0.0003882271228875845
2021-07-31 00:00:00+00:00,41896.8,0.00015731733542062465,0.0003485690361248125
2021-08-01 00:00:00+00:00,40276.29,5.477313007121106e-05,0.00013425305913845718
2021-08-02 00:00:00+00:00,39422.37,-0.0001117188557136247,-0.00036594074630343657
2021-08-03 00:00:00+00:00,38331.05,-0.00011635612635914225,-0.0003062285264169761
2021-08-04 00:00:00+00:00,39719.95,-1.670265821148533e-05,-4.09292003927607e-05
2021-08-05 00:00:00+00:00,40948.9,3.936773935051934e-05,0.00019553111437333866
2021-08-06 00:00:00+00:00,42803.53,0.0002539953794228734,0.0008393497123713805
2021-08-07 00:00:00+00:00,44079.15,0.0001621902136867561,0.0004039552904246757
2021-08-08 00:00:00+00:00,44229.85,0.00023026530515983656,0.0006419058626700051
2021-08-09 00:00:00+00:00,46251.77,0.00015839693219080834,0.0006228379923685608
2021-08-10 00:00:00+00:00,45467.57,0.00012082963583432374,0.0002201117596135873
2021-08-11 00:00:00+00:00,45770.86,9.579138847227204e-05,0.0002881837446724582
2021-08-12 00:00:00+00:00,43976.89,2.938646299900607e-05,7.968875189095355e-05
2021-08-13 00:00:00+00:00,47582.25,0.00011493754930261263,0.00043218425132639286
2021-08-14 00:00:00+00:00,46887.99,7.960625421235604e-05,0.00015133306426778827
2021-08-15 00:00:00+00:00,47250.03,4.3730640681171856e-10,2.461413626878343e-07
2021-08-16 00:00:00+00:00,46137.13,0.00014524178539819985,0.000437817723307768
2021-08-17 00:00:00+00:00,44909.73,1.891602948057268e-05,6.354295334863625e-05
2021-08-18 00:00:00+00:00,44882.09,2.1949606082643843e-05,6.587319704953504e-05
2021-08-19 00:00:00+00:00,46791.57,4.4645033042112866e-05,0.00023639369669265948
2021-08-20 00:00:00+00:00,49238.58,0.00018635524939640384,0.0004928593903158003
2021-08-21 00:00:00+00:00,49378.61,4.664802117508416e-05,0.00011162120824339222
2021-08-22 00:00:00+00:00,49300.69,2.571136366077368e-05,7.850454707649407e-05
2021-08-23 00:00:00+00:00,49674.21,0.00023309339001150378,0.0007121138204441478
2021-08-24 00:00:00+00:00,48340.85,2.047254513522547e-05,4.717868107538901e-05
2021-08-25 00:00:00+00:00,48911.74,1.0311530732159008e-05,4.848176319205597e-05
2021-08-26 00:00:00+00:00,47196.14,3.3031140050878835e-05,8.10260443303451e-05
2021-08-27 00:00:00+00:00,49010.9,1.6864195774604505e-05,6.431985286775386e-05
2021-08-28 00:00:00+00:00,48730.51,0.00010830036791058446,0.0003226603964912614
2021-08-29 00:00:00+00:00,49154.96,3.535343975511034e-05,0.00014158264215866724
2021-08-30 00:00:00+00:00,47627.32,4.5579250216438225e-05,0.00019031020092291878
2021-08-31 00:00:00+00:00,47096.14,7.485518336518091e-05,0.00016527720042483975
2021-09-01 00:00:00+00:00,48432.85,0.00017854744132952472,0.0006719834781243329
2021-09-02 00:00:00+00:00,49724.71,0.00028924365316631293,0.0007526958410240319
2021-09-03 00:00:00+00:00,49707.27,0.0002183363393569981,0.0007705384353071904
2021-09-04 00:00:00+00:00,49894.54,0.00010931645329487757,0.00022115809403035243
2021-09-05 00:00:00+00:00,51842.0,0.00014629779043669078,0.0006698632401184627
2021-09-06 00:00:00+00:00,52615.19,0.00033230449141277116,0.0008533752222725159
2021-09-07 00:00:00+00:00,46812.63,9.518136263362896e-05,0.00015583201385038913
2021-09-08 00:00:00+00:00,46613.12,-2.8823353121146536e-06,-4.14249100112186e-06
2021-09-09 00:00:00+00:00,46514.73,4.4475475775092865e-07,5.899171740245795e-06
2021-09-10 00:00:00+00:00,44465.23,2.9700639844999385e-05,9.960444102618983e-05
2021-09-11 00:00:00+00:00,45088.06,4.7997713174128546e-05,0.0001344454876387413
2021-09-12 00:00:00+00:00,45777.64,2.8459547740222204e-05,8.65400519520989e-05
2021-09-13 00:00:00+00:00,45077.22,1.996084029662756e-05,7.333355528254729e-05
2021-09-14 00:00:00+00:00,47196.45,4.5036122931407526e-05,0.00011721056742038035
2021-09-15 00:00:00+00:00,48297.9,7.525464715589029e-06,2.6018674666762748e-05
2021-09-16 00:00:00+00:00,47648.97,2.184513969543121e-05,6.678970730452944e-05
2021-09-17 00:00:00+00:00,46963.49,1.0970929544528623e-05,2.6710860120105273e-05
2021-09-18 00:00:00+00:00,48054.3,3.67997052180373e-06,1.2332936349656981e-05
2021-09-19 00:00:00+00:00,47060.9,5.524012377407577e-07,1.5013566152619365e-06
2021-09-20 00:00:00+00:00,43329.44,-1.2156961497161897e-07,-8.779425912433548e-07
2021-09-21 00:00:00+00:00,40506.53,-7.781271703303586e-06,-2.5652146730019906e-05
2021-09-22 00:00:00+00:00,43539.82,-1.6381382291086074e-05,-6.547813422188172e-05
2021-09-23 00:00:00+00:00,44832.25,-1.9012459160063974e-05,-4.419138655707143e-05
2021-09-24 00:00:00+00:00,43035.72,-1.6237366817454606e-05,-5.451361803362105e-05
2021-09-25 00:00:00+00:00,42754.1,-8.62875769095453e-06,-2.317414142672281e-05
2021-09-26 00:00:00+00:00,42936.06,-1.2488982375391407e-05,-2.8019565951996406e-05
2021-09-27 00:00:00+00:00,43180.67,2.1015106589822243e-05,6.868046987882532e-05
2021-09-28 00:00:00+00:00,41586.21,1.4136705353827076e-06,-2.300731449208481e-06
2021-09-29 00:00:00+00:00,41365.63,-3.8317881408219164e-07,-1.165810438837955e-06
2021-09-30 00:00:00+00:00,43745.01,5.06895140594818e-06,1.3078828489091988e-05
2021-10-01 00:00:00+00:00,48026.6,3.647063675590721e-06,1.3776937787894331e-05
2021-10-02 00:00:00+00:00,48083.59,1.0691027021673388e-05,3.2556027135803754e-05
2021-10-03 00:00:00+00:00,48015.39,2.3862098026696813e-05,9.037952866836437e-05
2021-10-04 00:00:00+00:00,48934.42,4.459533996189466e-05,0.00020320433381419936
2021-10-05 00:00:00+00:00,51380.49,5.829890071093422e-05,9.530598675550205e-05
2021-10-06 00:00:00+00:00,55167.69,8.790854790129334e-05,0.00027759317686536943
2021-10-07 00:00:00+00:00,53928.53,9.78476803881968e-05,0.00032326740939223644
2021-10-08 00:00:00+00:00,54088.67,0.00018011245085361409,0.00054853878788991
2021-10-09 00:00:00+00:00,54904.44,9.255297821839603e-05,0.00023543497645612792
2021-10-10 00:00:00+00:00,54931.65,0.00014186267424172073,0.0004618692068534016
2021-10-11 00:00:00+00:00,57188.11,0.0002231636246201929,0.000741536620154527
2021-10-12 00:00:00+00:00,56399.97,0.00024897807069583657,0.0006993560002807177
2021-10-13 00:00:00+00:00,57382.65,0.00011094316422943165,0.00039320452048539927
2021-10-14 00:00:00+00:00,57611.02,0.0002889451550720794,0.0007816735883551399
2021-10-15 00:00:00+00:00,61298.92,0.00038874469374593234,0.0013938142140137195
2021-10-16 00:00:00+00:00,60797.01,0.0002366564045769595,0.0005364655844650228
2021-10-17 00:00:00+00:00,61300.28,0.00014686852096102617,0.00044652456132306795
2021-10-18 00:00:00+00:00,62081.67,0.00017918042719877711,0.00046711863408918094
2021-10-19 00:00:00+00:00,64099.97,0.0001411048576703193,0.00047999869354115824
2021-10-20 00:00:00+00:00,65921.7,0.0002845180832107,0.001125773716197273
2021-10-21 00:00:00+00:00,62462.03,0.0005258952125898151,0.0014160178792328388
2021-10-22 00:00:00+00:00,60633.05,0.00024484057722136914,0.000680446933691912
2021-10-23 00:00:00+00:00,61026.31,0.0001242217308031624,0.00038053233165102397
2021-10-24 00:00:00+00:00,60921.89,0.00020694977206778695,0.0005548884445367408
2021-10-25 00:00:00+00:00,63009.53,0.00012778088767522136,0.0004759563334009707
2021-10-26 00:00:00+00:00,60294.2,0.00023155380489066365,0.0006164627491651878
2021-10-27 00:00:00+00:00,58791.24,6.516003378690491e-05,0.00014281063131758908
2021-10-28 00:00:00+00:00,60536.42,0.00010450661228325859,0.0004691012204504486
2021-10-29 00:00:00+00:00,62337.75,0.00044971153184491234,0.0012476057420239815
2021-10-30 00:00:00+00:00,61571.22,0.00030351235305374236,0.0009647913814254278
2021-10-31 00:00:00+00:00,61424.44,0.0001939665074904501,0.0004619146966139438
2021-11-01 00:00:00+00:00,61138.69,0.0001767048278128843,0.0005387743098348325
2021-11-02 00:00:00+00:00,62981.67,0.00017737358872576547,0.0006902972050631978
2021-11-03 00:00:00+00:00,62831.81,0.0001813613145135204,0.00046423976319482626
2021-11-04 00:00:00+00:00,61189.25,0.00014576748971559017,0.0003574321008097487
2021-11-05 00:00:00+00:00,61125.45,3.633639192436421e-05,0.00012007201891383282
2021-11-06 00:00:00+00:00,61412.84,1.529526043576747e-05,3.694204735524991e-05
2021-11-07 00:00:00+00:00,62857.24,0.00016367088861744608,0.0005544945463247482
2021-11-08 00:00:00+00:00,66530.89,0.0002464035061911443,0.0007418051387283629
2021-11-09 00:00:00+00:00,67310.36,0.00036392742858277707,0.0010982287185027915
2021-11-10 00:00:00+00:00,65143.07,0.00020460826001827718,0.0005666861731495755
2021-11-11 00:00:00+00:00,65204.88,6.056431026616346e-05,0.00020576697777369734
2021-11-12 00:00:00+00:00,63937.77,0.00015463106904563178,0.0004187196446657016
2021-11-13 00:00:00+00:00,64284.95,2.7842617905804546e-06,4.892053099117733e-06
2021-11-14 00:00:00+00:00,64526.37,1.2853043530930148e-06,3.571280886853934e-06
2021-11-15 00:00:00+00:00,63987.73,1.4527895446952046e-05,4.3897408675749576e-05
2021-11-16 00:00:00+00:00,60625.38,-1.1449502987563999e-05,-4.4429288013784044e-05
2021-11-17 00:00:00+00:00,60005.63,-8.834299047940286e-06,-2.0659300083006458e-05
2021-11-18 00:00:00+00:00,56626.49,-3.0731452398568735e-06,-1.0274200373979165e-05
2021-11-19 00:00:00+00:00,57874.43,-6.391589054484e-05,-0.00023484854178733552
2021-11-20 00:00:00+00:00,59752.47,-5.026683386422526e-05,-0.0001039440288376012
2021-11-21 00:00:00+00:00,59157.48,-1.0024104606529239e-06,-2.5017293929926684e-06
2021-11-22 00:00:00+00:00,56729.71,6.996654145093906e-07,-2.618382316569357e-06
2021-11-23 00:00:00+00:00,57581.5,-3.508687515828024e-07,3.884571233821894e-06
2021-11-24 00:00:00+00:00,57019.42,2.3191236326940485e-08,2.443042249272121e-07
2021-11-25 00:00:00+00:00,58929.39,4.072789901841012e-06,1.6468742050346634e-05
2021-11-26 00:00:00+00:00,54093.44,3.3546828309199557e-06,9.311297597833335e-06
2021-11-27 00:00:00+00:00,54891.67,4.6872619270820535e-07,-2.5696249828652515e-06
2021-11-28 00:00:00+00:00,56090.08,1.6087229589997923e-05,5.13615556587583e-05
2021-11-29 00:00:00+00:00,58117.56,7.732645429897336e-06,2.0982894908319886e-05
2021-11-30 00:00:00+00:00,57330.09,4.971009272559747e-06,2.2023868864965092e-05
2021-12-01 00:00:00+00:00,57089.91,2.8925591047855703e-05,0.00010241143358634068
2021-12-02 00:00:00+00:00,56890.75,7.5375851689459325e-06,2.2723258831202277e-07
2021-12-03 00:00:00+00:00,53438.32,3.386574125291012e-06,-1.0119603116668474e-07
2021-12-04 00:00:00+00:00,49264.78,-0.00036292355055191246,-0.0010452219052128446
2021-12-05 00:00:00+00:00,49313.98,-1.657875092314888e-05,-3.925366853512232e-05
2021-12-06 00:00:00+00:00,50848.9,3.0471593140805257e-05,0.000155732635520047
2021-12-07 00:00:00+00:00,50275.6,0.00010837134146983941,0.00027782486191866803
2021-12-08 00:00:00+00:00,50242.43,3.956677072270526e-05,0.00014075367311106659
2021-12-09 00:00:00+00:00,47961.37,1.4408133947554932e-05,3.8244354843864465e-05
2021-12-10 00:00:00+00:00,47532.34,5.442958407461544e-05,0.00015630665412501288
2021-12-11 00:00:00+00:00,48858.0,1.998944257317695e-05,5.0331926766049106e-05
2021-12-12 00:00:00+00:00,50315.96,5.592033812641181e-05,0.00024047841607485753
2021-12-13 00:00:00+00:00,46912.24,4.7508706203280316e-05,7.326837091801573e-05
2021-12-14 00:00:00+00:00,48294.25,3.506102462756891e-05,0.00011183737769108673
2021-12-15 00:00:00+00:00,48759.17,4.881959335413616e-05,0.00019759145121031485
2021-12-16 00:00:00+00:00,47823.43,4.191366649942006e-05,6.370823657278658e-05
2021-12-17 00:00:00+00:00,46536.39,-2.2334004528956887e-06,-1.7464171290056484e-05
2021-12-18 00:00:00+00:00,46797.11,-6.574427972579065e-06,-1.065178283993924e-05
2021-12-19 00:00:00+00:00,47337.36,2.769440084355404e-07,8.811003189658414e-07
2021-12-20 00:00:00+00:00,46771.81,1.0824184777528085e-05,4.14520182520083e-05
2021-12-21 00:00:00+00:00,49301.35,9.875713509759739e-05,0.0002978199001110369
2021-12-22 00:00:00+00:00,48998.66,3.3750978736016055e-05,0.00011702644697106885
2021-12-23 00:00:00+00:00,50790.04,5.0779379886735746e-05,0.00014455140899017704
2021-12-24 00:00:00+00:00,50787.99,2.136680789172863e-05,7.591905135364894e-05
2021-12-25 00:00:00+00:00,50635.84,6.87376998756805e-05,0.00024098137062585051
2021-12-26 00:00:00+00:00,51004.26,5.693361259957797e-05,0.0001794348409836209
2021-12-27 00:00:00+00:00,51041.36,0.00015514535838617507,0.00043345087682712614
2021-12-28 00:00:00+00:00,47694.02,4.4110135827481054e-05,0.00012759395829522134
2021-12-29 00:00:00+00:00,47286.31,9.821817746009351e-05,0.00029245672622351846
2021-12-30 00:00:00+00:00,47067.03,9.022992914714588e-05,0.00027424946149632164
2021-12-31 00:00:00+00:00,46317.41,8.128896946866856e-05,0.00023786692859046178
2022-01-01 00:00:00+00:00,47458.67,0.00012046201093057357,0.00034018436715406707
2022-01-02 00:00:00+00:00,47270.19,1.2097562937645356e-05,6.121203990230722e-05
2022-01-03 00:00:00+00:00,46225.12,2.9095444240374974e-05,6.48218837845141e-05
2022-01-04 00:00:00+00:00,46153.4,8.612704279863617e-05,0.0003131569382108369
2022-01-05 00:00:00+00:00,43435.11,0.00011772258949533342,0.0003402021335164258
2022-01-06 00:00:00+00:00,43179.48,4.219486569262288e-05,9.894301786661879e-05
2022-01-07 00:00:00+00:00,41536.34,8.962577557211307e-05,0.0002799419661589939
2022-01-08 00:00:00+00:00,41938.65,4.239057807350245e-05,0.00013815266925742284
2022-01-09 00:00:00+00:00,42206.73,3.542340924519404e-05,6.227301797657348e-05
2022-01-10 00:00:00+00:00,41610.82,5.279749017254543e-06,1.9329703471812185e-05
2022-01-11 00:00:00+00:00,42729.13,1.7349291343820279e-06,-5.275015648830204e-07
2022-01-12 00:00:00+00:00,43863.05,-2.3492778464083354e-05,-8.546880267252583e-05
2022-01-13 00:00:00+00:00,42624.44,-2.1851036226823805e-05,-4.972374113735818e-05
2022-01-14 00:00:00+00:00,43287.88,-1.5240619042647968e-05,-6.020265173780507e-05
2022-01-15 00:00:00+00:00,43268.95,-4.4894082455145373e-05,-0.00012460644039350273
2022-01-16 00:00:00+00:00,43219.13,-1.4228376640388352e-05,-4.399692648773508e-05
2022-01-17 00:00:00+00:00,42099.09,-3.928763585348056e-06,-7.168774596758408e-06
2022-01-18 00:00:00+00:00,42495.96,-2.688456008317815e-06,-6.350724639452096e-06
2022-01-19 00:00:00+00:00,41994.82,-3.408937027072699e-06,-1.1124074399289901e-05
2022-01-20 00:00:00+00:00,41162.9,-2.2208907176901022e-07,-5.267562339518003e-06
2022-01-21 00:00:00+00:00,36116.7,-2.967102615604251e-05,-8.579986983488798e-05
2022-01-22 00:00:00+00:00,34881.48,-6.398184836658699e-05,-0.00018989574555905567
2022-01-23 00:00:00+00:00,35527.41,-2.7867479319496643e-05,-7.928158116630607e-05
2022-01-24 00:00:00+00:00,36397.11,-3.699060680175458e-05,-0.00015436846633565385
2022-01-25 00:00:00+00:00,36785.9,-1.8652444193947236e-05,-2.620289848739871e-05
2022-01-26 00:00:00+00:00,36539.62,-3.8917212833975094e-05,-0.0001236537986461573
2022-01-27 00:00:00+00:00,36723.65,-2.011706584734964e-05,-4.299398592697361e-05
2022-01-28 00:00:00+00:00,37683.71,1.172563115133021e-06,2.0537172948984044e-07
2022-01-29 00:00:00+00:00,38160.34,-1.4494561090262467e-05,-4.022731092686485e-05
2022-01-30 00:00:00+00:00,37805.5,-4.256644363503141e-07,-4.763830194855926e-06
2022-01-31 00:00:00+00:00,38442.47,-3.0815906736366243e-06,-6.4599897072272e-06
2022-02-01 00:00:00+00:00,38717.64,1.2210864617387875e-07,9.074954567973979e-07
2022-02-02 00:00:00+00:00,37035.81,-3.163167202485552e-07,-2.090346679954241e-06
2022-02-03 00:00:00+00:00,36960.12,-3.4131664482137446e-07,3.3810426316008795e-07
2022-02-04 00:00:00+00:00,40673.36,1.4343564928369104e-06,3.913345949064419e-06
2022-02-05 00:00:00+00:00,41610.75,-5.094633013082861e-05,-0.00015490122003027204
2022-02-06 00:00:00+00:00,41614.87,-5.979265368089524e-06,-1.6039935500308777e-05
2022-02-07 00:00:00+00:00,44101.63,-2.2287447685394682e-06,-1.7375444067742066e-05
2022-02-08 00:00:00+00:00,44114.51,-4.091490205634875e-05,-0.00011357497086221292
2022-02-09 00:00:00+00:00,44609.74,-2.7234411109288427e-06,-1.1596587797371717e-05
2022-02-10 00:00:00+00:00,43984.91,-5.352914471859102e-06,-1.3712894890909417e-05
2022-02-11 00:00:00+00:00,42174.71,-4.886251916268161e-07,-1.2151383057574638e-07
2022-02-12 00:00:00+00:00,42198.91,-1.0227950621663933e-07,-2.7037895374437113e-06
2022-02-13 00:00:00+00:00,42396.26,-9.242407570989358e-07,-3.7645298918725045e-07
2022-02-14 00:00:00+00:00,42692.19,5.8590746745527335e-08,1.6204108432647922e-07
2022-02-15 00:00:00+00:00,44198.77,-2.4331287954808536e-07,-7.831622499243316e-07
2022-02-16 00:00:00+00:00,44032.07,-1.3461765920692144e-06,-3.9462247998263385e-06
2022-02-17 00:00:00+00:00,40734.07,-7.090479649558948e-06,-2.1304223664350243e-05
2022-02-18 00:00:00+00:00,39965.81,-2.36422378856409e-07,-5.864911737896117e-07
2022-02-19 00:00:00+00:00,40039.26,2.5841173004653913e-06,8.01195860397225e-06
2022-02-20 00:00:00+00:00,38843.62,-5.689427598554938e-09,6.216920045344377e-07
2022-02-21 00:00:00+00:00,37564.06,4.961809772208955e-07,5.778954893776164e-07
2022-02-22 00:00:00+00:00,37922.96,8.383878445660296e-07,2.5450890794098846e-06
2022-02-23 00:00:00+00:00,37664.59,2.584460695059518e-07,6.891109664181993e-07
2022-02-24 00:00:00+00:00,37871.55,-1.1263808968174049e-06,5.635124077250521e-07
2022-02-25 00:00:00+00:00,39452.77,4.7700091560299585e-06,9.985306281994218e-06
2022-02-26 00:00:00+00:00,39161.2,-6.284357674068531e-07,-1.2009723694344473e-06
2022-02-27 00:00:00+00:00,37840.44,-5.232670352661368e-07,-4.0166970412828325e-06
2022-02-28 00:00:00+00:00,42959.93,-2.7835640172753794e-06,-7.827361077347282e-06
2022-03-01 00:00:00+00:00,44181.65,-3.5411355425656023e-06,-1.3959368128651704e-05
2022-03-02 00:00:00+00:00,44095.19,-1.5887559953408627e-06,2.967829649396367e-07
2022-03-03 00:00:00+00:00,42505.35,3.109479959601504e-06,1.3856683595919262e-05
2022-03-04 00:00:00+00:00,39015.83,4.015648082282495e-06,6.96730343610553e-06
2022-03-05 00:00:00+00:00,39470.37,-1.3691813174649107e-05,-4.373396880627e-05
2022-03-06 00:00:00+00:00,38979.76,-3.697928537767648e-06,-8.412058431724325e-06
2022-03-07 00:00:00+00:00,38210.79,-4.086620699325789e-06,-1.3525037983485396e-05
2022-03-08 00:00:00+00:00,38569.36,-5.662289488013298e-07,-1.055524495728636e-07
2022-03-09 00:00:00+00:00,41905.6,6.738407675028953e-07,3.743514027502772e-06
2022-03-10 00:00:00+00:00,39456.75,3.038846628923064e-07,-2.209818022874969e-06
2022-03-11 00:00:00+00:00,38921.75,-2.989700071382453e-07,-6.302567991621227e-07
2022-03-12 00:00:00+00:00,39110.76,-7.648918381209134e-07,-3.670288192088494e-06
2022-03-13 00:00:00+00:00,37742.42,-2.483390756265115e-06,-6.93738780310899e-06
2022-03-14 00:00:00+00:00,39323.87,-6.548123402969954e-07,1.6465297335752823e-06
2022-03-15 00:00:00+00:00,39488.36,2.4145869390884196e-07,-5.969392906126445e-07
2022-03-16 00:00:00+00:00,40900.12,1.1810223759934868e-06,3.5065273211422415e-06
2022-03-17 00:00:00+00:00,41017.1,3.365315485429171e-07,8.677737340797136e-07
2022-03-18 00:00:00+00:00,41715.12,-9.341789223797188e-09,8.030600754702991e-08
2022-03-19 00:00:00+00:00,41977.27,3.7310804247829412e-06,1.3698345701646607e-05
2022-03-20 00:00:00+00:00,41439.96,6.6995554458548945e-06,1.9861428684383573e-05
2022-03-21 00:00:00+00:00,41127.43,1.3711527446468604e-06,2.5858525204139368e-06
2022-03-22 00:00:00+00:00,42549.14,7.207797479675561e-06,2.1091808964578276e-05
2022-03-23 00:00:00+00:00,42515.66,4.244707976725647e-08,-1.632870806981796e-08
2022-03-24 00:00:00+00:00,43980.22,1.8830720919488117e-06,7.571757200095912e-06
2022-03-25 00:00:00+00:00,44310.76,3.085166379923195e-06,7.57498927709024e-06
2022-03-26 00:00:00+00:00,44397.53,2.323137579480881e-06,6.996201576366112e-06
2022-03-27 00:00:00+00:00,46628.12,1.0666774869575082e-06,7.7443128051094e-06
2022-03-28 00:00:00+00:00,47560.3,4.282209992679869e-06,8.39585500659966e-06
2022-03-29 00:00:00+00:00,47359.37,4.772958490559783e-07,1.6954890125112065e-06
2022-03-30 00:00:00+00:00,47100.42,1.9727294946050723e-06,5.6735862808650675e-06
2022-03-31 00:00:00+00:00,45809.23,1.4214130360096732e-06,4.313192082653861e-06
2022-04-01 00:00:00+00:00,46384.3,4.659476075385246e-07,1.4247113446764513e-06
2022-04-02 00:00:00+00:00,46127.62,1.1072229255464152e-06,3.1899744491244142e-06
2022-04-03 00:00:00+00:00,46709.49,2.2910685805674565e-07,3.300712386325277e-06
2022-04-04 00:00:00+00:00,46698.34,8.915862220262731e-07,2.903671715168699e-07
2022-04-05 00:00:00+00:00,45857.23,7.914148261825432e-06,2.35588196463319e-05
2022-04-06 00:00:00+00:00,43519.52,3.459307962877401e-07,1.7720557529174455e-06
2022-04-07 00:00:00+00:00,43634.07,-3.242177725874028e-07,-1.7289237460788332e-06
2022-04-08 00:00:00+00:00,42312.44,-1.7043654279903287e-07,-7.717310480737536e-07
2022-04-09 00:00:00+00:00,42556.77,-4.0980688546366014e-07,-9.704279044005952e-07
2022-04-10 00:00:00+00:00,42137.03,-1.2814772863189437e-07,-6.071356650716469e-07
2022-04-11 00:00:00+00:00,39768.88,-1.1156235084555122e-06,-6.568027949214985e-06
2022-04-12 00:00:00+00:00,39844.31,-5.896274143726302e-06,-1.4991624650359027e-05
2022-04-13 00:00:00+00:00,41289.85,-1.5175974343074104e-06,-3.774853846453649e-06
2022-04-14 00:00:00+00:00,39846.48,-2.0848591847600736e-08,-9.500606701387607e-08
2022-04-15 00:00:00+00:00,40476.9,-4.0918042114906097e-07,-2.2259576584550527e-06
2022-04-16 00:00:00+00:00,40415.92,-7.478381153418939e-07,-1.316200973472019e-06
2022-04-17 00:00:00+00:00,40004.22,-9.876689282375998e-07,-5.75510099683414e-06
2022-04-18 00:00:00+00:00,40925.58,-2.6947564643840474e-05,-7.72312269765442e-05
2022-04-19 00:00:00+00:00,41404.09,-6.852956137796222e-08,-5.064851798812997e-07
2022-04-20 00:00:00+00:00,41492.05,-1.8016767403999986e-06,-5.2373820461829484e-06
2022-04-21 00:00:00+00:00,40425.5,-4.0978188185458875e-07,-2.2353635263760325e-06
2022-04-22 00:00:00+00:00,39713.82,5.626119314422379e-08,1.2841826244477429e-06
2022-04-23 00:00:00+00:00,39823.78,-6.030585570079716e-08,-2.780235235119535e-07
2022-04-24 00:00:00+00:00,39559.42,-5.93298188362432e-07,-1.789504691906548e-06
2022-04-25 00:00:00+00:00,40357.4,1.520024558649687e-06,1.083400303967074e-05
2022-04-26 00:00:00+00:00,38222.59,1.6685340467587598e-05,4.410175061064645e-05
2022-04-27 00:00:00+00:00,39080.06,3.2093416699816567e-06,1.0256263865146697e-05
2022-04-28 00:00:00+00:00,39792.07,8.458040590139181e-06,2.6322273971498638e-05
2022-04-29 00:00:00+00:00,38612.19,8.223040133859929e-06,2.3421524305454784e-05
2022-04-30 00:00:00+00:00,38255.45,8.532557404344965e-06,2.7054009273068603e-05
2022-05-01 00:00:00+00:00,38300.6,3.304044589648832e-05,0.00010971663284643992
2022-05-02 00:00:00+00:00,38586.31,3.6335151436937775e-05,0.00015406586644573558
2022-05-03 00:00:00+00:00,37732.46,5.175968819651672e-05,0.00010642787066806816
2022-05-04 00:00:00+00:00,39677.69,4.371356910481562e-05,0.00014512520473172825
2022-05-05 00:00:00+00:00,36226.16,2.7344813696747634e-05,6.05243384008361e-05
2022-05-06 00:00:00+00:00,35995.14,3.7484789763556444e-07,1.9249440910816645e-06
2022-05-07 00:00:00+00:00,35039.09,-1.3262192774323657e-06,-6.702651578127817e-06
2022-05-08 00:00:00+00:00,34270.4,-2.960048317828031e-06,-6.352767180281901e-06
2022-05-09 00:00:00+00:00,31093.83,1.5227351181821855e-06,1.0593535682653514e-05
2022-05-10 00:00:00+00:00,30767.25,2.3548494080428062e-05,9.030104550815725e-05
2022-05-11 00:00:00+00:00,28746.63,4.6381039955588204e-05,0.00013617136477252166
2022-05-12 00:00:00+00:00,28742.07,2.353596379424805e-05,7.014209846142207e-05
2022-05-13 00:00:00+00:00,29758.29,2.2126427366589737e-05,4.733702804078198e-05
2022-05-14 00:00:00+00:00,30186.83,-2.6551448634762964e-06,-8.567447996318436e-06
2022-05-15 00:00:00+00:00,31049.27,-5.961739223569551e-07,-2.1178979180601588e-06
2022-05-16 00:00:00+00:00,29976.54,-1.302623258421877e-06,-1.7228740302561405e-06
2022-05-17 00:00:00+00:00,30322.75,4.7027790944574986e-07,-8.984380569139236e-08
2022-05-18 00:00:00+00:00,28941.84,-4.512724714309855e-08,2.3393620619645975e-07
2022-05-19 00:00:00+00:00,30150.11,1.8164705616207656e-05,0.00010578684387618352
2022-05-20 00:00:00+00:00,29117.33,8.454830138139703e-05,0.00022419134986135367
2022-05-21 00:00:00+00:00,29375.41,0.00013125492772208261,0.0003883905909355987
2022-05-22 00:00:00+00:00,30250.52,7.990063586398666e-05,0.0002638471804787792
2022-05-23 00:00:00+00:00,29183.14,7.487415430214779e-05,0.0001906069240130876
2022-05-24 00:00:00+00:00,29578.41,1.2334727862337067e-05,5.468266511085014e-05
2022-05-25 00:00:00+00:00,29754.64,5.941644358444141e-05,0.00016810616916927273
2022-05-26 00:00:00+00:00,29477.09,1.7075877167341022e-05,5.6700265995256856e-05
2022-05-27 00:00:00+00:00,28792.73,1.1255790065996487e-05,2.0990435286757303e-05
2022-05-28 00:00:00+00:00,28967.49,3.9503490820610274e-05,0.00015415732183710773
2022-05-29 00:00:00+00:00,29401.71,3.859918576134395e-05,8.770069720390784e-05
2022-05-30 00:00:00+00:00,31749.18,3.409460916512035e-05,0.00013334841756562003
2022-05-31 00:00:00+00:00,31843.88,6.557698477069928e-05,0.00016638294770816945
2022-06-01 00:00:00+00:00,29725.44,2.7756365669048697e-05,7.667219236310254e-05
2022-06-02 00:00:00+00:00,30464.62,2.1518070964191566e-06,6.317854280506422e-06
2022-06-03 00:00:00+00:00,29699.41,1.2206413014061502e-05,3.746082106619101e-05
2022-06-04 00:00:00+00:00,29780.82,1.4278606938023256e-06,3.0385142283595754e-06
2022-06-05 00:00:00+00:00,29996.38,1.4286157771678368e-05,4.4014049285713276e-05
2022-06-06 00:00:00+00:00,31372.47,2.857813987421445e-06,7.474139487731464e-06
2022-06-07 00:00:00+00:00,31236.49,2.1874427970046819e-07,2.943303568340816e-06
2022-06-08 00:00:00+00:00,30286.67,2.3041382233547327e-06,4.816444467574171e-06
2022-06-09 00:00:00+00:00,30038.64,2.7724015067701335e-07,1.8422919221680076e-06
2022-06-10 00:00:00+00:00,29150.62,6.083788773471848e-06,1.7986656252018063e-05
2022-06-11 00:00:00+00:00,28608.28,7.3178837575701515e-06,2.601018478746922e-05
2022-06-12 00:00:00+00:00,26961.86,2.231738383689865e-06,2.6371180105383327e-06
2022-06-13 00:00:00+00:00,22557.37,-3.119272991124785e-05,-0.0001784976282309187
2022-06-14 00:00:00+00:00,21566.06,-0.0002636616516180956,-0.0008519289512230574
2022-06-15 00:00:00+00:00,22462.39,-0.0002854196455052881,-0.0006998593496439023
2022-06-16 00:00:00+00:00,20334.65,-6.056052509108773e-05,-0.00018228940086805522
2022-06-17 00:00:00+00:00,20424.83,-0.00011358774630088797,-0.0003222837563514436
2022-06-18 00:00:00+00:00,19155.13,-0.00010106662280534724,-0.00029877906052281917
2022-06-19 00:00:00+00:00,20672.85,-1.297406522063683e-05,-3.308779103634856e-05
2022-06-20 00:00:00+00:00,20463.99,-7.558842533480773e-06,-1.8819822544165125e-05
2022-06-21 00:00:00+00:00,20882.45,-5.706061566843935e-06,-2.5375783931466813e-05
2022-06-22 00:00:00+00:00,20082.11,-9.844071670882453e-06,-1.8761194091025823e-05
2022-06-23 00:00:00+00:00,20974.36,-9.070558455400732e-07,-1.25201522303882e-06
2022-06-24 00:00:00+00:00,21296.65,3.692917568736882e-05,0.00011534847781308368
2022-06-25 00:00:00+00:00,21419.51,2.9830456534739958e-05,9.652262082506598e-05
2022-06-26 00:00:00+00:00,21134.22,1.8797308414403293e-05,5.9828371341148895e-05
2022-06-27 00:00:00+00:00,20794.88,1.9112069318607128e-05,4.0976104076064236e-05
2022-06-28 00:00:00+00:00,20285.36,6.925608757927914e-07,2.9466813144670047e-06
2022-06-29 00:00:00+00:00,20192.41,3.856557935346372e-07,-2.089793853906539e-08
2022-06-30 00:00:00+00:00,18869.49,-9.113213489003488e-06,-4.531573622464018e-05
2022-07-01 00:00:00+00:00,19273.84,-2.351571115988309e-05,-6.145957452576344e-05
2022-07-02 00:00:00+00:00,19304.41,-3.057848200586905e-06,-4.000018909693384e-07
2022-07-03 00:00:00+00:00,19276.25,-1.1594458505015438e-07,-1.1800024957723246e-06
2022-07-04 00:00:00+00:00,20143.59,-1.99512683213529e-06,-6.978293598861921e-06
2022-07-05 00:00:00+00:00,20409.29,1.962973119177803e-06,2.0184838715037368e-05
2022-07-06 00:00:00+00:00,20492.86,1.5748971104053503e-05,4.38847365833168e-05
2022-07-07 00:00:00+00:00,21616.47,4.012324137140457e-05,0.00012136274852332238
2022-07-08 00:00:00+00:00,21761.97,1.2514743842311087e-05,3.168954953676205e-05
2022-07-09 00:00:00+00:00,21615.56,2.1551802966706216e-06,7.576482541051945e-06
2022-07-10 00:00:00+00:00,20826.78,1.2548978117036776e-05,3.491791825398959e-05
2022-07-11 00:00:00+00:00,19986.85,2.2190639418364675e-06,6.964725145141811e-06
2022-07-12 00:00:00+00:00,19356.63,1.2968002173756978e-05,3.743029620076493e-05
2022-07-13 00:00:00+00:00,19830.47,2.77471940184963e-06,9.073582560333912e-06
2022-07-14 00:00:00+00:00,20488.84,6.167213370973245e-07,1.1333916680009854e-06
2022-07-15 00:00:00+00:00,20888.02,3.0260477805551977e-07,9.498270764101414e-07
2022-07-16 00:00:00+00:00,21287.22,1.6762490326788598e-06,6.536498328075785e-06
2022-07-17 00:00:00+00:00,21000.83,2.875404994661682e-05,8.596684986685646e-05
2022-07-18 00:00:00+00:00,21787.92,1.6050368684543754e-05,5.1854043344760224e-05
2022-07-19 00:00:00+00:00,23502.21,1.7785372953299486e-05,5.610410895241287e-05
2022-07-20 00:00:00+00:00,23313.04,1.3161456299228311e-05,3.63131206101506e-05
2022-07-21 00:00:00+00:00,23022.03,2.24641471229195e-06,3.7930410404020935e-06
2022-07-22 00:00:00+00:00,22726.63,1.885228023629516e-05,5.729320699298661e-05
2022-07-23 00:00:00+00:00,22476.64,6.400786365359203e-07,2.718889078943132e-06
2022-07-24 00:00:00+00:00,22659.78,1.9950437615265875e-06,7.478959051959781e-06
2022-07-25 00:00:00+00:00,21658.81,9.366935557364617e-07,1.3022649747430129e-06
2022-07-26 00:00:00+00:00,21118.04,1.356036221525669e-07,-4.464186398758922e-07
2022-07-27 00:00:00+00:00,22884.11,8.473132192604325e-08,3.7257432173555193e-07
2022-07-28 00:00:00+00:00,23970.19,2.4896474046225674e-06,9.07606691654188e-06
2022-07-29 00:00:00+00:00,23954.35,2.396263596603642e-05,8.597218295277376e-05
2022-07-30 00:00:00+00:00,23708.85,5.586658135785276e-05,0.00017312478894555226
2022-07-31 00:00:00+00:00,23389.74,5.968773921833931e-05,0.0001641094280872827
2022-08-01 00:00:00+00:00,23178.01,3.668669943520259e-06,7.727171637891843e-06
2022-08-02 00:00:00+00:00,23107.31,3.999067693593472e-06,1.0798065025714765e-05
2022-08-03 00:00:00+00:00,22940.15,5.5023422042062864e-06,3.004385235379766e-05
2022-08-04 00:00:00+00:00,22627.12,5.537878351391775e-06,2.3538865679415535e-06
2022-08-05 00:00:00+00:00,23248.88,4.003702224056516e-06,1.2755753274384741e-05
2022-08-06 00:00:00+00:00,23179.78,1.0426982442203704e-06,3.506600840230757e-06
2022-08-07 00:00:00+00:00,23246.07,2.680049168652952e-06,6.681824140254334e-06
2022-08-08 00:00:00+00:00,23814.12,7.6178174912715e-06,2.3105269693983563e-05
2022-08-09 00:00:00+00:00,23178.77,1.2428541392243052e-08,3.722457041842923e-08
2022-08-10 00:00:00+00:00,23851.32,5.168873678530724e-06,1.5556218958142363e-05
2022-08-11 00:00:00+00:00,23909.53,4.396571828255165e-06,1.3338788667217924e-05
2022-08-12 00:00:00+00:00,24251.86,4.585149155731312e-05,0.00017190290783134643
2022-08-13 00:00:00+00:00,24399.14,8.425198984383059e-05,0.0002363145004698661
2022-08-14 00:00:00+00:00,24267.63,7.311025579777882e-05,0.0002178336470960022
2022-08-15 00:00:00+00:00,24017.68,2.180832037289631e-05,5.138441353003174e-05
2022-08-16 00:00:00+00:00,23847.91,1.6498368166030716e-05,6.394166473779557e-05
2022-08-17 00:00:00+00:00,23349.06,3.165456648158405e-05,8.206526257382298e-05
2022-08-18 00:00:00+00:00,23348.04,9.998104799262233e-07,6.883511778971191e-07
2022-08-19 00:00:00+00:00,20974.62,-1.0087413235352073e-05,-2.961756620374141e-05
2022-08-20 00:00:00+00:00,21138.39,-2.3947915784444978e-08,-4.490689363827483e-08
2022-08-21 00:00:00+00:00,21567.19,5.016129476310292e-09,3.042266846753035e-08
2022-08-22 00:00:00+00:00,21169.93,-7.734378983694959e-08,-4.198286943328911e-07
2022-08-23 00:00:00+00:00,21478.32,-2.9986719756203076e-07,-7.25550434293648e-07
2022-08-24 00:00:00+00:00,21492.58,2.8567546382944362e-08,9.885901923496346e-08
2022-08-25 00:00:00+00:00,21580.09,7.355052406188803e-09,-2.1616786851713604e-08
2022-08-26 00:00:00+00:00,20614.63,-2.3781420200744535e-06,-1.5876836655789407e-05
2022-08-27 00:00:00+00:00,20025.36,-5.818016361491417e-06,-1.1478320669214128e-05
2022-08-28 00:00:00+00:00,19901.23,-8.201540374728256e-06,-2.3146422339507376e-05
2022-08-29 00:00:00+00:00,20197.08,-5.245142334366762e-07,3.9849542957379967e-10
2022-08-30 00:00:00+00:00,19906.46,-5.910855306097764e-08,-1.8720041332750926e-07
2022-08-31 00:00:00+00:00,20153.18,2.73133312409056e-09,1.2508149360513132e-07
2022-09-01 00:00:00+00:00,20077.72,-1.500716711555701e-08,-1.472233411691131e-07
2022-09-02 00:00:00+00:00,19992.09,-5.913530470911336e-09,-1.3956522546161693e-07
2022-09-03 00:00:00+00:00,19794.64,-4.329027167076378e-07,-2.6563767764507784e-06
2022-09-04 00:00:00+00:00,19834.87,-1.2375811094245927e-05,-6.197971674691301e-05
2022-09-05 00:00:00+00:00,19804.56,-1.0415910930459184e-05,-7.462064375971406e-06
2022-09-06 00:00:00+00:00,18910.51,-7.864036989499294e-06,-2.884127119741872e-05
2022-09-07 00:00:00+00:00,19339.71,-3.821196699847421e-06,-3.5032382827299293e-06
2022-09-08 00:00:00+00:00,19308.23,-1.3097933660671239e-05,-4.7163765404434056e-05
2022-09-09 00:00:00+00:00,21357.85,-6.601898448896575e-06,-1.2426087545456928e-05
2022-09-10 00:00:00+00:00,21769.41,1.8741126877534403e-07,2.198329348066032e-06
2022-09-11 00:00:00+00:00,21643.71,2.1643435825056034e-06,5.7927563846488976e-06
2022-09-12 00:00:00+00:00,22326.86,5.30755443658279e-07,9.683611495029249e-07
2022-09-13 00:00:00+00:00,20224.25,2.3865938657165312e-06,6.792678091474897e-06
2022-09-14 00:00:00+00:00,20302.09,-6.895645356495488e-06,-2.3345969585887626e-05
2022-09-15 00:00:00+00:00,19728.85,-7.412625643511878e-06,-2.3942338704850332e-05
2022-09-16 00:00:00+00:00,19728.45,-6.205503886878398e-06,-1.5628282023416373e-05
2022-09-17 00:00:00+00:00,20126.43,-1.6796775189478028e-05,-5.887599625989041e-05
2022-09-18 00:00:00+00:00,19449.31,-7.965786400149683e-06,-2.6275424623992352e-05
2022-09-19 00:00:00+00:00,19605.48,-3.342207894740088e-05,-8.892216143652806e-05
2022-09-20 00:00:00+00:00,18961.74,-1.436321013860061e-05,-4.740837851199199e-05
2022-09-21 00:00:00+00:00,18488.88,-1.6632219610057898e-05,-5.511858370821367e-05
2022-09-22 00:00:00+00:00,19397.69,-2.753748764821336e-05,-7.223187641196341e-05
2022-09-23 00:00:00+00:00,19335.14,-1.826441892397844e-05,-5.476918162309477e-05
2022-09-24 00:00:00+00:00,18886.07,-1.61638284648404e-05,-5.429463802441459e-05
2022-09-25 00:00:00+00:00,18787.75,-1.2543823940865207e-05,-4.5851124899127714e-05
2022-09-26 00:00:00+00:00,19138.1,-2.4429974476734812e-05,-7.527050681852679e-05
2022-09-27 00:00:00+00:00,19078.03,-9.214975958325732e-06,-1.135550323116763e-05
2022-09-28 00:00:00+00:00,19485.09,-1.85346949359505e-05,-5.3234481425509415e-05
2022-09-29 00:00:00+00:00,19458.38,-5.88343750823373e-07,-2.1926084266984806e-07
2022-09-30 00:00:00+00:00,19387.82,-5.20305541642602e-06,-1.875448362715628e-05
2022-10-01 00:00:00+00:00,19328.0,-4.553815932670445e-06,-1.4673010927883266e-05
2022-10-02 00:00:00+00:00,19170.58,-1.6305936423667355e-05,-5.411611381614071e-05
2022-10-03 00:00:00+00:00,19523.79,-9.028541820985658e-06,-1.9319862219935077e-05
2022-10-04 00:00:00+00:00,20306.1,2.0052152519392912e-08,1.1928557319813444e-07
2022-10-05 00:00:00+00:00,20195.06,1.8687959965470767e-08,-1.6278945702918598e-07
2022-10-06 00:00:00+00:00,19904.24,-3.834844040562e-07,-4.369345508718246e-06
2022-10-07 00:00:00+00:00,19553.68,-2.4213999995305878e-05,-8.413837538967059e-05
2022-10-08 00:00:00+00:00,19364.48,-4.627003760129341e-05,-0.00018328981626337793
2022-10-09 00:00:00+00:00,19400.08,-7.931674465322341e-05,-0.00018348782871639428
2022-10-10 00:00:00+00:00,19132.48,-2.5761450083199985e-05,-7.218327062930282e-05
2022-10-11 00:00:00+00:00,19039.92,-7.5682234255682985e-06,-2.353744662505111e-05
2022-10-12 00:00:00+00:00,19155.67,-5.007507547089662e-06,-1.4351195717762672e-05
2022-10-13 00:00:00+00:00,19433.85,-5.601124941573995e-05,-0.00016539942596672751
2022-10-14 00:00:00+00:00,19161.48,-3.0115219121014006e-06,-9.425052731806579e-06
2022-10-15 00:00:00+00:00,19066.55,-8.365986748048851e-07,-2.358000698357669e-06
2022-10-16 00:00:00+00:00,19301.05,-1.0697653267805304e-06,-3.3257902682847926e-06
2022-10-17 00:00:00+00:00,19517.91,-1.2190484536530487e-07,-3.196195188642737e-09
2022-10-18 00:00:00+00:00,19323.04,9.55255015676913e-10,3.7872432791815225e-09
2022-10-19 00:00:00+00:00,19142.24,-1.2153123807169342e-07,-6.367672895955026e-07
2022-10-20 00:00:00+00:00,19035.38,-6.744641755280246e-06,-4.1775972146560205e-05
2022-10-21 00:00:00+00:00,19191.28,-1.3594400442632842e-05,-1.8758384010699604e-05
2022-10-22 00:00:00+00:00,19196.45,-3.920893244105542e-08,-1.878067635830602e-07
2022-10-23 00:00:00+00:00,19592.46,-2.3524975445031384e-08,0.0
2022-10-24 00:00:00+00:00,19361.62,-9.47938160215907e-08,-1.0453091045116178e-06
2022-10-25 00:00:00+00:00,20069.22,2.3627669277273295e-06,2.4059919862703126e-05
2022-10-26 00:00:00+00:00,20822.51,2.4069125227802147e-05,5.69723522620824e-05
2022-10-27 00:00:00+00:00,20270.06,2.3232262689146433e-08,8.574727180081956e-11
2022-10-28 00:00:00+00:00,20637.5,1.4692575515514341e-07,5.425404241852114e-07
2022-10-29 00:00:00+00:00,20764.12,4.224731724643113e-06,1.6322474302764115e-05
2022-10-30 00:00:00+00:00,20591.47,1.4966706524748635e-05,4.720918622446016e-05
2022-10-31 00:00:00+00:00,20478.72,9.243650927742427e-06,2.1896146414684903e-05
2022-11-01 00:00:00+00:00,20474.38,8.836446778277026e-07,3.8814333766253955e-06
2022-11-02 00:00:00+00:00,20107.13,1.1792443234292686e-05,3.539595797518088e-05
2022-11-03 00:00:00+00:00,20193.17,8.846477081199634e-07,1.1924448386527535e-06
2022-11-04 00:00:00+00:00,21180.34,2.037249032542825e-05,6.241970023232332e-05
2022-11-05 00:00:00+00:00,21300.05,3.4005846778571894e-05,0.00012092662172744713
2022-11-06 00:00:00+00:00,21140.18,7.992886933609478e-05,0.00022362984116208696
2022-11-07 00:00:00+00:00,20463.16,3.493226571888639e-05,0.00011863792055499756
2022-11-08 00:00:00+00:00,18461.07,2.3555258525837837e-05,-9.064924869818134e-06
2022-11-09 00:00:00+00:00,15865.37,-0.00029760222926952226,-0.001996788673514006
2022-11-10 00:00:00+00:00,17780.38,-0.0012773731436599987,-0.003281573377186599
2022-11-11 00:00:00+00:00,16870.91,-0.001322822730682611,-0.0035991916703107234
2022-11-12 00:00:00+00:00,16805.2,-0.0007957763905010701,-0.0026157800124565734
2022-11-13 00:00:00+00:00,16410.42,-0.0008972672119650347,-0.0025109475717783854
2022-11-14 00:00:00+00:00,16387.28,-0.0005561879458732071,-0.001381930973323776
2022-11-15 00:00:00+00:00,16855.71,-0.00011322423960405891,-0.0002777789900502093
2022-11-16 00:00:00+00:00,16656.5,-0.00010437319580456669,-0.0003298616318947082
2022-11-17 00:00:00+00:00,16701.21,-7.785130710382666e-05,-0.00020077368611761494
2022-11-18 00:00:00+00:00,16645.67,-1.3654355026562372e-05,-3.7285609310553557e-05
2022-11-19 00:00:00+00:00,16721.52,-0.00010397087814406027,-0.0003468404659999388
2022-11-20 00:00:00+00:00,16269.58,-4.884383560799286e-05,-0.00013527698125118294
2022-11-21 00:00:00+00:00,15721.32,-0.0001309378175627523,-0.0006201130493131944
2022-11-22 00:00:00+00:00,16161.69,-0.0004258138347366845,-0.0010590700268435977
2022-11-23 00:00:00+00:00,16495.38,-7.13563175010319e-05,-0.0001914425872760756
2022-11-24 00:00:00+00:00,16598.12,-7.229852291744198e-06,-1.0104513916780686e-05
2022-11-25 00:00:00+00:00,16518.45,-2.758242008742762e-06,-1.0204007748934553e-05
2022-11-26 00:00:00+00:00,16435.79,-0.00010489852716783235,-0.0004418732698537466
2022-11-27 00:00:00+00:00,16569.62,-0.00011193616985798985,-0.00020819339320261203
2022-11-28 00:00:00+00:00,16215.16,-1.4288068304817602e-05,-4.945736946422697e-05
2022-11-29 00:00:00+00:00,16488.75,-8.533132337042044e-06,-3.686527431001369e-05
2022-11-30 00:00:00+00:00,17156.18,-1.2818044623195076e-05,-2.4271322136978112e-05
2022-12-01 00:00:00+00:00,16969.92,-5.607102673579509e-06,-4.285566631285797e-05
2022-12-02 00:00:00+00:00,17046.45,-0.00011320813370078985,-0.00033817241192102217
2022-12-03 00:00:00+00:00,16916.27,-5.0488811152296375e-05,-0.0002746801414570203
2022-12-04 00:00:00+00:00,17107.26,-6.019485485330622e-05,-4.1702661490844286e-05
2022-12-05 00:00:00+00:00,16944.1,-8.140885849741788e-06,-1.6202616233208804e-05
2022-12-06 00:00:00+00:00,16976.01,-1.79234655392791e-05,-4.865729144571887e-05
2022-12-07 00:00:00+00:00,16844.36,-3.06927911056883e-05,-0.0001129890739554379
2022-12-08 00:00:00+00:00,17204.79,-0.00010502062451775083,-0.00029745543731949113
2022-12-09 00:00:00+00:00,17132.14,-5.54983671226186e-05,-0.00017466159902280418
2022-12-10 00:00:00+00:00,17146.12,-8.334436246543799e-05,-0.00048662424261593863
2022-12-11 00:00:00+00:00,17106.04,-0.00010307619815423835,-6.1096282204304e-05
2022-12-12 00:00:00+00:00,17162.03,-1.0282928297851863e-05,-5.648762310310033e-05
2022-12-13 00:00:00+00:00,17763.02,-0.00010495657619542884,-0.00029162268401775396
2022-12-14 00:00:00+00:00,17835.04,-2.876766019877982e-05,-8.788224026945061e-05
2022-12-15 00:00:00+00:00,17343.09,-2.046127404667826e-05,-6.560409179288573e-05
2022-12-16 00:00:00+00:00,16727.91,-0.00010990210506161728,-0.00047577258866426063
2022-12-17 00:00:00+00:00,16745.74,-0.00024173690127176638,-0.0007465705492250959
2022-12-18 00:00:00+00:00,16767.53,-0.00030510448499354494,-0.0008089498435489162
2022-12-19 00:00:00+00:00,16415.33,-0.00010860153239291735,-0.00028311538682833815
2022-12-20 00:00:00+00:00,16871.95,-0.00011647709447298574,-0.00032573702399976104
2022-12-21 00:00:00+00:00,16767.7,-1.5678227668865248e-05,-4.2730871236073024e-05
2022-12-22 00:00:00+00:00,16798.24,-2.2186868678419013e-05,-6.770944661807968e-05
2022-12-23 00:00:00+00:00,16787.45,-2.224653045406722e-06,-4.718769044921719e-06
2022-12-24 00:00:00+00:00,16827.98,1.2841747732396958e-07,8.767677002671825e-07
2022-12-25 00:00:00+00:00,16818.64,4.760419906123176e-07,1.0038361490249074e-06
2022-12-26 00:00:00+00:00,16837.36,5.260732031113262e-07,1.5506701229621406e-06
2022-12-27 00:00:00+00:00,16679.71,1.438532677211357e-06,4.3486068045392964e-06
2022-12-28 00:00:00+00:00,16513.75,5.164145896985121e-07,1.5662255177318702e-06
2022-12-29 00:00:00+00:00,16614.27,-6.5087538299388085e-06,-2.3320761307372873e-05
2022-12-30 00:00:00+00:00,16571.64,-8.23429660488428e-06,-2.098274407901102e-05
2022-12-31 00:00:00+00:00,16509.54,-2.7550085173510907e-06,-5.400135516513591e-06
2023-01-01 00:00:00+00:00,16597.56,1.4211209012335977e-06,1.596155337081209e-06
2023-01-02 00:00:00+00:00,16693.36,2.6496614361266767e-08,-6.137892985778737e-08
2023-01-03 00:00:00+00:00,16666.45,8.35973388386719e-07,2.139056716184272e-06
2023-01-04 00:00:00+00:00,16824.79,1.312586864598e-06,4.321432022489331e-06
2023-01-05 00:00:00+00:00,16836.63,-5.102275403840292e-06,-1.6609587978725532e-05
2023-01-06 00:00:00+00:00,16956.9,-9.316278245763504e-07,-1.4874469367053834e-06
2023-01-07 00:00:00+00:00,16937.44,3.709071570385562e-07,1.2969546035434796e-06
2023-01-08 00:00:00+00:00,16965.67,6.1276842487946315e-06,1.8209939006759214e-05
2023-01-09 00:00:00+00:00,17205.29,5.683138110344777e-06,1.9639207562110145e-05
2023-01-10 00:00:00+00:00,17434.97,9.10965506380651e-07,2.5385162432026853e-07
2023-01-11 00:00:00+00:00,17562.79,2.2314937586707315e-05,0.00010921143314524662
2023-01-12 00:00:00+00:00,18916.36,0.00015406776999143842,0.0004377626844668784
2023-01-13 00:00:00+00:00,19855.14,4.85640897448536e-05,0.00016328214363723042
2023-01-14 00:00:00+00:00,20992.54,0.000186805879510149,0.0006068827683622591
2023-01-15 00:00:00+00:00,20920.22,0.00013776981080835184,0.0003867887474027122
2023-01-16 00:00:00+00:00,21188.75,8.217601019856029e-05,0.0002852949563579724
2023-01-17 00:00:00+00:00,21233.83,4.307799731221843e-05,5.4156728369084814e-05
2023-01-18 00:00:00+00:00,20804.71,-1.0615077335547125e-05,-2.9018719908021084e-05
2023-01-19 00:00:00+00:00,21072.14,5.6885258089533354e-08,-7.80533409702781e-07
2023-01-20 00:00:00+00:00,22595.47,-5.303163514346246e-06,-1.424711029110087e-05
2023-01-21 00:00:00+00:00,22780.68,9.261054756244197e-05,0.00030475512624027933
2023-01-22 00:00:00+00:00,22686.79,6.586502504875748e-05,0.000177129992659018
2023-01-23 00:00:00+00:00,22925.08,2.781593577363671e-05,0.00011265735238157207
2023-01-24 00:00:00+00:00,22758.59,0.00013926532252704347,0.00041887600328441895
2023-01-25 00:00:00+00:00,22941.77,2.1696425788661464e-05,9.636283616409984e-05
2023-01-26 00:00:00+00:00,23002.56,4.671994966997777e-05,8.579443995135806e-05
2023-01-27 00:00:00+00:00,23014.55,7.376627242569314e-06,1.2802593374441432e-05
2023-01-28 00:00:00+00:00,22984.5,1.529682795405319e-05,4.3290966944155896e-05
2023-01-29 00:00:00+00:00,23768.17,1.5224918065825539e-05,9.266465108442854e-05
2023-01-30 00:00:00+00:00,22733.24,3.423924330434058e-05,5.609393014429251e-05
2023-01-31 00:00:00+00:00,23179.69,8.595053459069243e-09,3.806473807869428e-07
2023-02-01 00:00:00+00:00,23717.62,2.3635421542257497e-05,0.0002088526265256485
2023-02-02 00:00:00+00:00,23561.41,0.0002905929089132363,0.0007920279444406102
2023-02-03 00:00:00+00:00,23431.0,2.330228353481786e-05,2.928873203309013e-05
2023-02-04 00:00:00+00:00,23406.37,1.0531550463801951e-05,2.253988892745786e-05
2023-02-05 00:00:00+00:00,22988.38,1.2244683904730823e-06,2.131746551145081e-06
2023-02-06 00:00:00+00:00,22883.17,1.4483427933115828e-06,4.3743305560497844e-06
2023-02-07 00:00:00+00:00,23232.57,3.4659782663331305e-06,1.4081144186807426e-05
2023-02-08 00:00:00+00:00,22929.87,1.2199132282591061e-05,3.2704519879260115e-05
2023-02-09 00:00:00+00:00,21772.58,1.6974714342205993e-06,1.0045481522249199e-05
2023-02-10 00:00:00+00:00,21574.72,1.2650569580225094e-06,-2.009379156391143e-06
2023-02-11 00:00:00+00:00,21830.07,-4.0058382989834533e-07,-2.6706964570108177e-06
2023-02-12 00:00:00+00:00,21797.61,-3.89828976152704e-06,-1.4239023706659967e-05
2023-02-13 00:00:00+00:00,21651.28,-4.904389675011668e-06,-1.0589995307715923e-05
2023-02-14 00:00:00+00:00,22195.59,-4.860200935395994e-06,-1.4434349286564698e-05
2023-02-15 00:00:00+00:00,24160.53,1.0554178900635563e-05,0.00014365090198350402
2023-02-16 00:00:00+00:00,24003.56,0.000504650014311683,0.0016050631951200131
2023-02-17 00:00:00+00:00,24683.61,0.00014914185174280336,0.00047495651896223995
2023-02-18 00:00:00+00:00,24632.62,0.0005538297828970436,0.0016718951824244753
2023-02-19 00:00:00+00:00,24496.46,0.0003411310341889784,0.0008344426599455949
2023-02-20 00:00:00+00:00,24706.87,0.00013070302145954963,0.0005083300968015104
2023-02-21 00:00:00+00:00,24389.22,0.0001041213652911432,0.00018568267258670232
2023-02-22 00:00:00+00:00,24105.08,6.22582890581795e-06,9.817264319804113e-06
2023-02-23 00:00:00+00:00,23874.14,1.462528105719339e-05,4.4903431214243695e-05
2023-02-24 00:00:00+00:00,23118.07,9.798666870711215e-06,2.734283708555284e-05
2023-02-25 00:00:00+00:00,23124.39,9.66194793058737e-07,4.566959225783423e-06
2023-02-26 00:00:00+00:00,23477.91,1.2605045414947834e-06,3.2109044379354216e-06
2023-02-27 00:00:00+00:00,23476.98,2.3521234453589032e-06,8.002161633574716e-06
2023-02-28 00:00:00+00:00,23163.05,6.916234620470581e-07,1.328380352292209e-07
2023-03-01 00:00:00+00:00,23538.19,4.832667951122019e-06,1.6457608007250976e-05
2023-03-02 00:00:00+00:00,23465.61,4.49369881445964e-06,1.1649896425566553e-05
2023-03-03 00:00:00+00:00,22327.65,-5.033025651673207e-06,-1.5231171298126232e-05
2023-03-04 00:00:00+00:00,22304.24,-6.041099923304319e-07,-5.728757776533309e-06
2023-03-05 00:00:00+00:00,22435.29,-1.939260427143027e-06,-4.395944468657355e-06
2023-03-06 00:00:00+00:00,22433.87,-5.117506516074275e-06,-1.2516835084417597e-05
2023-03-07 00:00:00+00:00,22106.48,-9.899843006390123e-08,-3.084940182295515e-07
2023-03-08 00:00:00+00:00,21799.09,-4.4054234587878915e-07,-1.6982711487970907e-06
2023-03-09 00:00:00+00:00,20349.79,-6.991966378844596e-07,-2.332526619640633e-06
2023-03-10 00:00:00+00:00,20158.96,-1.1120238942145265e-05,-0.0001294378085557721
2023-03-11 00:00:00+00:00,20492.89,-0.0007755362791102743,-0.002998348565906191
2023-03-12 00:00:00+00:00,21881.28,-0.0014481127386642536,-0.00461512780709089
2023-03-13 00:00:00+00:00,24300.61,-0.0005601091683124887,-0.0006956632253429411
2023-03-14 00:00:00+00:00,24795.42,9.194267898152967e-05,0.00031614686585167584
2023-03-15 00:00:00+00:00,24461.75,3.024069542180378e-05,4.488003615713068e-05
2023-03-16 00:00:00+00:00,25045.76,-6.59989804762585e-05,-0.00019960299014434925
2023-03-17 00:00:00+00:00,27592.13,0.00010777540767914239,0.0004893386918172841
2023-03-18 00:00:00+00:00,26989.06,0.00010448838515335948,0.00016642723953914766
2023-03-19 00:00:00+00:00,28197.41,6.614958180751177e-05,0.00027356209918407814
2023-03-20 00:00:00+00:00,28042.63,6.13495705885907e-05,0.00012634399070169527
2023-03-21 00:00:00+00:00,28100.15,3.5516855963133025e-05,9.414773255553028e-05
2023-03-22 00:00:00+00:00,27277.45,2.2891850024354105e-05,4.818525682432914e-05
2023-03-23 00:00:00+00:00,28270.86,9.571304424143558e-06,4.4770713624174076e-05
2023-03-24 00:00:00+00:00,27323.07,3.6027560353721356e-05,8.80138911356906e-05
2023-03-25 00:00:00+00:00,27472.5,-6.470105282323183e-06,-3.799404553732222e-06
2023-03-26 00:00:00+00:00,28074.37,3.607774066692722e-06,2.1262454802585418e-05
2023-03-27 00:00:00+00:00,27109.69,4.777147310072829e-06,4.240653992362689e-06
2023-03-28 00:00:00+00:00,27227.32,4.452264701176888e-06,3.3189256274521254e-05
2023-03-29 00:00:00+00:00,28397.58,0.00014701323384627452,0.00046089352230497285
2023-03-30 00:00:00+00:00,27907.95,0.0001757350053630699,0.0004957374639528641
2023-03-31 00:00:00+00:00,28577.64,-2.3892296513854775e-06,-1.0528916119513697e-06
2023-04-01 00:00:00+00:00,28532.97,2.4598063575171105e-06,1.63686953096148e-06
2023-04-02 00:00:00+00:00,28118.19,6.631904238273795e-08,1.2876910191627646e-08
2023-04-03 00:00:00+00:00,27809.11,-8.157809509381074e-06,-4.9054240500979776e-05
2023-04-04 00:00:00+00:00,28199.53,-8.583000129019846e-06,-6.244300427223425e-07
2023-04-05 00:00:00+00:00,28181.36,1.218748179965432e-06,3.944280196251871e-06
2023-04-06 00:00:00+00:00,28021.89,-1.1785255881978412e-06,-3.9228520639895365e-06
2023-04-07 00:00:00+00:00,27975.77,-1.286048291122424e-05,-9.320224496086178e-05
2023-04-08 00:00:00+00:00,27966.69,-5.461844077687472e-05,-0.0001482503498139659
2023-04-09 00:00:00+00:00,28387.25,-3.398536174845896e-05,-6.993187298286059e-05
2023-04-10 00:00:00+00:00,29619.86,7.148564499842374e-06,7.40732499888039e-05
2023-04-11 00:00:00+00:00,30296.86,0.00012539076929587471,0.0003444593002791073
2023-04-12 00:00:00+00:00,29862.58,9.364016555332492e-06,2.1660793547026378e-05
2023-04-13 00:00:00+00:00,30332.7,9.445950418363166e-05,0.00036334860902383163
2023-04-14 00:00:00+00:00,30465.24,0.0001447012425414888,0.00035475976608559227
2023-04-15 00:00:00+00:00,30382.78,3.959704143483613e-07,4.048515130148274e-06
2023-04-16 00:00:00+00:00,30352.08,8.712206827193503e-06,2.4428400007136694e-05
2023-04-17 00:00:00+00:00,29519.85,-5.086817521798454e-06,-1.7240494617996782e-05
2023-04-18 00:00:00+00:00,30373.85,-2.4431488480830708e-06,-5.498853592999477e-06
2023-04-19 00:00:00+00:00,29087.72,-1.800654166206297e-07,-2.007023940815344e-06
2023-04-20 00:00:00+00:00,28250.35,-1.563800098043701e-05,-4.634168196661098e-05
2023-04-21 00:00:00+00:00,27263.98,-5.512815053956472e-06,-1.6382237972699543e-05
2023-04-22 00:00:00+00:00,27855.9,-1.873752696730413e-06,-7.790075254587582e-06
2023-04-23 00:00:00+00:00,27593.05,-1.5422565706282592e-06,-3.815270579778396e-06
2023-04-24 00:00:00+00:00,27465.51,-1.327648450691495e-06,-2.576372951914861e-06
2023-04-25 00:00:00+00:00,28238.11,-3.9763969030466944e-10,8.34974065243252e-09
2023-04-26 00:00:00+00:00,28305.81,-2.1978502516718693e-07,-2.475116978873058e-06
2023-04-27 00:00:00+00:00,29401.46,-3.751350737790856e-07,1.9642355069414733e-07
2023-04-28 00:00:00+00:00,29365.73,-1.9676369797059426e-07,3.0628522645618805e-08
2023-04-29 00:00:00+00:00,29220.46,0.0,0.0
2023-04-30 00:00:00+00:00,29389.03,1.523723733605239e-07,4.011420170908205e-07
2023-05-01 00:00:00+00:00,28025.81,8.932238870523659e-07,6.912089009872289e-06
2023-05-02 00:00:00+00:00,28752.67,1.384066590493669e-06,-2.6214003306248774e-07
2023-05-03 00:00:00+00:00,29114.15,6.01529981273964e-08,7.99000651475782e-07
2023-05-04 00:00:00+00:00,28790.51,7.935713309836429e-06,2.3414598900163132e-05
2023-05-05 00:00:00+00:00,29622.57,-3.026011819262658e-09,-1.0044175802720112e-07
2023-05-06 00:00:00+00:00,28890.28,-2.3422558056384633e-08,-2.7602312072268607e-07
2023-05-07 00:00:00+00:00,28781.17,-1.4136165998732404e-06,2.0837428509283873e-06
2023-05-08 00:00:00+00:00,27674.42,-2.1602229768762386e-06,-1.326075570482278e-05
2023-05-09 00:00:00+00:00,27593.55,-3.193666109995854e-07,-2.250696193481037e-07
2023-05-10 00:00:00+00:00,27693.39,-9.749345822280463e-07,-4.468355854548748e-06
2023-05-11 00:00:00+00:00,26915.37,-7.32403182460325e-07,-8.986963302174476e-07
2023-05-12 00:00:00+00:00,26696.53,-1.5436592847974513e-06,-4.363070158563285e-06
2023-05-13 00:00:00+00:00,26903.06,3.274139687616911e-09,0.0
2023-05-14 00:00:00+00:00,26908.32,7.601678412907215e-09,3.6637755162411293e-08
2023-05-15 00:00:00+00:00,27314.35,2.7364911057377274e-06,2.0490597179226397e-05
2023-05-16 00:00:00+00:00,26998.24,5.02288976742303e-06,3.2894948080193905e-06
2023-05-17 00:00:00+00:00,27334.93,4.772449209747828e-06,2.7547447493503572e-05
2023-05-18 00:00:00+00:00,26891.06,6.517872524067148e-06,6.50735628747602e-06
2023-05-19 00:00:00+00:00,26877.32,-6.659766414464795e-06,-1.702499192240255e-05
2023-05-20 00:00:00+00:00,27077.67,1.5261506772036832e-05,4.24629950035158e-05
2023-05-21 00:00:00+00:00,26764.63,1.8753247630843187e-05,8.723114143024137e-05
2023-05-22 00:00:00+00:00,26873.93,7.137073031840984e-05,0.00019674848274791197
2023-05-23 00:00:00+00:00,27200.14,0.00013353952553827922,0.00042244100836119885
2023-05-24 00:00:00+00:00,26347.88,2.0020117654822755e-05,2.8656791042625905e-05
2023-05-25 00:00:00+00:00,26458.37,4.644405420075425e-07,8.77947831241923e-08
2023-05-26 00:00:00+00:00,26697.67,4.923802707238692e-06,1.4785751389205382e-05
2023-05-27 00:00:00+00:00,26815.91,1.8206798177049761e-07,5.931495318128459e-07
2023-05-28 00:00:00+00:00,28098.77,4.792080394246137e-05,0.00026405116930853297
2023-05-29 00:00:00+00:00,27697.69,0.00010654077414549812,0.00024652974460754505
2023-05-30 00:00:00+00:00,27744.11,8.151026017208977e-05,0.00024525639251943006
2023-05-31 00:00:00+00:00,27187.44,4.6581543475076154e-05,0.00010186447601291273
2023-06-01 00:00:00+00:00,26889.03,1.587752339449341e-05,4.929960982237071e-05
2023-06-02 00:00:00+00:00,27275.34,6.81178925451299e-05,0.00026236401015051884
2023-06-03 00:00:00+00:00,27078.56,7.11711232777995e-05,0.0001683767227838132
2023-06-04 00:00:00+00:00,27241.19,0.00010473482253815627,0.0003544802658332578
2023-06-05 00:00:00+00:00,25717.93,3.5238924380850826e-05,4.498319343863766e-05
2023-06-06 00:00:00+00:00,27160.57,1.689413919852143e-05,0.0001612127938945767
2023-06-07 00:00:00+00:00,26280.22,0.00014973880892733498,0.0003954609418808265
2023-06-08 00:00:00+00:00,26552.17,7.268679828119694e-05,0.00019709229768195868
2023-06-09 00:00:00+00:00,26495.7,7.61331579448579e-05,0.0002641513482105712
2023-06-10 00:00:00+00:00,25890.45,4.892595010798116e-05,8.085593175950723e-05
2023-06-11 00:00:00+00:00,25902.85,8.443855608399857e-06,2.623262991600533e-05
2023-06-12 00:00:00+00:00,25932.82,3.304868012686623e-05,0.00016671944104687392
2023-06-13 00:00:00+00:00,25840.01,0.00019097475151693465,0.0005341096822078854
2023-06-14 00:00:00+00:00,25031.04,7.96349743676441e-05,0.00022389669603264012
2023-06-15 00:00:00+00:00,25613.3,0.00012339761135451437,0.0003882604738543422
2023-06-16 00:00:00+00:00,26355.0,0.000194673453486241,0.0007238182511367657
2023-06-17 00:00:00+00:00,26563.87,0.0002183996157281849,0.0005350380927409413
2023-06-18 00:00:00+00:00,26400.18,0.00014795112054899272,0.0005094621583338513
2023-06-19 00:00:00+00:00,26748.42,0.0001029854812094358,0.0002485386726303552
2023-06-20 00:00:00+00:00,28226.06,0.0001544324049036804,0.0005454510859524037
2023-06-21 00:00:00+00:00,30117.49,0.0003481474731918083,0.0010998914594711042
2023-06-22 00:00:00+00:00,29936.0,0.0001674330073712251,0.00033925810548521496
2023-06-23 00:00:00+00:00,30666.34,6.76526644166649e-05,0.00020948876705419197
2023-06-24 00:00:00+00:00,30532.99,2.5503307058203326e-05,0.00010238332118304105
2023-06-25 00:00:00+00:00,30504.76,0.0001636903012432213,0.0005626230974551318
2023-06-26 00:00:00+00:00,30232.83,0.00011984705055576078,0.00025945502603754285
2023-06-27 00:00:00+00:00,30590.24,4.3402477467084745e-05,0.00013776346143780748
2023-06-28 00:00:00+00:00,30104.19,3.27834166782749e-05,9.584035446994212e-05
2023-06-29 00:00:00+00:00,30413.57,0.0001210188669552904,0.0004155555680913732
2023-06-30 00:00:00+00:00,30475.81,0.00015757411177848754,0.0004733790682871354
2023-07-01 00:00:00+00:00,30582.86,0.00015605246719759705,0.00045780221926886743
2023-07-02 00:00:00+00:00,30650.22,0.0002016877006307306,0.0006477355726191905
2023-07-03 00:00:00+00:00,31119.8,0.00021943214230027818,0.0006436208283188494
2023-07-04 00:00:00+00:00,30818.84,9.852950615617701e-05,0.000242068049625705
2023-07-05 00:00:00+00:00,30441.36,6.201328164289704e-05,0.0001937150936283231
2023-07-06 00:00:00+00:00,30159.8,6.449862495882962e-05,0.00017164189895435474
2023-07-07 00:00:00+00:00,30312.2,8.517064377157906e-06,2.0484798241818113e-05
2023-07-08 00:00:00+00:00,30225.04,1.6242674272389236e-05,4.832300970809639e-05
2023-07-09 00:00:00+00:00,30183.11,5.394158271098432e-06,1.6257276314804154e-05
2023-07-10 00:00:00+00:00,30346.43,1.6865046317501245e-05,0.00010327603546110957
2023-07-11 00:00:00+00:00,30586.7,0.00010050231782573544,0.00030752644406506
2023-07-12 00:00:00+00:00,30361.48,0.00012590940771384557,0.0003209273227359956
2023-07-13 00:00:00+00:00,31321.93,3.958263666095467e-05,0.00021989677517472307
2023-07-14 00:00:00+00:00,30244.06,0.0001914614189628133,0.00047886301378575775
2023-07-15 00:00:00+00:00,30295.68,9.99664344295687e-07,0.0
2023-07-16 00:00:00+00:00,30342.12,6.053188006204947e-07,2.4533654369660496e-06
2023-07-17 00:00:00+00:00,30111.84,4.3441975152409586e-07,8.446848269344428e-07
2023-07-18 00:00:00+00:00,29820.32,1.1847977676661367e-05,3.626748319976731e-05
2023-07-19 00:00:00+00:00,29874.92,2.165231416775351e-05,6.624111996836512e-05
2023-07-20 00:00:00+00:00,29813.83,6.499223581459981e-05,0.0001975688369750645
2023-07-21 00:00:00+00:00,29930.19,6.895277337219854e-06,1.8880439991391034e-05
2023-07-22 00:00:00+00:00,29814.39,8.095352771736508e-07,0.0
2023-07-23 00:00:00+00:00,30014.07,1.0571428501496064e-07,5.202875695231824e-07
2023-07-24 00:00:00+00:00,29161.37,1.010405511368227e-05,3.0011375877939354e-05
2023-07-25 00:00:00+00:00,29203.19,2.4360183912185886e-07,5.523748581141614e-07
2023-07-26 00:00:00+00:00,29474.69,1.2261511204561664e-07,4.085559383987058e-07
2023-07-27 00:00:00+00:00,29195.89,1.4751943487529465e-05,4.694984280386569e-05
2023-07-28 00:00:00+00:00,29298.67,1.6815922524585376e-05,5.854496441255016e-05
2023-07-29 00:00:00+00:00,29354.77,1.6564827662884164e-05,5.712274565080608e-05
2023-07-30 00:00:00+00:00,29154.24,5.2061542718513e-05,0.00016372991161359547
2023-07-31 00:00:00+00:00,29205.86,5.258080086923708e-05,0.00013300445446787107
2023-08-01 00:00:00+00:00,29235.72,4.621728097409047e-05,0.00022493655609424223
2023-08-02 00:00:00+00:00,29168.99,0.0002523145068124434,0.0007334382852148293
2023-08-03 00:00:00+00:00,29214.76,0.00021306143505232428,0.0006592026713675315
2023-08-04 00:00:00+00:00,29025.53,0.0001350687648897151,0.00035159521958218746
2023-08-05 00:00:00+00:00,29065.49,9.027317067016953e-05,0.00027955814314718563
2023-08-06 00:00:00+00:00,29055.48,0.00014950634440816292,0.0005447925796103752
2023-08-07 00:00:00+00:00,29146.43,0.00023433261111933587,0.0006621226995842834
2023-08-08 00:00:00+00:00,29759.08,0.0001691100090497649,0.00048188825371757145
2023-08-09 00:00:00+00:00,29575.49,0.00018137855905530544,0.0005403852864150313
2023-08-10 00:00:00+00:00,29438.35,0.00012587342020251328,0.0003479692647241291
2023-08-11 00:00:00+00:00,29406.3,8.008185937248978e-05,0.00022885071285585248
2023-08-12 00:00:00+00:00,29412.49,8.088579021157424e-05,0.000232892837549387
2023-08-13 00:00:00+00:00,29291.99,7.703043290724934e-05,0.0002925077814997301
2023-08-14 00:00:00+00:00,29417.04,0.0001936145971665216,0.0005960428303697354
2023-08-15 00:00:00+00:00,29156.06,0.0002300298783599496,0.0006831146706258811
2023-08-16 00:00:00+00:00,28878.07,0.00012438489889946618,0.00033885093896965043
2023-08-17 00:00:00+00:00,26799.89,1.1581559552483608e-05,-0.00031771501185187386
2023-08-18 00:00:00+00:00,26065.64,-0.00013827729190208257,-9.539709456040391e-05
2023-08-19 00:00:00+00:00,26052.81,-8.460075908054158e-06,-2.0489483762810318e-05
2023-08-20 00:00:00+00:00,26206.81,-2.8398775828050264e-06,-5.177016502946673e-06
2023-08-21 00:00:00+00:00,26133.47,3.4369051638975054e-06,7.982642830390936e-06
2023-08-22 00:00:00+00:00,25801.31,1.5369719876798504e-06,3.0606477038045245e-06
2023-08-23 00:00:00+00:00,26447.99,2.1670587068608354e-05,8.782364989228004e-05
2023-08-24 00:00:00+00:00,26109.94,3.138033953726838e-05,8.054748738964468e-05
2023-08-25 00:00:00+00:00,26048.74,3.3424627186749046e-05,9.259152633992018e-05
2023-08-26 00:00:00+00:00,26024.79,4.386216553158336e-06,2.1584986124606637e-05
2023-08-27 00:00:00+00:00,26079.75,1.1393793179889869e-05,2.5258671899277597e-05
2023-08-28 00:00:00+00:00,26046.06,-4.262304496074231e-06,-1.3382446645577602e-05
2023-08-29 00:00:00+00:00,27642.6,-2.0960014511860463e-05,-6.825834660974745e-05
2023-08-30 00:00:00+00:00,27238.59,-1.685327125989955e-06,7.465476341582789e-07
2023-08-31 00:00:00+00:00,26043.78,8.25154010406389e-06,1.5188730464115618e-05
2023-09-01 00:00:00+00:00,25756.91,-4.314745944744867e-06,2.0045696025320056e-06
2023-09-02 00:00:00+00:00,25861.89,-2.9122059760812634e-06,-1.4508660756018752e-05
2023-09-03 00:00:00+00:00,25950.43,4.145652278921449e-06,1.8905085727116652e-05
2023-09-04 00:00:00+00:00,25764.26,1.9455606161087686e-05,5.681317590254772e-05
2023-09-05 00:00:00+00:00,25758.45,3.566142802509897e-05,0.00011645548256724914
2023-09-06 00:00:00+00:00,25732.46,1.6915539082832288e-05,5.231637280704063e-05
2023-09-07 00:00:00+00:00,26321.96,3.243569192441631e-05,0.00010443774905560368
2023-09-08 00:00:00+00:00,25905.65,2.2644407325463884e-05,4.564304654187462e-05
2023-09-09 00:00:00+00:00,25905.07,7.711203950898835e-07,1.909148410791508e-06
2023-09-10 00:00:00+00:00,25844.9,-2.0201064346659684e-06,-5.919947264246931e-06
2023-09-11 00:00:00+00:00,25141.04,4.6278376838665244e-06,1.650395175284721e-05
2023-09-12 00:00:00+00:00,25971.65,1.149890418618025e-05,3.4498233587813975e-05
2023-09-13 00:00:00+00:00,26250.74,1.9087794603580375e-05,5.516357319074647e-05
2023-09-14 00:00:00+00:00,26616.65,1.4190777972414052e-05,5.033587702974091e-05
2023-09-15 00:00:00+00:00,26774.75,2.0109411974259526e-05,6.266240934738488e-05
2023-09-16 00:00:00+00:00,26570.6,7.28421474192561e-06,1.1673546825283488e-05
2023-09-17 00:00:00+00:00,26495.15,6.26746561805823e-08,5.78297619700825e-06
2023-09-18 00:00:00+00:00,26879.67,1.1015652762277061e-05,3.08885181463416e-05
2023-09-19 00:00:00+00:00,27200.27,9.004889090459406e-06,2.8641004432751454e-05
2023-09-20 00:00:00+00:00,27096.36,1.1466031990967447e-05,3.6932242303917576e-05
2023-09-21 00:00:00+00:00,26586.48,1.0745763735064673e-05,2.1074308798395334e-05
2023-09-22 00:00:00+00:00,26584.98,1.2399076671951964e-05,5.200019526560918e-05
2023-09-23 00:00:00+00:00,26570.03,9.175809384882771e-06,1.831861165278277e-05
2023-09-24 00:00:00+00:00,26494.18,3.3908015136027043e-06,6.898271092496552e-06
2023-09-25 00:00:00+00:00,26279.19,8.704830206626256e-06,2.8009453931433504e-05
2023-09-26 00:00:00+00:00,26147.4,2.009188068285871e-05,9.30161697051657e-05
2023-09-27 00:00:00+00:00,26320.96,0.0001518094620757704,0.00048823644331906724
2023-09-28 00:00:00+00:00,27020.34,8.834819255765491e-05,0.0002686218243758176
2023-09-29 00:00:00+00:00,26888.6,9.892617607866977e-05,0.0003009564505292543
2023-09-30 00:00:00+00:00,27016.13,5.8177179037730756e-05,0.00010755033193229797
2023-10-01 00:00:00+00:00,27980.72,7.066476491261124e-05,0.00028596704899137095
2023-10-02 00:00:00+00:00,27561.93,0.00014809199762139268,0.0004847950175344961
2023-10-03 00:00:00+00:00,27409.75,0.00012785066018034566,0.0002662141014406542
2023-10-04 00:00:00+00:00,27754.97,2.0828762776031995e-05,9.566411590040022e-05
2023-10-05 00:00:00+00:00,27442.88,4.16265894958256e-05,9.782927764070894e-05
2023-10-06 00:00:00+00:00,27989.51,8.357323497306865e-06,5.1978621006364594e-05
2023-10-07 00:00:00+00:00,27970.29,5.259347110929049e-05,0.00012430124676207012
2023-10-08 00:00:00+00:00,27934.14,2.709710312155554e-06,8.197618872297513e-06
2023-10-09 00:00:00+00:00,27594.29,3.593248036044058e-05,0.00012051303573889347
2023-10-10 00:00:00+00:00,27448.84,2.140948947556018e-05,5.936153682792649e-05
2023-10-11 00:00:00+00:00,26778.59,7.61759075419095e-05,0.0002758798029260834
2023-10-12 00:00:00+00:00,26747.43,9.363611002984478e-05,0.00027585719722596127
2023-10-13 00:00:00+00:00,26831.72,0.00018196455364646955,0.0005689697105421305
2023-10-14 00:00:00+00:00,26851.62,0.00011980241095277409,0.00032121672527300857
2023-10-15 00:00:00+00:00,27111.14,0.00010148910132814713,0.0002988117194986408
2023-10-16 00:00:00+00:00,28523.65,7.514533069474112e-05,0.00023478806362600587
2023-10-17 00:00:00+00:00,28428.22,3.692372196050283e-05,7.224406015795092e-05
2023-10-18 00:00:00+00:00,28354.35,8.677696003358841e-07,4.03731026316888e-06
2023-10-19 00:00:00+00:00,28668.3,-5.625618256576159e-06,-1.6619333821717655e-05
2023-10-20 00:00:00+00:00,29677.09,5.520601677497519e-05,0.00017478488366789397
2023-10-21 00:00:00+00:00,30012.15,2.776459466251551e-05,0.0001374190035380701
2023-10-22 00:00:00+00:00,30043.48,0.00018059105860606878,0.0005850843342950863
2023-10-23 00:00:00+00:00,33320.23,0.0002562218592743852,0.0008447757813310935
2023-10-24 00:00:00+00:00,34152.57,0.0003784477775397495,0.001025946062674053
2023-10-25 00:00:00+00:00,34621.48,0.00019010647960122278,0.0006166767318833835
2023-10-26 00:00:00+00:00,34239.2,0.0002114396757830733,0.0006423560340722686
2023-10-27 00:00:00+00:00,33824.6,0.00020128248338998454,0.0005487990265821318
2023-10-28 00:00:00+00:00,34115.27,0.00024806151996647384,0.0008997951903211022
2023-10-29 00:00:00+00:00,34718.21,0.0004012764007382906,0.00122846048926996
2023-10-30 00:00:00+00:00,34488.87,0.00026595756761424227,0.0006754926661943583
2023-10-31 00:00:00+00:00,34574.96,0.00013759493697486675,0.0003763578031077067
2023-11-01 00:00:00+00:00,35296.6,0.00018704839618829584,0.0007378625176627575
2023-11-02 00:00:00+00:00,34796.26,0.0003488870514866317,0.000946866692594646
2023-11-03 00:00:00+00:00,34648.9,0.00012732176810291857,0.0002740354564227795
2023-11-04 00:00:00+00:00,35185.69,0.00013197602178363423,0.0004606197822216424
2023-11-05 00:00:00+00:00,35000.92,0.0003282475055617579,0.001091734513517403
2023-11-06 00:00:00+00:00,35129.97,0.00023116157190297045,0.000531130550607377
2023-11-07 00:00:00+00:00,35307.62,5.302229964581497e-05,0.00019604774938774378
2023-11-08 00:00:00+00:00,35800.94,5.49188024851598e-05,0.0001552956568830158
2023-11-09 00:00:00+00:00,36559.28,0.00016952327954919164,0.0005170010013012871
2023-11-10 00:00:00+00:00,37380.54,0.0002123615221350994,0.0006033568625461595
2023-11-11 00:00:00+00:00,36907.38,2.67202440828686e-05,0.00011929819488941728
2023-11-12 00:00:00+00:00,37172.49,0.000181371049729234,0.0006399292435081217
2023-11-13 00:00:00+00:00,36487.77,0.00011909451189477216,0.00022997573378168856
2023-11-14 00:00:00+00:00,35622.03,2.9955988052161783e-05,0.00011044580080934962
2023-11-15 00:00:00+00:00,37735.49,2.5771892223820973e-05,8.806576122512893e-05
2023-11-16 00:00:00+00:00,36224.34,8.320928161876399e-05,0.0002354852221342299
2023-11-17 00:00:00+00:00,36557.81,3.3642946698861e-05,7.258756971595262e-05
2023-11-18 00:00:00+00:00,36529.49,-9.24391875620407e-07,-8.314402726672972e-06
2023-11-19 00:00:00+00:00,36997.03,-2.1359111811212464e-06,8.689259896435377e-07
2023-11-20 00:00:00+00:00,37459.03,2.3973922132968544e-05,6.108115172503138e-05
2023-11-21 00:00:00+00:00,36392.0,-5.158657771620667e-06,-4.2109154521215386e-06
2023-11-22 00:00:00+00:00,37456.46,1.3916695659305807e-05,6.838826426546428e-05
2023-11-23 00:00:00+00:00,37313.13,0.00010405689845179191,0.0002898999190014229
2023-11-24 00:00:00+00:00,37711.61,0.00014153731146085468,0.0004724879480902286
2023-11-25 00:00:00+00:00,37755.76,4.6092588306946065e-05,9.976680294285594e-05
2023-11-26 00:00:00+00:00,37671.06,9.587540373154953e-05,0.00035024427755281405
2023-11-27 00:00:00+00:00,37082.97,5.351297488790844e-05,9.014958856047096e-05
2023-11-28 00:00:00+00:00,37879.47,1.2079421777329824e-05,3.159438995030206e-05
2023-11-29 00:00:00+00:00,37799.71,3.059671264793355e-05,0.00010151393871357176
2023-11-30 00:00:00+00:00,37704.83,2.1795934847717213e-05,6.913746389657946e-05
2023-12-01 00:00:00+00:00,38726.55,0.0001675634202894915,0.0005493536578684177
2023-12-02 00:00:00+00:00,39370.98,0.00014404745404231328,0.000492010791714528
2023-12-03 00:00:00+00:00,40070.26,0.00020338533131362857,0.0006270291484272168
2023-12-04 00:00:00+00:00,41958.34,0.0002444525983357612,0.0006477332093191472
2023-12-05 00:00:00+00:00,44295.39,0.0001029240653827951,0.0002878172718477677
2023-12-06 00:00:00+00:00,43772.46,1.0438788192794429e-05,1.552977896197249e-05
2023-12-07 00:00:00+00:00,43153.4,1.092132411292782e-05,8.512623560654252e-05
2023-12-08 00:00:00+00:00,44274.13,0.0001238378477934935,0.00030541596888181155
2023-12-09 00:00:00+00:00,43915.4,7.757002340470876e-05,0.0003247129589516779
2023-12-10 00:00:00+00:00,43787.33,6.829624235196566e-05,0.00013686713605268048
2023-12-11 00:00:00+00:00,41270.52,0.00010163360865918252,0.0003910236113885738
2023-12-12 00:00:00+00:00,41222.75,0.00015379223012748676,0.0004740051749207865
2023-12-13 00:00:00+00:00,42983.86,0.00016480412548378184,0.0004068307377673125
2023-12-14 00:00:00+00:00,43082.81,7.768909614658805e-05,0.0002281966393177823
2023-12-15 00:00:00+00:00,42082.08,0.00016641480517079333,0.0005482440052095819
2023-12-16 00:00:00+00:00,42278.9,0.0002484993618772279,0.0008119584883820904
2023-12-17 00:00:00+00:00,41676.45,0.0002911892991023255,0.0008645597092587357
2023-12-18 00:00:00+00:00,42499.11,0.00014837225981943294,0.0003772201210826825
2023-12-19 00:00:00+00:00,42312.45,0.00020455964597354502,0.0005776605522686072
2023-12-20 00:00:00+00:00,43618.66,4.3499818803075694e-05,0.0002030555254593237
2023-12-21 00:00:00+00:00,43957.8,0.0003015043680545641,0.0008714811611355009
2023-12-22 00:00:00+00:00,43842.87,0.00025899432238434054,0.0007821406008284223
2023-12-23 00:00:00+00:00,43781.59,4.836611178519671e-05,8.400053553797454e-05
2023-12-24 00:00:00+00:00,43012.95,0.00012375642296573162,0.00039138024899666024
2023-12-25 00:00:00+00:00,43694.07,0.00023811265495497886,0.000835967147263177
2023-12-26 00:00:00+00:00,42466.19,0.00043749856021167184,0.001297012535875441
2023-12-27 00:00:00+00:00,43363.54,0.00036610685631675567,0.0011787727277905943
2023-12-28 00:00:00+00:00,42660.63,0.0005311083737206216,0.0015995758432142623
2023-12-29 00:00:00+00:00,41772.27,0.00029057993715962926,0.0008132352969736187
2023-12-30 00:00:00+00:00,42138.04,0.0004610580754366338,0.0014253441926183451
2023-12-31 00:00:00+00:00,42251.3,0.00042885744771162395,0.0012621985311116403
2024-01-01 00:00:00+00:00,43535.87,0.0003873315263406134,0.0012500052801855618
2024-01-02 00:00:00+00:00,45002.15,0.0004245613562986782,0.0010881550843712833
2024-01-03 00:00:00+00:00,42766.56,0.00013308868131794025,0.0003996194964664429
2024-01-04 00:00:00+00:00,44375.19,0.00012228028475914763,0.0003238793052250671
2024-01-05 00:00:00+00:00,44005.4,6.509624624721271e-05,0.0001838084917351642
2024-01-06 00:00:00+00:00,43905.77,1.9080427600980943e-05,5.704660883511693e-05
2024-01-07 00:00:00+00:00,43888.6,2.424291823074941e-05,7.943044231769437e-05
2024-01-08 00:00:00+00:00,47042.91,8.920668544654292e-05,0.0003511767603411869
2024-01-09 00:00:00+00:00,46278.54,8.800098215620752e-05,0.0002103631403549343
2024-01-10 00:00:00+00:00,46925.4,8.615917503771284e-05,0.0002668252739640144
2024-01-11 00:00:00+00:00,46411.36,0.0001650947806101817,0.00048704135534240764
2024-01-12 00:00:00+00:00,42482.96,0.00013825489372641656,0.00045119099652570144
2024-01-13 00:00:00+00:00,42984.05,2.2320944147378612e-05,-1.3414238783909343e-05
2024-01-14 00:00:00+00:00,42247.68,6.701193500800001e-06,2.731050245884442e-05
2024-01-15 00:00:00+00:00,42583.55,8.317525601709271e-05,0.0002665692647991433
2024-01-16 00:00:00+00:00,43207.69,8.241824102915212e-05,0.00023260224269413364
2024-01-17 00:00:00+00:00,42677.58,3.247818919297518e-05,0.00011874379446508649
2024-01-18 00:00:00+00:00,41313.59,0.00011402952840730412,0.00033780416587213003
2024-01-19 00:00:00+00:00,41650.51,7.094965844171695e-05,0.0002465862791656038
2024-01-20 00:00:00+00:00,41751.34,3.812266298275378e-05,8.656265168545133e-05
2024-01-21 00:00:00+00:00,41620.09,6.218837056113216e-05,0.00021474385644949744
2024-01-22 00:00:00+00:00,39792.77,7.577998870797092e-05,0.00019219209215132373
2024-01-23 00:00:00+00:00,39436.84,5.938262103978109e-05,0.00018905073920327616
2024-01-24 00:00:00+00:00,39859.64,7.570446006630509e-05,0.0002208050796600077
2024-01-25 00:00:00+00:00,39939.69,8.596044794218992e-05,0.0002736677721147589
2024-01-26 00:00:00+00:00,41899.04,0.00011174434889944818,0.0003130964693025801
2024-01-27 00:00:00+00:00,42157.43,2.4767040735046343e-05,5.344752335345836e-05
2024-01-28 00:00:00+00:00,41830.43,2.388033955358907e-05,8.454218655921644e-05
2024-01-29 00:00:00+00:00,43119.72,6.965723407582234e-05,0.00023746725854972974
2024-01-30 00:00:00+00:00,43332.8,0.00011384560148161143,0.00030242175333510977
2024-01-31 00:00:00+00:00,42635.04,7.361918669982879e-05,0.0002480225376540447
2024-02-01 00:00:00+00:00,42918.06,1.6194366482218495e-05,3.226397003441042e-05
2024-02-02 00:00:00+00:00,43167.54,5.0783116148851514e-05,0.00015101715254550458
2024-02-03 00:00:00+00:00,43028.9,5.900946399142626e-05,0.00018307352805286393
2024-02-04 00:00:00+00:00,42560.01,1.0749269370077232e-05,1.5942684060548675e-05
2024-02-05 00:00:00+00:00,42453.12,0.00012504043530816528,0.00038454247455239747
2024-02-06 00:00:00+00:00,43190.31,8.201915297837126e-05,0.0002589772245380542
2024-02-07 00:00:00+00:00,44160.93,4.783959416850231e-05,0.00014854925864764068
2024-02-08 00:00:00+00:00,45285.52,0.00019764652208074634,0.0006790234528193627
2024-02-09 00:00:00+00:00,47301.8,0.00019270679483483712,0.0004930102698509132
2024-02-10 00:00:00+00:00,47843.8,6.489173604225583e-05,0.00026965413517164984
2024-02-11 00:00:00+00:00,48150.5,0.0003022385043528715,0.0008963805037418534
2024-02-12 00:00:00+00:00,50043.76,0.0002315664372683431,0.0007694374033843328
2024-02-13 00:00:00+00:00,49543.01,0.00019525008464250896,0.00044727736526779837
2024-02-14 00:00:00+00:00,51842.45,0.0001882973003597494,0.0005951118897290735
2024-02-15 00:00:00+00:00,51694.56,0.00011097859307206022,0.0003590508459104771
2024-02-16 00:00:00+00:00,52022.75,0.00024980359487325585,0.0007364769644809358
2024-02-17 00:00:00+00:00,51724.41,0.00019768654403397478,0.0006791287653570072
2024-02-18 00:00:00+00:00,52249.62,0.0003155921044379121,0.0010018939170112172
2024-02-19 00:00:00+00:00,51951.66,0.00029190768012851183,0.0007233431827083591
2024-02-20 00:00:00+00:00,52191.17,0.0001358651319639418,0.0004713781062532974
2024-02-21 00:00:00+00:00,51516.83,9.972418312289626e-05,0.00025553745613058395
2024-02-22 00:00:00+00:00,51441.72,0.0002502294903968612,0.0007393174948294472
2024-02-23 00:00:00+00:00,50778.81,2.767204984190198e-05,5.238986885039889e-05
2024-02-24 00:00:00+00:00,51557.59,0.000124809692265966,0.0004461924750769688
2024-02-25 00:00:00+00:00,51706.59,0.0001917021172550635,0.0005826754431791676
2024-02-26 00:00:00+00:00,54703.44,6.696500159534237e-05,0.0001955752119423618
2024-02-27 00:00:00+00:00,56932.7,0.0003707189402326477,0.001210208373264868
2024-02-28 00:00:00+00:00,61317.88,0.00045666463712979566,0.0014737579108649278
2024-02-29 00:00:00+00:00,61264.71,0.0004434351908714418,0.0012376310136763757
2024-03-01 00:00:00+00:00,62543.48,0.00025581796826789645,0.0006416375592815553
2024-03-02 00:00:00+00:00,61769.51,0.0002500991439571795,0.0008553923555535879
2024-03-03 00:00:00+00:00,62853.22,0.0003913547352276554,0.0013477508458063488
2024-03-04 00:00:00+00:00,68014.04,0.0006156411936610345,0.0016422928835844893
2024-03-05 00:00:00+00:00,63414.21,0.0005454898807780772,0.001703493245390321
2024-03-06 00:00:00+00:00,65974.42,0.00042472537261189477,0.001277415399271912
2024-03-07 00:00:00+00:00,67211.11,0.0002949212398375263,0.0009244448707196484
2024-03-08 00:00:00+00:00,68320.55,0.0003423129784605832,0.000866185619502935
2024-03-09 00:00:00+00:00,68506.97,6.177192275995363e-05,0.00021988236776048783
2024-03-10 00:00:00+00:00,68534.69,0.00040660755950516677,0.0012961795166329354
2024-03-11 00:00:00+00:00,72465.19,0.0006550977204363469,0.0020592426924593288
2024-03-12 00:00:00+00:00,71178.23,0.0003685907443125591,0.0009950521589484195
2024-03-13 00:00:00+00:00,73007.98,0.00021161670309997657,0.0005940487889052803
2024-03-14 00:00:00+00:00,71512.04,0.0002039796411788253,0.0006258971957499191
2024-03-15 00:00:00+00:00,69110.82,0.00012808457062983742,0.00036755901865397436
2024-03-16 00:00:00+00:00,66335.73,0.00013761319686210883,0.0005262727523844622
2024-03-17 00:00:00+00:00,68195.98,0.0003905390286114355,0.001063571728428158
2024-03-18 00:00:00+00:00,67691.61,0.00012547824406452707,0.00036020594557534746
2024-03-19 00:00:00+00:00,62582.36,7.888626687046106e-05,0.0002466526942520084
2024-03-20 00:00:00+00:00,67691.26,1.0283275399519742e-06,-1.3192582516411807e-06
2024-03-21 00:00:00+00:00,65383.73,9.839219689098927e-05,0.0002802435056986092
2024-03-22 00:00:00+00:00,63045.49,2.0059021945535916e-05,9.782443416729347e-05
2024-03-23 00:00:00+00:00,64755.85,6.034184723141423e-05,0.0001771096367378089
2024-03-24 00:00:00+00:00,66950.65,0.00018130693740113255,0.0005651619628018855
2024-03-25 00:00:00+00:00,70331.07,0.0001531952246722512,0.0005808490794884046
2024-03-26 00:00:00+00:00,70244.5,0.0002737218668812278,0.0007881138563012337
2024-03-27 00:00:00+00:00,69412.38,0.0003630408072286295,0.0010899127666662528
2024-03-28 00:00:00+00:00,70865.78,0.0004125068460644038,0.0011527434082848457
2024-03-29 00:00:00+00:00,69842.8,0.00018286679480231704,0.0006271934389387825
2024-03-30 00:00:00+00:00,69753.01,0.00033293571835407574,0.001025584609812938
2024-03-31 00:00:00+00:00,70973.13,0.0005372809425481245,0.001858735710509965
2024-04-01 00:00:00+00:00,69746.03,0.00028567065540153173,0.0004841921670808003
2024-04-02 00:00:00+00:00,65836.37,-1.6817357222769196e-05,-6.817490033936035e-05
2024-04-03 00:00:00+00:00,66163.71,3.8567106932240906e-07,-3.0394903470006793e-05
2024-04-04 00:00:00+00:00,67955.03,-4.4864441601566095e-05,-0.00012460638921568305
2024-04-05 00:00:00+00:00,67657.03,-5.695950891548686e-05,-0.00017961167119556938
2024-04-06 00:00:00+00:00,69072.33,-1.43759829048971e-05,-6.122729917725809e-06
2024-04-07 00:00:00+00:00,69215.62,3.856977728953213e-05,0.00014443049237050152
2024-04-08 00:00:00+00:00,71910.92,0.00015588447997987154,0.0004622421668932795
2024-04-09 00:00:00+00:00,69304.86,2.9585964181152726e-08,-1.8211052716138965e-05
2024-04-10 00:00:00+00:00,70526.9,-1.1127893359704638e-05,-7.110244415227382e-05
2024-04-11 00:00:00+00:00,70180.47,-2.9081015259649228e-05,-6.332226827517444e-05
2024-04-12 00:00:00+00:00,67093.61,-2.4497174061796843e-05,-0.00022584239112547302
2024-04-13 00:00:00+00:00,64380.32,-0.0002538929321947537,-0.0008233052490861345
2024-04-14 00:00:00+00:00,65370.25,-0.00011289602361724278,-0.00011604943773884785
2024-04-15 00:00:00+00:00,63475.3,-6.56036179808545e-05,-0.00018073433923452247
2024-04-16 00:00:00+00:00,63812.8,-5.487329459721607e-05,-0.0001611224607808706
2024-04-17 00:00:00+00:00,61680.39,-1.8662595209452264e-05,-6.770834684690571e-05
2024-04-18 00:00:00+00:00,63537.92,-0.00011987793900283686,-0.0004185863363701198
2024-04-19 00:00:00+00:00,64033.94,-0.00011805884574302816,-0.0003156485630881048
2024-04-20 00:00:00+00:00,64650.36,-0.00013028055476962133,-0.0003695828452520207
2024-04-21 00:00:00+00:00,65041.53,-1.1293238545800067e-05,-2.1024357393302707e-05
2024-04-22 00:00:00+00:00,67050.87,-4.7801360831401915e-06,-1.873458270127975e-05
2024-04-23 00:00:00+00:00,66365.94,-1.9052100617292127e-05,-5.778184660654312e-05
2024-04-24 00:00:00+00:00,64069.62,-1.3795426412454369e-05,-3.345023817429228e-05
2024-04-25 00:00:00+00:00,64608.75,-5.056325265488469e-05,-0.0001892524867130111
2024-04-26 00:00:00+00:00,63796.59,-3.540170135254326e-05,-7.015717423080714e-05
2024-04-27 00:00:00+00:00,63220.09,-1.888919451555596e-06,-4.114670655050574e-06
2024-04-28 00:00:00+00:00,63131.18,4.647959654696062e-07,2.035429647783085e-06
2024-04-29 00:00:00+00:00,63864.46,-2.0067739262602868e-05,-6.896312460593552e-05
2024-04-30 00:00:00+00:00,60522.58,-9.70204029635725e-06,-9.091315585973956e-06
2024-05-01 00:00:00+00:00,57799.35,1.3771776368212413e-06,-2.6325291723197034e-06
2024-05-02 00:00:00+00:00,59332.23,-4.886632445844142e-05,-0.00022015583044308123
2024-05-03 00:00:00+00:00,62822.41,-4.688673220984367e-05,-7.116371017659896e-05
2024-05-04 00:00:00+00:00,63624.69,3.0402569467362332e-05,9.787325912498817e-05
2024-05-05 00:00:00+00:00,63874.6,9.639106868402828e-05,0.0003137064191754761
2024-05-06 00:00:00+00:00,63493.57,6.605953303757613e-05,0.00017389613301372286
2024-05-07 00:00:00+00:00,62855.83,2.028512245953605e-05,5.618951459390752e-05
2024-05-08 00:00:00+00:00,61231.18,1.4479488252664813e-05,4.92667312581958e-05
2024-05-09 00:00:00+00:00,63277.2,1.7923875373572404e-05,5.580839695428081e-05
2024-05-10 00:00:00+00:00,60838.8,6.544437668640184e-06,1.3146231817601184e-05
2024-05-11 00:00:00+00:00,60897.4,2.666572749151623e-06,5.374867703364764e-06
2024-05-12 00:00:00+00:00,61299.13,1.7832827974207267e-06,6.533645707746043e-06
2024-05-13 00:00:00+00:00,62770.27,4.162345644094762e-05,0.0001263058110149245
2024-05-14 00:00:00+00:00,61688.47,7.006681377731167e-05,0.00021040504933511413
2024-05-15 00:00:00+00:00,66148.64,3.25885350081082e-05,0.00012100710387741545
2024-05-16 00:00:00+00:00,65428.1,8.423380198307425e-05,0.0002525161035953085
2024-05-17 00:00:00+00:00,66799.32,3.167732726523847e-05,7.167700528788554e-05
2024-05-18 00:00:00+00:00,66942.25,2.8101831046728298e-05,0.00011610619690815036
2024-05-19 00:00:00+00:00,66352.62,3.2524021098815026e-05,6.52987547726926e-05
2024-05-20 00:00:00+00:00,69610.94,5.305482120451221e-05,0.00023748517641379233
2024-05-21 00:00:00+00:00,70202.36,0.00029611313879351875,0.0008552416344020599
2024-05-22 00:00:00+00:00,69086.47,0.00013522462161061084,0.00043992053392163407
2024-05-23 00:00:00+00:00,67656.95,0.00016322297317498903,0.0004841106090406505
2024-05-24 00:00:00+00:00,68774.83,8.893666869659097e-05,0.00019856810637191493
2024-05-25 00:00:00+00:00,69118.6,3.372157963614551e-05,0.0001459154680019627
2024-05-26 00:00:00+00:00,68531.33,0.0001959219797836576,0.0005849999528621316
2024-05-27 00:00:00+00:00,69519.29,0.00023790709175648691,0.0008678231129698171
2024-05-28 00:00:00+00:00,68538.52,0.00015440955042536644,0.00037999898823061755
2024-05-29 00:00:00+00:00,67612.75,0.0001471717195142561,0.0003312409428661826
2024-05-30 00:00:00+00:00,68298.72,2.2878997388427047e-05,8.089861806586132e-05
2024-05-31 00:00:00+00:00,67462.18,3.233115391843896e-06,2.281610823274647e-05
2024-06-01 00:00:00+00:00,67728.56,3.625787794651485e-05,9.499433360889555e-05
2024-06-02 00:00:00+00:00,67892.42,4.091080689028441e-05,0.00011781265076479439
2024-06-03 00:00:00+00:00,69037.81,9.477730890412058e-05,0.0003030700924823838
2024-06-04 00:00:00+00:00,70584.44,4.280490360811987e-05,0.00015606244698690154
2024-06-05 00:00:00+00:00,71154.99,0.00018787799967997102,0.0005357685622256046
2024-06-06 00:00:00+00:00,70858.44,0.00011912970360765007,0.0003638632211323438
2024-06-07 00:00:00+00:00,69473.44,0.00012600020059805203,0.00036115712436973106
2024-06-08 00:00:00+00:00,69325.44,1.8784121258904632e-05,4.398271193493417e-05
2024-06-09 00:00:00+00:00,69629.27,7.491700417890785e-06,3.253966259872447e-05
2024-06-10 00:00:00+00:00,69469.66,1.841918190879968e-05,4.468137472490986e-05
2024-06-11 00:00:00+00:00,67358.55,-6.826123493820353e-06,-1.829604311676119e-05
2024-06-12 00:00:00+00:00,68326.75,6.053521566794934e-05,0.00018747345455241766
2024-06-13 00:00:00+00:00,66863.84,-1.349555807907527e-06,-1.0783633214781174e-05
2024-06-14 00:00:00+00:00,65976.3,-7.56329729572479e-07,-6.668256466144528e-06
2024-06-15 00:00:00+00:00,66167.67,-7.392554146749737e-06,-2.1126116217697477e-05
2024-06-16 00:00:00+00:00,66705.73,-4.884892538972312e-06,-1.1300667261289494e-05
2024-06-17 00:00:00+00:00,66640.74,1.533550586551437e-06,5.15097192714841e-06
2024-06-18 00:00:00+00:00,65259.87,-3.399766363302484e-05,-0.00011623638201873838
2024-06-19 00:00:00+00:00,64828.85,-8.721200028294372e-06,-1.566182379861538e-05
2024-06-20 00:00:00+00:00,64975.55,2.3041336715944684e-06,-1.0490255939337272e-05
2024-06-21 00:00:00+00:00,64145.24,-5.9460024629759464e-05,-0.00016146168693998827
2024-06-22 00:00:00+00:00,64298.21,-3.4147165391633755e-05,-0.00010654237719552506
2024-06-23 00:00:00+00:00,63631.62,-6.962242706649108e-06,-1.1218313069284176e-05
2024-06-24 00:00:00+00:00,60027.5,-4.006219483317186e-05,-0.00011816743947649806
2024-06-25 00:00:00+00:00,61911.19,4.5446172169277136e-07,5.114164969663562e-07
2024-06-26 00:00:00+00:00,60892.81,7.323792395831355e-06,2.3629392511784614e-05
2024-06-27 00:00:00+00:00,61568.7,9.602586018739842e-05,0.00039373688093006923
2024-06-28 00:00:00+00:00,60247.65,0.00015510195294466948,0.00042134084751646665
2024-06-29 00:00:00+00:00,60867.7,8.402266206663452e-05,0.00023903919232047205
2024-06-30 00:00:00+00:00,62798.07,0.00010334699688986582,0.00030868610722893533
2024-07-01 00:00:00+00:00,62908.53,6.890333959880332e-05,0.00015932292600461765
2024-07-02 00:00:00+00:00,61998.94,2.4139902163297145e-05,8.223993542445274e-05
2024-07-03 00:00:00+00:00,60254.89,9.54668592328275e-06,1.818403380220749e-05
2024-07-04 00:00:00+00:00,58011.78,-1.9630355953724643e-06,-6.344885694005086e-06
2024-07-05 00:00:00+00:00,56632.18,2.0842896064609826e-05,6.450670870446779e-05
2024-07-06 00:00:00+00:00,58111.15,1.531107852972802e-05,4.2527556139265886e-05
2024-07-07 00:00:00+00:00,56393.01,4.49024583144887e-06,1.3434048493044238e-05
2024-07-08 00:00:00+00:00,56677.68,3.0962323775308924e-05,9.717602455704038e-05
2024-07-09 00:00:00+00:00,57935.99,3.4316882388119544e-05,0.00014663051067053407
2024-07-10 00:00:00+00:00,57699.85,4.484567332444442e-05,9.289029550857943e-05
2024-07-11 00:00:00+00:00,57341.34,5.0179360201933725e-05,0.00014778731391739707
2024-07-12 00:00:00+00:00,57800.52,3.886875084375532e-05,0.00015135652022667335
2024-07-13 00:00:00+00:00,59483.66,4.6524050449511366e-05,0.00010913891082597927
2024-07-14 00:00:00+00:00,60881.05,0.00017068161911799323,0.0005482284886004839
2024-07-15 00:00:00+00:00,64382.06,2.0990675991115044e-05,3.637539677378085e-05
2024-07-16 00:00:00+00:00,64651.06,8.28679240419006e-05,0.00026405759697383375
2024-07-17 00:00:00+00:00,64272.07,9.484021757054615e-05,0.0002696924171451098
2024-07-18 00:00:00+00:00,64021.92,9.026651826513276e-06,1.971323566206697e-05
2024-07-19 00:00:00+00:00,66761.03,0.000102041421235039,0.00038592985576827994
2024-07-20 00:00:00+00:00,67138.77,0.00014509679862718968,0.0004116973158754624
2024-07-21 00:00:00+00:00,68024.55,0.00014260401086300408,0.0005032517183460018
2024-07-22 00:00:00+00:00,67673.28,9.894353077647619e-05,0.00018670089899952238
2024-07-23 00:00:00+00:00,65920.92,5.085786598681567e-05,0.00015261154225067476
2024-07-24 00:00:00+00:00,65277.63,2.5282020953387716e-05,6.489691073864828e-05
2024-07-25 00:00:00+00:00,65637.64,3.884658749879275e-05,0.00016448419887009303
2024-07-26 00:00:00+00:00,67939.01,0.00015942059813596693,0.000477384032063415
2024-07-27 00:00:00+00:00,68623.98,0.00021659675441780082,0.000646337920100421
2024-07-28 00:00:00+00:00,68005.07,4.8284165600015146e-05,0.00016122128609491796
2024-07-29 00:00:00+00:00,67222.87,0.00018443414587265912,0.0004935136037228481
2024-07-30 00:00:00+00:00,66206.56,1.2267455048686918e-05,4.568093452818461e-05
2024-07-31 00:00:00+00:00,64960.54,3.582369846756084e-05,0.00010661684068468059
2024-08-01 00:00:00+00:00,65125.05,2.970046555095219e-05,0.00013671073798642274
2024-08-02 00:00:00+00:00,61307.31,7.479244604770333e-05,0.00017676494505942803
2024-08-03 00:00:00+00:00,60590.8,2.6443872408142387e-06,1.3883525553865995e-06
2024-08-04 00:00:00+00:00,58691.1,-9.241359692316392e-08,-1.3390597109412208e-05
2024-08-05 00:00:00+00:00,54704.58,-3.849020639501017e-05,-9.82045499431679e-05
2024-08-06 00:00:00+00:00,56216.67,-1.7329947129087252e-05,-5.874256169790134e-05
2024-08-07 00:00:00+00:00,55299.33,-1.7546436824835361e-06,-7.956224095640854e-06
2024-08-08 00:00:00+00:00,62351.37,-3.75757399905178e-06,-1.249503906611744e-05
2024-08-09 00:00:00+00:00,60798.51,-1.2874689694958587e-06,-1.2296697424241433e-05
2024-08-10 00:00:00+00:00,60949.48,4.6185001036908256e-05,0.00016213306872880684
2024-08-11 00:00:00+00:00,59002.1,4.134844080427619e-05,0.00011817654282636646
2024-08-12 00:00:00+00:00,59068.68,6.175584593091366e-06,2.1464723769137586e-05
2024-08-13 00:00:00+00:00,60603.41,4.975372506952318e-06,1.5056644411940357e-05
2024-08-14 00:00:00+00:00,58992.34,2.9899168951275783e-06,2.921322418087296e-06
2024-08-15 00:00:00+00:00,57631.09,-2.7450139493359537e-06,-2.083078772298352e-05
2024-08-16 00:00:00+00:00,58977.91,1.8255400101188089e-06,2.845812188323916e-05
2024-08-17 00:00:00+00:00,59316.93,2.8629090762314412e-05,0.0001001667830163503
2024-08-18 00:00:00+00:00,59355.93,6.797970393841054e-05,0.00020928917452677358
2024-08-19 00:00:00+00:00,59255.38,5.366232529312196e-06,-1.741055616922212e-05
2024-08-20 00:00:00+00:00,59372.97,7.538373634593531e-06,2.7182171998672813e-05
2024-08-21 00:00:00+00:00,61190.7,1.9082879744965215e-05,6.629385877709449e-05
2024-08-22 00:00:00+00:00,60444.05,3.174204166006279e-05,8.650601415443637e-05
2024-08-23 00:00:00+00:00,64148.33,1.0160213728396949e-05,3.749634039885937e-05
2024-08-24 00:00:00+00:00,63875.29,9.221161348318794e-05,0.00031238056190451154
2024-08-25 00:00:00+00:00,64513.53,5.7780652544426127e-05,0.00015965495876536442
2024-08-26 00:00:00+00:00,62995.33,3.406163771013737e-05,7.341048936836654e-05
2024-08-27 00:00:00+00:00,59524.91,9.89423441762131e-06,3.108932993418202e-05
2024-08-28 00:00:00+00:00,59207.19,3.121157368779659e-06,7.273896513549986e-06
2024-08-29 00:00:00+00:00,59212.27,-1.8022960310500507e-06,-1.0630661149377841e-05
2024-08-30 00:00:00+00:00,59224.96,-1.300710210453359e-06,2.329834116790595e-06
2024-08-31 00:00:00+00:00,59020.07,-2.4587728631606665e-06,-7.280734385346145e-06
2024-09-01 00:00:00+00:00,57299.9,2.0273757673305624e-07,5.113796868830093e-07
2024-09-02 00:00:00+00:00,59332.18,9.380596706615319e-06,3.516950009494417e-05
2024-09-03 00:00:00+00:00,57857.35,1.9996992084248702e-05,5.3541668196405665e-05
2024-09-04 00:00:00+00:00,58128.78,-9.112243890984132e-06,-2.7538826260473876e-05
2024-09-05 00:00:00+00:00,56082.64,-7.04057819756366e-08,1.1619949245726572e-06
2024-09-06 00:00:00+00:00,53619.15,2.9696138436814426e-07,-1.3018068210965296e-06
2024-09-07 00:00:00+00:00,53951.08,-3.5388437253475415e-07,4.272876025829263e-07
2024-09-08 00:00:00+00:00,54532.1,4.854310343646985e-08,1.0161167973453581e-06
2024-09-09 00:00:00+00:00,57228.48,8.148927506943423e-06,2.9630913685221065e-05
2024-09-10 00:00:00+00:00,57613.95,2.651488313007648e-05,7.769824703939389e-05
2024-09-11 00:00:00+00:00,57475.4,8.00136942819785e-07,1.0358027634248172e-06
2024-09-12 00:00:00+00:00,58141.67,5.808717849876787e-06,2.2619857665031946e-05
2024-09-13 00:00:00+00:00,60637.35,1.002787490697698e-05,2.262768078890101e-05
2024-09-14 00:00:00+00:00,60026.07,2.1969006526380113e-05,7.529310237210234e-05
2024-09-15 00:00:00+00:00,59438.46,1.3416998118151005e-05,3.899168268140844e-05
2024-09-16 00:00:00+00:00,57965.31,8.81151219888275e-06,2.493866074318254e-05
2024-09-17 00:00:00+00:00,60250.12,1.957767277638191e-05,5.3242195417698255e-05
2024-09-18 00:00:00+00:00,60687.01,8.051460001094788e-06,2.5472379152413604e-05
2024-09-19 00:00:00+00:00,62954.49,9.673467586110363e-05,0.00030711434453171017
2024-09-20 00:00:00+00:00,63186.12,4.623903792331458e-05,0.00012387567650915733
2024-09-21 00:00:00+00:00,63236.78,3.950434048015117e-05,0.00014051707925591528
2024-09-22 00:00:00+00:00,63880.5,3.4856261921051816e-05,0.00010599188812949561
2024-09-23 00:00:00+00:00,63224.81,3.3981675509437455e-05,8.243001736550648e-05
2024-09-24 00:00:00+00:00,64591.93,4.003136473264137e-05,0.00019905311690650578
2024-09-25 00:00:00+00:00,63258.82,7.917281831516654e-05,0.0001615585947799105
2024-09-26 00:00:00+00:00,65094.06,6.203170302738558e-05,0.00018260050499802332
2024-09-27 00:00:00+00:00,65889.24,2.2246603928315364e-05,6.60479151974209e-05
2024-09-28 00:00:00+00:00,65695.47,2.665476191653292e-05,9.229365958973563e-05
2024-09-29 00:00:00+00:00,65683.35,7.90622019142702e-05,0.0002790530555583159
2024-09-30 00:00:00+00:00,63476.22,7.835182420827976e-05,0.00020027118480217556
2024-10-01 00:00:00+00:00,60745.9,4.7804276778556954e-05,0.00012176012305587964
2024-10-02 00:00:00+00:00,60835.35,1.926827815911643e-05,0.00010823134763816911
2024-10-03 00:00:00+00:00,60888.88,6.389796855143925e-05,0.00014616306730231722
2024-10-04 00:00:00+00:00,62215.33,2.2268841638993105e-05,8.775180875440369e-05
2024-10-05 00:00:00+00:00,62036.99,0.00013315420504568854,0.0004065822741735343
2024-10-06 00:00:00+00:00,62612.93,6.203388976901924e-05,0.00019285618298167176
2024-10-07 00:00:00+00:00,62458.75,0.00013104411498564926,0.00036130256847031317
2024-10-08 00:00:00+00:00,62138.75,5.262071454713467e-05,0.00016623042377204137
2024-10-09 00:00:00+00:00,60747.64,9.027181239574714e-05,0.00026612567815175104
2024-10-10 00:00:00+00:00,60096.22,3.714505445660823e-05,0.00010323032924603634
2024-10-11 00:00:00+00:00,62441.1,4.2627718055526196e-05,0.0002066380414015853
2024-10-12 00:00:00+00:00,63276.89,0.00017007187630434326,0.0004989211790327409
2024-10-13 00:00:00+00:00,62810.24,0.00014155756209343652,0.00040478728553202975
2024-10-14 00:00:00+00:00,66433.74,0.00023761566569408337,0.000716791692365549
2024-10-15 00:00:00+00:00,66733.92,0.0001565429635743464,0.0004248930412395741
2024-10-16 00:00:00+00:00,67771.76,5.05851941497828e-05,0.0001543393364304658
2024-10-17 00:00:00+00:00,67416.26,3.104252746627917e-05,0.00010783919646396506
2024-10-18 00:00:00+00:00,68204.5,7.446323550376564e-05,0.00020906931069223302
2024-10-19 00:00:00+00:00,68324.4,2.696685597552237e-05,9.145695785579552e-05
2024-10-20 00:00:00+00:00,69125.5,0.0001354526299839074,0.0004722095075288005
2024-10-21 00:00:00+00:00,67752.35,0.00018968664031981637,0.0005216830714271874
2024-10-22 00:00:00+00:00,67686.57,0.00010109622003295358,0.00029960976032956835
2024-10-23 00:00:00+00:00,66415.61,8.910843662502337e-05,0.00033921644286493536
2024-10-24 00:00:00+00:00,68145.82,0.0002200641948782161,0.0006192879992072189
2024-10-25 00:00:00+00:00,66533.57,5.466763464241866e-05,0.00011811174719864852
2024-10-26 00:00:00+00:00,67049.24,1.3992663463689184e-05,5.2260882863004327e-05
2024-10-27 00:00:00+00:00,68032.74,6.131153992280926e-05,0.0002464595176790784
2024-10-28 00:00:00+00:00,69899.51,0.00018790765992271095,0.0005501277125210342
2024-10-29 00:00:00+00:00,72644.38,0.00024982278906374606,0.0007951353115498441
2024-10-30 00:00:00+00:00,72367.6,0.00019702578507083522,0.0004948022275994335
2024-10-31 00:00:00+00:00,70383.53,6.400043643512123e-05,0.0001961193555718895
2024-11-01 00:00:00+00:00,69393.67,1.6338129257804064e-05,4.016694139887324e-05
2024-11-02 00:00:00+00:00,69414.81,-7.828674416339644e-06,-4.2575620558357296e-05
2024-11-03 00:00:00+00:00,68860.87,-2.1458843563127307e-05,-5.6544097375187184e-05
2024-11-04 00:00:00+00:00,67879.4,-1.1923156888689287e-06,-6.550510163947134e-07
2024-11-05 00:00:00+00:00,69585.83,1.7828145427043728e-05,5.5615220191177766e-05
2024-11-06 00:00:00+00:00,75697.94,0.00015554400041607974,0.0005175559749125496
2024-11-07 00:00:00+00:00,75919.44,0.00018507666519631223,0.0005276883184942119
2024-11-08 00:00:00+00:00,76418.92,0.00015377948332235102,0.00046676349418486087
2024-11-09 00:00:00+00:00,76551.14,4.695497098590579e-05,0.00015805641274514544
2024-11-10 00:00:00+00:00,80667.21,0.00040343657344346444,0.001401837713235374
2024-11-11 00:00:00+00:00,88105.49,0.0001783277267851743,0.0003831177485286489
2024-11-12 00:00:00+00:00,88650.91,0.00034572521231784285,0.0009812763076767965
2024-11-13 00:00:00+00:00,89824.41,4.442418598077951e-05,0.00013483512208502542
2024-11-14 00:00:00+00:00,87665.33,8.042965545193845e-05,0.00025416157034612377
2024-11-15 00:00:00+00:00,91229.8,0.0001649197362264768,0.0005459752863224993
2024-11-16 00:00:00+00:00,90363.88,0.0001639514345194373,0.0005271260779475985
2024-11-17 00:00:00+00:00,89567.7,0.0004060254552747523,0.0013020317820873618
2024-11-18 00:00:00+00:00,91233.17,0.000363633798343153,0.0010195229442119787
2024-11-19 00:00:00+00:00,91934.22,0.0003401891776043981,0.001020185626733877
2024-11-20 00:00:00+00:00,94246.64,0.00012272711929048674,0.000292304187139426
2024-11-21 00:00:00+00:00,98456.77,0.0003802971927467324,0.0011920784755025246
2024-11-22 00:00:00+00:00,98741.51,0.00037677785739447336,0.001138581802662173
2024-11-23 00:00:00+00:00,97762.85,0.00017938757623583336,0.0005480907392167417
2024-11-24 00:00:00+00:00,98087.64,0.00016972653398210325,0.0004887624964513652
2024-11-25 00:00:00+00:00,94368.79,0.0002117196996405727,0.0005921577571289936
2024-11-26 00:00:00+00:00,91781.84,0.0001036062055995661,0.00033394174762218636
2024-11-27 00:00:00+00:00,96153.47,0.0001531452998807872,0.00046614694280318325
2024-11-28 00:00:00+00:00,95659.16,0.00013962164657488452,0.00046929913169946346
2024-11-29 00:00:00+00:00,97373.99,0.0003389985221129282,0.0009539937848080878
2024-11-30 00:00:00+00:00,96511.43,0.00018734759149476377,0.0006288893432218737
2024-12-01 00:00:00+00:00,97619.15,0.00014372040283910353,0.0004129655572639177
2024-12-02 00:00:00+00:00,95403.19,0.00016743353696084434,0.00045275978315547076
2024-12-03 00:00:00+00:00,96167.56,0.00016404451379978667,0.0005423788616664808
2024-12-04 00:00:00+00:00,98347.73,0.00028406312602421676,0.0008598694954606569
2024-12-05 00:00:00+00:00,96798.91,0.0006228723764464876,0.0016927614713198626
2024-12-06 00:00:00+00:00,100654.45,-9.637793217690893e-06,0.0001979246890131227
2024-12-07 00:00:00+00:00,99707.96,0.0001882476569026731,0.0004921422405937399
2024-12-08 00:00:00+00:00,100293.89,9.947667821004317e-05,0.00031202459795411097
2024-12-09 00:00:00+00:00,97021.2,9.034688162397544e-05,0.0002476455447730758
2024-12-10 00:00:00+00:00,96926.48,0.00010974255414643605,0.0003136586549990117
2024-12-11 00:00:00+00:00,101285.8,0.00010442431507063895,0.00033367193577653754
2024-12-12 00:00:00+00:00,100466.69,0.00010180343664488457,0.00031605519994371765
2024-12-13 00:00:00+00:00,101264.45,2.3216140668426817e-05,3.6475374989185874e-05
2024-12-14 00:00:00+00:00,101126.27,2.4217484243643806e-05,7.256221926596244e-05
2024-12-15 00:00:00+00:00,103255.87,9.144991170788844e-05,0.00035760356435532615
2024-12-16 00:00:00+00:00,105840.74,0.00016541462623168672,0.0004451601952089701
2024-12-17 00:00:00+00:00,105974.3,8.501187818684135e-05,0.0002531690726156384
2024-12-18 00:00:00+00:00,101121.91,6.324206708776159e-06,1.200626889207689e-05
2024-12-19 00:00:00+00:00,98284.92,0.00013320272309403744,0.0004208704261336042
2024-12-20 00:00:00+00:00,97406.14,1.4809331056354681e-05,6.071688595175375e-06
2024-12-21 00:00:00+00:00,97083.34,1.0677220172513413e-05,3.308948307592054e-05
2024-12-22 00:00:00+00:00,95443.26,-8.765003080174313e-06,-4.240367151341189e-05
2024-12-23 00:00:00+00:00,95039.79,3.958779421763516e-06,5.254352099601965e-05
2024-12-24 00:00:00+00:00,98698.29,5.148919154828233e-05,0.00013308462398138894
2024-12-25 00:00:00+00:00,98728.19,0.00010179431826747114,0.00035241794178259277
2024-12-26 00:00:00+00:00,95718.02,0.00011079836421685135,0.0003131830450985065
2024-12-27 00:00:00+00:00,94295.55,0.00023315108309137383,0.0006945740578445736
2024-12-28 00:00:00+00:00,95162.35,1.1022203808049348e-05,2.4241657654257184e-05
2024-12-29 00:00:00+00:00,92956.5,7.39930861373844e-05,0.00021406213432707187
2024-12-30 00:00:00+00:00,92605.09,0.00010417947003113567,0.00038909214280406047
2024-12-31 00:00:00+00:00,93290.59,0.00023939404009094508,0.0007254589263866538
2025-01-01 00:00:00+00:00,94600.84,0.0002789454440912448,0.0009330254848947555
2025-01-02 00:00:00+00:00,96810.68,0.0002849135225267883,0.0007294849930796192
2025-01-03 00:00:00+00:00,98269.11,0.00014654605539556655,0.0004232367798787192
2025-01-04 00:00:00+00:00,98409.1,0.00013545680578223686,0.00039219711253952745
2025-01-05 00:00:00+00:00,98664.69,8.829870195102347e-05,0.0002642115185973125
2025-01-06 00:00:00+00:00,102041.59,0.0001614596776408359,0.0004724945476998195
2025-01-07 00:00:00+00:00,97154.5,6.860554002404456e-05,0.00019719302035906266
2025-01-08 00:00:00+00:00,95261.33,8.75922783189777e-06,3.5695926830936444e-05
2025-01-09 00:00:00+00:00,92460.4,2.6931503243949795e-05,7.632014042441668e-05
2025-01-10 00:00:00+00:00,94752.64,4.312003524263058e-05,0.00013409690035919177
2025-01-11 00:00:00+00:00,94561.07,2.3575019052783325e-05,7.406863234277032e-05
2025-01-12 00:00:00+00:00,93900.3,6.28179308169855e-05,0.00019711666947252622
2025-01-13 00:00:00+00:00,94350.58,5.0242106385683945e-05,0.00016263070250030912
2025-01-14 00:00:00+00:00,96662.12,0.00018658523353167776,0.0005310485480156379
2025-01-15 00:00:00+00:00,99735.76,9.97294820098576e-05,0.00032285472080254197
2025-01-16 00:00:00+00:00,99820.1,0.00019524933027047326,0.0006619223416995979
2025-01-17 00:00:00+00:00,104442.89,0.00034000940741701425,0.000997113380604923
2025-01-18 00:00:00+00:00,104193.04,0.00022548847331287897,0.000712986551599875
2025-01-19 00:00:00+00:00,103297.88,0.00039316286406480415,0.0012943726896474026
2025-01-20 00:00:00+00:00,103471.18,0.0005615482657019341,0.0015719151537201162
2025-01-21 00:00:00+00:00,106015.7,0.000177338649206632,0.0004680982494714945
2025-01-22 00:00:00+00:00,103829.52,9.942948393107646e-05,0.00026909205682286224
2025-01-23 00:00:00+00:00,103990.38,5.4461740496567526e-05,0.00018384619702618247
2025-01-24 00:00:00+00:00,104775.05,4.104034789604268e-05,0.00010751189937875353
2025-01-25 00:00:00+00:00,105065.03,6.2810235240385e-05,0.000224767997661636
2025-01-26 00:00:00+00:00,104324.8,9.800710015553037e-05,0.000279026296926902
2025-01-27 00:00:00+00:00,101592.66,4.666595531190016e-05,0.00017002813305846138
2025-01-28 00:00:00+00:00,101199.7,7.333435610780256e-05,0.00018945942367846655
2025-01-29 00:00:00+00:00,103487.43,5.310920655122035e-05,0.00019073786116828435
2025-01-30 00:00:00+00:00,105108.97,0.00016139680869437176,0.00044156280757212327
2025-01-31 00:00:00+00:00,102243.48,2.6691149310079582e-05,9.612272399547346e-05
2025-02-01 00:00:00+00:00,100644.66,1.4461793312973014e-05,2.253594465978831e-05
2025-02-02 00:00:00+00:00,97960.77,2.4837780470432765e-06,7.977092238847867e-06
2025-02-03 00:00:00+00:00,101802.1,-1.317044354772116e-05,-4.7511678122029226e-05
2025-02-04 00:00:00+00:00,97732.51,6.626798842598857e-05,0.000213437433479145
2025-02-05 00:00:00+00:00,96476.18,2.029234148987873e-05,4.8897694561562205e-05
2025-02-06 00:00:00+00:00,96944.56,1.795940508783323e-05,4.9743367892438005e-05
2025-02-07 00:00:00+00:00,96078.03,1.14557368259114e-06,5.041371472587921e-06
2025-02-08 00:00:00+00:00,96493.41,-4.822213570113388e-07,-6.151693201414325e-06
2025-02-09 00:00:00+00:00,95847.75,3.985877799439606e-06,1.8230292270206592e-05
2025-02-10 00:00:00+00:00,97416.78,3.0086310756020383e-05,0.000113686079709546
2025-02-11 00:00:00+00:00,95554.29,5.5411217314811656e-05,0.00014247705964083438
2025-02-12 00:00:00+00:00,97814.48,3.2079020835126094e-05,0.0001438459649304412
2025-02-13 00:00:00+00:00,96408.41,3.216206724897445e-05,0.0001001406226544632
2025-02-14 00:00:00+00:00,97153.03,6.877063261802915e-05,0.00019525447516102927
2025-02-15 00:00:00+00:00,97549.93,0.00010358274081468192,0.00030133430994041887
2025-02-16 00:00:00+00:00,96880.67,4.62326196500431e-05,0.00011100959375800309
2025-02-17 00:00:00+00:00,95885.79,7.810127249043181e-06,2.198940889981168e-05
2025-02-18 00:00:00+00:00,95246.34,7.89602631697314e-06,2.501306467412261e-05
2025-02-19 00:00:00+00:00,96534.46,2.328205559755968e-05,7.294130597822883e-05
2025-02-20 00:00:00+00:00,98167.71,7.847156606006896e-05,0.00028560418584681993
2025-02-21 00:00:00+00:00,95784.22,0.00014147727936801642,0.00038508796112092595
2025-02-22 00:00:00+00:00,96653.43,2.317011602280806e-05,5.413208872504004e-05
2025-02-23 00:00:00+00:00,95798.59,-8.243515498436345e-07,1.1513776821724147e-07
2025-02-24 00:00:00+00:00,92443.61,1.541260626664123e-05,4.4974995066710494e-05
2025-02-25 00:00:00+00:00,88746.2,4.100567437478542e-05,0.00019524647672084183
2025-02-26 00:00:00+00:00,84309.0,4.408079862237049e-05,0.00010249459982582159
2025-02-27 00:00:00+00:00,84615.68,6.23637807061267e-05,0.0001818766823850445
2025-02-28 00:00:00+00:00,84094.36,2.8926497013730143e-05,4.801297066040145e-05
2025-03-01 00:00:00+00:00,86079.63,1.2104126453772038e-06,-4.47193388236588e-06
2025-03-02 00:00:00+00:00,94277.76,-1.7413505635903004e-05,-4.948823484573397e-05
2025-03-03 00:00:00+00:00,86591.38,1.6651923484847956e-05,6.768801853656762e-05
2025-03-04 00:00:00+00:00,87459.23,3.2606342401992898e-06,-9.384121515688146e-06
2025-03-05 00:00:00+00:00,90443.15,-2.3495913458772807e-06,-2.726233530683867e-06
2025-03-06 00:00:00+00:00,90318.15,-1.4344001330366464e-06,-5.825158912654224e-06
2025-03-07 00:00:00+00:00,86711.53,-3.219280056301867e-05,-0.00010275974124045169
2025-03-08 00:00:00+00:00,86339.34,-1.4638401801184497e-05,-4.301122511145715e-05
2025-03-09 00:00:00+00:00,80308.91,-4.107838950440977e-05,-0.0001608994412633549
2025-03-10 00:00:00+00:00,79466.62,-2.0109436292374228e-05,-1.4097352779328842e-05
2025-03-11 00:00:00+00:00,83118.09,-6.716000193354673e-05,-0.00020189915320260488
2025-03-12 00:00:00+00:00,83644.52,-6.234006136567259e-06,-2.5491092594479878e-05
2025-03-13 00:00:00+00:00,81353.72,-1.8966363428551313e-05,-5.983512936954051e-05
2025-03-14 00:00:00+00:00,84448.15,-4.302231388655879e-06,-2.7021823545360375e-06
2025-03-15 00:00:00+00:00,84387.09,-4.495074190595195e-06,-2.7838908057684276e-05
2025-03-16 00:00:00+00:00,82093.26,-1.3371021612555073e-05,-4.11275702126296e-05
2025-03-17 00:00:00+00:00,84068.19,-9.59266382451208e-06,-1.2984429671188536e-05
2025-03-18 00:00:00+00:00,82380.52,-6.482029955433258e-06,-5.07346511533482e-05
2025-03-19 00:00:00+00:00,86189.41,-2.597998119348492e-05,-4.859924740851928e-05
2025-03-20 00:00:00+00:00,84103.35,2.1651320927971725e-06,6.811498197139819e-06
2025-03-21 00:00:00+00:00,84147.86,-3.2387770178185394e-06,-1.578465730027121e-05
2025-03-22 00:00:00+00:00,83951.01,-2.379892140518409e-05,-7.415084885150844e-05
2025-03-23 00:00:00+00:00,85363.55,-8.207832901740693e-06,-1.4491390596122241e-05
2025-03-24 00:00:00+00:00,87470.83,-4.161366845168056e-06,-1.698313142685082e-05
2025-03-25 00:00:00+00:00,87503.36,-3.232004708384131e-07,3.3628623791078396e-06
2025-03-26 00:00:00+00:00,86844.17,2.8333086932661053e-06,6.642623947638568e-06
2025-03-27 00:00:00+00:00,87340.7,-7.466653543507127e-06,-2.0239753566860805e-05
2025-03-28 00:00:00+00:00,84425.0,-5.3326268588469925e-06,-1.612297410247922e-05
2025-03-29 00:00:00+00:00,82368.67,-2.502642239542859e-05,-9.640277793884442e-05
2025-03-30 00:00:00+00:00,82402.68,-8.552977045784385e-05,-0.0002824944067382004
2025-03-31 00:00:00+00:00,82391.19,-3.517877280279124e-05,-5.151909022844738e-05
2025-04-01 00:00:00+00:00,85102.3,2.4767994888441167e-05,7.055539825652635e-05
2025-04-02 00:00:00+00:00,82798.9,1.7527239809574464e-06,8.886021945108995e-06
2025-04-03 00:00:00+00:00,82699.6,2.9391159469568834e-06,1.5566964357074606e-05
2025-04-04 00:00:00+00:00,84028.28,7.25246409498866e-06,2.3222029950555076e-05
2025-04-05 00:00:00+00:00,83154.43,1.372245181032959e-05,2.9207542889388236e-05
2025-04-06 00:00:00+00:00,77997.93,-2.8486641896436734e-06,-2.3518240313071994e-05
2025-04-07 00:00:00+00:00,79927.97,-1.5369125608473757e-06,8.045024406373087e-06
2025-04-08 00:00:00+00:00,76657.08,1.169320543328359e-05,5.825717288163962e-05
2025-04-09 00:00:00+00:00,83046.05,6.659999217190562e-06,3.8017823899473468e-06
2025-04-10 00:00:00+00:00,79649.29,2.183260331453438e-06,2.3831322111920746e-06
2025-04-11 00:00:00+00:00,83388.94,5.769719933653931e-06,3.122893317150549e-05
2025-04-12 00:00:00+00:00,85338.13,4.9379632929969126e-05,0.0001559677192132397
2025-04-13 00:00:00+00:00,83308.32,3.711019935624338e-05,0.00010005904350686936
2025-04-14 00:00:00+00:00,84501.8,4.721019570324338e-06,-1.3899948276709686e-05
2025-04-15 00:00:00+00:00,83831.22,-9.475040854823635e-06,-1.0841453133017101e-05
2025-04-16 00:00:00+00:00,84467.72,-9.73930962570785e-07,-3.2001305850917345e-06
2025-04-17 00:00:00+00:00,84739.1,1.2324980346362737e-06,4.474075532339027e-06
2025-04-18 00:00:00+00:00,84519.1,1.9750981510695084e-07,8.021603524098577e-07
2025-04-19 00:00:00+00:00,85249.44,2.3569198694021137e-05,7.690426896865149e-05
2025-04-20 00:00:00+00:00,84835.77,5.4094451318862215e-06,1.2666647892394486e-05
2025-04-21 00:00:00+00:00,87171.83,2.3392786481678698e-05,8.18595420892612e-05
2025-04-22 00:00:00+00:00,92807.24,2.852460349448433e-05,4.3324604149101935e-05
2025-04-23 00:00:00+00:00,93818.4,-1.013037735440852e-05,-3.7110294117517324e-05
2025-04-24 00:00:00+00:00,93473.52,-3.333540992525649e-05,-0.00010190265472716542
2025-04-25 00:00:00+00:00,94928.65,-3.531722663590609e-05,-7.405221261283241e-05
2025-04-26 00:00:00+00:00,94822.6,5.881514942986564e-06,2.2788001362686462e-05
2025-04-27 00:00:00+00:00,93973.1,5.071574519091586e-06,1.4610847764171783e-05
2025-04-28 00:00:00+00:00,94840.18,4.620610344422308e-06,1.3764882308763155e-05
2025-04-29 00:00:00+00:00,94197.28,-1.9372432325577034e-07,-6.901294821682175e-08
2025-04-30 00:00:00+00:00,94134.44,1.4539575639995993e-07,1.517528856119672e-07
2025-05-01 00:00:00+00:00,96415.98,5.081144403731903e-06,1.7363768980736173e-05
2025-05-02 00:00:00+00:00,96685.58,5.373325712930125e-05,0.0001600661952705632
2025-05-03 00:00:00+00:00,96195.94,4.031797603821576e-06,1.1143803204858765e-05
2025-05-04 00:00:00+00:00,95020.72,3.1388468032018136e-06,9.481948511443685e-06
2025-05-05 00:00:00+00:00,95046.99,1.096930936664951e-05,4.360166353666173e-05
2025-05-06 00:00:00+00:00,96247.28,1.6716183288417257e-05,5.349609807820424e-05
2025-05-07 00:00:00+00:00,97266.6,2.603056534482398e-05,7.545447584206763e-05
2025-05-08 00:00:00+00:00,102993.68,6.79061730913885e-05,0.00023593303649541755
2025-05-09 00:00:00+00:00,102793.69,0.00010002399955215113,0.00026245515355626583
2025-05-10 00:00:00+00:00,103608.65,6.055496237290149e-05,0.00021855465153403542
2025-05-11 00:00:00+00:00,103814.46,0.0001493240718190979,0.00046718748400089767
2025-05-12 00:00:00+00:00,102857.74,7.232238296021133e-05,0.00016358991779542506
2025-05-13 00:00:00+00:00,104140.36,4.411133881457604e-05,0.00017157495407778552
2025-05-14 00:00:00+00:00,103529.57,9.103022113566001e-05,0.00024604827523424003
2025-05-15 00:00:00+00:00,103518.97,4.425007109778121e-05,0.0001199035837018887
2025-05-16 00:00:00+00:00,103545.22,3.053194534289897e-05,0.00011468880528139339
2025-05-17 00:00:00+00:00,103076.54,4.8891919604141605e-05,0.00016602044864033496
2025-05-18 00:00:00+00:00,105972.49,0.000133166481819942,0.0004103625754496713
2025-05-19 00:00:00+00:00,105590.49,8.849138852979889e-05,0.00023948315962043208
2025-05-20 00:00:00+00:00,106810.37,0.00011226029762968125,0.00036968606082381217
2025-05-21 00:00:00+00:00,108800.03,0.0001062165801564193,0.0003289189559875948
2025-05-22 00:00:00+00:00,111057.33,0.0001834176731807222,0.0005142023384158636
2025-05-23 00:00:00+00:00,107822.15,8.725334496455628e-05,0.00024528594980836513
2025-05-24 00:00:00+00:00,108103.6,1.0426303693499229e-05,3.121024513445452e-05
2025-05-25 00:00:00+00:00,109210.45,2.2113157423079238e-05,5.8626724073752715e-05
2025-05-26 00:00:00+00:00,109227.26,9.025964622759263e-05,0.0003165303934562097
2025-05-27 00:00:00+00:00,109073.53,7.612893424981218e-05,0.00018488965611206158
2025-05-28 00:00:00+00:00,107432.36,-4.573656324672679e-06,-2.729351392488975e-05
2025-05-29 00:00:00+00:00,105937.51,1.6489843211933644e-05,5.549456635231638e-05
2025-05-30 00:00:00+00:00,104013.59,-3.2390713058821895e-06,-1.0171883095872407e-05
2025-05-31 00:00:00+00:00,104689.04,-5.715241371939435e-06,-1.6215066272373053e-05
2025-06-01 00:00:00+00:00,105553.78,2.3875897316778635e-06,1.2515105011717817e-05
2025-06-02 00:00:00+00:00,105708.68,1.4151976179328136e-06,-4.234042874389313e-06
2025-06-03 00:00:00+00:00,105817.64,6.751291723196065e-06,2.3415586803731313e-05
2025-06-04 00:00:00+00:00,104842.1,1.985211274517026e-06,5.291500323639272e-06
2025-06-05 00:00:00+00:00,101548.64,1.0093401492232885e-06,3.6796613376269826e-06
2025-06-06 00:00:00+00:00,104560.17,-1.701499770352508e-05,-5.199120159410301e-05
2025-06-07 00:00:00+00:00,105877.1,-1.0140136360166595e-06,-2.5647055903179054e-06
2025-06-08 00:00:00+00:00,105818.2,6.905908683717708e-06,2.1733194169681934e-05
2025-06-09 00:00:00+00:00,110220.82,2.3320530115119906e-05,8.592307846688964e-05
2025-06-10 00:00:00+00:00,109747.03,5.671161052363898e-05,0.00015525490704650978
2025-06-11 00:00:00+00:00,108461.98,2.0885231032311186e-05,6.316771297031758e-05
2025-06-12 00:00:00+00:00,105937.43,1.1966593236482587e-05,3.479592372714995e-05
2025-06-13 00:00:00+00:00,105807.27,-1.7779120199596951e-06,-6.43761933697023e-06
2025-06-14 00:00:00+00:00,105461.54,2.752596002792196e-06,8.134486286527334e-06
2025-06-15 00:00:00+00:00,105283.57,1.032690592564681e-05,4.0731971317866986e-05
2025-06-16 00:00:00+00:00,107745.9,6.339795594668606e-05,0.00018269431082154473
2025-06-17 00:00:00+00:00,104247.27,1.70528301435401e-05,4.978916724856627e-05
2025-06-18 00:00:00+00:00,104838.11,5.450611049372891e-07,7.15418489982384e-07
2025-06-19 00:00:00+00:00,104616.66,-3.011671786604503e-07,-1.4575219528055292e-07
2025-06-20 00:00:00+00:00,103116.97,2.3747398997925017e-06,6.629270131460279e-06
2025-06-21 00:00:00+00:00,101815.96,-1.174491348634227e-05,-3.411883230754884e-05
2025-06-22 00:00:00+00:00,101006.06,-9.18180298086096e-08,-8.02612638933846e-07
2025-06-23 00:00:00+00:00,105625.14,-6.289895809704435e-07,-1.6944519355621517e-06
2025-06-24 00:00:00+00:00,106073.46,2.5122364311843965e-05,9.107754180710695e-05
2025-06-25 00:00:00+00:00,107339.2,4.272397065379677e-05,0.00011412966701154312
2025-06-26 00:00:00+00:00,107044.33,3.389894947820245e-05,0.00010822029112484825
2025-06-27 00:00:00+00:00,107161.99,9.75813015404562e-06,2.1632188157743284e-05
2025-06-28 00:00:00+00:00,107402.89,7.761747495274141e-06,3.1963380919706055e-05
2025-06-29 00:00:00+00:00,108107.54,4.9340179518877294e-05,0.00018540924287994387
2025-06-30 00:00:00+00:00,107138.03,6.438319859057767e-05,0.000149577022558498
2025-07-01 00:00:00+00:00,105651.9,3.492163160975467e-06,7.22767619100838e-06
2025-07-02 00:00:00+00:00,109201.4,6.337119244051083e-05,0.00023746192316771887
2025-07-03 00:00:00+00:00,109745.58,0.00011034103082506367,0.0003661322270796957
2025-07-04 00:00:00+00:00,108276.92,6.792043173480348e-05,0.0001312034521752973
2025-07-05 00:00:00+00:00,108217.17,2.069574987450738e-05,5.557940959255965e-05
2025-07-06 00:00:00+00:00,109251.57,3.00398247248855e-05,0.00013903451340099388
2025-07-07 00:00:00+00:00,108024.77,0.00011391835002769542,0.00029210068131320534
2025-07-08 00:00:00+00:00,108940.82,2.861164522724342e-05,0.00012814113286127216
2025-07-09 00:00:00+00:00,111433.71,0.00013884056376711398,0.0004547754308927434
2025-07-10 00:00:00+00:00,116019.99,0.00014616018635211394,0.0004045122558062119
2025-07-11 00:00:00+00:00,117660.42,0.00014235417368276186,0.0003985406470906527
2025-07-12 00:00:00+00:00,117423.3,6.053103643044718e-05,0.0002041831899304055
2025-07-13 00:00:00+00:00,118586.21,0.00016137078460001485,0.0005841764850572257
2025-07-14 00:00:00+00:00,120075.61,0.00023378911782452315,0.0006181603284081619
2025-07-15 00:00:00+00:00,117844.3,0.00017062475816686455,0.0005075191928051349
2025-07-16 00:00:00+00:00,118724.89,0.00011344192799098321,0.00033475365616863833
2025-07-17 00:00:00+00:00,119823.53,5.666619607300009e-05,0.00021174756659447913
2025-07-18 00:00:00+00:00,117769.76,0.00011927915504509175,0.00025699425848530496
2025-07-19 00:00:00+00:00,117854.89,2.626216972217777e-05,0.00013138352986781095
2025-07-20 00:00:00+00:00,117548.8,0.00014748974701604594,0.00047252351830311666
2025-07-21 00:00:00+00:00,117408.54,7.839830300421955e-05,0.00018508588074094462
2025-07-22 00:00:00+00:00,119891.44,6.229516645570061e-05,0.0002777520826226242
2025-07-23 00:00:00+00:00,118623.12,0.00013274361286670273,0.0003113034938342233
2025-07-24 00:00:00+00:00,118345.54,4.671644013461492e-05,0.00014505852535795236
2025-07-25 00:00:00+00:00,117308.33,0.0001960550914122778,0.0007487493514619859
2025-07-26 00:00:00+00:00,118055.69,0.0002263336049212698,0.000528144108642262
2025-07-27 00:00:00+00:00,119537.96,0.00011781483255095867,0.00048178039359876357
2025-07-28 00:00:00+00:00,117863.68,0.0001868609944180109,0.00044337727323872923
2025-07-29 00:00:00+00:00,117826.88,8.049968473173253e-05,0.00021817771013838552
2025-07-30 00:00:00+00:00,117489.65,1.1711905450286043e-05,1.8680089508517105e-05
2025-07-31 00:00:00+00:00,116005.19,1.3667044250227053e-05,5.066261537281978e-05
2025-08-01 00:00:00+00:00,113081.41,1.8177833495563542e-06,-3.4449581954904945e-06
2025-08-02 00:00:00+00:00,112834.67,-7.484389221277446e-07,-3.4294297707896375e-06
2025-08-03 00:00:00+00:00,114322.93,-6.610830858156262e-05,-0.0001986674878350785
2025-08-04 00:00:00+00:00,115343.96,1.0094601901631377e-05,5.342773402648924e-05
2025-08-05 00:00:00+00:00,113950.73,7.560887119719481e-05,0.0002697324698373065
2025-08-06 00:00:00+00:00,115127.68,9.743413903474294e-05,0.00024288913081578473
2025-08-07 00:00:00+00:00,117609.25,7.562533913459121e-05,0.0002475616882846946
2025-08-08 00:00:00+00:00,116900.17,0.00016764864148439808,0.00048121343095540746
2025-08-09 00:00:00+00:00,116574.75,0.00011746550248237105,0.00045253453072592923
2025-08-10 00:00:00+00:00,119024.82,0.00021562891909153944,0.0005820677030378703
2025-08-11 00:00:00+00:00,118906.15,0.00017322123145407584,0.0005207965089266605
2025-08-12 00:00:00+00:00,120082.45,0.00014844038207804155,0.00046462238500783067
2025-08-13 00:00:00+00:00,123012.68,0.00016822699425121125,0.00046557882189299606
2025-08-14 00:00:00+00:00,118370.27,0.00013954294831384953,0.00039601909399583114
2025-08-15 00:00:00+00:00,117787.92,6.789152565180132e-05,0.00021106289300986672
2025-08-16 00:00:00+00:00,117547.28,3.6763044705546103e-06,-2.6687712158356446e-06
2025-08-17 00:00:00+00:00,118030.02,-1.5684370997924835e-06,-4.373418585288608e-06
2025-08-18 00:00:00+00:00,116458.51,1.2303147524017022e-06,3.3441919972652316e-06
2025-08-19 00:00:00+00:00,113156.66,5.03443663948804e-06,2.2040891207479555e-05
2025-08-20 00:00:00+00:00,114605.47,3.105402528940875e-05,0.0001363473684984473
2025-08-21 00:00:00+00:00,112471.45,8.974724257213938e-05,0.0002198028172452885
2025-08-22 00:00:00+00:00,116725.6,9.703356386715391e-05,0.00042238304150858533
2025-08-23 00:00:00+00:00,115271.8,0.00032963070774790756,0.000922325493726537
2025-08-24 00:00:00+00:00,113433.28,0.00014890753609374043,0.00043712271014513564
2025-08-25 00:00:00+00:00,110169.08,9.326584399512766e-05,0.00024654945262408474
2025-08-26 00:00:00+00:00,111919.31,3.581342970235591e-06,8.891633489450565e-06
2025-08-27 00:00:00+00:00,111429.41,7.936329782410501e-05,0.0002305679875105141
2025-08-28 00:00:00+00:00,112357.86,0.0001365589689946673,0.0004246262322262743
2025-08-29 00:00:00+00:00,108376.7,2.0227801899725467e-05,3.643894057906052e-05
2025-08-30 00:00:00+00:00,108538.77,-5.837146290326599e-06,-1.6819239401622888e-05
2025-08-31 00:00:00+00:00,108888.25,1.0787975842033422e-05,4.474602205956146e-05
2025-09-01 00:00:00+00:00,108452.01,4.3140364670748246e-05,0.00013356973395654953
2025-09-02 00:00:00+00:00,111271.31,1.4093472602822552e-05,3.262665597260374e-05
2025-09-03 00:00:00+00:00,111994.88,6.258537437403158e-05,0.00020763178631445024
2025-09-04 00:00:00+00:00,111487.63,9.832227113713646e-06,4.134460655547003e-06
2025-09-05 00:00:00+00:00,110824.46,1.2749249413905628e-05,3.9955100265979025e-05
2025-09-06 00:00:00+00:00,110191.14,1.8292370940605808e-05,5.311477256238597e-05
2025-09-07 00:00:00+00:00,111244.7,2.015103361437392e-05,6.12173896931497e-05
2025-09-08 00:00:00+00:00,112261.28,5.992063110387798e-05,0.00018068728402712909
2025-09-09 00:00:00+00:00,111560.97,9.146409917654071e-05,0.00029917240152671585
2025-09-10 00:00:00+00:00,113908.44,8.368084015525573e-05,0.00025383378711162617
2025-09-11 00:00:00+00:00,115138.14,6.867391888086778e-05,0.00021466330804349347
2025-09-12 00:00:00+00:00,116102.03,0.00010623341670654932,0.00028694864726238077
2025-09-13 00:00:00+00:00,115928.91,8.602185500896238e-05,0.00030275728126809244
2025-09-14 00:00:00+00:00,116055.23,0.00011054061853795459,0.00037204992738143445
2025-09-15 00:00:00+00:00,115319.8,0.00010811988699787379,0.00025049369338072747
2025-09-16 00:00:00+00:00,116892.86,1.8120369254681254e-05,4.146711603809738e-05
2025-09-17 00:00:00+00:00,116597.1,3.0440833276759967e-05,0.00011188705582351933
2025-09-18 00:00:00+00:00,117124.72,9.216082654621146e-05,0.000286664177477732
2025-09-19 00:00:00+00:00,115670.31,4.7503818563149286e-05,0.00011520706346641398
2025-09-20 00:00:00+00:00,115839.38,2.2892309348486993e-06,2.9647948000834926e-06
2025-09-21 00:00:00+00:00,115583.35,4.138530269134243e-06,1.2455005934942401e-05
2025-09-22 00:00:00+00:00,112725.37,4.0582307268573235e-05,0.00012327353931873902
2025-09-23 00:00:00+00:00,112191.44,1.8044612535792276e-05,7.262640832584513e-05
2025-09-24 00:00:00+00:00,113372.13,7.67928938667364e-05,0.00021272484606383387
2025-09-25 00:00:00+00:00,109467.41,0.00012909365815188972,0.0004142359562532606
2025-09-26 00:00:00+00:00,109612.24,4.0820471178516646e-05,9.322706673494578e-05
2025-09-27 00:00:00+00:00,109648.33,6.273257913116109e-06,1.5936742042681293e-05
2025-09-28 00:00:00+00:00,111953.78,1.2658686076924594e-05,5.904903054826615e-05
2025-09-29 00:00:00+00:00,114232.63,8.717395651022573e-05,0.0002449120297419561
2025-09-30 00:00:00+00:00,113953.24,0.00014064322967575045,0.0004639285412804552
2025-10-01 00:00:00+00:00,117813.77,0.00010646924835439117,0.0002789376436060827
2025-10-02 00:00:00+00:00,120335.79,0.00020999833248616317,0.0006940594706595684
2025-10-03 00:00:00+00:00,122556.16,0.00017847040051512648,0.0004885201578741228
2025-10-04 00:00:00+00:00,122352.04,0.00020824410847410872,0.0006236664591746572
2025-10-05 00:00:00+00:00,123261.36,0.0002070735149620553,0.0007359286924894693
2025-10-06 00:00:00+00:00,125093.83,0.00021980856360958822,0.0005494351188236637
2025-10-07 00:00:00+00:00,122067.32,6.713767391761991e-05,0.00020717010036425904
2025-10-08 00:00:00+00:00,123248.84,3.644208960062981e-05,0.00010277560547350093
2025-10-09 00:00:00+00:00,121755.71,3.1216411390784225e-05,8.974145599693174e-05
2025-10-10 00:00:00+00:00,114042.45,7.479231034826115e-05,0.0005993124955989899
2025-10-11 00:00:00+00:00,111168.8,0.00023444314480471515,0.0003339780587808066
2025-10-12 00:00:00+00:00,115337.02,6.832915321904891e-05,0.00021651677272866636
2025-10-13 00:00:00+00:00,115610.22,2.257813966122264e-05,2.006048151996944e-05
2025-10-14 00:00:00+00:00,113273.27,8.923534672229582e-06,5.0353406618418166e-05
2025-10-15 00:00:00+00:00,110719.77,2.724745785156582e-05,6.829414489725283e-05
2025-10-16 00:00:00+00:00,107825.13,6.990992347712284e-05,0.0002946755441244744
2025-10-17 00:00:00+00:00,107026.27,8.960158032273953e-05,0.00017555066640996734
2025-10-18 00:00:00+00:00,107158.06,6.73797263342453e-05,0.00020154293916879403
2025-10-19 00:00:00+00:00,109187.05,7.383203373861796e-05,0.0002478277458855353
2025-10-20 00:00:00+00:00,110835.6,6.331455941205516e-05,0.0001649388229796515
2025-10-21 00:00:00+00:00,109113.47,3.663452809560561e-05,0.00011701425351233978
2025-10-22 00:00:00+00:00,107204.18,2.6949924267195666e-06,2.9318450522108697e-06
2025-10-23 00:00:00+00:00,109991.02,4.357705852929899e-05,0.0001510223336400061
2025-10-24 00:00:00+00:00,111037.76,3.777993785605465e-05,9.376085389938947e-05
2025-10-25 00:00:00+00:00,111645.45,6.089529056289793e-06,1.981622324391554e-05
2025-10-26 00:00:00+00:00,114690.03,0.00010478229119629359,0.00040370919911682094
2025-10-27 00:00:00+00:00,114113.72,0.00011709223658018548,0.00030044454975950563
2025-10-28 00:00:00+00:00,113244.82,0.00010499736344323688,0.00030737213863853163
2025-10-29 00:00:00+00:00,111039.55,7.555418888529447e-05,0.0002149713384779985
2025-10-30 00:00:00+00:00,107898.64,2.39194362189053e-05,5.420175449640117e-05
2025-10-31 00:00:00+00:00,109541.43,6.730090927336249e-05,0.0002178631956859671
2025-11-01 00:00:00+00:00,110034.21,1.6129060615036127e-05,7.811386989726491e-05
2025-11-02 00:00:00+00:00,109879.33,0.0001188564840218018,0.0003154685186368583
2025-11-03 00:00:00+00:00,106454.48,6.623693662633018e-06,1.6186727081820665e-05
2025-11-04 00:00:00+00:00,101246.57,-1.5676093450938516e-05,-4.6551872423119257e-05
2025-11-05 00:00:00+00:00,103700.58,1.621713655768852e-06,-8.205226123592355e-07
2025-11-06 00:00:00+00:00,101378.56,-3.594748693645453e-05,-0.00015042773797436121
2025-11-07 00:00:00+00:00,103601.55,-1.9619358230099183e-05,3.546429218304834e-06
2025-11-08 00:00:00+00:00,102360.54,-3.1046391730488827e-06,-2.1173960990464683e-05
2025-11-09 00:00:00+00:00,104701.26,1.2718626063247109e-06,8.058812431954217e-06
2025-11-10 00:00:00+00:00,106029.57,3.6264231318098665e-05,0.0001055252409693957
2025-11-11 00:00:00+00:00,102962.26,5.922731173489053e-06,1.5532206931995553e-05
2025-11-12 00:00:00+00:00,101965.73,5.441959538928775e-06,1.711792110794465e-05
2025-11-13 00:00:00+00:00,99786.58,3.6027467802224746e-06,1.1557495698996002e-05
2025-11-14 00:00:00+00:00,95109.9,-1.4624169622724174e-05,-4.3539052185340655e-05
2025-11-15 00:00:00+00:00,95556.51,-1.5093491686951041e-05,-6.692315353898636e-05
2025-11-16 00:00:00+00:00,94119.54,-3.9126615073447765e-05,-0.00012437799391627763
2025-11-17 00:00:00+00:00,92146.01,-5.326173963110371e-06,1.406516775579755e-05
2025-11-18 00:00:00+00:00,93110.88,1.1776949464053799e-06,3.3661176739781764e-06
2025-11-19 00:00:00+00:00,90384.14,-1.2829423753957966e-05,-4.589905287524559e-05
2025-11-20 00:00:00+00:00,87962.83,1.2547014749956695e-05,4.647062292464281e-05
2025-11-21 00:00:00+00:00,84235.87,-3.739334327541088e-05,-0.00010932420040623795
2025-11-22 00:00:00+00:00,85020.73,-2.973829997570875e-06,-1.2420035125879332e-05
2025-11-23 00:00:00+00:00,87983.91,-1.4073603539962643e-05,-4.173443805968091e-05
2025-11-24 00:00:00+00:00,88617.17,-5.579451510111567e-06,-3.664162030707323e-05
2025-11-25 00:00:00+00:00,87609.43,-7.658715097977715e-06,-3.4301572411148257e-07
2025-11-26 00:00:00+00:00,90382.94,4.423858484032891e-06,1.5917713028105858e-05
2025-11-27 00:00:00+00:00,91318.63,4.763827261986912e-06,1.4309527244312884e-05
2025-11-28 00:00:00+00:00,91121.88,2.8968190114843398e-05,8.286665111577309e-05
2025-11-29 00:00:00+00:00,90782.6,6.771830109193536e-07,2.668006253507931e-06
2025-11-30 00:00:00+00:00,91232.93,1.175662571608086e-05,3.53996325956686e-05
2025-12-01 00:00:00+00:00,86599.61,1.924229150484159e-06,5.928654454118434e-06
2025-12-02 00:00:00+00:00,92014.98,3.2528005078429933e-06,9.801560239624857e-06
2025-12-03 00:00:00+00:00,93808.33,2.0747633688729826e-05,6.543395912665556e-05
2025-12-04 00:00:00+00:00,92365.3,7.324450593608209e-06,1.9035213561320507e-05
2025-12-05 00:00:00+00:00,89273.26,2.6843981930700795e-06,5.949209731397494e-06
2025-12-06 00:00:00+00:00,89310.72,-5.229583456299289e-06,-1.3848074293732989e-05
2025-12-07 00:00:00+00:00,89617.95,6.96229234038734e-06,3.4441143219338195e-05
2025-12-08 00:00:00+00:00,90845.85,2.4566539987770232e-05,6.085124223570384e-05
2025-12-09 00:00:00+00:00,92885.85,1.0900071985867912e-05,3.601973503509241e-05
2025-12-10 00:00:00+00:00,92537.27,6.416734910204723e-06,1.7720242472516298e-05
2025-12-11 00:00:00+00:00,92381.99,6.364207091849992e-06,4.266363341792933e-05
2025-12-12 00:00:00+00:00,90349.52,2.3035109634671718e-05,4.4892332777828266e-05
2025-12-13 00:00:00+00:00,90157.39,7.710612509318323e-08,4.4647508470587667e-07
2025-12-14 00:00:00+00:00,88427.95,8.109550478852436e-06,2.4238429681453887e-05
2025-12-15 00:00:00+00:00,86244.06,2.2720141665339096e-05,7.399630388933778e-05
2025-12-16 00:00:00+00:00,87776.42,8.105577535894147e-06,2.0155451830863627e-05
2025-12-17 00:00:00+00:00,86315.49,2.530083996354608e-05,7.397936343497613e-05
2025-12-18 00:00:00+00:00,85534.29,4.9263628495481e-05,0.00015260106838492474
2025-12-19 00:00:00+00:00,88294.43,6.757545577604683e-05,0.00021175683280761303
2025-12-20 00:00:00+00:00,88253.43,3.4195336092834e-05,9.071565473627587e-05
2025-12-21 00:00:00+00:00,88454.75,4.408251809755576e-06,1.3993519406228863e-05
2025-12-22 00:00:00+00:00,88619.1,3.3785743150116134e-05,0.00012391849017815036
2025-12-23 00:00:00+00:00,87346.75,1.70498027555303e-05,3.563847282051167e-05
2025-12-24 00:00:00+00:00,87951.16,2.3843013271165534e-05,8.110890252373078e-05
2025-12-25 00:00:00+00:00,87604.31,2.1233048131501377e-05,4.8251496963330963e-05
2025-12-26 00:00:00+00:00,87479.18,8.904435905348635e-05,0.0003090124226197611
2025-12-27 00:00:00+00:00,87508.17,6.936235360436927e-05,0.00017378958181769446
2025-12-28 00:00:00+00:00,87836.62,5.1868383050727936e-05,0.0001498399482274211
2025-12-29 00:00:00+00:00,87242.87,0.00011652898177794309,0.00039279652844781713
2025-12-30 00:00:00+00:00,88338.25,6.723392136275479e-05,0.0001610861361941302
2025-12-31 00:00:00+00:00,87598.58,0.00010784947789514183,0.0003608458849369042
2026-01-01 00:00:00+00:00,88535.04,0.00011187443991767285,0.00031491699015367736
2026-01-02 00:00:00+00:00,90161.6,0.00011203728631289043,0.00031798342949031965
2026-01-03 00:00:00+00:00,90551.84,3.561006089959937e-05,0.00015053424576472584
2026-01-04 00:00:00+00:00,91187.07,0.00011839562137061942,0.00032446469072715126
2026-01-05 00:00:00+00:00,94178.04,0.00011091819463814555,0.00032124756497935
2026-01-06 00:00:00+00:00,93326.36,5.7064372600491125e-05,0.0002091783559719955
2026-01-07 00:00:00+00:00,91100.37,5.011769254559887e-05,0.0001391146919255685
2026-01-08 00:00:00+00:00,91162.93,2.4221976452428595e-05,4.5834319574059946e-05
2026-01-09 00:00:00+00:00,90510.99,2.70524233345028e-05,9.030564882513398e-05
2026-01-10 00:00:00+00:00,90315.07,6.71836515301609e-05,0.00023279491284144407
2026-01-11 00:00:00+00:00,90408.09,6.964625380274221e-05,0.00017758531416468378
2026-01-12 00:00:00+00:00,91157.54,8.563965209078126e-05,0.00025019632733887443
2026-01-13 00:00:00+00:00,95722.77,6.387102022017216e-05,0.0001911730858530382
2026-01-14 00:00:00+00:00,96897.68,3.5373842664402525e-05,0.00010505659878879183
2026-01-15 00:00:00+00:00,95550.18,1.65406730574826e-06,6.731512548230055e-06
2026-01-16 00:00:00+00:00,95474.33,2.1032717741543226e-05,6.884021088986504e-05
2026-01-17 00:00:00+00:00,95137.98,3.966034683506492e-06,6.826949877542142e-06
2026-01-18 00:00:00+00:00,95462.08,6.618659576835468e-07,7.8306321430773e-07
2026-01-19 00:00:00+00:00,92505.54,1.5091618505169392e-05,5.391791761763112e-05
2026-01-20 00:00:00+00:00,88386.29,9.322168208568732e-06,3.5751718960898666e-05
2026-01-21 00:00:00+00:00,89696.85,9.240879077888191e-05,0.00027340752367605215
2026-01-22 00:00:00+00:00,89266.21,7.394618648992914e-05,0.00022365144804447116
2026-01-23 00:00:00+00:00,89526.29,6.344603773439055e-05,0.0002093893918169681
2026-01-24 00:00:00+00:00,89304.58,6.334932448960724e-05,0.00017862478836680852
2026-01-25 00:00:00+00:00,86436.28,3.55306839903045e-05,0.00010485504722964542
2026-01-26 00:00:00+00:00,88049.3,5.314961915362139e-05,0.0001719547426873269
2026-01-27 00:00:00+00:00,89142.38,4.315100614199433e-05,9.944532945885609e-05
2026-01-28 00:00:00+00:00,89254.21,8.045234499961459e-05,0.00024046635440979876
2026-01-29 00:00:00+00:00,84428.07,2.3678498255550218e-05,7.768939299659402e-05
2026-01-30 00:00:00+00:00,84093.33,4.941977990049267e-06,3.3764026993034094e-05
2026-01-31 00:00:00+00:00,78072.09,4.602591191942758e-05,0.00010708942892899344
2026-02-01 00:00:00+00:00,77173.55,-1.6066347315371204e-06,-2.5010171189829495e-06
2026-02-02 00:00:00+00:00,78741.83,-3.918399535389575e-06,-1.4539100102576931e-05
2026-02-03 00:00:00+00:00,75618.82,-4.2455878759946935e-06,-7.630648283667022e-06
2026-02-04 00:00:00+00:00,72398.84,1.5592157177712346e-05,6.863140374386949e-05
2026-02-05 00:00:00+00:00,63789.92,9.955182487781632e-06,6.091614275512744e-06
2026-02-06 00:00:00+00:00,71304.93,-9.509991477789135e-05,-0.0003393736097809208
2026-02-07 00:00:00+00:00,69356.05,-2.1495919149725752e-05,-1.1956466163431692e-05
2026-02-08 00:00:00+00:00,71018.88,-2.890025374236995e-08,-8.87378616264597e-08
2026-02-09 00:00:00+00:00,70340.55,9.325624114572001e-08,1.479446482369919e-07
2026-02-10 00:00:00+00:00,68667.8,-9.562911678378364e-07,-2.7447031711095416e-06
2026-02-11 00:00:00+00:00,67377.45,-1.6179653964500874e-05,-4.793300808149526e-05
2026-02-12 00:00:00+00:00,66233.09,6.358844389639683e-06,1.9413272659140612e-05
2026-02-13 00:00:00+00:00,68956.25,-9.78665742229971e-06,-5.3950222924455686e-05
2026-02-14 00:00:00+00:00,69937.55,-7.894368200635887e-06,-2.7164779204859806e-08
2026-02-15 00:00:00+00:00,68948.5,-3.0308490154496257e-06,-4.535572257817116e-06
2026-02-16 00:00:00+00:00,68561.5,-4.600865952419937e-07,-7.12732594546725e-06
2026-02-17 00:00:00+00:00,67509.03,-1.2182272447411275e-06,-2.330684305272736e-06
2026-02-18 00:00:00+00:00,66375.57,-5.356983028183789e-06,-2.300344575649469e-05
2026-02-19 00:00:00+00:00,66894.84,-6.250995789221652e-06,-1.1463152605938252e-05
2026-02-20 00:00:00+00:00,68058.26,3.657006041555293e-06,1.2662493510688116e-05
2026-02-21 00:00:00+00:00,67966.69,1.1124043366720766e-05,3.186036559851917e-05
2026-02-22 00:00:00+00:00,67644.6,-5.823356782298408e-06,-1.8665267255229972e-05
2026-02-23 00:00:00+00:00,64705.78,-1.870659174066043e-05,-6.061416473599782e-05
2026-02-24 00:00:00+00:00,64119.79,-5.7357152283018694e-05,-0.00020325669737578637
2026-02-25 00:00:00+00:00,68467.18,-2.104028651180726e-05,-3.534284019606283e-05
2026-02-26 00:00:00+00:00,67579.28,-2.5040233912509212e-05,-7.64568269174008e-05
2026-02-27 00:00:00+00:00,65636.42,-4.268387611503847e-05,-0.0001262584574312659
2026-02-28 00:00:00+00:00,67118.97,-6.910513608311309e-05,-0.00019583338044032277
2026-03-01 00:00:00+00:00,65257.14,-3.398358331360251e-05,-0.00011970988605070454
2026-03-02 00:00:00+00:00,69446.49,-5.759963133368111e-06,-3.957724295825906e-06
2026-03-03 00:00:00+00:00,68328.13,-9.140794609798691e-06,-2.1822351857352308e-05
2026-03-04 00:00:00+00:00,72721.93,-5.21821389360611e-06,-3.1806599857889394e-05
2026-03-05 00:00:00+00:00,71217.01,5.1709823972812434e-06,3.128936588343025e-05
2026-03-06 00:00:00+00:00,68320.2,-1.8465886458613082e-06,-1.804740288718321e-05
2026-03-07 00:00:00+00:00,67255.47,-7.689408931042356e-06,-1.8982360031312833e-05
2026-03-08 00:00:00+00:00,66239.62,-3.531213801763359e-06,-7.637240596579662e-06
2026-03-09 00:00:00+00:00,68644.56,3.271091097253765e-06,1.5177798649790675e-05
2026-03-10 00:00:00+00:00,69716.4,1.0175535039279553e-06,3.778229321922958e-06
2026-03-11 00:00:00+00:00,70383.13,-8.20443674590401e-07,-2.4627575030288767e-06
2026-03-12 00:00:00+00:00,70184.66,5.775963100968081e-07,1.6485733105615023e-06
2026-03-13 00:00:00+00:00,70819.34,6.669274712507785e-06,1.968336456206543e-05
2026-03-14 00:00:00+00:00,70729.09,2.745170865814612e-07,1.1955048022214395e-06
2026-03-15 00:00:00+00:00,72753.87,7.346123536112082e-07,1.8577838464108877e-06
2026-03-16 00:00:00+00:00,74762.35,3.0153105598278007e-06,1.1601243357634374e-05
2026-03-17 00:00:00+00:00,74330.36,3.591968521165893e-06,9.906649565517526e-06
2026-03-18 00:00:00+00:00,71155.54,4.554819172559332e-06,1.3891361679228714e-05
2026-03-19 00:00:00+00:00,70186.7,1.0259351933878836e-06,2.47187888799675e-06
2026-03-20 00:00:00+00:00,70765.36,6.833906353007302e-06,2.1777872288475915e-05
2026-03-21 00:00:00+00:00,70267.59,3.4087378539624736e-05,0.00010105088334935692
2026-03-22 00:00:00+00:00,68320.51,-3.1255895944271713e-06,-1.3063043720998615e-05
2026-03-23 00:00:00+00:00,70760.59,1.917470861873927e-05,9.26318398041261e-05
2026-03-24 00:00:00+00:00,70289.06,1.7281734455092992e-05,2.2574890578450552e-05
2026-03-25 00:00:00+00:00,71349.99,2.096477074150374e-05,6.292281052461636e-05
2026-03-26 00:00:00+00:00,68845.73,5.6367971116198386e-06,1.5791320098976556e-05
2026-03-27 00:00:00+00:00,65986.63,9.489849771207994e-06,3.107183899439656e-05
2026-03-28 00:00:00+00:00,66704.56,-5.152299464115342e-07,-5.212356879640455e-06
2026-03-29 00:00:00+00:00,65810.97,1.335737237616142e-05,4.253294503850988e-05
2026-03-30 00:00:00+00:00,66735.35,2.0590567662622198e-05,6.858401333696594e-05
2026-03-31 00:00:00+00:00,68117.93,2.77146936825214e-05,8.947217736982896e-05
2026-04-01 00:00:00+00:00,68116.51,3.836593718492587e-05,0.00010098351946588047
2026-04-02 00:00:00+00:00,66982.09,-2.916949823657218e-05,-8.678396548157155e-05
2026-04-03 00:00:00+00:00,66885.86,2.4979185138810687e-05,8.353029668335797e-05
2026-04-04 00:00:00+00:00,67391.58,2.1537251810974735e-05,5.623036845032297e-05
2026-04-05 00:00:00+00:00,68318.1,1.748880868054823e-06,1.0513986857387667e-05
2026-04-06 00:00:00+00:00,68812.93,2.6604480523577856e-05,7.518831400216685e-05
2026-04-07 00:00:00+00:00,71501.1,4.235784264421469e-07,4.482922160068313e-06
2026-04-08 00:00:00+00:00,71071.7,4.0838882525080166e-05,0.00012159270152893324
2026-04-09 00:00:00+00:00,71959.24,-7.312380976824668e-09,2.2742195109604675e-07
2026-04-10 00:00:00+00:00,72902.99,7.988729611466694e-06,2.3625527630631062e-05
2026-04-11 00:00:00+00:00,73404.74,1.3988638661740084e-07,2.0738799256789046e-06
2026-04-12 00:00:00+00:00,70921.29,6.6223579400810625e-06,1.8184824394152313e-05
2026-04-13 00:00:00+00:00,74662.44,-4.599279173666569e-06,-2.0820111728152928e-05
2026-04-14 00:00:00+00:00,74064.4,-4.045568849612118e-06,-3.0711828194863504e-05
2026-04-15 00:00:00+00:00,74987.33,-9.23007558981334e-06,-2.0317131433634317e-06
2026-04-16 00:00:00+00:00,74887.34,3.985016214008881e-06,1.7471638703710034e-05
2026-04-17 00:00:00+00:00,77333.69,-9.855515626229576e-06,-3.78330990847343e-05
2026-04-18 00:00:00+00:00,75850.21,-7.80379024788661e-06,-2.2855219492037085e-05
2026-04-19 00:00:00+00:00,74076.23,3.1307472029531914e-06,1.027242549262367e-05
2026-04-20 00:00:00+00:00,76002.94,-1.3762579179394152e-06,-9.529342440556024e-06
2026-04-21 00:00:00+00:00,75666.5,-1.099731227934996e-07,5.5598263497460695e-06
2026-04-22 00:00:00+00:00,78636.15,-1.953845884724693e-05,-0.00010555696968128181
2026-04-23 00:00:00+00:00,78263.81,-3.330171891402413e-05,-8.177845224546208e-05
2026-04-24 00:00:00+00:00,77356.74,-1.4961831769037755e-05,-4.012181982082694e-05
2026-04-25 00:00:00+00:00,77579.74,-3.3532831930803743e-05,-7.73219996542883e-05
2026-04-26 00:00:00+00:00,78341.61,-1.8147436756422096e-07,1.5240961433360615e-07
2026-04-27 00:00:00+00:00,77066.19,-4.0166030103408814e-07,-4.4911532296815294e-06
2026-04-28 00:00:00+00:00,76236.05,-1.4376107714653399e-05,-4.015373094062763e-05
2026-04-29 00:00:00+00:00,75902.08,-4.458096018342677e-06,-1.3147450399658797e-05
2026-04-30 00:00:00+00:00,76208.19,-5.775343280980071e-07,-1.7338899961784715e-06
2026-05-01 00:00:00+00:00,78146.84,2.3343070870165188e-05,7.022493222296115e-05
2026-05-02 00:00:00+00:00,78830.77,4.2643524764452893e-07,1.914382723905977e-06
2026-05-03 00:00:00+00:00,79168.98,3.7154424368852238e-06,1.2865127963621485e-05
2026-05-04 00:00:00+00:00,80058.59,1.8759524716709214e-06,5.504954993740714e-07
2026-05-05 00:00:00+00:00,81110.66,-8.442770345033162e-06,-4.34982176273857e-05
2026-05-06 00:00:00+00:00,81342.18,-1.1952106538723622e-05,-1.5024341233171069e-05
2026-05-07 00:00:00+00:00,79909.75,1.620872413019022e-05,5.2369346035920065e-05
2026-05-08 00:00:00+00:00,80276.51,5.044073788741455e-06,1.3339734222394885e-05
2026-05-09 00:00:00+00:00,80761.35,2.6870305688043138e-05,7.836109509734542e-05
2026-05-10 00:00:00+00:00,82033.54,2.2378978495361043e-05,6.847453032135195e-05
2026-05-11 00:00:00+00:00,81814.74,3.9239428690885783e-05,0.0001166277617914402
2026-05-12 00:00:00+00:00,80644.1,4.5208760246238606e-06,1.303416834588547e-05
2026-05-13 00:00:00+00:00,79404.81,1.5934054974142087e-05,5.071252213008976e-05
2026-05-14 00:00:00+00:00,81454.27,-7.380339897574726e-07,-1.1800284510681931e-05
2026-05-15 00:00:00+00:00,79072.4,-2.046875748311071e-06,-3.1833114253505396e-07
2026-05-16 00:00:00+00:00,78158.71,-1.8705779767617445e-07,-5.227990315379624e-07
2026-05-17 00:00:00+00:00,77961.5,-1.0907777328046251e-05,-3.607445166660542e-05
2026-05-18 00:00:00+00:00,77029.21,-3.984434813875433e-06,-8.58514020063876e-06
2026-05-19 00:00:00+00:00,76652.01,1.0797130512352517e-09,2.202412203679218e-08
2026-05-20 00:00:00+00:00,77435.29,1.4707947949210332e-05,5.602204526245076e-05
2026-05-21 00:00:00+00:00,77559.81,2.592399813825311e-05,6.649632873923547e-05
2026-05-22 00:00:00+00:00,75656.31,5.5721375298189306e-06,3.0476977795580714e-05
2026-05-23 00:00:00+00:00,76494.16,-3.448667960709563e-06,-2.619965840945827e-05
2026-05-24 00:00:00+00:00,76718.32,-5.6084446006552464e-06,-1.5546589186345562e-05
2026-05-25 00:00:00+00:00,77051.45,2.4101154032856926e-07,7.114972173726422e-07
2026-05-26 00:00:00+00:00,75643.88,1.0714171623128478e-06,3.64711454127811e-06
2026-05-27 00:00:00+00:00,74315.25,1.2728302517602493e-05,4.202790601271426e-05
2026-05-28 00:00:00+00:00,73374.09,3.2751491106582205e-05,9.340590028891806e-05
2026-05-29 00:00:00+00:00,73393.48,5.631677942682628e-05,0.00016876140845772263
2026-05-30 00:00:00+00:00,73781.34,1.1557633080527197e-05,4.0857471716020674e-05
2026-05-31 00:00:00+00:00,73848.06,1.0702551221051122e-05,2.8365089388295794e-05
2026-06-01 00:00:00+00:00,71318.37,1.8108011578921207e-06,3.1124531897699985e-06
2026-06-02 00:00:00+00:00,66297.99,-5.8882787821662644e-06,-2.6635342119940733e-05
2026-06-03 00:00:00+00:00,64821.18,-9.459309240365035e-06,-2.593863389616312e-05
2026-06-04 00:00:00+00:00,63680.22,-0.00010851107742409957,-0.00031318434800541435
2026-06-05 00:00:00+00:00,61573.78,-5.3304870371056e-05,-0.00016539828029610664
2026-06-06 00:00:00+00:00,60528.74,-4.021610501164211e-06,-4.976899755356769e-06
2026-06-07 00:00:00+00:00,62846.34,-2.9043468274706493e-07,-1.8985556777834906e-06
2026-06-08 00:00:00+00:00,63426.35,-1.333014077642376e-06,-2.8673580014489447e-06
2026-06-09 00:00:00+00:00,61684.63,5.840393163643092e-06,1.8394019874116293e-05
2026-06-10 00:00:00+00:00,61328.86,2.029411750537148e-06,6.369707652360637e-06
2026-06-11 00:00:00+00:00,63444.5,4.505549152556659e-06,1.6157939814782235e-05
2026-06-12 00:00:00+00:00,63475.78,8.599027521919007e-06,2.2337310492334364e-05
2026-06-13 00:00:00+00:00,64433.02,1.5756271661213996e-07,1.534504714669906e-07
2026-06-14 00:00:00+00:00,65385.9,1.7628551146183444e-07,1.7460242258913332e-06
2026-06-15 00:00:00+00:00,66168.65,4.96979408718562e-07,1.850449280476273e-07
2026-06-16 00:00:00+00:00,65723.0,6.107282980802637e-06,2.3840488014710682e-05
2026-06-17 00:00:00+00:00,64248.07,5.4100629525465535e-06,1.0554434734226368e-05
2026-06-18 00:00:00+00:00,62825.16,2.5495247373672986e-06,7.2399982012244754e-06
2026-06-19 00:00:00+00:00,63262.05,-5.880588268880288e-06,-1.7197998877041497e-05
2026-06-20 00:00:00+00:00,64209.59,-1.2801953936049077e-06,-3.7845671368913446e-06
2026-06-21 00:00:00+00:00,63731.09,4.91690133563189e-06,1.4663290833516714e-05
2026-06-22 00:00:00+00:00,63905.92,1.790849282218869e-06,5.633660282710156e-06
2026-06-23 00:00:00+00:00,62411.51,-2.000364125873074e-06,-4.428999085005366e-06
