auction_date,tenor,security_type,security_term,cusip,issue_date,offering_amt,high_yield,reopening
2019-01-03,,Bill,8-Week,912796UR8,2019-01-08,30000000000,null,No
2019-01-03,,Bill,4-Week,912796UM9,2019-01-08,40000000000,null,Yes
2019-01-07,,Bill,13-Week,912796RG6,2019-01-10,39000000000,null,Yes
2019-01-07,,Bill,26-Week,912796RZ4,2019-01-10,36000000000,null,No
2019-01-08,3Y,Note,3-Year,9128285V8,2019-01-15,38000000000,2.5590,No
2019-01-09,10Y,Note,9-Year 10-Month,9128285M8,2019-01-15,24000000000,2.7280,Yes
2019-01-10,,Bill,8-Week,912796US6,2019-01-15,30000000000,null,No
2019-01-10,,Bill,4-Week,912796UN7,2019-01-15,40000000000,null,Yes
2019-01-10,30Y,Bond,29-Year 10-Month,912810SE9,2019-01-15,16000000000,3.0350,Yes
2019-01-14,,Bill,13-Week,912796RH4,2019-01-17,39000000000,null,Yes
2019-01-14,,Bill,26-Week,912796QR3,2019-01-17,36000000000,null,Yes
2019-01-17,,Bill,4-Week,912796UP2,2019-01-22,40000000000,null,Yes
2019-01-17,10Y,Note,10-Year,9128285W6,2019-01-31,13000000000,0.9190,No
2019-01-17,,Bill,8-Week,912796UT4,2019-01-22,30000000000,null,No
2019-01-22,,Bill,26-Week,912796SA8,2019-01-24,39000000000,null,No
2019-01-22,,Bill,13-Week,912796QC6,2019-01-24,42000000000,null,Yes
2019-01-24,,Bill,8-Week,912796UU1,2019-01-29,35000000000,null,No
2019-01-24,,Bill,4-Week,912796UQ0,2019-01-29,45000000000,null,Yes
2019-01-28,2Y,Note,2-Year,9128285X4,2019-01-31,40000000000,2.6000,No
2019-01-28,,Bill,26-Week,912796SB6,2019-01-31,39000000000,null,No
2019-01-28,5Y,Note,5-Year,9128285Z9,2019-01-31,41000000000,2.5760,No
2019-01-28,,Bill,13-Week,912796RJ0,2019-01-31,42000000000,null,Yes
2019-01-29,7Y,Note,7-Year,9128286A3,2019-01-31,32000000000,2.6250,No
2019-01-29,,Bill,52-Week,912796RY7,2019-01-31,26000000000,null,No
2019-01-29,2Y,Note,2-Year,9128285Y2,2019-01-31,20000000000,null,No
2019-01-31,,Bill,4-Week,912796UR8,2019-02-05,50000000000,null,Yes
2019-01-31,,Bill,8-Week,912796UV9,2019-02-05,35000000000,null,No
2019-02-04,,Bill,13-Week,912796RP6,2019-02-07,45000000000,null,Yes
2019-02-04,,Bill,26-Week,912796SC4,2019-02-07,39000000000,null,No
2019-02-05,3Y,Note,3-Year,9128286C9,2019-02-15,38000000000,2.5020,No
2019-02-06,10Y,Note,10-Year,9128286B1,2019-02-15,27000000000,2.6890,No
2019-02-06,,Bill,18-Day,912796XJ3,2019-02-11,50000000000,null,No
2019-02-07,,Bill,8-Week,912796UW7,2019-02-12,35000000000,null,No
2019-02-07,30Y,Bond,30-Year,912810SF6,2019-02-15,19000000000,3.0220,No
2019-02-07,,Bill,4-Week,912796US6,2019-02-12,50000000000,null,Yes
2019-02-11,,Bill,13-Week,912796RQ4,2019-02-14,45000000000,null,Yes
2019-02-11,,Bill,26-Week,912796QV4,2019-02-14,39000000000,null,Yes
2019-02-14,,Bill,4-Week,912796UT4,2019-02-19,50000000000,null,Yes
2019-02-14,,Bill,8-Week,912796UX5,2019-02-19,35000000000,null,No
2019-02-19,,Bill,26-Week,912796SE0,2019-02-21,39000000000,null,No
2019-02-19,,Bill,13-Week,912796QH5,2019-02-21,45000000000,null,Yes
2019-02-20,2Y,Note,1-Year 11-Month,9128285Y2,2019-02-22,18000000000,null,Yes
2019-02-21,,Bill,8-Week,912796UY3,2019-02-26,35000000000,null,No
2019-02-21,,Bill,4-Week,912796UU1,2019-02-26,50000000000,null,Yes
2019-02-21,30Y,Bond,30-Year,912810SG4,2019-02-28,8000000000,1.0930,No
2019-02-25,2Y,Note,2-Year,9128286D7,2019-02-28,40000000000,2.5030,No
2019-02-25,5Y,Note,5-Year,9128286G0,2019-02-28,41000000000,2.4890,No
2019-02-25,,Bill,26-Week,912796SF7,2019-02-28,39000000000,null,No
2019-02-25,,Bill,13-Week,912796RR2,2019-02-28,48000000000,null,Yes
2019-02-26,,Bill,52-Week,912796SD2,2019-02-28,26000000000,null,No
2019-02-26,7Y,Note,7-Year,9128286F2,2019-02-28,32000000000,2.5380,No
2019-02-28,,Bill,8-Week,912796UZ0,2019-03-05,35000000000,null,No
2019-02-28,,Bill,4-Week,912796UV9,2019-03-05,60000000000,null,Yes
2019-02-28,,Bill,41-Day,912796RG6,2019-03-01,23000000000,null,Yes
2019-03-04,,Bill,26-Week,912796SG5,2019-03-07,39000000000,null,No
2019-03-04,,Bill,13-Week,912796RS0,2019-03-07,48000000000,null,Yes
2019-03-05,,Bill,42-Day,912796RH4,2019-03-07,30000000000,null,Yes
2019-03-07,,Bill,4-Week,912796UW7,2019-03-12,60000000000,null,Yes
2019-03-07,,Bill,8-Week,912796VA4,2019-03-12,35000000000,null,No
2019-03-11,,Bill,13-Week,912796RU5,2019-03-14,48000000000,null,Yes
2019-03-11,3Y,Note,3-Year,9128286H8,2019-03-15,38000000000,2.4480,No
2019-03-11,,Bill,26-Week,912796RA9,2019-03-14,39000000000,null,Yes
2019-03-12,10Y,Note,9-Year 11-Month,9128286B1,2019-03-15,24000000000,2.6150,Yes
2019-03-13,30Y,Bond,29-Year 11-Month,912810SF6,2019-03-15,16000000000,3.0140,Yes
2019-03-14,,Bill,4-Week,912796UX5,2019-03-19,60000000000,null,Yes
2019-03-14,,Bill,8-Week,912796VB2,2019-03-19,35000000000,null,No
2019-03-18,,Bill,26-Week,912796SJ9,2019-03-21,39000000000,null,No
2019-03-18,,Bill,13-Week,912796QM4,2019-03-21,48000000000,null,Yes
2019-03-21,10Y,Note,9-Year 10-Month,9128285W6,2019-03-29,11000000000,0.5780,Yes
2019-03-21,,Bill,8-Week,912796VC0,2019-03-26,35000000000,null,No
2019-03-21,,Bill,4-Week,912796UY3,2019-03-26,60000000000,null,Yes
2019-03-25,,Bill,13-Week,912796RV3,2019-03-28,48000000000,null,Yes
2019-03-25,,Bill,26-Week,912796SK6,2019-03-28,39000000000,null,No
2019-03-26,2Y,Note,2-Year,912828C57,2019-04-01,40000000000,2.2610,Yes
2019-03-26,,Bill,52-Week,912796SH3,2019-03-28,26000000000,null,No
2019-03-27,5Y,Note,5-Year,912828W71,2019-04-01,41000000000,2.1720,Yes
2019-03-27,2Y,Note,1-Year 10-Month,9128285Y2,2019-03-29,18000000000,null,Yes
2019-03-28,,Bill,8-Week,912796VD8,2019-04-02,35000000000,null,No
2019-03-28,,Bill,4-Week,912796UZ0,2019-04-02,50000000000,null,Yes
2019-03-28,7Y,Note,7-Year,9128286L9,2019-04-01,32000000000,2.2810,No
2019-04-01,,Bill,26-Week,912796SL4,2019-04-04,39000000000,null,No
2019-04-01,,Bill,13-Week,912796RW1,2019-04-04,45000000000,null,Yes
2019-04-04,,Bill,4-Week,912796VA4,2019-04-09,50000000000,null,Yes
2019-04-04,,Bill,8-Week,912796VE6,2019-04-09,35000000000,null,No
2019-04-08,,Bill,26-Week,912796RF8,2019-04-11,36000000000,null,Yes
2019-04-08,,Bill,13-Week,912796RZ4,2019-04-11,42000000000,null,Yes
2019-04-09,3Y,Note,3-Year,9128286M7,2019-04-15,38000000000,2.3010,No
2019-04-10,10Y,Note,9-Year 10-Month,9128286B1,2019-04-15,24000000000,2.4660,Yes
2019-04-11,,Bill,8-Week,912796VF3,2019-04-16,35000000000,null,No
2019-04-11,,Bill,4-Week,912796VB2,2019-04-16,50000000000,null,Yes
2019-04-11,30Y,Bond,29-Year 10-Month,912810SF6,2019-04-15,16000000000,2.9300,Yes
2019-04-15,,Bill,26-Week,912796SN0,2019-04-18,36000000000,null,No
2019-04-15,,Bill,13-Week,912796QR3,2019-04-18,42000000000,null,Yes
2019-04-18,5Y,Note,5-Year,9128286N5,2019-04-30,17000000000,0.5150,No
2019-04-18,,Bill,4-Week,912796VC0,2019-04-23,50000000000,null,Yes
2019-04-18,,Bill,8-Week,912796VG1,2019-04-23,35000000000,null,No
2019-04-22,,Bill,13-Week,912796SA8,2019-04-25,42000000000,null,Yes
2019-04-22,,Bill,26-Week,912796SP5,2019-04-25,36000000000,null,No
2019-04-23,,Bill,52-Week,912796SM2,2019-04-25,26000000000,null,No
2019-04-23,2Y,Note,2-Year,912828WG1,2019-04-30,40000000000,2.3550,Yes
2019-04-24,2Y,Note,2-Year,9128286Q8,2019-04-30,20000000000,null,No
2019-04-24,5Y,Note,5-Year,9128286R6,2019-04-30,41000000000,2.3150,No
2019-04-25,,Bill,8-Week,912796VH9,2019-04-30,35000000000,null,No
2019-04-25,7Y,Note,7-Year,9128286S4,2019-04-30,32000000000,2.4260,No
2019-04-25,,Bill,4-Week,912796VD8,2019-04-30,50000000000,null,Yes
2019-04-29,,Bill,13-Week,912796SB6,2019-05-02,39000000000,null,Yes
2019-04-29,,Bill,26-Week,912796SQ3,2019-05-02,36000000000,null,No
2019-05-02,,Bill,4-Week,912796VE6,2019-05-07,50000000000,null,Yes
2019-05-02,,Bill,37-Day,912796RU5,2019-05-07,20000000000,null,Yes
2019-05-02,,Bill,8-Week,912796VJ5,2019-05-07,35000000000,null,No
2019-05-06,,Bill,26-Week,912796RM3,2019-05-09,36000000000,null,Yes
2019-05-06,,Bill,13-Week,912796SC4,2019-05-09,39000000000,null,Yes
2019-05-07,3Y,Note,3-Year,9128286U9,2019-05-15,38000000000,2.2480,No
2019-05-08,10Y,Note,10-Year,9128286T2,2019-05-15,27000000000,2.4790,No
2019-05-09,,Bill,4-Week,912796VF3,2019-05-14,50000000000,null,Yes
2019-05-09,30Y,Bond,30-Year,912810SH2,2019-05-15,19000000000,2.8920,No
2019-05-09,,Bill,8-Week,912796VK2,2019-05-14,35000000000,null,No
2019-05-13,,Bill,26-Week,912796SS9,2019-05-16,36000000000,null,No
2019-05-13,,Bill,13-Week,912796QV4,2019-05-16,39000000000,null,Yes
2019-05-16,,Bill,8-Week,912796VL0,2019-05-21,35000000000,null,No
2019-05-16,,Bill,4-Week,912796VG1,2019-05-21,50000000000,null,Yes
2019-05-20,,Bill,26-Week,912796ST7,2019-05-23,36000000000,null,No
2019-05-20,,Bill,13-Week,912796SE0,2019-05-23,36000000000,null,Yes
2019-05-21,,Bill,52-Week,912796SR1,2019-05-23,26000000000,null,No
2019-05-23,,Bill,4-Week,912796VH9,2019-05-28,45000000000,null,Yes
2019-05-23,,Bill,8-Week,912796VM8,2019-05-28,35000000000,null,No
2019-05-23,10Y,Note,9-Year 8-Month,9128285W6,2019-05-31,11000000000,0.5670,Yes
2019-05-28,2Y,Note,2-Year,9128286V7,2019-05-31,40000000000,2.1250,No
2019-05-28,,Bill,26-Week,912796SU4,2019-05-30,36000000000,null,No
2019-05-28,5Y,Note,5-Year,912828XT2,2019-05-31,41000000000,2.0650,Yes
2019-05-28,,Bill,13-Week,912796SF7,2019-05-30,36000000000,null,Yes
2019-05-29,2Y,Note,1-Year 11-Month,9128286Q8,2019-05-31,18000000000,null,Yes
2019-05-29,7Y,Note,7-Year,9128286X3,2019-05-31,32000000000,2.1440,No
2019-05-30,,Bill,8-Week,912796VN6,2019-06-04,35000000000,null,No
2019-05-30,,Bill,4-Week,912796VJ5,2019-06-04,40000000000,null,Yes
2019-06-03,,Bill,26-Week,912796RN1,2019-06-06,36000000000,null,Yes
2019-06-03,,Bill,13-Week,912796SG5,2019-06-06,36000000000,null,Yes
2019-06-06,,Bill,8-Week,912796VP1,2019-06-11,35000000000,null,No
2019-06-06,,Bill,4-Week,912796VK2,2019-06-11,40000000000,null,Yes
2019-06-10,,Bill,26-Week,912796SW0,2019-06-13,36000000000,null,No
2019-06-10,,Bill,13-Week,912796RA9,2019-06-13,36000000000,null,Yes
2019-06-11,3Y,Note,3-Year,9128286Y1,2019-06-17,38000000000,1.8610,No
2019-06-12,10Y,Note,9-Year 11-Month,9128286T2,2019-06-17,24000000000,2.1300,Yes
2019-06-13,,Bill,8-Week,912796VQ9,2019-06-18,35000000000,null,No
2019-06-13,,Bill,4-Week,912796VL0,2019-06-18,40000000000,null,Yes
2019-06-13,30Y,Bond,29-Year 11-Month,912810SH2,2019-06-17,16000000000,2.6070,Yes
2019-06-17,,Bill,13-Week,912796SJ9,2019-06-20,36000000000,null,Yes
2019-06-17,,Bill,26-Week,912796SX8,2019-06-20,36000000000,null,No
2019-06-18,,Bill,52-Week,912796SV2,2019-06-20,26000000000,null,No
2019-06-20,,Bill,8-Week,912796VR7,2019-06-25,35000000000,null,No
2019-06-20,5Y,Note,4-Year 10-Month,9128286N5,2019-06-28,15000000000,0.1520,Yes
2019-06-20,,Bill,4-Week,912796VM8,2019-06-25,40000000000,null,Yes
2019-06-21,10Y,Note,9-Year 11-Month,9128286T2,2019-06-26,25000000,2.0650,Yes
2019-06-24,,Bill,13-Week,912796SK6,2019-06-27,36000000000,null,Yes
2019-06-24,,Bill,26-Week,912796SY6,2019-06-27,36000000000,null,No
2019-06-25,2Y,Note,2-Year,9128287A2,2019-07-01,40000000000,1.6950,No
2019-06-26,5Y,Note,5-Year,9128286Z8,2019-07-01,41000000000,1.7910,No
2019-06-26,2Y,Note,1-Year 10-Month,9128286Q8,2019-06-28,18000000000,null,Yes
2019-06-27,,Bill,8-Week,912796VS5,2019-07-02,35000000000,null,No
2019-06-27,7Y,Note,7-Year,9128287B0,2019-07-01,32000000000,1.8890,No
2019-06-27,,Bill,4-Week,912796VN6,2019-07-02,40000000000,null,Yes
2019-07-01,,Bill,13-Week,912796SL4,2019-07-05,36000000000,null,Yes
2019-07-01,,Bill,26-Week,912796RT8,2019-07-05,36000000000,null,Yes
2019-07-03,,Bill,8-Week,912796VT3,2019-07-09,35000000000,null,No
2019-07-03,,Bill,4-Week,912796VP1,2019-07-09,40000000000,null,Yes
2019-07-08,,Bill,26-Week,912796TA7,2019-07-11,36000000000,null,No
2019-07-08,,Bill,13-Week,912796RF8,2019-07-11,36000000000,null,Yes
2019-07-09,3Y,Note,3-Year,9128287C8,2019-07-15,38000000000,1.8570,No
2019-07-10,10Y,Note,9-Year 10-Month,9128286T2,2019-07-15,24000000000,2.0640,Yes
2019-07-11,30Y,Bond,29-Year 10-Month,912810SH2,2019-07-15,16000000000,2.6440,Yes
2019-07-11,,Bill,8-Week,912796VU0,2019-07-16,35000000000,null,No
2019-07-11,,Bill,4-Week,912796VQ9,2019-07-16,35000000000,null,Yes
2019-07-15,,Bill,26-Week,912796TB5,2019-07-18,36000000000,null,No
2019-07-15,,Bill,13-Week,912796SN0,2019-07-18,36000000000,null,Yes
2019-07-16,,Bill,52-Week,912796SZ3,2019-07-18,26000000000,null,No
2019-07-18,10Y,Note,10-Year,9128287D6,2019-07-31,14000000000,0.2820,No
2019-07-18,,Bill,8-Week,912796VV8,2019-07-23,35000000000,null,No
2019-07-18,,Bill,4-Week,912796VR7,2019-07-23,35000000000,null,Yes
2019-07-22,,Bill,26-Week,912796TC3,2019-07-25,36000000000,null,No
2019-07-22,,Bill,13-Week,912796SP5,2019-07-25,36000000000,null,Yes
2019-07-23,2Y,Note,2-Year,9128287F1,2019-07-31,40000000000,1.8250,No
2019-07-24,2Y,Note,2-Year,9128287G9,2019-07-31,20000000000,null,No
2019-07-24,5Y,Note,5-Year,912828Y87,2019-07-31,41000000000,1.8240,No
2019-07-25,7Y,Note,7-Year,912828Y95,2019-07-31,32000000000,1.9670,No
2019-07-25,,Bill,4-Week,912796VS5,2019-07-30,35000000000,null,Yes
2019-07-25,,Bill,8-Week,912796VW6,2019-07-30,35000000000,null,No
2019-07-29,,Bill,13-Week,912796SQ3,2019-08-01,36000000000,null,Yes
2019-07-29,,Bill,26-Week,912796RY7,2019-08-01,36000000000,null,Yes
2019-08-01,,Bill,8-Week,912796VX4,2019-08-06,35000000000,null,No
2019-08-01,,Bill,45-Day,912796XK0,2019-08-02,35000000000,null,No
2019-08-01,,Bill,4-Week,912796VT3,2019-08-06,35000000000,null,Yes
2019-08-05,,Bill,13-Week,912796RM3,2019-08-08,39000000000,null,Yes
2019-08-05,,Bill,26-Week,912796TE9,2019-08-08,39000000000,null,No
2019-08-06,3Y,Note,3-Year,912828YA2,2019-08-15,38000000000,1.5620,No
2019-08-07,10Y,Note,10-Year,912828YB0,2019-08-15,27000000000,1.6700,No
2019-08-08,30Y,Bond,30-Year,912810SJ8,2019-08-15,19000000000,2.3350,No
2019-08-08,,Bill,8-Week,912796VY2,2019-08-13,40000000000,null,No
2019-08-08,,Bill,4-Week,912796VU0,2019-08-13,50000000000,null,Yes
2019-08-12,,Bill,13-Week,912796SS9,2019-08-15,42000000000,null,Yes
2019-08-12,,Bill,26-Week,912796TF6,2019-08-15,42000000000,null,No
2019-08-13,,Bill,52-Week,912796TD1,2019-08-15,28000000000,null,No
2019-08-15,,Bill,8-Week,912796VZ9,2019-08-20,40000000000,null,No
2019-08-15,,Bill,4-Week,912796VV8,2019-08-20,55000000000,null,Yes
2019-08-19,,Bill,26-Week,912796TG4,2019-08-22,42000000000,null,No
2019-08-19,,Bill,13-Week,912796ST7,2019-08-22,45000000000,null,Yes
2019-08-22,,Bill,8-Week,912796WA3,2019-08-27,40000000000,null,No
2019-08-22,30Y,Bond,29-Year 6-Month,912810SG4,2019-08-30,7000000000,0.5010,Yes
2019-08-22,,Bill,4-Week,912796VW6,2019-08-27,55000000000,null,Yes
2019-08-26,,Bill,13-Week,912796SU4,2019-08-29,45000000000,null,Yes
2019-08-26,,Bill,26-Week,912796SD2,2019-08-29,42000000000,null,Yes
2019-08-27,2Y,Note,2-Year,912828YC8,2019-09-03,40000000000,1.5160,No
2019-08-28,5Y,Note,5-Year,912828YE4,2019-09-03,41000000000,1.3650,No
2019-08-28,2Y,Note,1-Year 11-Month,9128287G9,2019-08-30,18000000000,null,Yes
2019-08-29,,Bill,8-Week,912796WB1,2019-09-03,40000000000,null,No
2019-08-29,7Y,Note,7-Year,912828YD6,2019-09-03,32000000000,1.4890,No
2019-08-29,,Bill,4-Week,912796VX4,2019-09-03,55000000000,null,Yes
2019-09-03,,Bill,26-Week,912796TH2,2019-09-05,42000000000,null,No
2019-09-03,,Bill,13-Week,912796RN1,2019-09-05,45000000000,null,Yes
2019-09-05,,Bill,8-Week,912796WC9,2019-09-10,40000000000,null,No
2019-09-05,,Bill,4-Week,912796VY2,2019-09-10,55000000000,null,Yes
2019-09-09,,Bill,26-Week,912796TK5,2019-09-12,42000000000,null,No
2019-09-09,,Bill,13-Week,912796SW0,2019-09-12,45000000000,null,Yes
2019-09-10,,Bill,52-Week,912796TJ8,2019-09-12,28000000000,null,No
2019-09-10,3Y,Note,3-Year,912828YF1,2019-09-16,38000000000,1.5730,No
2019-09-11,10Y,Note,9-Year 11-Month,912828YB0,2019-09-16,24000000000,1.7390,Yes
2019-09-12,,Bill,8-Week,912796WD7,2019-09-17,40000000000,null,No
2019-09-12,,Bill,4-Week,912796VZ9,2019-09-17,50000000000,null,Yes
2019-09-12,30Y,Bond,29-Year 11-Month,912810SJ8,2019-09-16,16000000000,2.2700,Yes
2019-09-16,,Bill,26-Week,912796TL3,2019-09-19,42000000000,null,No
2019-09-16,,Bill,13-Week,912796SX8,2019-09-19,45000000000,null,Yes
2019-09-19,,Bill,8-Week,912796WE5,2019-09-24,40000000000,null,No
2019-09-19,10Y,Note,9-Year 10-Month,9128287D6,2019-09-30,12000000000,0.1740,Yes
2019-09-19,,Bill,4-Week,912796WA3,2019-09-24,45000000000,null,Yes
2019-09-23,,Bill,26-Week,912796SH3,2019-09-26,42000000000,null,Yes
2019-09-23,,Bill,13-Week,912796SY6,2019-09-26,45000000000,null,Yes
2019-09-24,2Y,Note,2-Year,912828YJ3,2019-09-30,40000000000,1.6120,No
2019-09-25,5Y,Note,5-Year,912828YH7,2019-09-30,41000000000,1.6000,No
2019-09-25,2Y,Note,1-Year 10-Month,9128287G9,2019-09-27,18000000000,null,Yes
2019-09-26,,Bill,8-Week,912796WF2,2019-10-01,40000000000,null,No
2019-09-26,7Y,Note,7-Year,912828YG9,2019-09-30,32000000000,1.6330,No
2019-09-26,,Bill,4-Week,912796WB1,2019-10-01,45000000000,null,Yes
2019-09-30,,Bill,26-Week,912796TM1,2019-10-03,42000000000,null,No
2019-09-30,,Bill,13-Week,912796RT8,2019-10-03,45000000000,null,Yes
2019-10-03,,Bill,8-Week,912796WG0,2019-10-08,40000000000,null,No
2019-10-03,,Bill,4-Week,912796WC9,2019-10-08,45000000000,null,Yes
2019-10-07,,Bill,13-Week,912796TA7,2019-10-10,45000000000,null,Yes
2019-10-07,,Bill,26-Week,912796TQ2,2019-10-10,42000000000,null,No
2019-10-08,,Bill,52-Week,912796TN9,2019-10-10,28000000000,null,No
2019-10-08,3Y,Note,3-Year,912828YK0,2019-10-15,38000000000,1.4130,No
2019-10-09,10Y,Note,9-Year 10-Month,912828YB0,2019-10-15,24000000000,1.5900,Yes
2019-10-10,,Bill,4-Week,912796WD7,2019-10-15,50000000000,null,Yes
2019-10-10,30Y,Bond,29-Year 10-Month,912810SJ8,2019-10-15,16000000000,2.1700,Yes
2019-10-10,,Bill,8-Week,912796WH8,2019-10-15,40000000000,null,No
2019-10-15,,Bill,26-Week,912796TR0,2019-10-17,42000000000,null,No
2019-10-15,,Bill,13-Week,912796TB5,2019-10-17,45000000000,null,Yes
2019-10-17,5Y,Note,5-Year,912828YL8,2019-10-31,17000000000,0.0540,No
2019-10-17,,Bill,8-Week,912796WJ4,2019-10-22,40000000000,null,No
2019-10-17,,Bill,4-Week,912796WE5,2019-10-22,55000000000,null,Yes
2019-10-21,,Bill,13-Week,912796TC3,2019-10-24,45000000000,null,Yes
2019-10-21,,Bill,26-Week,912796SM2,2019-10-24,42000000000,null,Yes
2019-10-22,2Y,Note,2-Year,912828YP9,2019-10-31,40000000000,1.5940,No
2019-10-23,2Y,Note,2-Year,912828YN4,2019-10-31,20000000000,null,No
2019-10-23,5Y,Note,5-Year,912828YM6,2019-10-31,41000000000,1.5700,No
2019-10-24,7Y,Note,7-Year,912828YQ7,2019-10-31,32000000000,1.6570,No
2019-10-24,,Bill,8-Week,912796WK1,2019-10-29,40000000000,null,No
2019-10-24,,Bill,4-Week,912796WF2,2019-10-29,55000000000,null,Yes
2019-10-28,,Bill,26-Week,912796TS8,2019-10-31,42000000000,null,No
2019-10-28,,Bill,13-Week,912796RY7,2019-10-31,45000000000,null,Yes
2019-10-31,,Bill,8-Week,912796WL9,2019-11-05,40000000000,null,No
2019-10-31,,Bill,4-Week,912796WG0,2019-11-05,55000000000,null,Yes
2019-11-04,,Bill,26-Week,912796TT6,2019-11-07,42000000000,null,No
2019-11-04,,Bill,13-Week,912796TE9,2019-11-07,45000000000,null,Yes
2019-11-05,3Y,Note,3-Year,912828TY6,2019-11-15,38000000000,1.6300,Yes
2019-11-05,,Bill,52-Week,912796TP4,2019-11-07,28000000000,null,No
2019-11-06,10Y,Note,10-Year,912828YS3,2019-11-15,27000000000,1.8090,No
2019-11-07,30Y,Bond,30-Year,912810SK5,2019-11-15,19000000000,2.4300,No
2019-11-07,,Bill,8-Week,912796WM7,2019-11-12,40000000000,null,No
2019-11-07,,Bill,4-Week,912796WH8,2019-11-12,55000000000,null,Yes
2019-11-12,,Bill,13-Week,912796TF6,2019-11-14,45000000000,null,Yes
2019-11-12,,Bill,26-Week,912796TV1,2019-11-14,42000000000,null,No
2019-11-14,,Bill,4-Week,912796WJ4,2019-11-19,55000000000,null,Yes
2019-11-14,,Bill,8-Week,912796WN5,2019-11-19,40000000000,null,No
2019-11-18,,Bill,13-Week,912796TG4,2019-11-21,45000000000,null,Yes
2019-11-18,,Bill,26-Week,912796SR1,2019-11-21,42000000000,null,Yes
2019-11-20,,Bill,16-Day,912796SW0,2019-11-26,15000000000,null,Yes
2019-11-21,,Bill,8-Week,912796WP0,2019-11-26,40000000000,null,No
2019-11-21,10Y,Note,9-Year 8-Month,9128287D6,2019-11-29,12000000000,0.1490,Yes
2019-11-21,,Bill,4-Week,912796WK1,2019-11-26,50000000000,null,Yes
2019-11-25,2Y,Note,2-Year,912828YT1,2019-12-02,40000000000,1.6010,No
2019-11-25,,Bill,26-Week,912796TW9,2019-11-29,39000000000,null,No
2019-11-25,,Bill,13-Week,912796SD2,2019-11-29,45000000000,null,Yes
2019-11-26,5Y,Note,5-Year,912828YV6,2019-12-02,41000000000,1.5870,No
2019-11-26,2Y,Note,1-Year 11-Month,912828YN4,2019-11-29,18000000000,null,Yes
2019-11-27,,Bill,8-Week,912796WQ8,2019-12-03,35000000000,null,No
2019-11-27,7Y,Note,7-Year,912828YU8,2019-12-02,32000000000,1.7190,No
2019-11-27,,Bill,4-Week,912796WL9,2019-12-03,45000000000,null,Yes
2019-12-02,,Bill,26-Week,912796TX7,2019-12-05,36000000000,null,No
2019-12-02,,Bill,13-Week,912796TH2,2019-12-05,42000000000,null,Yes
2019-12-03,,Bill,52-Week,912796TU3,2019-12-05,26000000000,null,No
2019-12-05,,Bill,4-Week,912796WM7,2019-12-10,40000000000,null,Yes
2019-12-05,,Bill,8-Week,912796WR6,2019-12-10,35000000000,null,No
2019-12-06,2Y,Note,1-Year 11-Month,912828YN4,2019-12-09,25000000,null,Yes
2019-12-09,3Y,Note,3-Year,912828YW4,2019-12-16,38000000000,1.6320,No
2019-12-09,,Bill,26-Week,912796TZ2,2019-12-12,36000000000,null,No
2019-12-09,,Bill,13-Week,912796TK5,2019-12-12,42000000000,null,Yes
2019-12-10,10Y,Note,9-Year 11-Month,912828YS3,2019-12-16,24000000000,1.8420,Yes
2019-12-12,,Bill,4-Week,912796WN5,2019-12-17,40000000000,null,Yes
2019-12-12,30Y,Bond,29-Year 11-Month,912810SK5,2019-12-16,16000000000,2.3070,Yes
2019-12-12,,Bill,8-Week,912796WS4,2019-12-17,35000000000,null,No
2019-12-16,,Bill,13-Week,912796TL3,2019-12-19,42000000000,null,Yes
2019-12-16,,Bill,26-Week,912796SV2,2019-12-19,36000000000,null,Yes
2019-12-18,2Y,Note,1-Year 10-Month,912828YN4,2019-12-27,18000000000,null,Yes
2019-12-19,,Bill,8-Week,912796WT2,2019-12-24,35000000000,null,No
2019-12-19,5Y,Note,4-Year 10-Month,912828YL8,2019-12-31,15000000000,0.0200,Yes
2019-12-19,,Bill,4-Week,912796WP0,2019-12-24,35000000000,null,Yes
2019-12-23,2Y,Note,2-Year,912828YZ7,2019-12-31,40000000000,1.6530,No
2019-12-23,,Bill,13-Week,912796SH3,2019-12-26,42000000000,null,Yes
2019-12-23,,Bill,26-Week,912796UA5,2019-12-26,36000000000,null,No
2019-12-24,5Y,Note,5-Year,912828YY0,2019-12-31,41000000000,1.7560,No
2019-12-26,,Bill,4-Week,912796WQ8,2019-12-31,35000000000,null,Yes
2019-12-26,,Bill,8-Week,912796WU9,2019-12-31,35000000000,null,No
2019-12-26,7Y,Note,7-Year,912828YX2,2019-12-31,32000000000,1.8350,No
2019-12-30,,Bill,13-Week,912796TM1,2020-01-02,42000000000,null,Yes
2019-12-30,,Bill,52-Week,912796TY5,2020-01-02,26000000000,null,No
2019-12-30,,Bill,26-Week,912796UB3,2020-01-02,36000000000,null,No
2020-01-02,,Bill,8-Week,912796WV7,2020-01-07,35000000000,null,No
2020-01-02,,Bill,4-Week,912796WR6,2020-01-07,35000000000,null,Yes
2020-01-06,,Bill,26-Week,912796WW5,2020-01-09,36000000000,null,No
2020-01-06,,Bill,13-Week,912796TQ2,2020-01-09,42000000000,null,Yes
2020-01-07,3Y,Note,3-Year,912828Z29,2020-01-15,38000000000,1.5670,No
2020-01-08,10Y,Note,9-Year 10-Month,912828YS3,2020-01-15,24000000000,1.8690,Yes
2020-01-09,,Bill,8-Week,912796XA2,2020-01-14,35000000000,null,No
2020-01-09,30Y,Bond,29-Year 10-Month,912810SK5,2020-01-15,16000000000,2.3410,Yes
2020-01-09,,Bill,4-Week,912796WS4,2020-01-14,35000000000,null,Yes
2020-01-13,,Bill,13-Week,912796TR0,2020-01-16,42000000000,null,Yes
2020-01-13,,Bill,26-Week,912796SZ3,2020-01-16,36000000000,null,Yes
2020-01-16,,Bill,8-Week,912796XB0,2020-01-21,35000000000,null,No
2020-01-16,,Bill,4-Week,912796WT2,2020-01-21,35000000000,null,Yes
2020-01-21,,Bill,26-Week,912796WX3,2020-01-23,36000000000,null,No
2020-01-21,,Bill,13-Week,912796SM2,2020-01-23,42000000000,null,Yes
2020-01-23,10Y,Note,10-Year,912828Z37,2020-01-31,14000000000,0.0360,No
2020-01-23,,Bill,8-Week,912796XC8,2020-01-28,40000000000,null,No
2020-01-23,,Bill,4-Week,912796WU9,2020-01-28,40000000000,null,Yes
2020-01-27,,Bill,13-Week,912796TS8,2020-01-30,45000000000,null,Yes
2020-01-27,2Y,Note,2-Year,912828Z60,2020-01-31,40000000000,1.4400,No
2020-01-27,5Y,Note,5-Year,912828Z52,2020-01-31,41000000000,1.4480,No
2020-01-27,,Bill,26-Week,912796WY1,2020-01-30,39000000000,null,No
2020-01-28,7Y,Note,7-Year,912828Z78,2020-01-31,32000000000,1.5700,No
2020-01-28,,Bill,52-Week,912796UC1,2020-01-30,26000000000,null,No
2020-01-28,2Y,Note,2-Year,912828Z45,2020-01-31,20000000000,null,No
2020-01-30,,Bill,8-Week,912796XD6,2020-02-04,45000000000,null,No
2020-01-30,,Bill,4-Week,912796WV7,2020-02-04,45000000000,null,Yes
2020-02-03,,Bill,26-Week,912796WZ8,2020-02-06,39000000000,null,No
2020-02-03,,Bill,13-Week,912796TT6,2020-02-06,45000000000,null,Yes
2020-02-06,,Bill,8-Week,9127962A6,2020-02-11,45000000000,null,No
2020-02-06,,Bill,4-Week,912796XA2,2020-02-11,50000000000,null,Yes
2020-02-10,,Bill,13-Week,912796TV1,2020-02-13,45000000000,null,Yes
2020-02-10,,Bill,26-Week,912796TD1,2020-02-13,39000000000,null,Yes
2020-02-11,3Y,Note,3-Year,912828Z86,2020-02-18,38000000000,1.3940,No
2020-02-11,,Bill,56-Day,912796TQ2,2020-02-13,30000000000,null,Yes
2020-02-12,10Y,Note,10-Year,912828Z94,2020-02-18,27000000000,1.6220,No
2020-02-13,30Y,Bond,30-Year,912810SL3,2020-02-18,19000000000,2.0610,No
2020-02-13,,Bill,8-Week,9127962B4,2020-02-18,45000000000,null,No
2020-02-13,,Bill,4-Week,912796XB0,2020-02-18,50000000000,null,Yes
2020-02-18,,Bill,26-Week,912796XF1,2020-02-20,39000000000,null,No
2020-02-18,,Bill,21-Day,912796TK5,2020-02-20,40000000000,null,Yes
2020-02-18,,Bill,13-Week,912796SR1,2020-02-20,45000000000,null,Yes
2020-02-20,30Y,Bond,30-Year,912810SM1,2020-02-28,8000000000,0.2610,No
2020-02-20,,Bill,8-Week,9127962C2,2020-02-25,45000000000,null,No
2020-02-20,,Bill,4-Week,912796XC8,2020-02-25,50000000000,null,Yes
2020-02-24,,Bill,13-Week,912796TW9,2020-02-27,45000000000,null,Yes
2020-02-24,,Bill,26-Week,912796XG9,2020-02-27,39000000000,null,No
2020-02-25,,Bill,52-Week,912796XE4,2020-02-27,26000000000,null,No
2020-02-25,2Y,Note,2-Year,912828ZA1,2020-03-02,40000000000,1.1880,No
2020-02-26,2Y,Note,1-Year 11-Month,912828Z45,2020-02-28,18000000000,null,Yes
2020-02-26,5Y,Note,5-Year,912828ZC7,2020-03-02,41000000000,1.1500,No
2020-02-27,,Bill,8-Week,9127962D0,2020-03-03,45000000000,null,No
2020-02-27,7Y,Note,7-Year,912828ZB9,2020-03-02,32000000000,1.2470,No
2020-02-27,,Bill,4-Week,912796XD6,2020-03-03,50000000000,null,Yes
2020-03-02,,Bill,26-Week,912796XH7,2020-03-05,39000000000,null,No
2020-03-02,,Bill,13-Week,912796TX7,2020-03-05,45000000000,null,Yes
2020-03-05,,Bill,8-Week,9127962K4,2020-03-10,45000000000,null,No
2020-03-05,,Bill,4-Week,9127962A6,2020-03-10,50000000000,null,Yes
2020-03-09,,Bill,26-Week,912796TJ8,2020-03-12,36000000000,null,Yes
2020-03-09,,Bill,13-Week,912796TZ2,2020-03-12,42000000000,null,Yes
2020-03-10,3Y,Note,3-Year,912828ZD5,2020-03-16,38000000000,0.5630,No
2020-03-11,10Y,Note,9-Year 11-Month,912828Z94,2020-03-16,24000000000,0.8490,Yes
2020-03-12,,Bill,8-Week,9127962L2,2020-03-17,40000000000,null,No
2020-03-12,,Bill,4-Week,9127962B4,2020-03-17,50000000000,null,Yes
2020-03-12,30Y,Bond,29-Year 11-Month,912810SL3,2020-03-16,16000000000,1.3200,Yes
2020-03-16,,Bill,26-Week,9127962G3,2020-03-19,36000000000,null,No
2020-03-16,,Bill,13-Week,912796SV2,2020-03-19,42000000000,null,Yes
2020-03-19,,Bill,4-Week,9127962C2,2020-03-24,50000000000,null,Yes
2020-03-19,,Bill,79-Day,912796TZ2,2020-03-24,20000000000,null,Yes
2020-03-19,,Bill,8-Week,9127962M0,2020-03-24,40000000000,null,No
2020-03-19,10Y,Note,9-Year 10-Month,912828Z37,2020-03-31,12000000000,0.6800,Yes
2020-03-23,,Bill,13-Week,912796UA5,2020-03-26,45000000000,null,Yes
2020-03-23,,Bill,26-Week,9127962H1,2020-03-26,39000000000,null,No
2020-03-24,2Y,Note,2-Year,912828ZG8,2020-03-31,40000000000,0.3980,No
2020-03-24,,Bill,52-Week,9127962F5,2020-03-26,26000000000,null,No
2020-03-25,5Y,Note,5-Year,912828ZF0,2020-03-31,41000000000,0.5350,No
2020-03-25,2Y,Note,1-Year 10-Month,912828Z45,2020-03-27,18000000000,null,Yes
2020-03-26,,Bill,8-Week,9127962N8,2020-03-31,50000000000,null,No
2020-03-26,7Y,Note,7-Year,912828ZE3,2020-03-31,32000000000,0.6800,No
2020-03-26,,Bill,4-Week,9127962D0,2020-03-31,60000000000,null,Yes
2020-03-30,,Bill,13-Week,912796UB3,2020-04-02,51000000000,null,Yes
2020-03-30,,Bill,26-Week,9127962J7,2020-04-02,42000000000,null,No
2020-03-30,,Bill,37-Day,912796TT6,2020-03-31,60000000000,null,Yes
2020-03-31,,Bill,69-Day,9127962U2,2020-04-01,45000000000,null,No
2020-03-31,,Bill,42-Day,912796TV1,2020-04-02,60000000000,null,Yes
2020-04-01,,Bill,39-Day,9127962L2,2020-04-03,45000000000,null,Yes
2020-04-01,,Bill,119-Day,912796WY1,2020-04-02,40000000000,null,Yes
2020-04-02,,Bill,4-Week,9127962K4,2020-04-07,80000000000,null,Yes
2020-04-02,,Bill,102-Day,9127963D9,2020-04-03,40000000000,null,No
2020-04-02,,Bill,8-Week,9127962P3,2020-04-07,60000000000,null,No
2020-04-02,,Bill,154-Day,9127963X5,2020-04-07,40000000000,null,No
2020-04-06,,Bill,43-Day,912796SR1,2020-04-08,60000000000,null,Yes
2020-04-06,3Y,Note,3-Year,912828ZH6,2020-04-15,40000000000,0.3480,No
2020-04-06,,Bill,13-Week,912796WW5,2020-04-09,54000000000,null,Yes
2020-04-06,,Bill,26-Week,912796TN9,2020-04-09,45000000000,null,Yes
2020-04-07,,Bill,119-Day,912796WZ8,2020-04-09,40000000000,null,Yes
2020-04-07,10Y,Note,9-Year 10-Month,912828Z94,2020-04-15,25000000000,0.7820,Yes
2020-04-07,,Bill,69-Day,9127962V0,2020-04-08,45000000000,null,No
2020-04-08,,Bill,103-Day,9127963F4,2020-04-09,40000000000,null,No
2020-04-08,,Bill,154-Day,9127963Y3,2020-04-14,40000000000,null,No
2020-04-08,30Y,Bond,29-Year 10-Month,912810SL3,2020-04-15,17000000000,1.3250,Yes
2020-04-08,,Bill,40-Day,9127962M0,2020-04-09,45000000000,null,Yes
2020-04-09,,Bill,4-Week,9127962L2,2020-04-14,90000000000,null,Yes
2020-04-09,,Bill,8-Week,9127962U2,2020-04-14,70000000000,null,Yes
2020-04-13,,Bill,13-Week,912796SZ3,2020-04-16,57000000000,null,Yes
2020-04-13,,Bill,26-Week,9127962R9,2020-04-16,48000000000,null,No
2020-04-13,,Bill,69-Day,9127962W8,2020-04-15,35000000000,null,No
2020-04-14,,Bill,119-Day,912796TD1,2020-04-16,25000000000,null,Yes
2020-04-14,,Bill,43-Day,912796TW9,2020-04-15,65000000000,null,Yes
2020-04-15,,Bill,103-Day,9127963G2,2020-04-16,30000000000,null,No
2020-04-15,,Bill,154-Day,9127963Z0,2020-04-21,30000000000,null,No
2020-04-16,,Bill,4-Week,9127962M0,2020-04-21,90000000000,null,Yes
2020-04-16,,Bill,8-Week,9127962V0,2020-04-21,70000000000,null,Yes
2020-04-20,,Bill,26-Week,9127962S7,2020-04-23,48000000000,null,No
2020-04-20,,Bill,13-Week,912796WX3,2020-04-23,57000000000,null,Yes
2020-04-20,,Bill,43-Day,912796TX7,2020-04-22,65000000000,null,Yes
2020-04-21,,Bill,52-Week,9127962Q1,2020-04-23,28000000000,null,No
2020-04-21,,Bill,119-Day,912796XF1,2020-04-23,25000000000,null,Yes
2020-04-22,,Bill,103-Day,9127963M9,2020-04-23,30000000000,null,No
2020-04-22,,Bill,154-Day,9127964A4,2020-04-28,30000000000,null,No
2020-04-23,,Bill,8-Week,9127962W8,2020-04-28,70000000000,null,Yes
2020-04-23,5Y,Note,5-Year,912828ZJ2,2020-04-30,17000000000,-0.3200,No
2020-04-23,,Bill,4-Week,9127962N8,2020-04-28,90000000000,null,Yes
2020-04-27,,Bill,26-Week,9127962T5,2020-04-30,48000000000,null,No
2020-04-27,2Y,Note,2-Year,912828ZM5,2020-04-30,42000000000,0.2290,No
2020-04-27,5Y,Note,5-Year,912828ZL7,2020-04-30,43000000000,0.3940,No
2020-04-27,,Bill,13-Week,912796WY1,2020-04-30,57000000000,null,Yes
2020-04-28,2Y,Note,2-Year,912828ZK9,2020-04-30,22000000000,null,No
2020-04-28,7Y,Note,7-Year,912828ZN3,2020-04-30,35000000000,0.5250,No
2020-04-28,,Bill,43-Day,912796TZ2,2020-04-29,55000000000,null,Yes
2020-04-29,,Bill,119-Day,912796XG9,2020-04-30,25000000000,null,Yes
2020-04-29,,Bill,273-Day,912796UC1,2020-04-30,25000000000,null,Yes
2020-04-29,,Bill,103-Day,9127963N7,2020-04-30,30000000000,null,No
2020-04-30,,Bill,8-Week,9127962X6,2020-05-05,70000000000,null,No
2020-04-30,,Bill,154-Day,9127964G1,2020-05-05,30000000000,null,No
2020-04-30,,Bill,4-Week,9127962P3,2020-05-05,90000000000,null,Yes
2020-05-04,,Bill,105-Day,9127963P2,2020-05-05,30000000000,null,No
2020-05-04,,Bill,13-Week,912796WZ8,2020-05-07,60000000000,null,Yes
2020-05-04,,Bill,26-Week,912796TP4,2020-05-07,51000000000,null,Yes
2020-05-05,,Bill,119-Day,912796XH7,2020-05-07,30000000000,null,Yes
2020-05-05,,Bill,42-Day,912796SV2,2020-05-07,65000000000,null,Yes
2020-05-06,,Bill,154-Day,9127964H9,2020-05-12,35000000000,null,No
2020-05-07,,Bill,4-Week,9127962U2,2020-05-12,80000000000,null,Yes
2020-05-07,,Bill,105-Day,9127963Q0,2020-05-12,30000000000,null,No
2020-05-07,,Bill,8-Week,9127963C1,2020-05-12,70000000000,null,No
2020-05-11,3Y,Note,3-Year,912828ZP8,2020-05-15,42000000000,0.2300,No
2020-05-11,,Bill,26-Week,9127962Z1,2020-05-14,54000000000,null,No
2020-05-11,,Bill,13-Week,912796TD1,2020-05-14,63000000000,null,Yes
2020-05-12,10Y,Note,10-Year,912828ZQ6,2020-05-15,32000000000,0.7000,No
2020-05-12,,Bill,42-Day,912796UA5,2020-05-14,65000000000,null,Yes
2020-05-12,,Bill,119-Day,912796TJ8,2020-05-14,35000000000,null,Yes
2020-05-13,,Bill,105-Day,9127963R8,2020-05-19,35000000000,null,No
2020-05-13,,Bill,154-Day,9127964J5,2020-05-19,40000000000,null,No
2020-05-13,30Y,Bond,30-Year,912810SN9,2020-05-15,22000000000,1.3420,No
2020-05-14,,Bill,8-Week,9127963D9,2020-05-19,70000000000,null,Yes
2020-05-14,,Bill,4-Week,9127962V0,2020-05-19,80000000000,null,Yes
2020-05-18,,Bill,26-Week,9127963A5,2020-05-21,54000000000,null,No
2020-05-18,,Bill,13-Week,912796XF1,2020-05-21,63000000000,null,Yes
2020-05-19,,Bill,52-Week,9127962Y4,2020-05-21,31000000000,null,No
2020-05-19,,Bill,42-Day,912796UB3,2020-05-21,65000000000,null,Yes
2020-05-19,,Bill,119-Day,9127962G3,2020-05-21,40000000000,null,Yes
2020-05-20,20Y,Bond,20-Year,912810SR0,2020-06-01,20000000000,1.2200,No
2020-05-20,,Bill,105-Day,9127963X5,2020-05-26,40000000000,null,Yes
2020-05-20,,Bill,154-Day,9127964K2,2020-05-26,40000000000,null,No
2020-05-21,,Bill,4-Week,9127962W8,2020-05-26,80000000000,null,Yes
2020-05-21,,Bill,8-Week,9127963F4,2020-05-26,70000000000,null,Yes
2020-05-21,10Y,Note,9-Year 8-Month,912828Z37,2020-05-29,12000000000,-0.4700,Yes
2020-05-26,,Bill,13-Week,912796XG9,2020-05-28,63000000000,null,Yes
2020-05-26,,Bill,42-Day,912796WW5,2020-05-28,65000000000,null,Yes
2020-05-26,,Bill,26-Week,9127963B3,2020-05-28,54000000000,null,No
2020-05-26,2Y,Note,2-Year,912828ZR4,2020-06-01,44000000000,0.1780,No
2020-05-27,5Y,Note,5-Year,912828ZT0,2020-06-01,45000000000,0.3340,No
2020-05-27,2Y,Note,1-Year 11-Month,912828ZK9,2020-05-29,20000000000,null,Yes
2020-05-27,,Bill,105-Day,9127963Y3,2020-06-02,40000000000,null,Yes
2020-05-27,,Bill,119-Day,9127962H1,2020-05-28,40000000000,null,Yes
2020-05-27,,Bill,273-Day,912796XE4,2020-05-28,25000000000,null,Yes
2020-05-28,,Bill,4-Week,9127962X6,2020-06-02,80000000000,null,Yes
2020-05-28,,Bill,8-Week,9127963G2,2020-06-02,70000000000,null,Yes
2020-05-28,,Bill,154-Day,9127964Q9,2020-06-02,40000000000,null,No
2020-05-28,7Y,Note,7-Year,912828ZS2,2020-06-01,38000000000,0.5530,No
2020-06-01,,Bill,26-Week,912796TU3,2020-06-04,54000000000,null,Yes
2020-06-01,,Bill,13-Week,912796XH7,2020-06-04,63000000000,null,Yes
2020-06-02,,Bill,42-Day,912796SZ3,2020-06-04,65000000000,null,Yes
2020-06-02,,Bill,119-Day,9127962J7,2020-06-04,40000000000,null,Yes
2020-06-03,,Bill,105-Day,9127963Z0,2020-06-09,40000000000,null,Yes
2020-06-03,,Bill,154-Day,9127964R7,2020-06-09,40000000000,null,No
2020-06-04,,Bill,4-Week,9127963C1,2020-06-09,80000000000,null,Yes
2020-06-04,,Bill,8-Week,9127963M9,2020-06-09,70000000000,null,Yes
2020-06-08,3Y,Note,3-Year,912828ZU7,2020-06-15,44000000000,0.2800,No
2020-06-08,,Bill,13-Week,912796TJ8,2020-06-11,63000000000,null,Yes
2020-06-08,,Bill,26-Week,9127963J6,2020-06-11,54000000000,null,No
2020-06-09,,Bill,42-Day,912796WX3,2020-06-11,60000000000,null,Yes
2020-06-09,10Y,Note,9-Year 11-Month,912828ZQ6,2020-06-15,29000000000,0.8320,Yes
2020-06-09,,Bill,119-Day,912796TN9,2020-06-11,40000000000,null,Yes
2020-06-10,,Bill,154-Day,9127964S5,2020-06-16,40000000000,null,No
2020-06-10,,Bill,105-Day,9127964A4,2020-06-16,35000000000,null,Yes
2020-06-11,,Bill,4-Week,9127963D9,2020-06-16,70000000000,null,Yes
2020-06-11,,Bill,8-Week,9127963N7,2020-06-16,60000000000,null,Yes
2020-06-11,30Y,Bond,29-Year 11-Month,912810SN9,2020-06-15,19000000000,1.4500,Yes
2020-06-15,,Bill,13-Week,9127962G3,2020-06-18,60000000000,null,Yes
2020-06-15,,Bill,26-Week,9127963K3,2020-06-18,54000000000,null,No
2020-06-16,,Bill,119-Day,9127962R9,2020-06-18,40000000000,null,Yes
2020-06-16,,Bill,52-Week,9127963H0,2020-06-18,34000000000,null,No
2020-06-16,,Bill,42-Day,912796WY1,2020-06-18,50000000000,null,Yes
2020-06-17,,Bill,105-Day,9127964G1,2020-06-23,35000000000,null,Yes
2020-06-17,,Bill,154-Day,9127964T3,2020-06-23,40000000000,null,No
2020-06-17,20Y,Bond,19-Year 11-Month,912810SR0,2020-06-30,17000000000,1.3140,Yes
2020-06-18,,Bill,4-Week,9127963F4,2020-06-23,60000000000,null,Yes
2020-06-18,,Bill,8-Week,9127963P2,2020-06-23,55000000000,null,Yes
2020-06-18,5Y,Note,4-Year 10-Month,912828ZJ2,2020-06-30,15000000000,-0.7660,Yes
2020-06-22,,Bill,26-Week,9127963L1,2020-06-25,54000000000,null,No
2020-06-22,,Bill,13-Week,9127962H1,2020-06-25,57000000000,null,Yes
2020-06-23,,Bill,42-Day,912796WZ8,2020-06-25,40000000000,null,Yes
2020-06-23,,Bill,119-Day,9127962S7,2020-06-25,40000000000,null,Yes
2020-06-23,,Bill,273-Day,9127962F5,2020-06-25,20000000000,null,Yes
2020-06-23,2Y,Note,2-Year,912828ZX1,2020-06-30,46000000000,0.1930,No
2020-06-24,5Y,Note,5-Year,912828ZW3,2020-06-30,47000000000,0.3300,No
2020-06-24,,Bill,105-Day,9127964H9,2020-06-30,30000000000,null,Yes
2020-06-24,2Y,Note,1-Year 10-Month,912828ZK9,2020-06-26,20000000000,null,Yes
2020-06-24,,Bill,154-Day,9127964U0,2020-06-30,35000000000,null,No
2020-06-25,,Bill,4-Week,9127963G2,2020-06-30,50000000000,null,Yes
2020-06-25,,Bill,8-Week,9127963Q0,2020-06-30,50000000000,null,Yes
2020-06-25,7Y,Note,7-Year,912828ZV5,2020-06-30,41000000000,0.5110,No
2020-06-29,,Bill,13-Week,9127962J7,2020-07-02,54000000000,null,Yes
2020-06-29,,Bill,26-Week,912796TY5,2020-07-02,51000000000,null,Yes
2020-06-30,,Bill,42-Day,912796TD1,2020-07-02,35000000000,null,Yes
2020-06-30,,Bill,119-Day,9127962T5,2020-07-02,35000000000,null,Yes
2020-07-01,,Bill,154-Day,9127965B1,2020-07-07,30000000000,null,No
2020-07-01,,Bill,105-Day,9127964J5,2020-07-07,25000000000,null,Yes
2020-07-02,,Bill,8-Week,9127963R8,2020-07-07,45000000000,null,Yes
2020-07-02,,Bill,4-Week,9127963M9,2020-07-07,45000000000,null,Yes
2020-07-06,,Bill,13-Week,912796TN9,2020-07-09,54000000000,null,Yes
2020-07-06,,Bill,26-Week,9127963T4,2020-07-09,51000000000,null,No
2020-07-07,,Bill,42-Day,912796XF1,2020-07-09,35000000000,null,Yes
2020-07-07,,Bill,119-Day,912796TP4,2020-07-09,35000000000,null,Yes
2020-07-07,3Y,Note,3-Year,912828ZY9,2020-07-15,46000000000,0.1900,No
2020-07-08,,Bill,154-Day,9127965C9,2020-07-14,30000000000,null,No
2020-07-08,10Y,Note,9-Year 10-Month,912828ZQ6,2020-07-15,29000000000,0.6530,Yes
2020-07-08,,Bill,105-Day,9127964K2,2020-07-14,25000000000,null,Yes
2020-07-09,30Y,Bond,29-Year 10-Month,912810SN9,2020-07-15,19000000000,1.3300,Yes
2020-07-09,,Bill,4-Week,9127963N7,2020-07-14,40000000000,null,Yes
2020-07-09,,Bill,8-Week,9127963X5,2020-07-14,40000000000,null,Yes
2020-07-10,5Y,Note,4-Year 10-Month,912828ZJ2,2020-07-13,25000000,-0.9510,Yes
2020-07-13,,Bill,26-Week,9127963U1,2020-07-16,51000000000,null,No
2020-07-13,,Bill,13-Week,9127962R9,2020-07-16,54000000000,null,Yes
2020-07-14,,Bill,42-Day,912796XG9,2020-07-16,35000000000,null,Yes
2020-07-14,,Bill,52-Week,9127963S6,2020-07-16,34000000000,null,No
2020-07-14,,Bill,119-Day,9127962Z1,2020-07-16,35000000000,null,Yes
2020-07-15,,Bill,105-Day,9127964Q9,2020-07-21,25000000000,null,Yes
2020-07-15,,Bill,154-Day,9127965D7,2020-07-21,30000000000,null,No
2020-07-16,,Bill,4-Week,9127963P2,2020-07-21,35000000000,null,Yes
2020-07-16,,Bill,8-Week,9127963Y3,2020-07-21,35000000000,null,Yes
2020-07-20,,Bill,13-Week,9127962S7,2020-07-23,54000000000,null,Yes
2020-07-20,,Bill,26-Week,9127963V9,2020-07-23,51000000000,null,No
2020-07-21,,Bill,273-Day,9127962Q1,2020-07-23,20000000000,null,Yes
2020-07-21,,Bill,119-Day,9127963A5,2020-07-23,30000000000,null,Yes
2020-07-21,,Bill,42-Day,912796XH7,2020-07-23,30000000000,null,Yes
2020-07-22,,Bill,105-Day,9127964R7,2020-07-28,25000000000,null,Yes
2020-07-22,20Y,Bond,19-Year 10-Month,912810SR0,2020-07-31,17000000000,1.0590,Yes
2020-07-22,,Bill,154-Day,9127965F2,2020-07-28,30000000000,null,No
2020-07-23,,Bill,4-Week,9127963Q0,2020-07-28,30000000000,null,Yes
2020-07-23,,Bill,8-Week,9127963Z0,2020-07-28,35000000000,null,Yes
2020-07-23,10Y,Note,10-Year,912828ZZ6,2020-07-31,14000000000,-0.9300,No
2020-07-27,,Bill,13-Week,9127962T5,2020-07-30,54000000000,null,Yes
2020-07-27,,Bill,26-Week,912796UC1,2020-07-30,51000000000,null,Yes
2020-07-27,2Y,Note,2-Year,91282CAC5,2020-07-31,48000000000,0.1550,No
2020-07-27,5Y,Note,5-Year,91282CAB7,2020-07-31,49000000000,0.2880,No
2020-07-28,2Y,Note,2-Year,91282CAA9,2020-07-31,24000000000,null,No
2020-07-28,7Y,Note,7-Year,91282CAD3,2020-07-31,44000000000,0.4460,No
2020-07-28,,Bill,42-Day,912796TJ8,2020-07-30,30000000000,null,Yes
2020-07-28,,Bill,120-Day,9127963B3,2020-07-30,30000000000,null,Yes
2020-07-29,,Bill,105-Day,9127964S5,2020-08-04,25000000000,null,Yes
2020-07-29,,Bill,154-Day,912796A58,2020-08-04,30000000000,null,No
2020-07-30,,Bill,4-Week,9127963R8,2020-08-04,30000000000,null,Yes
2020-07-30,,Bill,8-Week,9127964A4,2020-08-04,35000000000,null,Yes
2020-08-03,,Bill,13-Week,912796TP4,2020-08-06,54000000000,null,Yes
2020-08-03,,Bill,26-Week,9127963W7,2020-08-06,51000000000,null,No
2020-08-04,,Bill,42-Day,9127962G3,2020-08-06,30000000000,null,Yes
2020-08-04,,Bill,119-Day,912796TU3,2020-08-06,30000000000,null,Yes
2020-08-05,,Bill,154-Day,912796A66,2020-08-11,30000000000,null,No
2020-08-05,,Bill,105-Day,9127964T3,2020-08-11,25000000000,null,Yes
2020-08-06,,Bill,4-Week,9127963X5,2020-08-11,30000000000,null,Yes
2020-08-06,,Bill,8-Week,9127964G1,2020-08-11,35000000000,null,Yes
2020-08-10,,Bill,13-Week,9127962Z1,2020-08-13,54000000000,null,Yes
2020-08-10,,Bill,26-Week,9127964C0,2020-08-13,51000000000,null,No
2020-08-11,3Y,Note,3-Year,91282CAF8,2020-08-17,48000000000,0.1790,No
2020-08-11,,Bill,42-Day,9127962H1,2020-08-13,30000000000,null,Yes
2020-08-11,,Bill,52-Week,9127964B2,2020-08-13,34000000000,null,No
2020-08-11,,Bill,119-Day,9127963J6,2020-08-13,30000000000,null,Yes
2020-08-12,,Bill,154-Day,912796A74,2020-08-18,30000000000,null,No
2020-08-12,,Bill,105-Day,9127964U0,2020-08-18,25000000000,null,Yes
2020-08-12,10Y,Note,10-Year,91282CAE1,2020-08-17,38000000000,0.6770,No
2020-08-13,30Y,Bond,30-Year,912810SP4,2020-08-17,26000000000,1.4060,No
2020-08-13,,Bill,8-Week,9127964H9,2020-08-18,35000000000,null,Yes
2020-08-13,,Bill,4-Week,9127963Y3,2020-08-18,30000000000,null,Yes
2020-08-17,,Bill,13-Week,9127963A5,2020-08-20,54000000000,null,Yes
2020-08-17,,Bill,26-Week,9127964D8,2020-08-20,51000000000,null,No
2020-08-18,,Bill,119-Day,9127963K3,2020-08-20,30000000000,null,Yes
2020-08-18,,Bill,42-Day,9127962J7,2020-08-20,30000000000,null,Yes
2020-08-19,20Y,Bond,20-Year,912810SQ2,2020-08-31,25000000000,1.1850,No
2020-08-19,,Bill,105-Day,9127965B1,2020-08-25,25000000000,null,Yes
2020-08-19,,Bill,154-Day,912796A82,2020-08-25,30000000000,null,No
2020-08-20,30Y,Bond,29-Year 6-Month,912810SM1,2020-08-31,7000000000,-0.2720,Yes
2020-08-20,,Bill,4-Week,9127963Z0,2020-08-25,30000000000,null,Yes
2020-08-20,,Bill,8-Week,9127964J5,2020-08-25,35000000000,null,Yes
2020-08-24,,Bill,26-Week,912796XE4,2020-08-27,51000000000,null,Yes
2020-08-24,,Bill,13-Week,9127963B3,2020-08-27,54000000000,null,Yes
2020-08-25,2Y,Note,2-Year,91282CAG6,2020-08-31,50000000000,0.1550,No
2020-08-25,,Bill,42-Day,912796TN9,2020-08-27,30000000000,null,Yes
2020-08-25,,Bill,119-Day,9127963L1,2020-08-27,30000000000,null,Yes
2020-08-26,,Bill,105-Day,9127965C9,2020-09-01,25000000000,null,Yes
2020-08-26,,Bill,154-Day,912796B65,2020-09-01,30000000000,null,No
2020-08-26,5Y,Note,5-Year,91282CAJ0,2020-08-31,51000000000,0.2980,No
2020-08-26,2Y,Note,1-Year 11-Month,91282CAA9,2020-08-28,22000000000,null,Yes
2020-08-27,,Bill,4-Week,9127964A4,2020-09-01,30000000000,null,Yes
2020-08-27,,Bill,8-Week,9127964K2,2020-09-01,35000000000,null,Yes
2020-08-27,7Y,Note,7-Year,91282CAH4,2020-08-31,47000000000,0.5190,No
2020-08-31,,Bill,26-Week,9127964F3,2020-09-03,51000000000,null,No
2020-08-31,,Bill,13-Week,912796TU3,2020-09-03,54000000000,null,Yes
2020-09-01,,Bill,42-Day,9127962R9,2020-09-03,30000000000,null,Yes
2020-09-01,,Bill,119-Day,912796TY5,2020-09-03,30000000000,null,Yes
2020-09-02,,Bill,105-Day,9127965D7,2020-09-08,25000000000,null,Yes
2020-09-02,,Bill,154-Day,912796B73,2020-09-08,30000000000,null,No
2020-09-03,,Bill,4-Week,9127964G1,2020-09-08,30000000000,null,Yes
2020-09-03,,Bill,8-Week,9127964Q9,2020-09-08,35000000000,null,Yes
2020-09-08,,Bill,26-Week,9127964M8,2020-09-10,51000000000,null,No
2020-09-08,,Bill,13-Week,9127963J6,2020-09-10,54000000000,null,Yes
2020-09-08,,Bill,52-Week,9127964L0,2020-09-10,34000000000,null,No
2020-09-08,,Bill,119-Day,9127963T4,2020-09-10,30000000000,null,Yes
2020-09-08,3Y,Note,3-Year,91282CAK7,2020-09-15,50000000000,0.1700,No
2020-09-08,,Bill,42-Day,9127962S7,2020-09-10,30000000000,null,Yes
2020-09-09,,Bill,105-Day,9127965F2,2020-09-15,25000000000,null,Yes
2020-09-09,,Bill,154-Day,912796B81,2020-09-15,30000000000,null,No
2020-09-09,10Y,Note,9-Year 11-Month,91282CAE1,2020-09-15,35000000000,0.7040,Yes
2020-09-10,,Bill,8-Week,9127964R7,2020-09-15,35000000000,null,Yes
2020-09-10,30Y,Bond,29-Year 11-Month,912810SP4,2020-09-15,23000000000,1.4730,Yes
2020-09-10,,Bill,4-Week,9127964H9,2020-09-15,30000000000,null,Yes
2020-09-14,,Bill,13-Week,9127963K3,2020-09-17,54000000000,null,Yes
2020-09-14,,Bill,26-Week,9127964N6,2020-09-17,51000000000,null,No
2020-09-15,,Bill,42-Day,9127962T5,2020-09-17,30000000000,null,Yes
2020-09-15,20Y,Bond,19-Year 11-Month,912810SQ2,2020-09-30,22000000000,1.2130,Yes
2020-09-15,,Bill,119-Day,9127963U1,2020-09-17,30000000000,null,Yes
2020-09-16,,Bill,154-Day,912796B99,2020-09-22,30000000000,null,No
2020-09-16,,Bill,105-Day,912796A58,2020-09-22,25000000000,null,Yes
2020-09-17,10Y,Note,9-Year 10-Month,912828ZZ6,2020-09-30,12000000000,-0.9660,Yes
2020-09-17,,Bill,8-Week,9127964S5,2020-09-22,35000000000,null,Yes
2020-09-17,,Bill,4-Week,9127964J5,2020-09-22,30000000000,null,Yes
2020-09-21,,Bill,13-Week,9127963L1,2020-09-24,54000000000,null,Yes
2020-09-21,,Bill,26-Week,9127962F5,2020-09-24,51000000000,null,Yes
2020-09-22,2Y,Note,2-Year,91282CAN1,2020-09-30,52000000000,0.1360,No
2020-09-22,,Bill,42-Day,912796TP4,2020-09-24,30000000000,null,Yes
2020-09-22,,Bill,119-Day,9127963V9,2020-09-24,30000000000,null,Yes
2020-09-23,2Y,Note,1-Year 10-Month,91282CAA9,2020-09-25,22000000000,null,Yes
2020-09-23,,Bill,154-Day,912796C23,2020-09-29,30000000000,null,No
2020-09-23,5Y,Note,5-Year,91282CAM3,2020-09-30,53000000000,0.2750,No
2020-09-23,,Bill,105-Day,912796A66,2020-09-29,25000000000,null,Yes
2020-09-24,7Y,Note,7-Year,91282CAL5,2020-09-30,50000000000,0.4620,No
2020-09-24,,Bill,4-Week,9127964K2,2020-09-29,30000000000,null,Yes
2020-09-24,,Bill,8-Week,9127964T3,2020-09-29,35000000000,null,Yes
2020-09-28,,Bill,13-Week,912796TY5,2020-10-01,54000000000,null,Yes
2020-09-28,,Bill,26-Week,9127964P1,2020-10-01,51000000000,null,No
2020-09-29,,Bill,42-Day,9127962Z1,2020-10-01,30000000000,null,Yes
2020-09-29,,Bill,119-Day,912796UC1,2020-10-01,30000000000,null,Yes
2020-09-30,,Bill,105-Day,912796A74,2020-10-06,25000000000,null,Yes
2020-09-30,,Bill,154-Day,912796C72,2020-10-06,30000000000,null,No
2020-10-01,,Bill,4-Week,9127964Q9,2020-10-06,30000000000,null,Yes
2020-10-01,,Bill,8-Week,9127964U0,2020-10-06,35000000000,null,Yes
2020-10-05,,Bill,26-Week,9127964X4,2020-10-08,51000000000,null,No
2020-10-05,,Bill,13-Week,9127963T4,2020-10-08,54000000000,null,Yes
2020-10-06,3Y,Note,3-Year,91282CAP6,2020-10-15,52000000000,0.1930,No
2020-10-06,,Bill,42-Day,9127963A5,2020-10-08,30000000000,null,Yes
2020-10-06,,Bill,119-Day,9127963W7,2020-10-08,30000000000,null,Yes
2020-10-06,,Bill,52-Week,9127964V8,2020-10-08,34000000000,null,No
2020-10-07,10Y,Note,9-Year 10-Month,91282CAE1,2020-10-15,35000000000,0.7650,Yes
2020-10-07,,Bill,105-Day,912796A82,2020-10-13,25000000000,null,Yes
2020-10-07,,Bill,154-Day,912796C80,2020-10-13,30000000000,null,No
2020-10-08,30Y,Bond,29-Year 10-Month,912810SP4,2020-10-15,23000000000,1.5780,Yes
2020-10-08,,Bill,4-Week,9127964R7,2020-10-13,30000000000,null,Yes
2020-10-08,,Bill,8-Week,9127965B1,2020-10-13,35000000000,null,Yes
2020-10-13,,Bill,26-Week,9127964Y2,2020-10-15,51000000000,null,No
2020-10-13,,Bill,43-Day,9127963B3,2020-10-15,30000000000,null,Yes
2020-10-13,,Bill,13-Week,9127963U1,2020-10-15,54000000000,null,Yes
2020-10-13,,Bill,119-Day,9127964C0,2020-10-15,30000000000,null,Yes
2020-10-14,,Bill,105-Day,912796B65,2020-10-20,25000000000,null,Yes
2020-10-14,,Bill,154-Day,912796C98,2020-10-20,30000000000,null,No
2020-10-15,,Bill,8-Week,9127965C9,2020-10-20,35000000000,null,Yes
2020-10-15,,Bill,4-Week,9127964S5,2020-10-20,30000000000,null,Yes
2020-10-19,,Bill,13-Week,9127963V9,2020-10-22,54000000000,null,Yes
2020-10-19,,Bill,26-Week,9127962Q1,2020-10-22,51000000000,null,Yes
2020-10-20,,Bill,119-Day,9127964D8,2020-10-22,30000000000,null,Yes
2020-10-20,,Bill,42-Day,912796TU3,2020-10-22,30000000000,null,Yes
2020-10-21,,Bill,154-Day,912796D22,2020-10-27,30000000000,null,No
2020-10-21,,Bill,105-Day,912796B73,2020-10-27,25000000000,null,Yes
2020-10-21,20Y,Bond,19-Year 10-Month,912810SQ2,2020-11-02,22000000000,1.3700,Yes
2020-10-22,,Bill,4-Week,9127964T3,2020-10-27,30000000000,null,Yes
2020-10-22,,Bill,8-Week,9127965D7,2020-10-27,35000000000,null,Yes
2020-10-22,5Y,Note,5-Year,91282CAQ4,2020-10-30,17000000000,-1.3200,No
2020-10-26,,Bill,13-Week,912796UC1,2020-10-29,54000000000,null,Yes
2020-10-26,,Bill,26-Week,9127964Z9,2020-10-29,51000000000,null,No
2020-10-27,2Y,Note,2-Year,91282CAR2,2020-11-02,54000000000,0.1510,No
2020-10-27,,Bill,42-Day,9127963J6,2020-10-29,30000000000,null,Yes
2020-10-27,,Bill,119-Day,912796XE4,2020-10-29,30000000000,null,Yes
2020-10-28,5Y,Note,5-Year,91282CAT8,2020-11-02,55000000000,0.3300,No
2020-10-28,2Y,Note,2-Year,91282CAS0,2020-11-02,26000000000,null,No
2020-10-28,,Bill,105-Day,912796B81,2020-11-03,25000000000,null,Yes
2020-10-28,,Bill,154-Day,912796D71,2020-11-03,30000000000,null,No
2020-10-29,,Bill,4-Week,9127964U0,2020-11-03,30000000000,null,Yes
2020-10-29,,Bill,8-Week,9127965F2,2020-11-03,35000000000,null,Yes
2020-10-29,7Y,Note,7-Year,91282CAU5,2020-11-02,53000000000,0.6000,No
2020-11-02,,Bill,13-Week,9127963W7,2020-11-05,54000000000,null,Yes
2020-11-02,,Bill,26-Week,9127965A3,2020-11-05,51000000000,null,No
2020-11-03,,Bill,42-Day,9127963K3,2020-11-05,30000000000,null,Yes
2020-11-03,,Bill,119-Day,9127964F3,2020-11-05,30000000000,null,Yes
2020-11-03,,Bill,52-Week,9127964W6,2020-11-05,34000000000,null,No
2020-11-04,,Bill,154-Day,912796D89,2020-11-10,30000000000,null,No
2020-11-04,,Bill,105-Day,912796B99,2020-11-10,25000000000,null,Yes
2020-11-05,,Bill,8-Week,912796A58,2020-11-10,35000000000,null,Yes
2020-11-05,,Bill,4-Week,9127965B1,2020-11-10,30000000000,null,Yes
2020-11-09,,Bill,42-Day,9127963L1,2020-11-12,30000000000,null,Yes
2020-11-09,,Bill,26-Week,912796A25,2020-11-12,51000000000,null,No
2020-11-09,,Bill,13-Week,9127964C0,2020-11-12,54000000000,null,Yes
2020-11-09,3Y,Note,3-Year,91282CAW1,2020-11-16,54000000000,0.2500,No
2020-11-09,,Bill,119-Day,9127964M8,2020-11-12,30000000000,null,Yes
2020-11-10,10Y,Note,10-Year,91282CAV3,2020-11-16,41000000000,0.9600,No
2020-11-12,,Bill,8-Week,912796A66,2020-11-17,35000000000,null,Yes
2020-11-12,,Bill,4-Week,9127965C9,2020-11-17,30000000000,null,Yes
2020-11-12,,Bill,105-Day,912796C23,2020-11-17,25000000000,null,Yes
2020-11-12,,Bill,154-Day,912796D97,2020-11-17,30000000000,null,No
2020-11-12,30Y,Bond,30-Year,912810SS8,2020-11-16,27000000000,1.6800,No
2020-11-16,,Bill,13-Week,9127964D8,2020-11-19,54000000000,null,Yes
2020-11-16,,Bill,26-Week,9127962Y4,2020-11-19,51000000000,null,Yes
2020-11-17,,Bill,42-Day,912796TY5,2020-11-19,30000000000,null,Yes
2020-11-17,,Bill,119-Day,9127964N6,2020-11-19,30000000000,null,Yes
2020-11-18,,Bill,105-Day,912796C72,2020-11-24,25000000000,null,Yes
2020-11-18,,Bill,154-Day,912796F20,2020-11-24,30000000000,null,No
2020-11-18,20Y,Bond,20-Year,912810ST6,2020-11-30,27000000000,1.4220,No
2020-11-19,10Y,Note,9-Year 8-Month,912828ZZ6,2020-11-30,12000000000,-0.8670,Yes
2020-11-19,,Bill,4-Week,9127965D7,2020-11-24,30000000000,null,Yes
2020-11-19,,Bill,8-Week,912796A74,2020-11-24,35000000000,null,Yes
2020-11-23,5Y,Note,5-Year,91282CAZ4,2020-11-30,57000000000,0.3970,No
2020-11-23,,Bill,13-Week,912796XE4,2020-11-27,54000000000,null,Yes
2020-11-23,2Y,Note,2-Year,91282CAX9,2020-11-30,56000000000,0.1650,No
2020-11-23,,Bill,26-Week,912796A33,2020-11-27,51000000000,null,No
2020-11-24,7Y,Note,7-Year,91282CAY7,2020-11-30,56000000000,0.6530,No
2020-11-24,2Y,Note,1-Year 11-Month,91282CAS0,2020-11-27,24000000000,null,Yes
2020-11-24,,Bill,41-Day,9127963T4,2020-11-27,30000000000,null,Yes
2020-11-24,,Bill,118-Day,9127962F5,2020-11-27,30000000000,null,Yes
2020-11-25,,Bill,4-Week,9127965F2,2020-12-01,30000000000,null,Yes
2020-11-25,,Bill,8-Week,912796A82,2020-12-01,35000000000,null,Yes
2020-11-25,,Bill,105-Day,912796C80,2020-12-01,25000000000,null,Yes
2020-11-25,,Bill,154-Day,912796F79,2020-12-01,30000000000,null,No
2020-11-30,,Bill,13-Week,9127964F3,2020-12-03,54000000000,null,Yes
2020-11-30,,Bill,26-Week,912796A41,2020-12-03,51000000000,null,No
2020-12-01,,Bill,52-Week,9127965G0,2020-12-03,34000000000,null,No
2020-12-01,,Bill,119-Day,9127964P1,2020-12-03,30000000000,null,Yes
2020-12-01,,Bill,42-Day,9127963U1,2020-12-03,30000000000,null,Yes
2020-12-02,,Bill,105-Day,912796C98,2020-12-08,25000000000,null,Yes
2020-12-02,,Bill,154-Day,912796F87,2020-12-08,30000000000,null,No
2020-12-03,,Bill,4-Week,912796A58,2020-12-08,30000000000,null,Yes
2020-12-03,,Bill,8-Week,912796B65,2020-12-08,35000000000,null,Yes
2020-12-07,,Bill,13-Week,9127964M8,2020-12-10,54000000000,null,Yes
2020-12-07,,Bill,26-Week,912796B24,2020-12-10,51000000000,null,No
2020-12-08,,Bill,119-Day,9127964X4,2020-12-10,30000000000,null,Yes
2020-12-08,3Y,Note,3-Year,91282CBA8,2020-12-15,56000000000,0.2110,No
2020-12-08,,Bill,42-Day,9127963V9,2020-12-10,30000000000,null,Yes
2020-12-09,,Bill,154-Day,912796F95,2020-12-15,30000000000,null,No
2020-12-09,10Y,Note,9-Year 11-Month,91282CAV3,2020-12-15,38000000000,0.9510,Yes
2020-12-09,,Bill,105-Day,912796D22,2020-12-15,25000000000,null,Yes
2020-12-10,30Y,Bond,29-Year 11-Month,912810SS8,2020-12-15,24000000000,1.6650,Yes
2020-12-10,,Bill,4-Week,912796A66,2020-12-15,30000000000,null,Yes
2020-12-10,,Bill,8-Week,912796B73,2020-12-15,35000000000,null,Yes
2020-12-14,,Bill,26-Week,9127963H0,2020-12-17,51000000000,null,Yes
2020-12-14,,Bill,13-Week,9127964N6,2020-12-17,54000000000,null,Yes
2020-12-15,,Bill,42-Day,912796UC1,2020-12-17,30000000000,null,Yes
2020-12-15,,Bill,119-Day,9127964Y2,2020-12-17,30000000000,null,Yes
2020-12-16,,Bill,105-Day,912796D71,2020-12-22,25000000000,null,Yes
2020-12-16,,Bill,154-Day,912796G29,2020-12-22,30000000000,null,No
2020-12-17,,Bill,4-Week,912796A74,2020-12-22,30000000000,null,Yes
2020-12-17,,Bill,8-Week,912796B81,2020-12-22,35000000000,null,Yes
2020-12-17,,Bill,8-Day,9127965F2,2020-12-21,25000000,null,Yes
2020-12-21,,Bill,26-Week,912796B32,2020-12-24,51000000000,null,No
2020-12-21,20Y,Bond,19-Year 11-Month,912810ST6,2020-12-31,24000000000,1.4700,Yes
2020-12-21,,Bill,13-Week,9127962F5,2020-12-24,54000000000,null,Yes
2020-12-22,,Bill,119-Day,9127962Q1,2020-12-24,30000000000,null,Yes
2020-12-22,5Y,Note,4-Year 10-Month,91282CAQ4,2020-12-31,15000000000,-1.5750,Yes
2020-12-22,,Bill,42-Day,9127963W7,2020-12-24,30000000000,null,Yes
2020-12-23,,Bill,105-Day,912796D89,2020-12-29,25000000000,null,Yes
2020-12-23,2Y,Note,1-Year 10-Month,91282CAS0,2020-12-28,24000000000,null,Yes
2020-12-23,,Bill,154-Day,912796G37,2020-12-29,30000000000,null,No
2020-12-24,,Bill,4-Week,912796A82,2020-12-29,30000000000,null,Yes
2020-12-24,,Bill,8-Week,912796B99,2020-12-29,35000000000,null,Yes
2020-12-28,5Y,Note,5-Year,91282CBC4,2020-12-31,59000000000,0.3940,No
2020-12-28,2Y,Note,2-Year,91282CBD2,2020-12-31,58000000000,0.1370,No
2020-12-28,,Bill,13-Week,9127964P1,2020-12-31,54000000000,null,Yes
2020-12-28,,Bill,26-Week,912796B40,2020-12-31,51000000000,null,No
2020-12-29,7Y,Note,7-Year,91282CBB6,2020-12-31,59000000000,0.6620,No
2020-12-29,,Bill,52-Week,912796A90,2020-12-31,34000000000,null,No
2020-12-29,,Bill,42-Day,9127964C0,2020-12-31,30000000000,null,Yes
2020-12-29,,Bill,119-Day,9127964Z9,2020-12-31,30000000000,null,Yes
2020-12-30,,Bill,105-Day,912796D97,2021-01-05,25000000000,null,Yes
2020-12-30,,Bill,154-Day,912796G86,2021-01-05,30000000000,null,No
2020-12-31,,Bill,4-Week,912796B65,2021-01-05,30000000000,null,Yes
2020-12-31,,Bill,8-Week,912796C23,2021-01-05,35000000000,null,Yes
2021-01-04,,Bill,13-Week,9127964X4,2021-01-07,54000000000,null,Yes
2021-01-04,,Bill,26-Week,912796B57,2021-01-07,51000000000,null,No
2021-01-05,,Bill,119-Day,9127965A3,2021-01-07,30000000000,null,Yes
2021-01-05,,Bill,42-Day,9127964D8,2021-01-07,30000000000,null,Yes
2021-01-06,,Bill,105-Day,912796F20,2021-01-12,25000000000,null,Yes
2021-01-06,,Bill,154-Day,912796G94,2021-01-12,30000000000,null,No
2021-01-07,,Bill,4-Week,912796B73,2021-01-12,30000000000,null,Yes
2021-01-07,,Bill,8-Week,912796C72,2021-01-12,35000000000,null,Yes
2021-01-11,,Bill,13-Week,9127964Y2,2021-01-14,54000000000,null,Yes
2021-01-11,,Bill,26-Week,9127963S6,2021-01-14,51000000000,null,Yes
2021-01-11,3Y,Note,3-Year,91282CBE0,2021-01-15,58000000000,0.2340,No
2021-01-12,,Bill,42-Day,912796XE4,2021-01-14,30000000000,null,Yes
2021-01-12,,Bill,119-Day,912796A25,2021-01-14,30000000000,null,Yes
2021-01-12,10Y,Note,9-Year 10-Month,91282CAV3,2021-01-15,38000000000,1.1640,Yes
2021-01-13,,Bill,154-Day,912796H28,2021-01-19,30000000000,null,No
2021-01-13,30Y,Bond,29-Year 10-Month,912810SS8,2021-01-15,24000000000,1.8250,Yes
2021-01-13,,Bill,105-Day,912796F79,2021-01-19,25000000000,null,Yes
2021-01-14,,Bill,4-Week,912796B81,2021-01-19,30000000000,null,Yes
2021-01-14,,Bill,8-Week,912796C80,2021-01-19,35000000000,null,Yes
2021-01-19,,Bill,42-Day,9127964F3,2021-01-21,30000000000,null,Yes
2021-01-19,,Bill,13-Week,9127962Q1,2021-01-21,54000000000,null,Yes
2021-01-19,,Bill,119-Day,9127962Y4,2021-01-21,30000000000,null,Yes
2021-01-19,,Bill,26-Week,912796C49,2021-01-21,51000000000,null,No
2021-01-20,20Y,Bond,19-Year 10-Month,912810ST6,2021-02-01,24000000000,1.6570,Yes
2021-01-20,,Bill,105-Day,912796F87,2021-01-26,25000000000,null,Yes
2021-01-20,,Bill,154-Day,912796H36,2021-01-26,30000000000,null,No
2021-01-21,10Y,Note,10-Year,91282CBF7,2021-01-29,15000000000,-0.9870,No
2021-01-21,,Bill,8-Week,912796C98,2021-01-26,35000000000,null,Yes
2021-01-21,,Bill,4-Week,912796B99,2021-01-26,30000000000,null,Yes
2021-01-25,2Y,Note,2-Year,91282CBG5,2021-02-01,60000000000,0.1250,No
2021-01-25,,Bill,13-Week,9127964Z9,2021-01-28,54000000000,null,Yes
2021-01-25,,Bill,26-Week,912796C56,2021-01-28,51000000000,null,No
2021-01-26,5Y,Note,5-Year,91282CBH3,2021-02-01,61000000000,0.4240,No
2021-01-26,,Bill,119-Day,912796A33,2021-01-28,30000000000,null,Yes
2021-01-26,,Bill,52-Week,912796C31,2021-01-28,34000000000,null,No
2021-01-26,,Bill,42-Day,9127964M8,2021-01-28,30000000000,null,Yes
2021-01-27,,Bill,105-Day,912796F95,2021-02-02,25000000000,null,Yes
2021-01-27,2Y,Note,2-Year,91282CBK6,2021-02-01,28000000000,null,No
2021-01-27,,Bill,154-Day,912796H85,2021-02-02,30000000000,null,No
2021-01-28,7Y,Note,7-Year,91282CBJ9,2021-02-01,62000000000,0.7540,No
2021-01-28,,Bill,8-Week,912796D22,2021-02-02,35000000000,null,Yes
2021-01-28,,Bill,4-Week,912796C23,2021-02-02,30000000000,null,Yes
2021-02-01,,Bill,13-Week,9127965A3,2021-02-04,54000000000,null,Yes
2021-02-01,,Bill,26-Week,912796C64,2021-02-04,51000000000,null,No
2021-02-02,,Bill,119-Day,912796A41,2021-02-04,30000000000,null,Yes
2021-02-02,,Bill,42-Day,9127964N6,2021-02-04,30000000000,null,Yes
2021-02-03,,Bill,105-Day,912796G29,2021-02-09,25000000000,null,Yes
2021-02-03,,Bill,154-Day,912796H93,2021-02-09,30000000000,null,No
2021-02-04,,Bill,4-Week,912796C72,2021-02-09,30000000000,null,Yes
2021-02-04,,Bill,8-Week,912796D71,2021-02-09,35000000000,null,Yes
2021-02-08,,Bill,26-Week,9127964B2,2021-02-11,51000000000,null,Yes
2021-02-08,,Bill,13-Week,912796A25,2021-02-11,54000000000,null,Yes
2021-02-09,,Bill,119-Day,912796B24,2021-02-11,30000000000,null,Yes
2021-02-09,3Y,Note,3-Year,91282CBM2,2021-02-16,58000000000,0.1960,No
2021-02-09,,Bill,42-Day,9127962F5,2021-02-11,30000000000,null,Yes
2021-02-10,,Bill,105-Day,912796G37,2021-02-16,25000000000,null,Yes
2021-02-10,,Bill,154-Day,912796J26,2021-02-16,30000000000,null,No
2021-02-10,10Y,Note,10-Year,91282CBL4,2021-02-16,41000000000,1.1550,No
2021-02-11,,Bill,4-Week,912796C80,2021-02-16,30000000000,null,Yes
2021-02-11,,Bill,8-Week,912796D89,2021-02-16,35000000000,null,Yes
2021-02-11,30Y,Bond,30-Year,912810SU3,2021-02-16,27000000000,1.9330,No
2021-02-16,,Bill,119-Day,9127963H0,2021-02-18,30000000000,null,Yes
2021-02-16,,Bill,42-Day,9127964P1,2021-02-18,30000000000,null,Yes
2021-02-16,,Bill,13-Week,9127962Y4,2021-02-18,54000000000,null,Yes
2021-02-16,,Bill,26-Week,912796D48,2021-02-18,51000000000,null,No
2021-02-17,20Y,Bond,20-Year,912810SW9,2021-03-01,27000000000,1.9200,No
2021-02-18,30Y,Bond,30-Year,912810SV1,2021-02-26,9000000000,-0.0400,No
2021-02-18,,Bill,4-Week,912796C98,2021-02-23,30000000000,null,Yes
2021-02-18,,Bill,8-Week,912796D97,2021-02-23,35000000000,null,Yes
2021-02-22,,Bill,13-Week,912796A33,2021-02-25,54000000000,null,Yes
2021-02-22,,Bill,26-Week,912796D55,2021-02-25,51000000000,null,No
2021-02-23,,Bill,42-Day,9127964X4,2021-02-25,30000000000,null,Yes
2021-02-23,2Y,Note,2-Year,91282CBN0,2021-03-01,60000000000,0.1190,No
2021-02-23,,Bill,52-Week,912796D30,2021-02-25,34000000000,null,No
2021-02-24,2Y,Note,1-Year 11-Month,91282CBK6,2021-02-26,26000000000,null,Yes
2021-02-24,5Y,Note,5-Year,91282CBQ3,2021-03-01,61000000000,0.6210,No
2021-02-24,,Bill,119-Day,912796H36,2021-03-02,30000000000,null,Yes
2021-02-25,,Bill,8-Week,912796F20,2021-03-02,35000000000,null,Yes
2021-02-25,7Y,Note,7-Year,91282CBP5,2021-03-01,62000000000,1.1950,No
2021-02-25,,Bill,4-Week,912796D22,2021-03-02,30000000000,null,Yes
2021-03-01,,Bill,13-Week,912796A41,2021-03-04,54000000000,null,Yes
2021-03-01,,Bill,26-Week,912796D63,2021-03-04,51000000000,null,No
2021-03-02,,Bill,42-Day,9127964Y2,2021-03-04,30000000000,null,Yes
2021-03-03,,Bill,119-Day,912796H85,2021-03-09,30000000000,null,Yes
2021-03-04,,Bill,4-Week,912796D71,2021-03-09,30000000000,null,Yes
2021-03-04,,Bill,8-Week,912796F79,2021-03-09,35000000000,null,Yes
2021-03-08,,Bill,13-Week,912796B24,2021-03-11,54000000000,null,Yes
2021-03-08,,Bill,26-Week,9127964L0,2021-03-11,51000000000,null,Yes
2021-03-09,3Y,Note,3-Year,91282CBR1,2021-03-15,58000000000,0.3550,No
2021-03-09,,Bill,42-Day,9127962Q1,2021-03-11,30000000000,null,Yes
2021-03-10,10Y,Note,9-Year 11-Month,91282CBL4,2021-03-15,38000000000,1.5230,Yes
2021-03-10,,Bill,119-Day,912796H93,2021-03-16,30000000000,null,Yes
2021-03-11,,Bill,4-Week,912796D89,2021-03-16,30000000000,null,Yes
2021-03-11,,Bill,8-Week,912796F87,2021-03-16,35000000000,null,Yes
2021-03-11,30Y,Bond,29-Year 11-Month,912810SU3,2021-03-15,24000000000,2.2950,Yes
2021-03-15,,Bill,13-Week,9127963H0,2021-03-18,57000000000,null,Yes
2021-03-15,,Bill,26-Week,912796F46,2021-03-18,54000000000,null,No
2021-03-16,20Y,Bond,19-Year 11-Month,912810SW9,2021-03-31,24000000000,2.2900,Yes
2021-03-16,,Bill,42-Day,9127964Z9,2021-03-18,35000000000,null,Yes
2021-03-17,,Bill,119-Day,912796J26,2021-03-23,35000000000,null,Yes
2021-03-18,,Bill,8-Week,912796F95,2021-03-23,40000000000,null,Yes
2021-03-18,,Bill,4-Week,912796D97,2021-03-23,40000000000,null,Yes
2021-03-18,10Y,Note,9-Year 10-Month,91282CBF7,2021-03-31,13000000000,-0.5800,Yes
2021-03-22,,Bill,13-Week,912796B32,2021-03-25,57000000000,null,Yes
2021-03-22,,Bill,26-Week,912796F53,2021-03-25,54000000000,null,No
2021-03-23,,Bill,42-Day,9127965A3,2021-03-25,40000000000,null,Yes
2021-03-23,,Bill,52-Week,912796F38,2021-03-25,34000000000,null,No
2021-03-23,2Y,Note,2-Year,91282CBU4,2021-03-31,60000000000,0.1520,No
2021-03-24,5Y,Note,5-Year,91282CBT7,2021-03-31,61000000000,0.8500,No
2021-03-24,2Y,Note,1-Year 10-Month,91282CBK6,2021-03-26,26000000000,null,Yes
2021-03-24,,Bill,119-Day,912796J34,2021-03-30,35000000000,null,No
2021-03-25,,Bill,8-Week,912796G29,2021-03-30,40000000000,null,Yes
2021-03-25,,Bill,4-Week,912796F20,2021-03-30,40000000000,null,Yes
2021-03-25,7Y,Note,7-Year,91282CBS9,2021-03-31,62000000000,1.3000,No
2021-03-29,,Bill,26-Week,912796F61,2021-04-01,54000000000,null,No
2021-03-29,,Bill,13-Week,912796B40,2021-04-01,57000000000,null,Yes
2021-03-30,,Bill,42-Day,912796A25,2021-04-01,40000000000,null,Yes
2021-03-31,,Bill,119-Day,912796J83,2021-04-06,35000000000,null,No
2021-04-01,,Bill,4-Week,912796F79,2021-04-06,40000000000,null,Yes
2021-04-01,,Bill,8-Week,912796G37,2021-04-06,40000000000,null,Yes
2021-04-05,,Bill,13-Week,912796B57,2021-04-08,57000000000,null,Yes
2021-04-05,,Bill,26-Week,9127964V8,2021-04-08,54000000000,null,Yes
2021-04-06,,Bill,42-Day,9127962Y4,2021-04-08,40000000000,null,Yes
2021-04-07,,Bill,119-Day,912796J91,2021-04-13,35000000000,null,No
2021-04-08,,Bill,4-Week,912796F87,2021-04-13,40000000000,null,Yes
2021-04-08,,Bill,8-Week,912796G86,2021-04-13,40000000000,null,Yes
2021-04-12,3Y,Note,3-Year,91282CBV2,2021-04-15,58000000000,0.3760,No
2021-04-12,,Bill,26-Week,912796G52,2021-04-15,54000000000,null,No
2021-04-12,10Y,Note,9-Year 10-Month,91282CBL4,2021-04-15,38000000000,1.6800,Yes
2021-04-12,,Bill,13-Week,9127963S6,2021-04-15,57000000000,null,Yes
2021-04-13,,Bill,42-Day,912796A33,2021-04-15,40000000000,null,Yes
2021-04-13,30Y,Bond,29-Year 10-Month,912810SU3,2021-04-15,24000000000,2.3200,Yes
2021-04-14,,Bill,119-Day,912796K24,2021-04-20,35000000000,null,No
2021-04-15,,Bill,4-Week,912796F95,2021-04-20,40000000000,null,Yes
2021-04-15,,Bill,8-Week,912796G94,2021-04-20,40000000000,null,Yes
2021-04-19,,Bill,13-Week,912796C49,2021-04-22,57000000000,null,Yes
2021-04-19,,Bill,26-Week,912796G60,2021-04-22,54000000000,null,No
2021-04-20,,Bill,42-Day,912796A41,2021-04-22,40000000000,null,Yes
2021-04-20,,Bill,52-Week,912796G45,2021-04-22,34000000000,null,No
2021-04-21,,Bill,119-Day,912796K32,2021-04-27,35000000000,null,No
2021-04-21,20Y,Bond,19-Year 10-Month,912810SW9,2021-04-30,24000000000,2.1440,Yes
2021-04-22,5Y,Note,5-Year,91282CCA7,2021-04-30,18000000000,-1.6310,No
2021-04-22,,Bill,4-Week,912796G29,2021-04-27,40000000000,null,Yes
2021-04-22,,Bill,8-Week,912796H28,2021-04-27,40000000000,null,Yes
2021-04-26,5Y,Note,5-Year,91282CBW0,2021-04-30,61000000000,0.8490,No
2021-04-26,,Bill,13-Week,912796C56,2021-04-29,57000000000,null,Yes
2021-04-26,,Bill,26-Week,912796G78,2021-04-29,54000000000,null,No
2021-04-26,2Y,Note,2-Year,91282CBX8,2021-04-30,60000000000,0.1750,No
2021-04-27,,Bill,42-Day,912796B24,2021-04-29,40000000000,null,Yes
2021-04-27,2Y,Note,2-Year,91282CBY6,2021-04-30,28000000000,null,No
2021-04-27,7Y,Note,7-Year,91282CBZ3,2021-04-30,62000000000,1.3060,No
2021-04-28,,Bill,119-Day,912796K40,2021-05-04,35000000000,null,No
2021-04-29,,Bill,4-Week,912796G37,2021-05-04,40000000000,null,Yes
2021-04-29,,Bill,8-Week,912796H36,2021-05-04,40000000000,null,Yes
2021-05-03,,Bill,13-Week,912796C64,2021-05-06,57000000000,null,Yes
2021-05-03,,Bill,26-Week,9127964W6,2021-05-06,54000000000,null,Yes
2021-05-04,,Bill,42-Day,9127963H0,2021-05-06,40000000000,null,Yes
2021-05-05,,Bill,119-Day,912796L23,2021-05-11,35000000000,null,No
2021-05-06,,Bill,4-Week,912796G86,2021-05-11,40000000000,null,Yes
2021-05-06,,Bill,8-Week,912796H85,2021-05-11,40000000000,null,Yes
2021-05-10,,Bill,13-Week,9127964B2,2021-05-13,57000000000,null,Yes
2021-05-10,,Bill,26-Week,912796H51,2021-05-13,54000000000,null,No
2021-05-11,3Y,Note,3-Year,91282CCC3,2021-05-17,58000000000,0.3290,No
2021-05-11,,Bill,42-Day,912796B32,2021-05-13,40000000000,null,Yes
2021-05-12,10Y,Note,10-Year,91282CCB5,2021-05-17,41000000000,1.6840,No
2021-05-12,,Bill,119-Day,912796L31,2021-05-18,35000000000,null,No
2021-05-13,,Bill,4-Week,912796G94,2021-05-18,40000000000,null,Yes
2021-05-13,,Bill,8-Week,912796H93,2021-05-18,40000000000,null,Yes
2021-05-13,30Y,Bond,30-Year,912810SX7,2021-05-17,27000000000,2.3950,No
2021-05-17,,Bill,13-Week,912796D48,2021-05-20,57000000000,null,Yes
2021-05-17,,Bill,26-Week,912796H69,2021-05-20,54000000000,null,No
2021-05-18,,Bill,42-Day,912796B40,2021-05-20,40000000000,null,Yes
2021-05-18,,Bill,52-Week,912796H44,2021-05-20,34000000000,null,No
2021-05-19,20Y,Bond,20-Year,912810SY5,2021-06-01,27000000000,2.2860,No
2021-05-19,,Bill,119-Day,912796L49,2021-05-25,35000000000,null,No
2021-05-20,,Bill,4-Week,912796H28,2021-05-25,40000000000,null,Yes
2021-05-20,,Bill,8-Week,912796J26,2021-05-25,40000000000,null,Yes
2021-05-20,10Y,Note,9-Year 8-Month,91282CBF7,2021-05-28,13000000000,-0.8050,Yes
2021-05-24,,Bill,13-Week,912796D55,2021-05-27,57000000000,null,Yes
2021-05-24,,Bill,26-Week,912796H77,2021-05-27,54000000000,null,No
2021-05-25,,Bill,42-Day,912796B57,2021-05-27,40000000000,null,Yes
2021-05-25,2Y,Note,2-Year,91282CCD1,2021-06-01,60000000000,0.1520,No
2021-05-26,5Y,Note,5-Year,91282CCF6,2021-06-01,61000000000,0.7880,No
2021-05-26,2Y,Note,1-Year 11-Month,91282CBY6,2021-05-28,26000000000,null,Yes
2021-05-26,,Bill,119-Day,912796L56,2021-06-01,35000000000,null,No
2021-05-27,7Y,Note,7-Year,91282CCE9,2021-06-01,62000000000,1.2850,No
2021-05-27,,Bill,4-Week,912796H36,2021-06-01,40000000000,null,Yes
2021-05-27,,Bill,8-Week,912796J34,2021-06-01,40000000000,null,Yes
2021-06-01,,Bill,13-Week,912796D63,2021-06-03,57000000000,null,Yes
2021-06-01,,Bill,26-Week,9127965G0,2021-06-03,54000000000,null,Yes
2021-06-01,,Bill,42-Day,9127963S6,2021-06-03,40000000000,null,Yes
2021-06-02,,Bill,119-Day,912796M22,2021-06-08,35000000000,null,No
2021-06-03,,Bill,4-Week,912796H85,2021-06-08,40000000000,null,Yes
2021-06-03,,Bill,8-Week,912796J83,2021-06-08,40000000000,null,Yes
2021-06-07,,Bill,13-Week,9127964L0,2021-06-10,57000000000,null,Yes
2021-06-07,,Bill,26-Week,912796J59,2021-06-10,54000000000,null,No
2021-06-08,,Bill,42-Day,912796C49,2021-06-10,40000000000,null,Yes
2021-06-08,3Y,Note,3-Year,91282CCG4,2021-06-15,58000000000,0.3250,No
2021-06-09,,Bill,119-Day,912796M30,2021-06-15,35000000000,null,No
2021-06-09,10Y,Note,9-Year 11-Month,91282CCB5,2021-06-15,38000000000,1.4970,Yes
2021-06-10,30Y,Bond,29-Year 11-Month,912810SX7,2021-06-15,24000000000,2.1720,Yes
2021-06-10,,Bill,4-Week,912796H93,2021-06-15,40000000000,null,Yes
2021-06-10,,Bill,8-Week,912796J91,2021-06-15,40000000000,null,Yes
2021-06-14,,Bill,13-Week,912796F46,2021-06-17,57000000000,null,Yes
2021-06-14,,Bill,26-Week,912796J67,2021-06-17,54000000000,null,No
2021-06-15,,Bill,52-Week,912796J42,2021-06-17,34000000000,null,No
2021-06-15,20Y,Bond,19-Year 11-Month,912810SY5,2021-06-30,24000000000,2.1200,Yes
2021-06-15,,Bill,42-Day,912796C56,2021-06-17,40000000000,null,Yes
2021-06-16,,Bill,119-Day,912796M48,2021-06-22,35000000000,null,No
2021-06-17,,Bill,4-Week,912796J26,2021-06-22,40000000000,null,Yes
2021-06-17,5Y,Note,4-Year 10-Month,91282CCA7,2021-06-30,16000000000,-1.4160,Yes
2021-06-17,,Bill,8-Week,912796K24,2021-06-22,40000000000,null,Yes
2021-06-21,,Bill,26-Week,912796J75,2021-06-24,54000000000,null,No
2021-06-21,,Bill,13-Week,912796F53,2021-06-24,57000000000,null,Yes
2021-06-22,,Bill,42-Day,912796C64,2021-06-24,40000000000,null,Yes
2021-06-22,2Y,Note,2-Year,91282CCK5,2021-06-30,60000000000,0.2490,No
2021-06-23,2Y,Note,1-Year 10-Month,91282CBY6,2021-06-25,26000000000,null,Yes
2021-06-23,,Bill,119-Day,912796M55,2021-06-29,35000000000,null,No
2021-06-23,5Y,Note,5-Year,91282CCJ8,2021-06-30,61000000000,0.9040,No
2021-06-24,,Bill,4-Week,912796J34,2021-06-29,40000000000,null,Yes
2021-06-24,,Bill,8-Week,912796K32,2021-06-29,40000000000,null,Yes
2021-06-24,7Y,Note,7-Year,91282CCH2,2021-06-30,62000000000,1.2640,No
2021-06-28,,Bill,26-Week,912796A90,2021-07-01,54000000000,null,Yes
2021-06-28,,Bill,13-Week,912796F61,2021-07-01,57000000000,null,Yes
2021-06-29,,Bill,42-Day,9127964B2,2021-07-01,40000000000,null,Yes
2021-06-30,,Bill,119-Day,912796M63,2021-07-06,35000000000,null,No
2021-07-01,,Bill,4-Week,912796J83,2021-07-06,40000000000,null,Yes
2021-07-01,,Bill,8-Week,912796K40,2021-07-06,40000000000,null,Yes
2021-07-06,,Bill,42-Day,912796D48,2021-07-08,40000000000,null,Yes
2021-07-06,,Bill,13-Week,9127964V8,2021-07-08,57000000000,null,Yes
2021-07-06,,Bill,26-Week,912796K65,2021-07-08,54000000000,null,No
2021-07-07,,Bill,119-Day,912796N54,2021-07-13,35000000000,null,No
2021-07-08,,Bill,4-Week,912796J91,2021-07-13,40000000000,null,Yes
2021-07-08,,Bill,8-Week,912796L23,2021-07-13,40000000000,null,Yes
2021-07-12,10Y,Note,9-Year 10-Month,91282CCB5,2021-07-15,38000000000,1.3710,Yes
2021-07-12,3Y,Note,3-Year,91282CCL3,2021-07-15,58000000000,0.4260,No
2021-07-12,,Bill,26-Week,912796K73,2021-07-15,51000000000,null,No
2021-07-12,,Bill,13-Week,912796G52,2021-07-15,54000000000,null,Yes
2021-07-13,,Bill,42-Day,912796D55,2021-07-15,35000000000,null,Yes
2021-07-13,,Bill,52-Week,912796K57,2021-07-15,34000000000,null,No
2021-07-13,30Y,Bond,29-Year 10-Month,912810SX7,2021-07-15,24000000000,2.0000,Yes
2021-07-14,,Bill,119-Day,912796N62,2021-07-20,30000000000,null,No
2021-07-15,,Bill,4-Week,912796K24,2021-07-20,40000000000,null,Yes
2021-07-15,,Bill,8-Week,912796L31,2021-07-20,35000000000,null,Yes
2021-07-19,,Bill,13-Week,912796G60,2021-07-22,54000000000,null,Yes
2021-07-19,,Bill,26-Week,912796K81,2021-07-22,51000000000,null,No
2021-07-20,,Bill,42-Day,912796D63,2021-07-22,35000000000,null,Yes
2021-07-21,,Bill,119-Day,912796N70,2021-07-27,30000000000,null,No
2021-07-21,20Y,Bond,19-Year 10-Month,912810SY5,2021-08-02,24000000000,1.8900,Yes
2021-07-22,10Y,Note,10-Year,91282CCM1,2021-07-30,16000000000,-1.0160,No
2021-07-22,,Bill,4-Week,912796K32,2021-07-27,40000000000,null,Yes
2021-07-22,,Bill,8-Week,912796L49,2021-07-27,35000000000,null,Yes
2021-07-26,,Bill,13-Week,912796G78,2021-07-29,54000000000,null,Yes
2021-07-26,,Bill,26-Week,912796C31,2021-07-29,51000000000,null,Yes
2021-07-26,2Y,Note,2-Year,91282CCN9,2021-08-02,60000000000,0.2130,No
2021-07-27,,Bill,42-Day,9127964L0,2021-07-29,20000000000,null,Yes
2021-07-27,5Y,Note,5-Year,91282CCP4,2021-08-02,61000000000,0.7100,No
2021-07-28,,Bill,119-Day,912796N88,2021-08-03,30000000000,null,No
2021-07-28,2Y,Note,2-Year,91282CCQ2,2021-08-02,28000000000,null,No
2021-07-29,,Bill,8-Week,912796L56,2021-08-03,35000000000,null,Yes
2021-07-29,,Bill,4-Week,912796K40,2021-08-03,40000000000,null,Yes
2021-07-29,7Y,Note,7-Year,91282CCR0,2021-08-02,62000000000,1.0500,No
2021-08-02,,Bill,26-Week,912796K99,2021-08-05,51000000000,null,No
2021-08-02,,Bill,13-Week,9127964W6,2021-08-05,54000000000,null,Yes
2021-08-03,,Bill,42-Day,912796F46,2021-08-05,20000000000,null,Yes
2021-08-04,,Bill,119-Day,912796P52,2021-08-10,30000000000,null,No
2021-08-05,,Bill,4-Week,912796L23,2021-08-10,40000000000,null,Yes
2021-08-05,,Bill,8-Week,912796M22,2021-08-10,35000000000,null,Yes
2021-08-09,,Bill,13-Week,912796H51,2021-08-12,54000000000,null,Yes
2021-08-09,,Bill,26-Week,912796L72,2021-08-12,51000000000,null,No
2021-08-10,3Y,Note,3-Year,91282CCT6,2021-08-16,58000000000,0.4650,No
2021-08-10,,Bill,42-Day,912796F53,2021-08-12,20000000000,null,Yes
2021-08-10,,Bill,52-Week,912796L64,2021-08-12,34000000000,null,No
2021-08-11,10Y,Note,10-Year,91282CCS8,2021-08-16,41000000000,1.3400,No
2021-08-11,,Bill,119-Day,912796P60,2021-08-17,30000000000,null,No
2021-08-12,,Bill,8-Week,912796M30,2021-08-17,35000000000,null,Yes
2021-08-12,,Bill,4-Week,912796L31,2021-08-17,40000000000,null,Yes
2021-08-12,30Y,Bond,30-Year,912810SZ2,2021-08-16,27000000000,2.0400,No
2021-08-16,,Bill,13-Week,912796H69,2021-08-19,51000000000,null,Yes
2021-08-16,,Bill,26-Week,912796L80,2021-08-19,48000000000,null,No
2021-08-17,,Bill,42-Day,912796F61,2021-08-19,20000000000,null,Yes
2021-08-17,,Bill,57-Day,912796ZB8,2021-08-19,50000000000,null,No
2021-08-18,20Y,Bond,20-Year,912810TA6,2021-08-31,27000000000,1.8500,No
2021-08-18,,Bill,119-Day,912796P78,2021-08-24,30000000000,null,No
2021-08-19,,Bill,4-Week,912796L49,2021-08-24,35000000000,null,Yes
2021-08-19,,Bill,8-Week,912796M48,2021-08-24,30000000000,null,Yes
2021-08-19,30Y,Bond,29-Year 6-Month,912810SV1,2021-08-31,8000000000,-0.2920,Yes
2021-08-23,,Bill,13-Week,912796H77,2021-08-26,51000000000,null,Yes
2021-08-23,,Bill,26-Week,912796D30,2021-08-26,48000000000,null,Yes
2021-08-24,2Y,Note,2-Year,91282CCU3,2021-08-31,60000000000,0.2420,No
2021-08-24,,Bill,67-Day,912796ZC6,2021-08-26,40000000000,null,No
2021-08-25,2Y,Note,1-Year 11-Month,91282CCQ2,2021-08-27,26000000000,null,Yes
2021-08-25,,Bill,119-Day,912796P86,2021-08-31,30000000000,null,No
2021-08-25,5Y,Note,5-Year,91282CCW9,2021-08-31,61000000000,0.8310,No
2021-08-26,7Y,Note,7-Year,91282CCV1,2021-08-31,62000000000,1.1550,No
2021-08-26,,Bill,4-Week,912796L56,2021-08-31,30000000000,null,Yes
2021-08-26,,Bill,8-Week,912796M55,2021-08-31,30000000000,null,Yes
2021-08-30,,Bill,26-Week,912796L98,2021-09-02,48000000000,null,No
2021-08-30,,Bill,13-Week,9127965G0,2021-09-02,51000000000,null,Yes
2021-08-31,,Bill,21-Day,912796F53,2021-09-02,45000000000,null,Yes
2021-09-01,,Bill,119-Day,912796Q51,2021-09-07,30000000000,null,No
2021-09-02,,Bill,4-Week,912796M22,2021-09-07,25000000000,null,Yes
2021-09-02,,Bill,8-Week,912796M63,2021-09-07,30000000000,null,Yes
2021-09-07,,Bill,26-Week,912796M97,2021-09-09,48000000000,null,No
2021-09-07,3Y,Note,3-Year,91282CCX7,2021-09-15,58000000000,0.4470,No
2021-09-07,,Bill,21-Day,912796F61,2021-09-09,45000000000,null,Yes
2021-09-07,,Bill,13-Week,912796J59,2021-09-09,51000000000,null,Yes
2021-09-07,,Bill,52-Week,912796M71,2021-09-09,34000000000,null,No
2021-09-08,,Bill,119-Day,912796Q69,2021-09-14,30000000000,null,No
2021-09-08,10Y,Note,9-Year 11-Month,91282CCS8,2021-09-15,38000000000,1.3380,Yes
2021-09-09,,Bill,8-Week,912796N54,2021-09-14,30000000000,null,Yes
2021-09-09,,Bill,4-Week,912796M30,2021-09-14,20000000000,null,Yes
2021-09-09,30Y,Bond,29-Year 11-Month,912810SZ2,2021-09-15,24000000000,1.9100,Yes
2021-09-13,,Bill,13-Week,912796J67,2021-09-16,48000000000,null,Yes
2021-09-13,,Bill,26-Week,912796N21,2021-09-16,45000000000,null,No
2021-09-15,,Bill,119-Day,912796Q77,2021-09-21,30000000000,null,No
2021-09-16,,Bill,4-Week,912796M48,2021-09-21,15000000000,null,Yes
2021-09-16,,Bill,8-Week,912796N62,2021-09-21,30000000000,null,Yes
2021-09-20,,Bill,13-Week,912796J75,2021-09-23,45000000000,null,Yes
2021-09-20,,Bill,26-Week,912796F38,2021-09-23,45000000000,null,Yes
2021-09-21,20Y,Bond,19-Year 11-Month,912810TA6,2021-09-30,24000000000,1.7950,Yes
2021-09-22,,Bill,119-Day,912796Q85,2021-09-28,30000000000,null,No
2021-09-22,2Y,Note,1-Year 10-Month,91282CCQ2,2021-09-24,26000000000,null,Yes
2021-09-23,10Y,Note,9-Year 10-Month,91282CCM1,2021-09-30,14000000000,-0.9390,Yes
2021-09-23,,Bill,4-Week,912796M55,2021-09-28,10000000000,null,Yes
2021-09-23,,Bill,8-Week,912796N70,2021-09-28,25000000000,null,Yes
2021-09-27,,Bill,13-Week,912796A90,2021-09-30,42000000000,null,Yes
2021-09-27,,Bill,26-Week,912796N39,2021-09-30,42000000000,null,No
2021-09-27,2Y,Note,2-Year,91282CDA6,2021-09-30,60000000000,0.3100,No
2021-09-27,5Y,Note,5-Year,91282CCZ2,2021-09-30,61000000000,0.9900,No
2021-09-28,7Y,Note,7-Year,91282CCY5,2021-09-30,62000000000,1.3320,No
2021-09-29,,Bill,119-Day,912796Q93,2021-10-05,30000000000,null,No
2021-09-30,,Bill,4-Week,912796M63,2021-10-05,10000000000,null,Yes
2021-09-30,,Bill,8-Week,912796N88,2021-10-05,25000000000,null,Yes
2021-10-04,,Bill,26-Week,912796N47,2021-10-07,42000000000,null,No
2021-10-04,,Bill,13-Week,912796K65,2021-10-07,42000000000,null,Yes
2021-10-05,,Bill,8-Day,912796ZB8,2021-10-07,25000000000,null,Yes
2021-10-05,,Bill,52-Week,912796M89,2021-10-07,34000000000,null,No
2021-10-06,,Bill,119-Day,912796R76,2021-10-12,30000000000,null,No
2021-10-06,,Bill,64-Day,912796J67,2021-10-13,40000000000,null,Yes
2021-10-07,,Bill,4-Week,912796N54,2021-10-12,10000000000,null,Yes
2021-10-07,,Bill,8-Week,912796P52,2021-10-12,25000000000,null,Yes
2021-10-12,,Bill,26-Week,912796P29,2021-10-14,42000000000,null,No
2021-10-12,10Y,Note,9-Year 10-Month,91282CCS8,2021-10-15,38000000000,1.5840,Yes
2021-10-12,,Bill,13-Week,912796K73,2021-10-14,42000000000,null,Yes
2021-10-12,3Y,Note,3-Year,91282CDB4,2021-10-15,58000000000,0.6350,No
2021-10-13,,Bill,119-Day,912796R84,2021-10-19,35000000000,null,No
2021-10-13,30Y,Bond,29-Year 10-Month,912810SZ2,2021-10-15,24000000000,2.0490,Yes
2021-10-14,,Bill,8-Week,912796P60,2021-10-19,25000000000,null,Yes
2021-10-14,,Bill,39-Day,912796H77,2021-10-18,60000000000,null,Yes
2021-10-14,,Bill,4-Week,912796N62,2021-10-19,25000000000,null,Yes
2021-10-18,,Bill,13-Week,912796K81,2021-10-21,48000000000,null,Yes
2021-10-18,,Bill,26-Week,912796G45,2021-10-21,45000000000,null,Yes
2021-10-19,,Bill,40-Day,912796N88,2021-10-21,60000000000,null,Yes
2021-10-20,,Bill,27-Day,912796H69,2021-10-22,60000000000,null,Yes
2021-10-20,20Y,Bond,19-Year 10-Month,912810TA6,2021-11-01,24000000000,2.1000,Yes
2021-10-20,,Bill,119-Day,912796R92,2021-10-26,40000000000,null,No
2021-10-21,,Bill,8-Week,912796P78,2021-10-26,25000000000,null,Yes
2021-10-21,,Bill,4-Week,912796N70,2021-10-26,60000000000,null,Yes
2021-10-21,5Y,Note,5-Year,91282CDC2,2021-10-29,19000000000,-1.6850,No
2021-10-25,,Bill,26-Week,912796P37,2021-10-28,48000000000,null,No
2021-10-25,,Bill,13-Week,912796C31,2021-10-28,54000000000,null,Yes
2021-10-26,,Bill,48-Day,912796ZX0,2021-10-28,40000000000,null,No
2021-10-26,2Y,Note,2-Year,91282CDD0,2021-11-01,60000000000,0.4810,No
2021-10-27,,Bill,119-Day,912796S26,2021-11-02,40000000000,null,No
2021-10-27,2Y,Note,2-Year,91282CDE8,2021-11-01,28000000000,null,No
2021-10-27,5Y,Note,5-Year,91282CDG3,2021-11-01,61000000000,1.1570,No
2021-10-28,,Bill,4-Week,912796N88,2021-11-02,60000000000,null,Yes
2021-10-28,,Bill,8-Week,912796P86,2021-11-02,25000000000,null,Yes
2021-10-28,7Y,Note,7-Year,91282CDF5,2021-11-01,62000000000,1.4610,No
2021-11-01,,Bill,13-Week,912796K99,2021-11-04,54000000000,null,Yes
2021-11-01,,Bill,26-Week,912796P45,2021-11-04,48000000000,null,No
2021-11-02,,Bill,52-Week,912796N96,2021-11-04,34000000000,null,No
2021-11-03,,Bill,119-Day,912796S75,2021-11-09,40000000000,null,No
2021-11-04,,Bill,8-Week,912796Q51,2021-11-09,25000000000,null,Yes
2021-11-04,,Bill,4-Week,912796P52,2021-11-09,10000000000,null,Yes
2021-11-08,3Y,Note,3-Year,91282CDH1,2021-11-15,56000000000,0.7500,No
2021-11-08,,Bill,26-Week,912796Q28,2021-11-12,48000000000,null,No
2021-11-08,,Bill,13-Week,912796L72,2021-11-12,54000000000,null,Yes
2021-11-09,10Y,Note,10-Year,91282CDJ7,2021-11-15,39000000000,1.4440,No
2021-11-10,,Bill,4-Week,912796P60,2021-11-16,10000000000,null,Yes
2021-11-10,,Bill,8-Week,912796Q69,2021-11-16,25000000000,null,Yes
2021-11-10,,Bill,119-Day,912796S83,2021-11-16,40000000000,null,No
2021-11-10,30Y,Bond,30-Year,912810TB4,2021-11-15,25000000000,1.9400,No
2021-11-15,,Bill,13-Week,912796L80,2021-11-18,57000000000,null,Yes
2021-11-15,,Bill,26-Week,912796H44,2021-11-18,51000000000,null,Yes
2021-11-16,,Bill,14-Day,9127965G0,2021-11-18,60000000000,null,Yes
2021-11-17,,Bill,22-Day,912796ZX0,2021-11-23,40000000000,null,Yes
2021-11-17,,Bill,119-Day,912796S91,2021-11-23,40000000000,null,No
2021-11-17,20Y,Bond,20-Year,912810TC2,2021-11-30,23000000000,2.0650,No
2021-11-18,10Y,Note,9-Year 8-Month,91282CCM1,2021-11-30,14000000000,-1.1450,Yes
2021-11-18,,Bill,4-Week,912796P78,2021-11-23,10000000000,null,Yes
2021-11-18,,Bill,8-Week,912796Q77,2021-11-23,25000000000,null,Yes
2021-11-22,,Bill,13-Week,912796D30,2021-11-26,57000000000,null,Yes
2021-11-22,2Y,Note,2-Year,91282CDM0,2021-11-30,58000000000,0.6230,No
2021-11-22,5Y,Note,5-Year,91282CDK4,2021-11-30,59000000000,1.3190,No
2021-11-22,,Bill,26-Week,912796Q36,2021-11-26,51000000000,null,No
2021-11-23,,Bill,35-Day,912796Y94,2021-11-26,40000000000,null,No
2021-11-23,7Y,Note,7-Year,91282CDL2,2021-11-30,59000000000,1.5880,No
2021-11-23,2Y,Note,1-Year 11-Month,91282CDE8,2021-11-26,24000000000,null,Yes
2021-11-24,,Bill,14-Day,912796P60,2021-11-30,60000000000,null,Yes
2021-11-24,,Bill,4-Week,912796P86,2021-11-30,10000000000,null,Yes
2021-11-24,,Bill,8-Week,912796Q85,2021-11-30,25000000000,null,Yes
2021-11-24,,Bill,119-Day,912796T25,2021-11-30,40000000000,null,No
2021-11-29,,Bill,13-Week,912796L98,2021-12-02,57000000000,null,Yes
2021-11-29,,Bill,26-Week,912796Q44,2021-12-02,51000000000,null,No
2021-11-30,,Bill,21-Day,912796J75,2021-12-02,30000000000,null,Yes
2021-11-30,,Bill,52-Week,912796P94,2021-12-02,34000000000,null,No
2021-12-01,,Bill,8-Day,912796ZX0,2021-12-07,40000000000,null,Yes
2021-12-01,,Bill,119-Day,912796T74,2021-12-07,40000000000,null,No
2021-12-02,20Y,Bond,19-Year 11-Month,912810TC2,2021-12-06,25000000,1.8720,Yes
2021-12-02,,Bill,8-Week,912796Q93,2021-12-07,25000000000,null,Yes
2021-12-02,,Bill,4-Week,912796Q51,2021-12-07,10000000000,null,Yes
2021-12-06,,Bill,13-Week,912796M97,2021-12-09,57000000000,null,Yes
2021-12-06,,Bill,26-Week,912796R35,2021-12-09,51000000000,null,No
2021-12-07,3Y,Note,3-Year,91282CDN8,2021-12-15,54000000000,1.0000,No
2021-12-08,10Y,Note,9-Year 11-Month,91282CDJ7,2021-12-15,36000000000,1.5180,Yes
2021-12-08,,Bill,119-Day,912796T82,2021-12-14,35000000000,null,No
2021-12-09,,Bill,4-Week,912796Q69,2021-12-14,10000000000,null,Yes
2021-12-09,30Y,Bond,29-Year 11-Month,912810TB4,2021-12-15,22000000000,1.8950,Yes
2021-12-09,,Bill,8-Week,912796R76,2021-12-14,25000000000,null,Yes
2021-12-13,,Bill,13-Week,912796N21,2021-12-16,57000000000,null,Yes
2021-12-13,,Bill,26-Week,912796J42,2021-12-16,51000000000,null,Yes
2021-12-15,,Bill,119-Day,912796T90,2021-12-21,35000000000,null,No
2021-12-16,,Bill,4-Week,912796Q77,2021-12-21,30000000000,null,Yes
2021-12-16,,Bill,8-Week,912796R84,2021-12-21,25000000000,null,Yes
2021-12-17,,Bill,23-Day,912796K73,2021-12-21,60000000000,null,Yes
2021-12-20,,Bill,26-Week,912796R43,2021-12-23,51000000000,null,No
2021-12-20,,Bill,13-Week,912796F38,2021-12-23,60000000000,null,Yes
2021-12-20,,Bill,78-Day,912796M97,2021-12-22,60000000000,null,Yes
2021-12-21,20Y,Bond,19-Year 11-Month,912810TC2,2021-12-31,20000000000,1.9420,Yes
2021-12-22,,Bill,119-Day,912796U23,2021-12-28,40000000000,null,No
2021-12-22,5Y,Note,4-Year 10-Month,91282CDC2,2021-12-31,17000000000,-1.5080,Yes
2021-12-23,,Bill,4-Week,912796Q85,2021-12-28,50000000000,null,Yes
2021-12-23,,Bill,8-Week,912796R92,2021-12-28,40000000000,null,Yes
2021-12-27,,Bill,13-Week,912796N39,2021-12-30,60000000000,null,Yes
2021-12-27,2Y,Note,2-Year,91282CDR9,2021-12-31,56000000000,0.7690,No
2021-12-27,,Bill,26-Week,912796R50,2021-12-30,51000000000,null,No
2021-12-28,5Y,Note,5-Year,91282CDQ1,2021-12-31,57000000000,1.2630,No
2021-12-28,,Bill,52-Week,912796R27,2021-12-30,34000000000,null,No
2021-12-29,2Y,Note,1-Year 10-Month,91282CDE8,2021-12-31,24000000000,null,Yes
2021-12-29,7Y,Note,7-Year,91282CDP3,2021-12-31,56000000000,1.4800,No
2021-12-29,,Bill,119-Day,912796U72,2022-01-04,40000000000,null,No
2021-12-30,,Bill,4-Week,912796Q93,2022-01-04,50000000000,null,Yes
2021-12-30,,Bill,8-Week,912796S26,2022-01-04,40000000000,null,Yes
2022-01-03,,Bill,26-Week,912796R68,2022-01-06,51000000000,null,No
2022-01-03,,Bill,13-Week,912796N47,2022-01-06,60000000000,null,Yes
2022-01-05,,Bill,119-Day,912796U80,2022-01-11,40000000000,null,No
2022-01-06,,Bill,8-Week,912796S75,2022-01-11,40000000000,null,Yes
2022-01-06,,Bill,4-Week,912796R76,2022-01-11,50000000000,null,Yes
2022-01-10,,Bill,26-Week,912796K57,2022-01-13,51000000000,null,Yes
2022-01-10,,Bill,13-Week,912796P29,2022-01-13,60000000000,null,Yes
2022-01-11,3Y,Note,3-Year,91282CDS7,2022-01-18,52000000000,1.2370,No
2022-01-12,10Y,Note,9-Year 10-Month,91282CDJ7,2022-01-18,36000000000,1.7230,Yes
2022-01-12,,Bill,119-Day,912796U98,2022-01-18,40000000000,null,No
2022-01-13,30Y,Bond,29-Year 10-Month,912810TB4,2022-01-18,22000000000,2.0750,Yes
2022-01-13,,Bill,4-Week,912796R84,2022-01-18,50000000000,null,Yes
2022-01-13,,Bill,8-Week,912796S83,2022-01-18,40000000000,null,Yes
2022-01-18,,Bill,26-Week,912796S42,2022-01-20,51000000000,null,No
2022-01-18,,Bill,13-Week,912796G45,2022-01-20,60000000000,null,Yes
2022-01-19,20Y,Bond,19-Year 10-Month,912810TC2,2022-01-31,20000000000,2.2100,Yes
2022-01-19,,Bill,119-Day,912796V22,2022-01-25,40000000000,null,No
2022-01-20,10Y,Note,10-Year,91282CDX6,2022-01-31,16000000000,-0.5400,No
2022-01-20,,Bill,4-Week,912796R92,2022-01-25,50000000000,null,Yes
2022-01-20,,Bill,8-Week,912796S91,2022-01-25,40000000000,null,Yes
2022-01-24,2Y,Note,2-Year,91282CDV0,2022-01-31,54000000000,0.9900,No
2022-01-24,,Bill,26-Week,912796S59,2022-01-27,51000000000,null,No
2022-01-24,,Bill,13-Week,912796P37,2022-01-27,60000000000,null,Yes
2022-01-25,,Bill,52-Week,912796S34,2022-01-27,34000000000,null,No
2022-01-25,5Y,Note,5-Year,912828Z78,2022-01-31,55000000000,1.5330,Yes
2022-01-26,,Bill,119-Day,912796V30,2022-02-01,40000000000,null,No
2022-01-26,2Y,Note,2-Year,91282CDU2,2022-01-31,26000000000,null,No
2022-01-27,,Bill,8-Week,912796T25,2022-02-01,40000000000,null,Yes
2022-01-27,,Bill,4-Week,912796S26,2022-02-01,50000000000,null,Yes
2022-01-27,7Y,Note,7-Year,91282CDW8,2022-01-31,53000000000,1.7690,No
2022-01-31,,Bill,26-Week,912796S67,2022-02-03,51000000000,null,No
2022-01-31,,Bill,13-Week,912796P45,2022-02-03,60000000000,null,Yes
2022-02-02,,Bill,119-Day,912796V89,2022-02-08,40000000000,null,No
2022-02-03,,Bill,4-Week,912796S75,2022-02-08,50000000000,null,Yes
2022-02-03,,Bill,8-Week,912796T74,2022-02-08,40000000000,null,Yes
2022-02-07,,Bill,13-Week,912796Q28,2022-02-10,60000000000,null,Yes
2022-02-07,,Bill,26-Week,912796L64,2022-02-10,51000000000,null,Yes
2022-02-08,3Y,Note,3-Year,91282CDZ1,2022-02-15,50000000000,1.5920,No
2022-02-09,,Bill,119-Day,912796V97,2022-02-15,40000000000,null,No
2022-02-09,10Y,Note,10-Year,91282CDY4,2022-02-15,37000000000,1.9040,No
2022-02-10,30Y,Bond,30-Year,912810TD0,2022-02-15,23000000000,2.3400,No
2022-02-10,,Bill,4-Week,912796S83,2022-02-15,50000000000,null,Yes
2022-02-10,,Bill,8-Week,912796T82,2022-02-15,40000000000,null,Yes
2022-02-14,,Bill,26-Week,912796T41,2022-02-17,51000000000,null,No
2022-02-14,,Bill,13-Week,912796H44,2022-02-17,60000000000,null,Yes
2022-02-16,20Y,Bond,20-Year,912810TF5,2022-02-28,19000000000,2.3960,No
2022-02-16,,Bill,119-Day,912796W21,2022-02-22,40000000000,null,No
2022-02-17,30Y,Bond,30-Year,912810TE8,2022-02-28,9000000000,0.1950,No
2022-02-17,,Bill,4-Week,912796S91,2022-02-22,50000000000,null,Yes
2022-02-17,,Bill,8-Week,912796T90,2022-02-22,40000000000,null,Yes
2022-02-22,,Bill,13-Week,912796Q36,2022-02-24,60000000000,null,Yes
2022-02-22,,Bill,52-Week,912796T33,2022-02-24,34000000000,null,No
2022-02-22,2Y,Note,2-Year,91282CEA5,2022-02-28,52000000000,1.5530,No
2022-02-22,,Bill,26-Week,912796T58,2022-02-24,51000000000,null,No
2022-02-23,,Bill,119-Day,912796W39,2022-03-01,35000000000,null,No
2022-02-23,2Y,Note,1-Year 11-Month,91282CDU2,2022-02-25,22000000000,null,Yes
2022-02-23,5Y,Note,5-Year,91282CEC1,2022-02-28,53000000000,1.8800,No
2022-02-24,,Bill,8-Week,912796U23,2022-03-01,35000000000,null,Yes
2022-02-24,7Y,Note,7-Year,91282CEB3,2022-02-28,50000000000,1.9050,No
2022-02-24,,Bill,4-Week,912796T25,2022-03-01,45000000000,null,Yes
2022-02-28,,Bill,26-Week,912796T66,2022-03-03,51000000000,null,No
2022-02-28,,Bill,13-Week,912796Q44,2022-03-03,60000000000,null,Yes
2022-03-02,,Bill,119-Day,912796W88,2022-03-08,35000000000,null,No
2022-03-03,,Bill,8-Week,912796U72,2022-03-08,35000000000,null,Yes
2022-03-03,,Bill,4-Week,912796T74,2022-03-08,45000000000,null,Yes
2022-03-07,,Bill,26-Week,912796M71,2022-03-10,51000000000,null,Yes
2022-03-07,,Bill,13-Week,912796R35,2022-03-10,60000000000,null,Yes
2022-03-08,3Y,Note,3-Year,91282CED9,2022-03-15,48000000000,1.7750,No
2022-03-09,10Y,Note,9-Year 11-Month,91282CDY4,2022-03-15,34000000000,1.9200,Yes
2022-03-09,,Bill,119-Day,912796W96,2022-03-15,35000000000,null,No
2022-03-10,,Bill,4-Week,912796T82,2022-03-15,45000000000,null,Yes
2022-03-10,,Bill,8-Week,912796U80,2022-03-15,35000000000,null,Yes
2022-03-10,30Y,Bond,29-Year 11-Month,912810TD0,2022-03-15,20000000000,2.3750,Yes
2022-03-14,,Bill,13-Week,912796J42,2022-03-17,60000000000,null,Yes
2022-03-14,,Bill,26-Week,912796U49,2022-03-17,51000000000,null,No
2022-03-16,,Bill,119-Day,912796X20,2022-03-22,35000000000,null,No
2022-03-17,,Bill,8-Week,912796U98,2022-03-22,35000000000,null,Yes
2022-03-17,,Bill,4-Week,912796T90,2022-03-22,45000000000,null,Yes
2022-03-21,,Bill,13-Week,912796R43,2022-03-24,57000000000,null,Yes
2022-03-21,,Bill,26-Week,912796U56,2022-03-24,48000000000,null,No
2022-03-22,,Bill,52-Week,912796U31,2022-03-24,34000000000,null,No
2022-03-23,20Y,Bond,19-Year 11-Month,912810TF5,2022-03-31,16000000000,2.6510,Yes
2022-03-23,2Y,Note,1-Year 10-Month,91282CDU2,2022-03-25,22000000000,null,Yes
2022-03-23,,Bill,119-Day,912796X38,2022-03-29,30000000000,null,No
2022-03-24,,Bill,4-Week,912796U23,2022-03-29,35000000000,null,Yes
2022-03-24,10Y,Note,9-Year 10-Month,91282CDX6,2022-03-31,14000000000,-0.5890,Yes
2022-03-24,,Bill,8-Week,912796V22,2022-03-29,30000000000,null,Yes
2022-03-28,,Bill,13-Week,912796R50,2022-03-31,57000000000,null,Yes
2022-03-28,2Y,Note,2-Year,91282CEG2,2022-03-31,50000000000,2.3650,No
2022-03-28,5Y,Note,5-Year,91282CEF4,2022-03-31,51000000000,2.5430,No
2022-03-28,,Bill,26-Week,912796U64,2022-03-31,48000000000,null,No
2022-03-29,7Y,Note,7-Year,91282CEE7,2022-03-31,47000000000,2.4990,No
2022-03-30,,Bill,119-Day,912796X46,2022-04-05,30000000000,null,No
2022-03-31,,Bill,4-Week,912796U72,2022-04-05,35000000000,null,Yes
2022-03-31,,Bill,8-Week,912796V30,2022-04-05,30000000000,null,Yes
2022-04-04,,Bill,26-Week,912796M89,2022-04-07,48000000000,null,Yes
2022-04-04,,Bill,13-Week,912796R68,2022-04-07,57000000000,null,Yes
2022-04-06,,Bill,119-Day,912796XL8,2022-04-12,30000000000,null,No
2022-04-07,,Bill,8-Week,912796V89,2022-04-12,30000000000,null,Yes
2022-04-07,,Bill,4-Week,912796U80,2022-04-12,35000000000,null,Yes
2022-04-11,,Bill,13-Week,912796K57,2022-04-14,57000000000,null,Yes
2022-04-11,3Y,Note,3-Year,91282CEH0,2022-04-18,46000000000,2.7380,No
2022-04-11,,Bill,26-Week,912796V55,2022-04-14,48000000000,null,No
2022-04-12,10Y,Note,9-Year 10-Month,91282CDY4,2022-04-18,34000000000,2.7200,Yes
2022-04-13,30Y,Bond,29-Year 10-Month,912810TD0,2022-04-18,20000000000,2.8150,Yes
2022-04-13,,Bill,119-Day,912796XM6,2022-04-19,30000000000,null,No
2022-04-14,,Bill,4-Week,912796U98,2022-04-19,35000000000,null,Yes
2022-04-14,,Bill,8-Week,912796V97,2022-04-19,30000000000,null,Yes
2022-04-18,,Bill,26-Week,912796V63,2022-04-21,48000000000,null,No
2022-04-18,,Bill,13-Week,912796S42,2022-04-21,57000000000,null,Yes
2022-04-19,,Bill,52-Week,912796V48,2022-04-21,34000000000,null,No
2022-04-20,20Y,Bond,19-Year 10-Month,912810TF5,2022-05-02,16000000000,3.0950,Yes
2022-04-20,,Bill,119-Day,912796XN4,2022-04-26,30000000000,null,No
2022-04-21,5Y,Note,5-Year,91282CEJ6,2022-04-29,20000000000,-0.3400,No
2022-04-21,,Bill,8-Week,912796W21,2022-04-26,30000000000,null,Yes
2022-04-21,,Bill,4-Week,912796V22,2022-04-26,35000000000,null,Yes
2022-04-25,,Bill,13-Week,912796S59,2022-04-28,51000000000,null,Yes
2022-04-25,,Bill,26-Week,912796V71,2022-04-28,45000000000,null,No
2022-04-26,2Y,Note,2-Year,91282CEK3,2022-05-02,48000000000,2.5850,No
2022-04-27,,Bill,119-Day,912796XP9,2022-05-03,30000000000,null,No
2022-04-27,2Y,Note,2-Year,91282CEL1,2022-05-02,24000000000,null,No
2022-04-27,5Y,Note,5-Year,91282CEN7,2022-05-02,49000000000,2.7850,No
2022-04-28,,Bill,4-Week,912796V30,2022-05-03,35000000000,null,Yes
2022-04-28,,Bill,8-Week,912796W39,2022-05-03,30000000000,null,Yes
2022-04-28,7Y,Note,7-Year,91282CEM9,2022-05-02,44000000000,2.9080,No
2022-05-02,,Bill,26-Week,912796N96,2022-05-05,42000000000,null,Yes
2022-05-02,,Bill,13-Week,912796S67,2022-05-05,45000000000,null,Yes
2022-05-04,,Bill,119-Day,912796XU8,2022-05-10,30000000000,null,No
2022-05-05,,Bill,4-Week,912796V89,2022-05-10,35000000000,null,Yes
2022-05-05,,Bill,8-Week,912796W88,2022-05-10,30000000000,null,Yes
2022-05-09,,Bill,13-Week,912796L64,2022-05-12,45000000000,null,Yes
2022-05-09,,Bill,26-Week,912796W54,2022-05-12,42000000000,null,No
2022-05-10,3Y,Note,3-Year,91282CEQ0,2022-05-16,45000000000,2.8090,No
2022-05-11,10Y,Note,10-Year,91282CEP2,2022-05-16,36000000000,2.9430,No
2022-05-11,,Bill,119-Day,912796XV6,2022-05-17,30000000000,null,No
2022-05-12,,Bill,8-Week,912796W96,2022-05-17,30000000000,null,Yes
2022-05-12,,Bill,4-Week,912796V97,2022-05-17,35000000000,null,Yes
2022-05-12,30Y,Bond,30-Year,912810TG3,2022-05-16,22000000000,2.9970,No
2022-05-16,,Bill,26-Week,912796W62,2022-05-19,42000000000,null,No
2022-05-16,,Bill,13-Week,912796T41,2022-05-19,45000000000,null,Yes
2022-05-18,20Y,Bond,20-Year,912810TH1,2022-05-31,17000000000,3.2900,No
2022-05-18,,Bill,52-Week,912796W47,2022-05-19,34000000000,null,No
2022-05-18,,Bill,119-Day,912796XW4,2022-05-24,30000000000,null,No
2022-05-19,10Y,Note,9-Year 8-Month,91282CDX6,2022-05-31,14000000000,0.2320,Yes
2022-05-19,,Bill,4-Week,912796W21,2022-05-24,35000000000,null,Yes
2022-05-19,,Bill,8-Week,912796X20,2022-05-24,30000000000,null,Yes
2022-05-23,,Bill,13-Week,912796T58,2022-05-26,45000000000,null,Yes
2022-05-23,,Bill,26-Week,912796W70,2022-05-26,42000000000,null,No
2022-05-24,2Y,Note,2-Year,91282CER8,2022-05-31,47000000000,2.5190,No
2022-05-25,,Bill,119-Day,912796XX2,2022-05-31,30000000000,null,No
2022-05-25,5Y,Note,5-Year,91282CET4,2022-05-31,48000000000,2.7360,No
2022-05-25,2Y,Note,1-Year 11-Month,91282CEL1,2022-05-27,22000000000,null,Yes
2022-05-26,,Bill,4-Week,912796W39,2022-05-31,35000000000,null,Yes
2022-05-26,,Bill,8-Week,912796X38,2022-05-31,30000000000,null,Yes
2022-05-26,7Y,Note,7-Year,91282CES6,2022-05-31,42000000000,2.7770,No
2022-05-31,,Bill,13-Week,912796T66,2022-06-02,45000000000,null,Yes
2022-05-31,,Bill,26-Week,912796P94,2022-06-02,42000000000,null,Yes
2022-06-01,,Bill,119-Day,912796YC7,2022-06-07,30000000000,null,No
2022-06-02,,Bill,4-Week,912796W88,2022-06-07,35000000000,null,Yes
2022-06-02,,Bill,8-Week,912796X46,2022-06-07,30000000000,null,Yes
2022-06-06,,Bill,26-Week,912796X61,2022-06-09,42000000000,null,No
2022-06-06,,Bill,13-Week,912796M71,2022-06-09,45000000000,null,Yes
2022-06-07,3Y,Note,3-Year,91282CEU1,2022-06-15,44000000000,2.9270,No
2022-06-08,,Bill,119-Day,912796YD5,2022-06-14,30000000000,null,No
2022-06-08,10Y,Note,9-Year 11-Month,91282CEP2,2022-06-15,33000000000,3.0300,Yes
2022-06-09,30Y,Bond,29-Year 11-Month,912810TG3,2022-06-15,19000000000,3.1850,Yes
2022-06-09,,Bill,4-Week,912796W96,2022-06-14,35000000000,null,Yes
2022-06-09,,Bill,8-Week,912796XL8,2022-06-14,30000000000,null,Yes
2022-06-13,,Bill,13-Week,912796U49,2022-06-16,45000000000,null,Yes
2022-06-13,,Bill,26-Week,912796X79,2022-06-16,42000000000,null,No
2022-06-14,,Bill,52-Week,912796X53,2022-06-16,34000000000,null,No
2022-06-15,,Bill,119-Day,912796YE3,2022-06-21,30000000000,null,No
2022-06-16,,Bill,4-Week,912796X20,2022-06-21,35000000000,null,Yes
2022-06-16,,Bill,8-Week,912796XM6,2022-06-21,30000000000,null,Yes
2022-06-21,,Bill,13-Week,912796U56,2022-06-23,45000000000,null,Yes
2022-06-21,,Bill,26-Week,912796X87,2022-06-23,42000000000,null,No
2022-06-22,2Y,Note,1-Year 10-Month,91282CEL1,2022-06-24,22000000000,null,Yes
2022-06-22,20Y,Bond,19-Year 11-Month,912810TH1,2022-06-30,14000000000,3.4880,Yes
2022-06-22,,Bill,119-Day,912796YF0,2022-06-28,30000000000,null,No
2022-06-23,5Y,Note,4-Year 10-Month,91282CEJ6,2022-06-30,18000000000,0.3620,Yes
2022-06-23,,Bill,4-Week,912796X38,2022-06-28,35000000000,null,Yes
2022-06-23,,Bill,8-Week,912796XN4,2022-06-28,30000000000,null,Yes
2022-06-27,,Bill,13-Week,912796U64,2022-06-30,45000000000,null,Yes
2022-06-27,,Bill,26-Week,912796R27,2022-06-30,42000000000,null,Yes
2022-06-27,2Y,Note,2-Year,91282CEX5,2022-06-30,46000000000,3.0840,No
2022-06-27,5Y,Note,5-Year,91282CEW7,2022-06-30,47000000000,3.2710,No
2022-06-28,7Y,Note,7-Year,91282CEV9,2022-06-30,40000000000,3.2800,No
2022-06-29,,Bill,119-Day,912796YG8,2022-07-05,30000000000,null,No
2022-06-30,,Bill,8-Week,912796XP9,2022-07-05,30000000000,null,Yes
2022-06-30,,Bill,4-Week,912796X46,2022-07-05,35000000000,null,Yes
2022-07-05,,Bill,13-Week,912796M89,2022-07-07,45000000000,null,Yes
2022-07-05,,Bill,26-Week,912796X95,2022-07-07,42000000000,null,No
2022-07-06,,Bill,119-Day,912796YP8,2022-07-12,30000000000,null,No
2022-07-07,,Bill,4-Week,912796XL8,2022-07-12,35000000000,null,Yes
2022-07-07,,Bill,8-Week,912796XU8,2022-07-12,30000000000,null,Yes
2022-07-11,,Bill,13-Week,912796V55,2022-07-14,51000000000,null,Yes
2022-07-11,,Bill,26-Week,912796XR5,2022-07-14,42000000000,null,No
2022-07-11,3Y,Note,3-Year,91282CEY3,2022-07-15,43000000000,3.0930,No
2022-07-12,,Bill,52-Week,912796XQ7,2022-07-14,34000000000,null,No
2022-07-12,10Y,Note,9-Year 10-Month,91282CEP2,2022-07-15,33000000000,2.9600,Yes
2022-07-13,30Y,Bond,29-Year 10-Month,912810TG3,2022-07-15,19000000000,3.1150,Yes
2022-07-13,,Bill,119-Day,912796YQ6,2022-07-19,30000000000,null,No
2022-07-14,,Bill,4-Week,912796XM6,2022-07-19,45000000000,null,Yes
2022-07-14,2Y,Note,1-Year 10-Month,91282CEL1,2022-07-18,25000000,null,Yes
2022-07-14,,Bill,8-Week,912796XV6,2022-07-19,40000000000,null,Yes
2022-07-18,,Bill,13-Week,912796V63,2022-07-21,54000000000,null,Yes
2022-07-18,,Bill,26-Week,912796XS3,2022-07-21,42000000000,null,No
2022-07-20,,Bill,119-Day,912796YR4,2022-07-26,30000000000,null,No
2022-07-20,20Y,Bond,19-Year 10-Month,912810TH1,2022-08-01,14000000000,3.4200,Yes
2022-07-21,,Bill,8-Week,912796XW4,2022-07-26,50000000000,null,Yes
2022-07-21,10Y,Note,10-Year,91282CEZ0,2022-07-29,17000000000,0.6300,No
2022-07-21,,Bill,4-Week,912796XN4,2022-07-26,55000000000,null,Yes
2022-07-25,2Y,Note,2-Year,91282CFA4,2022-08-01,45000000000,3.0150,No
2022-07-25,,Bill,13-Week,912796V71,2022-07-28,54000000000,null,Yes
2022-07-25,,Bill,26-Week,912796S34,2022-07-28,42000000000,null,Yes
2022-07-26,5Y,Note,5-Year,91282CFB2,2022-08-01,46000000000,2.8600,No
2022-07-27,,Bill,119-Day,912796YS2,2022-08-02,30000000000,null,No
2022-07-27,2Y,Note,2-Year,91282CFD8,2022-08-01,24000000000,null,No
2022-07-28,,Bill,4-Week,912796XP9,2022-08-02,55000000000,null,Yes
2022-07-28,,Bill,8-Week,912796XX2,2022-08-02,50000000000,null,Yes
2022-07-28,7Y,Note,7-Year,91282CFC0,2022-08-01,38000000000,2.7300,No
2022-08-01,,Bill,13-Week,912796N96,2022-08-04,54000000000,null,Yes
2022-08-01,,Bill,26-Week,912796XT1,2022-08-04,42000000000,null,No
2022-08-03,,Bill,119-Day,912796YX1,2022-08-09,30000000000,null,No
2022-08-04,,Bill,8-Week,912796YC7,2022-08-09,50000000000,null,Yes
2022-08-04,,Bill,4-Week,912796XU8,2022-08-09,55000000000,null,Yes
2022-08-08,,Bill,13-Week,912796W54,2022-08-11,54000000000,null,Yes
2022-08-08,,Bill,26-Week,912796XZ7,2022-08-11,42000000000,null,No
2022-08-09,3Y,Note,3-Year,91282CFE6,2022-08-15,42000000000,3.2020,No
2022-08-09,,Bill,52-Week,912796XY0,2022-08-11,34000000000,null,No
2022-08-10,,Bill,119-Day,912796YY9,2022-08-16,30000000000,null,No
2022-08-10,10Y,Note,10-Year,91282CFF3,2022-08-15,35000000000,2.7550,No
2022-08-11,,Bill,4-Week,912796XV6,2022-08-16,55000000000,null,Yes
2022-08-11,,Bill,8-Week,912796YD5,2022-08-16,50000000000,null,Yes
2022-08-11,30Y,Bond,30-Year,912810TJ7,2022-08-15,21000000000,3.1060,No
2022-08-15,,Bill,26-Week,912796YA1,2022-08-18,42000000000,null,No
2022-08-15,,Bill,13-Week,912796W62,2022-08-18,54000000000,null,Yes
2022-08-17,,Bill,119-Day,912796YZ6,2022-08-23,30000000000,null,No
2022-08-17,20Y,Bond,20-Year,912810TK4,2022-08-31,15000000000,3.3800,No
2022-08-18,,Bill,8-Week,912796YE3,2022-08-23,50000000000,null,Yes
2022-08-18,30Y,Bond,29-Year 6-Month,912810TE8,2022-08-31,8000000000,0.9200,Yes
2022-08-18,,Bill,4-Week,912796XW4,2022-08-23,55000000000,null,Yes
2022-08-22,,Bill,13-Week,912796W70,2022-08-25,54000000000,null,Yes
2022-08-22,,Bill,26-Week,912796T33,2022-08-25,42000000000,null,Yes
2022-08-23,2Y,Note,2-Year,91282CFG1,2022-08-31,44000000000,3.3070,No
2022-08-23,,Bill,21-Day,912796U49,2022-08-25,60000000000,null,Yes
2022-08-24,2Y,Note,1-Year 11-Month,91282CFD8,2022-08-26,22000000000,null,Yes
2022-08-24,5Y,Note,5-Year,91282CFH9,2022-08-31,45000000000,3.2300,No
2022-08-24,,Bill,119-Day,912796ZA0,2022-08-30,30000000000,null,No
2022-08-25,,Bill,8-Week,912796YF0,2022-08-30,50000000000,null,Yes
2022-08-25,7Y,Note,7-Year,91282CFJ5,2022-08-31,37000000000,3.1300,No
2022-08-25,,Bill,4-Week,912796XX2,2022-08-30,55000000000,null,Yes
2022-08-29,,Bill,13-Week,912796P94,2022-09-01,54000000000,null,Yes
2022-08-29,,Bill,26-Week,912796YB9,2022-09-01,42000000000,null,No
2022-08-31,,Bill,119-Day,912796ZH5,2022-09-06,30000000000,null,No
2022-09-01,,Bill,4-Week,912796YC7,2022-09-06,50000000000,null,Yes
2022-09-01,,Bill,8-Week,912796YG8,2022-09-06,45000000000,null,Yes
2022-09-06,,Bill,13-Week,912796X61,2022-09-08,54000000000,null,Yes
2022-09-06,,Bill,52-Week,912796YH6,2022-09-08,34000000000,null,No
2022-09-06,,Bill,26-Week,912796YK9,2022-09-08,42000000000,null,No
2022-09-07,,Bill,119-Day,912796ZJ1,2022-09-13,30000000000,null,No
2022-09-08,,Bill,8-Week,912796YP8,2022-09-13,45000000000,null,Yes
2022-09-08,,Bill,4-Week,912796YD5,2022-09-13,50000000000,null,Yes
2022-09-12,,Bill,13-Week,912796X79,2022-09-15,54000000000,null,Yes
2022-09-12,,Bill,26-Week,912796YL7,2022-09-15,42000000000,null,No
2022-09-12,3Y,Note,3-Year,91282CFK2,2022-09-15,41000000000,3.5640,No
2022-09-12,10Y,Note,9-Year 11-Month,91282CFF3,2022-09-15,32000000000,3.3300,Yes
2022-09-13,30Y,Bond,29-Year 11-Month,912810TJ7,2022-09-15,18000000000,3.5110,Yes
2022-09-14,,Bill,119-Day,912796ZK8,2022-09-20,30000000000,null,No
2022-09-15,,Bill,4-Week,912796YE3,2022-09-20,50000000000,null,Yes
2022-09-15,,Bill,8-Week,912796YQ6,2022-09-20,45000000000,null,Yes
2022-09-19,,Bill,13-Week,912796X87,2022-09-22,54000000000,null,Yes
2022-09-19,,Bill,26-Week,912796U31,2022-09-22,42000000000,null,Yes
2022-09-20,20Y,Bond,19-Year 11-Month,912810TK4,2022-09-30,12000000000,3.8200,Yes
2022-09-21,,Bill,119-Day,912796ZL6,2022-09-27,30000000000,null,No
2022-09-22,,Bill,8-Week,912796YR4,2022-09-27,45000000000,null,Yes
2022-09-22,10Y,Note,9-Year 10-Month,91282CEZ0,2022-09-30,15000000000,1.2480,Yes
2022-09-22,,Bill,4-Week,912796YF0,2022-09-27,50000000000,null,Yes
2022-09-26,2Y,Note,2-Year,91282CFN6,2022-09-30,43000000000,4.2900,No
2022-09-26,,Bill,13-Week,912796R27,2022-09-29,54000000000,null,Yes
2022-09-26,,Bill,26-Week,912796YM5,2022-09-29,42000000000,null,No
2022-09-27,5Y,Note,5-Year,91282CFM8,2022-09-30,44000000000,4.2280,No
2022-09-28,2Y,Note,1-Year 10-Month,91282CFD8,2022-09-30,22000000000,null,Yes
2022-09-28,,Bill,119-Day,912796ZM4,2022-10-04,30000000000,null,No
2022-09-28,7Y,Note,7-Year,91282CFL0,2022-09-30,36000000000,3.8980,No
2022-09-29,,Bill,8-Week,912796YS2,2022-10-04,45000000000,null,Yes
2022-09-29,,Bill,4-Week,912796YG8,2022-10-04,50000000000,null,Yes
2022-10-03,,Bill,13-Week,912796X95,2022-10-06,54000000000,null,Yes
2022-10-03,,Bill,26-Week,912796YN3,2022-10-06,42000000000,null,No
2022-10-04,,Bill,52-Week,912796YJ2,2022-10-06,34000000000,null,No
2022-10-05,,Bill,119-Day,912796ZT9,2022-10-11,30000000000,null,No
2022-10-06,,Bill,4-Week,912796YP8,2022-10-11,50000000000,null,Yes
2022-10-06,,Bill,8-Week,912796YX1,2022-10-11,45000000000,null,Yes
2022-10-11,,Bill,13-Week,912796XR5,2022-10-13,57000000000,null,Yes
2022-10-11,3Y,Note,3-Year,91282CFP1,2022-10-17,40000000000,4.3180,No
2022-10-11,,Bill,26-Week,912796YU7,2022-10-13,45000000000,null,No
2022-10-12,,Bill,119-Day,912796ZU6,2022-10-18,33000000000,null,No
2022-10-12,10Y,Note,9-Year 10-Month,91282CFF3,2022-10-17,32000000000,3.9300,Yes
2022-10-13,,Bill,4-Week,912796YQ6,2022-10-18,60000000000,null,Yes
2022-10-13,,Bill,8-Week,912796YY9,2022-10-18,50000000000,null,Yes
2022-10-13,30Y,Bond,29-Year 10-Month,912810TJ7,2022-10-17,18000000000,3.9300,Yes
2022-10-17,,Bill,13-Week,912796XS3,2022-10-20,57000000000,null,Yes
2022-10-17,,Bill,26-Week,912796V48,2022-10-20,45000000000,null,Yes
2022-10-19,20Y,Bond,19-Year 10-Month,912810TK4,2022-10-31,12000000000,4.3950,Yes
2022-10-19,,Bill,17-Week,912796Y60,2022-10-25,33000000000,null,No
2022-10-20,,Bill,4-Week,912796YR4,2022-10-25,65000000000,null,Yes
2022-10-20,5Y,Note,5-Year,91282CFR7,2022-10-31,21000000000,1.7320,No
2022-10-20,,Bill,8-Week,912796YZ6,2022-10-25,55000000000,null,Yes
2022-10-24,,Bill,13-Week,912796S34,2022-10-27,57000000000,null,Yes
2022-10-24,,Bill,26-Week,912796YV5,2022-10-27,45000000000,null,No
2022-10-25,2Y,Note,2-Year,91282CFQ9,2022-10-31,42000000000,4.4600,No
2022-10-26,2Y,Note,2-Year,91282CFS5,2022-10-31,24000000000,null,No
2022-10-26,5Y,Note,5-Year,91282CFU0,2022-10-31,43000000000,4.1920,No
2022-10-26,,Bill,17-Week,912796Y78,2022-11-01,33000000000,null,No
2022-10-27,7Y,Note,7-Year,91282CFT3,2022-10-31,35000000000,4.0270,No
2022-10-27,,Bill,8-Week,912796ZA0,2022-11-01,55000000000,null,Yes
2022-10-27,,Bill,4-Week,912796YS2,2022-11-01,65000000000,null,Yes
2022-10-31,,Bill,13-Week,912796XT1,2022-11-03,57000000000,null,Yes
2022-10-31,,Bill,26-Week,912796YW3,2022-11-03,45000000000,null,No
2022-11-01,,Bill,52-Week,912796YT0,2022-11-03,34000000000,null,No
2022-11-02,,Bill,17-Week,912796Y86,2022-11-08,33000000000,null,No
2022-11-03,,Bill,4-Week,912796YX1,2022-11-08,65000000000,null,Yes
2022-11-03,,Bill,8-Week,912796ZH5,2022-11-08,55000000000,null,Yes
2022-11-07,,Bill,13-Week,912796XZ7,2022-11-10,57000000000,null,Yes
2022-11-07,,Bill,26-Week,912796ZE2,2022-11-10,45000000000,null,No
2022-11-08,3Y,Note,3-Year,91282CFW6,2022-11-15,40000000000,4.6050,No
2022-11-09,,Bill,17-Week,912796Z69,2022-11-15,33000000000,null,No
2022-11-09,10Y,Note,10-Year,91282CFV8,2022-11-15,35000000000,4.1400,No
2022-11-10,30Y,Bond,30-Year,912810TL2,2022-11-15,21000000000,4.0800,No
2022-11-10,,Bill,4-Week,912796YY9,2022-11-15,65000000000,null,Yes
2022-11-10,,Bill,8-Week,912796ZJ1,2022-11-15,55000000000,null,Yes
2022-11-14,,Bill,13-Week,912796YA1,2022-11-17,57000000000,null,Yes
2022-11-14,,Bill,26-Week,912796W47,2022-11-17,45000000000,null,Yes
2022-11-16,,Bill,17-Week,912796Z77,2022-11-22,33000000000,null,No
2022-11-16,20Y,Bond,20-Year,912810TM0,2022-11-30,15000000000,4.0720,No
2022-11-17,10Y,Note,9-Year 8-Month,91282CEZ0,2022-11-30,15000000000,1.4850,Yes
2022-11-17,,Bill,16-Day,912796X61,2022-11-22,40000000000,null,Yes
2022-11-17,,Bill,4-Week,912796YZ6,2022-11-22,65000000000,null,Yes
2022-11-17,,Bill,8-Week,912796ZK8,2022-11-22,55000000000,null,Yes
2022-11-21,,Bill,26-Week,912796ZF9,2022-11-25,45000000000,null,No
2022-11-21,,Bill,13-Week,912796T33,2022-11-25,54000000000,null,Yes
2022-11-21,2Y,Note,2-Year,91282CFX4,2022-11-30,42000000000,4.5050,No
2022-11-21,5Y,Note,5-Year,91282CFZ9,2022-11-30,43000000000,3.9740,No
2022-11-22,7Y,Note,7-Year,91282CFY2,2022-11-30,35000000000,3.8900,No
2022-11-22,2Y,Note,1-Year 11-Month,91282CFS5,2022-11-25,22000000000,null,Yes
2022-11-23,,Bill,4-Week,912796ZA0,2022-11-29,55000000000,null,Yes
2022-11-23,,Bill,8-Week,912796ZL6,2022-11-29,50000000000,null,Yes
2022-11-23,,Bill,17-Week,912796Z85,2022-11-29,33000000000,null,No
2022-11-28,,Bill,26-Week,912796ZG7,2022-12-01,45000000000,null,No
2022-11-28,,Bill,13-Week,912796YB9,2022-12-01,54000000000,null,Yes
2022-11-29,,Bill,52-Week,912796ZD4,2022-12-01,34000000000,null,No
2022-11-30,,Bill,17-Week,912796Z93,2022-12-06,33000000000,null,No
2022-12-01,,Bill,8-Week,912796ZM4,2022-12-06,45000000000,null,Yes
2022-12-01,,Bill,4-Week,912796ZH5,2022-12-06,45000000000,null,Yes
2022-12-05,,Bill,26-Week,912796ZP7,2022-12-08,45000000000,null,No
2022-12-05,,Bill,13-Week,912796YK9,2022-12-08,54000000000,null,Yes
2022-12-07,,Bill,17-Week,912796CT4,2022-12-13,33000000000,null,No
2022-12-08,,Bill,8-Week,912796ZT9,2022-12-13,45000000000,null,Yes
2022-12-08,,Bill,4-Week,912796ZJ1,2022-12-13,45000000000,null,Yes
2022-12-12,3Y,Note,3-Year,91282CGA3,2022-12-15,40000000000,4.0930,No
2022-12-12,,Bill,26-Week,912796X53,2022-12-15,45000000000,null,Yes
2022-12-12,10Y,Note,9-Year 11-Month,91282CFV8,2022-12-15,32000000000,3.6250,Yes
2022-12-12,,Bill,13-Week,912796YL7,2022-12-15,54000000000,null,Yes
2022-12-13,30Y,Bond,29-Year 11-Month,912810TL2,2022-12-15,18000000000,3.5130,Yes
2022-12-14,,Bill,17-Week,912796CU1,2022-12-20,33000000000,null,No
2022-12-15,,Bill,8-Week,912796ZU6,2022-12-20,45000000000,null,Yes
2022-12-15,,Bill,4-Week,912796ZK8,2022-12-20,45000000000,null,Yes
2022-12-19,,Bill,26-Week,912796ZQ5,2022-12-22,45000000000,null,No
2022-12-19,,Bill,13-Week,912796U31,2022-12-22,54000000000,null,Yes
2022-12-21,20Y,Bond,19-Year 11-Month,912810TM0,2023-01-03,12000000000,3.9350,Yes
2022-12-21,,Bill,17-Week,912796CV9,2022-12-27,33000000000,null,No
2022-12-22,5Y,Note,4-Year 10-Month,91282CFR7,2022-12-30,19000000000,1.5040,Yes
2022-12-22,,Bill,8-Week,912796Y60,2022-12-27,45000000000,null,Yes
2022-12-22,,Bill,4-Week,912796ZL6,2022-12-27,45000000000,null,Yes
2022-12-27,,Bill,52-Week,912796ZN2,2022-12-29,34000000000,null,No
2022-12-27,,Bill,13-Week,912796YM5,2022-12-29,54000000000,null,Yes
2022-12-27,2Y,Note,2-Year,91282CGD7,2023-01-03,42000000000,4.3730,No
2022-12-27,,Bill,26-Week,912796ZR3,2022-12-29,45000000000,null,No
2022-12-28,,Bill,17-Week,912796CW7,2023-01-03,33000000000,null,No
2022-12-28,5Y,Note,5-Year,91282CGC9,2023-01-03,43000000000,3.9730,No
2022-12-28,2Y,Note,1-Year 10-Month,91282CFS5,2022-12-30,22000000000,null,Yes
2022-12-29,,Bill,4-Week,912796ZM4,2023-01-03,45000000000,null,Yes
2022-12-29,,Bill,8-Week,912796Y78,2023-01-03,45000000000,null,Yes
2022-12-29,7Y,Note,7-Year,91282CGB1,2023-01-03,35000000000,3.9210,No
2023-01-03,,Bill,26-Week,912796ZS1,2023-01-05,45000000000,null,No
2023-01-03,,Bill,13-Week,912796YN3,2023-01-05,54000000000,null,Yes
2023-01-04,,Bill,17-Week,912797FD4,2023-01-10,33000000000,null,No
2023-01-05,,Bill,8-Week,912796Y86,2023-01-10,45000000000,null,Yes
2023-01-05,,Bill,4-Week,912796ZT9,2023-01-10,45000000000,null,Yes
2023-01-09,,Bill,26-Week,912796XQ7,2023-01-12,48000000000,null,Yes
2023-01-09,,Bill,13-Week,912796YU7,2023-01-12,57000000000,null,Yes
2023-01-10,3Y,Note,3-Year,91282CGE5,2023-01-17,40000000000,3.9770,No
2023-01-11,10Y,Note,9-Year 10-Month,91282CFV8,2023-01-17,32000000000,3.5750,Yes
2023-01-11,,Bill,17-Week,912797FE2,2023-01-17,36000000000,null,No
2023-01-12,,Bill,35-Day,912796T33,2023-01-19,60000000000,null,Yes
2023-01-12,,Bill,4-Week,912796ZU6,2023-01-17,60000000000,null,Yes
2023-01-12,,Bill,8-Week,912796Z69,2023-01-17,55000000000,null,Yes
2023-01-12,30Y,Bond,29-Year 10-Month,912810TL2,2023-01-17,18000000000,3.5850,Yes
2023-01-17,,Bill,13-Week,912796V48,2023-01-19,60000000000,null,Yes
2023-01-17,,Bill,26-Week,912796ZZ5,2023-01-19,48000000000,null,No
2023-01-18,20Y,Bond,19-Year 10-Month,912810TM0,2023-01-31,12000000000,3.6780,Yes
2023-01-18,,Bill,17-Week,912797FF9,2023-01-24,36000000000,null,No
2023-01-19,,Bill,44-Day,912796YK9,2023-01-24,60000000000,null,Yes
2023-01-19,,Bill,8-Week,912796Z77,2023-01-24,60000000000,null,Yes
2023-01-19,10Y,Note,10-Year,91282CGK1,2023-01-31,17000000000,1.2200,No
2023-01-19,,Bill,4-Week,912796Y60,2023-01-24,70000000000,null,Yes
2023-01-23,,Bill,13-Week,912796YV5,2023-01-26,60000000000,null,Yes
2023-01-23,,Bill,26-Week,912796Y29,2023-01-26,48000000000,null,No
2023-01-24,2Y,Note,2-Year,91282CGG0,2023-01-31,42000000000,4.1390,No
2023-01-24,,Bill,52-Week,912796ZY8,2023-01-26,34000000000,null,No
2023-01-25,5Y,Note,5-Year,91282CGH8,2023-01-31,43000000000,3.5300,No
2023-01-25,,Bill,17-Week,912797FG7,2023-01-31,36000000000,null,No
2023-01-25,2Y,Note,2-Year,91282CGF2,2023-01-31,24000000000,null,No
2023-01-26,7Y,Note,7-Year,91282CGJ4,2023-01-31,35000000000,3.5170,No
2023-01-26,,Bill,4-Week,912796Y78,2023-01-31,75000000000,null,Yes
2023-01-26,,Bill,8-Week,912796Z85,2023-01-31,60000000000,null,Yes
2023-01-30,,Bill,13-Week,912796YW3,2023-02-02,60000000000,null,Yes
2023-01-30,,Bill,26-Week,912796Y37,2023-02-02,48000000000,null,No
2023-02-01,,Bill,17-Week,912797FM4,2023-02-07,36000000000,null,No
2023-02-02,,Bill,4-Week,912796Y86,2023-02-07,75000000000,null,Yes
2023-02-02,,Bill,8-Week,912796Z93,2023-02-07,60000000000,null,Yes
2023-02-06,,Bill,13-Week,912796ZE2,2023-02-09,60000000000,null,Yes
2023-02-06,,Bill,26-Week,912796XY0,2023-02-09,48000000000,null,Yes
2023-02-07,3Y,Note,3-Year,91282CGL9,2023-02-15,40000000000,4.0730,No
2023-02-08,10Y,Note,10-Year,91282CGM7,2023-02-15,35000000000,3.6130,No
2023-02-08,,Bill,17-Week,912797FN2,2023-02-14,36000000000,null,No
2023-02-09,,Bill,8-Week,912796CT4,2023-02-14,60000000000,null,Yes
2023-02-09,30Y,Bond,30-Year,912810TN8,2023-02-15,21000000000,3.6860,No
2023-02-09,,Bill,4-Week,912796Z69,2023-02-14,75000000000,null,Yes
2023-02-13,,Bill,26-Week,912796Z36,2023-02-16,48000000000,null,No
2023-02-13,,Bill,13-Week,912796W47,2023-02-16,60000000000,null,Yes
2023-02-14,,Bill,12-Day,912796Y78,2023-02-16,25000000000,null,Yes
2023-02-15,,Bill,17-Week,912797FP7,2023-02-21,36000000000,null,No
2023-02-15,20Y,Bond,20-Year,912810TQ1,2023-02-28,15000000000,3.9770,No
2023-02-16,30Y,Bond,30-Year,912810TP3,2023-02-28,9000000000,1.5500,No
2023-02-16,,Bill,4-Week,912796Z77,2023-02-21,75000000000,null,Yes
2023-02-16,,Bill,8-Week,912796CU1,2023-02-21,60000000000,null,Yes
2023-02-21,,Bill,52-Week,912796Z28,2023-02-23,34000000000,null,No
2023-02-21,,Bill,26-Week,912796Z44,2023-02-23,48000000000,null,No
2023-02-21,2Y,Note,2-Year,91282CGN5,2023-02-28,42000000000,4.6730,No
2023-02-21,,Bill,13-Week,912796ZF9,2023-02-23,60000000000,null,Yes
2023-02-22,,Bill,17-Week,912797FQ5,2023-02-28,36000000000,null,No
2023-02-22,5Y,Note,5-Year,91282CGP0,2023-02-28,43000000000,4.1090,No
2023-02-22,2Y,Note,1-Year 11-Month,91282CGF2,2023-02-24,22000000000,null,Yes
2023-02-23,,Bill,16-Day,912796YL7,2023-02-28,15000000000,null,Yes
2023-02-23,,Bill,4-Week,912796Z85,2023-02-28,75000000000,null,Yes
2023-02-23,,Bill,8-Week,912796CV9,2023-02-28,60000000000,null,Yes
2023-02-23,7Y,Note,7-Year,91282CGQ8,2023-02-28,35000000000,4.0620,No
2023-02-27,,Bill,13-Week,912796ZG7,2023-03-02,60000000000,null,Yes
2023-02-27,,Bill,26-Week,912796Z51,2023-03-02,48000000000,null,No
2023-03-01,,Bill,17-Week,912797FR3,2023-03-07,36000000000,null,No
2023-03-02,,Bill,8-Week,912796CW7,2023-03-07,60000000000,null,Yes
2023-03-02,,Bill,4-Week,912796Z93,2023-03-07,75000000000,null,Yes
2023-03-06,,Bill,13-Week,912796ZP7,2023-03-09,57000000000,null,Yes
2023-03-06,,Bill,26-Week,912796YH6,2023-03-09,48000000000,null,Yes
2023-03-07,3Y,Note,3-Year,91282CGR6,2023-03-15,40000000000,4.6350,No
2023-03-08,10Y,Note,9-Year 11-Month,91282CGM7,2023-03-15,32000000000,3.9850,Yes
2023-03-08,,Bill,17-Week,912797FX0,2023-03-14,36000000000,null,No
2023-03-09,30Y,Bond,29-Year 11-Month,912810TN8,2023-03-15,18000000000,3.8770,Yes
2023-03-09,,Bill,4-Week,912796CT4,2023-03-14,65000000000,null,Yes
2023-03-09,,Bill,8-Week,912797FD4,2023-03-14,55000000000,null,Yes
2023-03-13,,Bill,13-Week,912796X53,2023-03-16,57000000000,null,Yes
2023-03-13,,Bill,26-Week,912796CQ0,2023-03-16,48000000000,null,No
2023-03-15,,Bill,17-Week,912797FY8,2023-03-21,36000000000,null,No
2023-03-17,,Bill,8-Week,912797FE2,2023-03-21,50000000000,null,Yes
2023-03-17,,Bill,4-Week,912796CU1,2023-03-21,60000000000,null,Yes
2023-03-20,,Bill,13-Week,912796ZQ5,2023-03-23,57000000000,null,Yes
2023-03-20,,Bill,26-Week,912796CR8,2023-03-23,48000000000,null,No
2023-03-21,,Bill,52-Week,912797LL9,2023-03-23,34000000000,null,No
2023-03-21,20Y,Bond,19-Year 11-Month,912810TQ1,2023-03-31,12000000000,3.9090,Yes
2023-03-22,,Bill,17-Week,912797FZ5,2023-03-28,36000000000,null,No
2023-03-23,10Y,Note,9-Year 10-Month,91282CGK1,2023-03-31,15000000000,1.1820,Yes
2023-03-23,,Bill,8-Week,912797FF9,2023-03-28,50000000000,null,Yes
2023-03-23,,Bill,4-Week,912796CV9,2023-03-28,60000000000,null,Yes
2023-03-27,,Bill,13-Week,912796ZR3,2023-03-30,57000000000,null,Yes
2023-03-27,,Bill,26-Week,912796CS6,2023-03-30,48000000000,null,No
2023-03-27,2Y,Note,2-Year,91282CGU9,2023-03-31,42000000000,3.9540,No
2023-03-28,,Bill,7-Day,912796YN3,2023-03-30,30000000000,null,Yes
2023-03-28,,Bill,17-Day,912797LM7,2023-03-31,45000000000,null,No
2023-03-28,5Y,Note,5-Year,91282CGT2,2023-03-31,43000000000,3.6650,No
2023-03-29,2Y,Note,1-Year 10-Month,91282CGF2,2023-03-31,22000000000,null,Yes
2023-03-29,7Y,Note,7-Year,91282CGS4,2023-03-31,35000000000,3.6260,No
2023-03-29,,Bill,17-Week,912797GA9,2023-04-04,36000000000,null,No
2023-03-30,,Bill,4-Week,912796CW7,2023-04-04,60000000000,null,Yes
2023-03-30,,Bill,8-Week,912797FG7,2023-04-04,50000000000,null,Yes
2023-04-03,,Bill,26-Week,912796YJ2,2023-04-06,48000000000,null,Yes
2023-04-03,,Bill,13-Week,912796ZS1,2023-04-06,57000000000,null,Yes
2023-04-05,,Bill,17-Week,912797GF8,2023-04-11,36000000000,null,No
2023-04-06,,Bill,8-Week,912797FM4,2023-04-11,50000000000,null,Yes
2023-04-06,,Bill,4-Week,912797FD4,2023-04-11,60000000000,null,Yes
2023-04-10,,Bill,13-Week,912796XQ7,2023-04-13,57000000000,null,Yes
2023-04-10,,Bill,26-Week,912797FA0,2023-04-13,48000000000,null,No
2023-04-11,3Y,Note,3-Year,91282CGV7,2023-04-17,40000000000,3.8100,No
2023-04-12,,Bill,17-Week,912797GG6,2023-04-18,36000000000,null,No
2023-04-12,10Y,Note,9-Year 10-Month,91282CGM7,2023-04-17,32000000000,3.4550,Yes
2023-04-13,,Bill,8-Week,912797FN2,2023-04-18,50000000000,null,Yes
2023-04-13,30Y,Bond,29-Year 10-Month,912810TN8,2023-04-17,18000000000,3.6610,Yes
2023-04-13,,Bill,4-Week,912797FE2,2023-04-18,60000000000,null,Yes
2023-04-17,,Bill,13-Week,912796ZZ5,2023-04-20,57000000000,null,Yes
2023-04-17,,Bill,26-Week,912797FB8,2023-04-20,48000000000,null,No
2023-04-18,,Bill,52-Week,912796CX5,2023-04-20,34000000000,null,No
2023-04-19,,Bill,17-Week,912797GH4,2023-04-25,36000000000,null,No
2023-04-19,20Y,Bond,19-Year 10-Month,912810TQ1,2023-05-01,12000000000,3.9200,Yes
2023-04-20,,Bill,4-Week,912797FF9,2023-04-25,50000000000,null,Yes
2023-04-20,,Bill,8-Week,912797FP7,2023-04-25,45000000000,null,Yes
2023-04-20,5Y,Note,5-Year,91282CGW5,2023-04-28,21000000000,1.3200,No
2023-04-24,,Bill,13-Week,912796Y29,2023-04-27,57000000000,null,Yes
2023-04-24,,Bill,26-Week,912797FC6,2023-04-27,48000000000,null,No
2023-04-25,2Y,Note,2-Year,91282CGX3,2023-05-01,42000000000,3.9690,No
2023-04-26,,Bill,17-Week,912797GJ0,2023-05-02,36000000000,null,No
2023-04-26,5Y,Note,5-Year,91282CHA2,2023-05-01,43000000000,3.5000,No
2023-04-26,2Y,Note,2-Year,91282CGY1,2023-05-01,24000000000,null,No
2023-04-27,7Y,Note,7-Year,91282CGZ8,2023-05-01,35000000000,3.5630,No
2023-04-27,,Bill,17-Day,912796W47,2023-05-01,45000000000,null,Yes
2023-04-27,,Bill,8-Week,912797FQ5,2023-05-02,45000000000,null,Yes
2023-04-27,,Bill,4-Week,912797FG7,2023-05-02,50000000000,null,Yes
2023-05-01,,Bill,13-Week,912796Y37,2023-05-04,57000000000,null,Yes
2023-05-01,,Bill,26-Week,912796YT0,2023-05-04,48000000000,null,Yes
2023-05-02,,Bill,21-Day,912796ZF9,2023-05-04,40000000000,null,Yes
2023-05-03,,Bill,17-Week,912797GR2,2023-05-09,36000000000,null,No
2023-05-04,,Bill,8-Week,912797FR3,2023-05-09,45000000000,null,Yes
2023-05-04,,Bill,4-Week,912797FM4,2023-05-09,50000000000,null,Yes
2023-05-08,,Bill,26-Week,912797FJ1,2023-05-11,48000000000,null,No
2023-05-08,,Bill,13-Week,912796XY0,2023-05-11,57000000000,null,Yes
2023-05-09,3Y,Note,3-Year,91282CHB0,2023-05-15,40000000000,3.6950,No
2023-05-10,10Y,Note,10-Year,91282CHC8,2023-05-15,35000000000,3.4480,No
2023-05-10,,Bill,17-Week,912797GS0,2023-05-16,36000000000,null,No
2023-05-11,,Bill,4-Week,912797FN2,2023-05-16,35000000000,null,Yes
2023-05-11,,Bill,8-Week,912797FX0,2023-05-16,35000000000,null,Yes
2023-05-11,,Bill,149-Day,912797FA0,2023-05-16,45000000000,null,Yes
2023-05-11,30Y,Bond,30-Year,912810TR9,2023-05-15,21000000000,3.7410,No
2023-05-15,,Bill,13-Week,912796Z36,2023-05-18,57000000000,null,Yes
2023-05-15,,Bill,26-Week,912797FK8,2023-05-18,51000000000,null,No
2023-05-16,,Bill,52-Week,912797FH5,2023-05-18,36000000000,null,No
2023-05-16,,Bill,154-Day,912797FB8,2023-05-18,45000000000,null,Yes
2023-05-17,20Y,Bond,20-Year,912810TS7,2023-05-31,15000000000,3.9540,No
2023-05-17,,Bill,17-Week,912797GT8,2023-05-23,39000000000,null,No
2023-05-18,,Bill,156-Day,912797FC6,2023-05-23,45000000000,null,Yes
2023-05-18,,Bill,8-Week,912797FY8,2023-05-23,35000000000,null,Yes
2023-05-18,10Y,Note,9-Year 8-Month,91282CGK1,2023-05-31,15000000000,1.3950,Yes
2023-05-18,,Bill,4-Week,912797FP7,2023-05-23,35000000000,null,Yes
2023-05-22,,Bill,13-Week,912796Z44,2023-05-25,57000000000,null,Yes
2023-05-22,,Bill,26-Week,912797FL6,2023-05-25,54000000000,null,No
2023-05-23,2Y,Note,2-Year,91282CHD6,2023-05-31,42000000000,4.3000,No
2023-05-23,,Bill,21-Day,912796X53,2023-05-25,35000000000,null,Yes
2023-05-24,5Y,Note,5-Year,91282CHE4,2023-05-31,43000000000,3.7490,No
2023-05-24,,Bill,17-Week,912797GU5,2023-05-30,42000000000,null,No
2023-05-24,2Y,Note,1-Year 11-Month,91282CGY1,2023-05-26,22000000000,null,Yes
2023-05-25,7Y,Note,7-Year,91282CHF1,2023-05-31,35000000000,3.8270,No
2023-05-25,,Bill,4-Week,912797FQ5,2023-05-30,35000000000,null,Yes
2023-05-25,,Bill,8-Week,912797FZ5,2023-05-30,35000000000,null,Yes
2023-05-30,,Bill,161-Day,912797FJ1,2023-06-01,50000000000,null,Yes
2023-05-30,,Bill,26-Week,912796ZD4,2023-06-01,56000000000,null,Yes
2023-05-30,,Bill,13-Week,912796Z51,2023-06-01,63000000000,null,Yes
2023-05-31,,Bill,17-Week,912797GV3,2023-06-06,44000000000,null,No
2023-06-01,,Bill,4-Week,912797FR3,2023-06-06,35000000000,null,Yes
2023-06-01,,Bill,8-Week,912797GA9,2023-06-06,35000000000,null,Yes
2023-06-01,,Bill,3-Day,912797MF1,2023-06-02,25000000000,null,No
2023-06-02,,Bill,1-Day,912797FM4,2023-06-05,15000000000,null,Yes
2023-06-02,,Bill,38-Day,912796XQ7,2023-06-05,50000000000,null,Yes
2023-06-05,,Bill,13-Week,912796YH6,2023-06-08,65000000000,null,Yes
2023-06-05,,Bill,26-Week,912797FT9,2023-06-08,58000000000,null,No
2023-06-05,,Bill,44-Day,912796ZZ5,2023-06-06,50000000000,null,Yes
2023-06-07,,Bill,17-Week,912797HA8,2023-06-13,46000000000,null,No
2023-06-08,,Bill,8-Week,912797GF8,2023-06-13,50000000000,null,Yes
2023-06-08,,Bill,4-Week,912797FX0,2023-06-13,60000000000,null,Yes
2023-06-12,3Y,Note,3-Year,91282CHH7,2023-06-15,40000000000,4.2020,No
2023-06-12,,Bill,13-Week,912796CQ0,2023-06-15,65000000000,null,Yes
2023-06-12,10Y,Note,9-Year 11-Month,91282CHC8,2023-06-15,32000000000,3.7910,Yes
2023-06-12,,Bill,26-Week,912797FU6,2023-06-15,58000000000,null,No
2023-06-13,,Bill,42-Day,912796Y29,2023-06-15,45000000000,null,Yes
2023-06-13,,Bill,52-Week,912797FS1,2023-06-15,38000000000,null,No
2023-06-13,30Y,Bond,29-Year 11-Month,912810TR9,2023-06-15,18000000000,3.9080,Yes
2023-06-14,,Bill,17-Week,912797HB6,2023-06-20,46000000000,null,No
2023-06-15,,Bill,4-Week,912797FY8,2023-06-20,65000000000,null,Yes
2023-06-15,,Bill,8-Week,912797GG6,2023-06-20,55000000000,null,Yes
2023-06-20,,Bill,26-Week,912797FV4,2023-06-22,58000000000,null,No
2023-06-20,,Bill,13-Week,912796CR8,2023-06-22,65000000000,null,Yes
2023-06-20,,Bill,42-Day,912796Y37,2023-06-22,50000000000,null,Yes
2023-06-21,,Bill,17-Week,912797HC4,2023-06-27,46000000000,null,No
2023-06-21,20Y,Bond,19-Year 11-Month,912810TS7,2023-06-30,12000000000,4.0100,Yes
2023-06-22,5Y,Note,4-Year 10-Month,91282CGW5,2023-06-30,19000000000,1.8320,Yes
2023-06-22,,Bill,4-Week,912797FZ5,2023-06-27,70000000000,null,Yes
2023-06-22,,Bill,8-Week,912797GH4,2023-06-27,60000000000,null,Yes
2023-06-26,2Y,Note,2-Year,91282CHL8,2023-06-30,42000000000,4.6700,No
2023-06-26,,Bill,13-Week,912796CS6,2023-06-29,65000000000,null,Yes
2023-06-26,,Bill,26-Week,912796ZN2,2023-06-29,58000000000,null,Yes
2023-06-27,5Y,Note,5-Year,91282CHK0,2023-06-30,43000000000,4.0190,No
2023-06-27,,Bill,42-Day,912796XY0,2023-06-29,50000000000,null,Yes
2023-06-28,7Y,Note,7-Year,91282CHJ3,2023-06-30,35000000000,3.8390,No
2023-06-28,2Y,Note,1-Year 10-Month,91282CGY1,2023-06-30,22000000000,null,Yes
2023-06-28,,Bill,17-Week,912797HD2,2023-07-05,46000000000,null,No
2023-06-29,,Bill,4-Week,912797GA9,2023-07-05,70000000000,null,Yes
2023-06-29,,Bill,8-Week,912797GJ0,2023-07-05,60000000000,null,Yes
2023-07-03,,Bill,42-Day,912796Z36,2023-07-06,50000000000,null,Yes
2023-07-03,,Bill,13-Week,912796YJ2,2023-07-06,65000000000,null,Yes
2023-07-03,,Bill,26-Week,912797FW2,2023-07-06,58000000000,null,No
2023-07-05,,Bill,17-Week,912797HJ9,2023-07-11,46000000000,null,No
2023-07-06,,Bill,4-Week,912797GF8,2023-07-11,70000000000,null,Yes
2023-07-06,,Bill,8-Week,912797GR2,2023-07-11,60000000000,null,Yes
2023-07-10,,Bill,26-Week,912797GC5,2023-07-13,58000000000,null,No
2023-07-10,,Bill,13-Week,912797FA0,2023-07-13,65000000000,null,Yes
2023-07-11,3Y,Note,3-Year,91282CHM6,2023-07-17,40000000000,4.5340,No
2023-07-11,,Bill,42-Day,912796Z44,2023-07-13,50000000000,null,Yes
2023-07-11,,Bill,52-Week,912797GB7,2023-07-13,38000000000,null,No
2023-07-12,,Bill,17-Week,912797HK6,2023-07-18,46000000000,null,No
2023-07-12,10Y,Note,9-Year 10-Month,91282CHC8,2023-07-17,32000000000,3.8570,Yes
2023-07-13,,Bill,8-Week,912797GS0,2023-07-18,60000000000,null,Yes
2023-07-13,30Y,Bond,29-Year 10-Month,912810TR9,2023-07-17,18000000000,3.9100,Yes
2023-07-13,,Bill,4-Week,912797GG6,2023-07-18,70000000000,null,Yes
2023-07-17,,Bill,13-Week,912797FB8,2023-07-20,65000000000,null,Yes
2023-07-17,,Bill,26-Week,912797GD3,2023-07-20,58000000000,null,No
2023-07-18,,Bill,42-Day,912796Z51,2023-07-20,50000000000,null,Yes
2023-07-19,,Bill,17-Week,912797HL4,2023-07-25,46000000000,null,No
2023-07-19,20Y,Bond,19-Year 10-Month,912810TS7,2023-07-31,12000000000,4.0360,Yes
2023-07-20,,Bill,4-Week,912797GH4,2023-07-25,70000000000,null,Yes
2023-07-20,,Bill,8-Week,912797GT8,2023-07-25,60000000000,null,Yes
2023-07-20,10Y,Note,10-Year,91282CHP9,2023-07-31,17000000000,1.4950,No
2023-07-24,2Y,Note,2-Year,91282CHN4,2023-07-31,42000000000,4.8230,No
2023-07-24,,Bill,13-Week,912797FC6,2023-07-27,65000000000,null,Yes
2023-07-24,,Bill,26-Week,912796ZY8,2023-07-27,58000000000,null,Yes
2023-07-25,5Y,Note,5-Year,91282CHQ7,2023-07-31,43000000000,4.1700,No
2023-07-25,,Bill,42-Day,912796YH6,2023-07-27,50000000000,null,Yes
2023-07-26,2Y,Note,2-Year,91282CHS3,2023-07-31,24000000000,null,No
2023-07-26,,Bill,17-Week,912797HM2,2023-08-01,46000000000,null,No
2023-07-27,,Bill,8-Week,912797GU5,2023-08-01,60000000000,null,Yes
2023-07-27,7Y,Note,7-Year,91282CHR5,2023-07-31,35000000000,4.0870,No
2023-07-27,,Bill,4-Week,912797GJ0,2023-08-01,70000000000,null,Yes
2023-07-31,,Bill,13-Week,912796YT0,2023-08-03,65000000000,null,Yes
2023-07-31,,Bill,26-Week,912797GE1,2023-08-03,58000000000,null,No
2023-08-01,,Bill,42-Day,912796CQ0,2023-08-03,50000000000,null,Yes
2023-08-02,,Bill,17-Week,912797HN0,2023-08-08,46000000000,null,No
2023-08-03,,Bill,8-Week,912797GV3,2023-08-08,60000000000,null,Yes
2023-08-03,,Bill,4-Week,912797GR2,2023-08-08,70000000000,null,Yes
2023-08-07,,Bill,13-Week,912797FJ1,2023-08-10,67000000000,null,Yes
2023-08-07,,Bill,26-Week,912797GM3,2023-08-10,60000000000,null,No
2023-08-08,,Bill,52-Week,912797GK7,2023-08-10,40000000000,null,No
2023-08-08,,Bill,42-Day,912796CR8,2023-08-10,55000000000,null,Yes
2023-08-08,3Y,Note,3-Year,91282CHU8,2023-08-15,42000000000,4.3980,No
2023-08-09,10Y,Note,10-Year,91282CHT1,2023-08-15,38000000000,3.9990,No
2023-08-09,,Bill,17-Week,912797HU4,2023-08-15,48000000000,null,No
2023-08-10,,Bill,4-Week,912797GS0,2023-08-15,75000000000,null,Yes
2023-08-10,,Bill,8-Week,912797HA8,2023-08-15,65000000000,null,Yes
2023-08-10,30Y,Bond,30-Year,912810TT5,2023-08-15,23000000000,4.1890,No
2023-08-14,,Bill,13-Week,912797FK8,2023-08-17,69000000000,null,Yes
2023-08-14,,Bill,26-Week,912797GN1,2023-08-17,62000000000,null,No
2023-08-15,,Bill,42-Day,912796CS6,2023-08-17,60000000000,null,Yes
2023-08-16,,Bill,17-Week,912797HV2,2023-08-22,50000000000,null,No
2023-08-17,,Bill,8-Week,912797HB6,2023-08-22,70000000000,null,Yes
2023-08-17,,Bill,4-Week,912797GT8,2023-08-22,80000000000,null,Yes
2023-08-17,,Bill,7-Day,912797GJ0,2023-08-22,25000000,null,Yes
2023-08-21,,Bill,13-Week,912797FL6,2023-08-24,69000000000,null,Yes
2023-08-21,,Bill,26-Week,912796Z28,2023-08-24,62000000000,null,Yes
2023-08-22,,Bill,42-Day,912796YJ2,2023-08-24,60000000000,null,Yes
2023-08-23,,Bill,17-Week,912797HW0,2023-08-29,50000000000,null,No
2023-08-23,2Y,Note,1-Year 11-Month,91282CHS3,2023-08-25,24000000000,null,Yes
2023-08-23,20Y,Bond,20-Year,912810TU2,2023-08-31,16000000000,4.4990,No
2023-08-24,,Bill,4-Week,912797GU5,2023-08-29,80000000000,null,Yes
2023-08-24,30Y,Bond,29-Year 6-Month,912810TP3,2023-08-31,8000000000,1.9700,Yes
2023-08-24,,Bill,8-Week,912797HC4,2023-08-29,70000000000,null,Yes
2023-08-28,5Y,Note,5-Year,91282CHX2,2023-08-31,46000000000,4.4000,No
2023-08-28,,Bill,13-Week,912796ZD4,2023-08-31,69000000000,null,Yes
2023-08-28,,Bill,26-Week,912797GP6,2023-08-31,62000000000,null,No
2023-08-28,2Y,Note,2-Year,91282CHV6,2023-08-31,45000000000,5.0240,No
2023-08-29,,Bill,42-Day,912797FA0,2023-08-31,60000000000,null,Yes
2023-08-29,7Y,Note,7-Year,91282CHW4,2023-08-31,36000000000,4.2120,No
2023-08-30,,Bill,17-Week,912797HX8,2023-09-05,50000000000,null,No
2023-08-31,,Bill,4-Week,912797GV3,2023-09-05,80000000000,null,Yes
2023-08-31,,Bill,8-Week,912797HD2,2023-09-05,70000000000,null,Yes
2023-09-05,,Bill,13-Week,912797FT9,2023-09-07,69000000000,null,Yes
2023-09-05,,Bill,26-Week,912797GQ4,2023-09-07,62000000000,null,No
2023-09-05,,Bill,52-Week,912797GL5,2023-09-07,42000000000,null,No
2023-09-05,,Bill,42-Day,912797FB8,2023-09-07,60000000000,null,Yes
2023-09-06,,Bill,17-Week,912797HY6,2023-09-12,50000000000,null,No
2023-09-07,,Bill,4-Week,912797HA8,2023-09-12,80000000000,null,Yes
2023-09-07,,Bill,8-Week,912797HJ9,2023-09-12,70000000000,null,Yes
2023-09-11,3Y,Note,3-Year,91282CHY0,2023-09-15,44000000000,4.6600,No
2023-09-11,,Bill,13-Week,912797FU6,2023-09-14,69000000000,null,Yes
2023-09-11,,Bill,26-Week,912797GX9,2023-09-14,62000000000,null,No
2023-09-12,,Bill,42-Day,912797FC6,2023-09-14,60000000000,null,Yes
2023-09-12,10Y,Note,9-Year 11-Month,91282CHT1,2023-09-15,35000000000,4.2890,Yes
2023-09-13,,Bill,17-Week,912797HZ3,2023-09-19,50000000000,null,No
2023-09-13,30Y,Bond,29-Year 11-Month,912810TT5,2023-09-15,20000000000,4.3450,Yes
2023-09-14,,Bill,4-Week,912797HB6,2023-09-19,80000000000,null,Yes
2023-09-14,,Bill,8-Week,912797HK6,2023-09-19,70000000000,null,Yes
2023-09-18,,Bill,26-Week,912797LL9,2023-09-21,62000000000,null,Yes
2023-09-18,,Bill,13-Week,912797FV4,2023-09-21,69000000000,null,Yes
2023-09-19,20Y,Bond,19-Year 11-Month,912810TU2,2023-10-02,13000000000,4.5920,Yes
2023-09-19,,Bill,42-Day,912796YT0,2023-09-21,60000000000,null,Yes
2023-09-20,,Bill,17-Week,912797JA6,2023-09-26,50000000000,null,No
2023-09-21,10Y,Note,9-Year 10-Month,91282CHP9,2023-09-29,15000000000,2.0940,Yes
2023-09-21,,Bill,4-Week,912797HC4,2023-09-26,80000000000,null,Yes
2023-09-21,,Bill,8-Week,912797HL4,2023-09-26,70000000000,null,Yes
2023-09-25,,Bill,26-Week,912797GY7,2023-09-28,62000000000,null,No
2023-09-25,,Bill,13-Week,912796ZN2,2023-09-28,69000000000,null,Yes
2023-09-26,2Y,Note,2-Year,91282CJB8,2023-10-02,48000000000,5.0850,No
2023-09-26,,Bill,42-Day,912797FJ1,2023-09-28,60000000000,null,Yes
2023-09-27,5Y,Note,5-Year,91282CJA0,2023-10-02,49000000000,4.6590,No
2023-09-27,2Y,Note,1-Year 10-Month,91282CHS3,2023-09-29,24000000000,null,Yes
2023-09-27,,Bill,17-Week,912797JB4,2023-10-03,52000000000,null,No
2023-09-28,,Bill,4-Week,912797HD2,2023-10-03,85000000000,null,Yes
2023-09-28,,Bill,8-Week,912797HM2,2023-10-03,75000000000,null,Yes
2023-09-28,7Y,Note,7-Year,91282CHZ7,2023-10-02,37000000000,4.6730,No
2023-10-02,,Bill,13-Week,912797FW2,2023-10-05,71000000000,null,Yes
2023-10-02,,Bill,26-Week,912797GZ4,2023-10-05,64000000000,null,No
2023-10-03,,Bill,42-Day,912797FK8,2023-10-05,65000000000,null,Yes
2023-10-03,,Bill,52-Week,912797GW1,2023-10-05,44000000000,null,No
2023-10-04,,Bill,17-Week,912797JC2,2023-10-10,54000000000,null,No
2023-10-05,,Bill,4-Week,912797HJ9,2023-10-10,90000000000,null,Yes
2023-10-05,,Bill,8-Week,912797HN0,2023-10-10,80000000000,null,Yes
2023-10-10,3Y,Note,3-Year,91282CJC6,2023-10-16,46000000000,4.7400,No
2023-10-10,,Bill,43-Day,912797FL6,2023-10-12,70000000000,null,Yes
2023-10-10,,Bill,26-Week,912797HF7,2023-10-12,66000000000,null,No
2023-10-10,,Bill,13-Week,912797GC5,2023-10-12,73000000000,null,Yes
2023-10-11,,Bill,17-Week,912797JD0,2023-10-17,56000000000,null,No
2023-10-11,10Y,Note,9-Year 10-Month,91282CHT1,2023-10-16,35000000000,4.6100,Yes
2023-10-12,,Bill,4-Week,912797HK6,2023-10-17,95000000000,null,Yes
2023-10-12,,Bill,8-Week,912797HU4,2023-10-17,85000000000,null,Yes
2023-10-12,30Y,Bond,29-Year 10-Month,912810TT5,2023-10-16,20000000000,4.8370,Yes
2023-10-16,,Bill,13-Week,912797GD3,2023-10-19,75000000000,null,Yes
2023-10-16,,Bill,26-Week,912796CX5,2023-10-19,68000000000,null,Yes
2023-10-17,,Bill,42-Day,912796ZD4,2023-10-19,75000000000,null,Yes
2023-10-18,,Bill,17-Week,912797JE8,2023-10-24,56000000000,null,No
2023-10-18,20Y,Bond,19-Year 10-Month,912810TU2,2023-10-31,13000000000,5.2450,Yes
2023-10-19,5Y,Note,5-Year,91282CJH5,2023-10-31,22000000000,2.4400,No
2023-10-19,,Bill,4-Week,912797HL4,2023-10-24,95000000000,null,Yes
2023-10-19,,Bill,8-Week,912797HV2,2023-10-24,85000000000,null,Yes
2023-10-23,,Bill,13-Week,912796ZY8,2023-10-26,75000000000,null,Yes
2023-10-23,,Bill,26-Week,912797HG5,2023-10-26,68000000000,null,No
2023-10-24,2Y,Note,2-Year,91282CJE2,2023-10-31,51000000000,5.0550,No
2023-10-24,,Bill,42-Day,912797FT9,2023-10-26,75000000000,null,Yes
2023-10-25,2Y,Note,2-Year,91282CJD4,2023-10-31,26000000000,null,No
2023-10-25,,Bill,17-Week,912797JF5,2023-10-31,56000000000,null,No
2023-10-25,5Y,Note,5-Year,91282CJF9,2023-10-31,52000000000,4.8990,No
2023-10-26,,Bill,8-Week,912797HW0,2023-10-31,85000000000,null,Yes
2023-10-26,7Y,Note,7-Year,91282CJG7,2023-10-31,38000000000,4.9080,No
2023-10-26,,Bill,4-Week,912797HM2,2023-10-31,95000000000,null,Yes
2023-10-30,,Bill,13-Week,912797GE1,2023-11-02,75000000000,null,Yes
2023-10-30,,Bill,26-Week,912797HH3,2023-11-02,68000000000,null,No
2023-10-31,,Bill,42-Day,912797FU6,2023-11-02,75000000000,null,Yes
2023-10-31,,Bill,52-Week,912797HE0,2023-11-02,44000000000,null,No
2023-11-01,,Bill,17-Week,912797JG3,2023-11-07,56000000000,null,No
2023-11-02,,Bill,4-Week,912797HN0,2023-11-07,95000000000,null,Yes
2023-11-02,,Bill,8-Week,912797HX8,2023-11-07,85000000000,null,Yes
2023-11-06,,Bill,13-Week,912797GM3,2023-11-09,75000000000,null,Yes
2023-11-06,,Bill,26-Week,912797HQ3,2023-11-09,68000000000,null,No
2023-11-07,3Y,Note,3-Year,91282CJK8,2023-11-15,48000000000,4.7010,No
2023-11-07,,Bill,42-Day,912797FV4,2023-11-09,75000000000,null,Yes
2023-11-08,,Bill,17-Week,912797JH1,2023-11-14,56000000000,null,No
2023-11-08,10Y,Note,10-Year,91282CJJ1,2023-11-15,40000000000,4.5190,No
2023-11-09,30Y,Bond,30-Year,912810TV0,2023-11-15,24000000000,4.7690,No
2023-11-09,,Bill,4-Week,912797HU4,2023-11-14,95000000000,null,Yes
2023-11-09,,Bill,8-Week,912797HY6,2023-11-14,85000000000,null,Yes
2023-11-13,,Bill,26-Week,912797FH5,2023-11-16,68000000000,null,Yes
2023-11-13,,Bill,13-Week,912797GN1,2023-11-16,75000000000,null,Yes
2023-11-14,,Bill,42-Day,912796ZN2,2023-11-16,75000000000,null,Yes
2023-11-15,,Bill,17-Week,912797JJ7,2023-11-21,56000000000,null,No
2023-11-16,,Bill,8-Week,912797HZ3,2023-11-21,85000000000,null,Yes
2023-11-16,,Bill,4-Week,912797HV2,2023-11-21,95000000000,null,Yes
2023-11-20,,Bill,26-Week,912797HR1,2023-11-24,68000000000,null,No
2023-11-20,,Bill,13-Week,912796Z28,2023-11-24,75000000000,null,Yes
2023-11-20,20Y,Bond,20-Year,912810TW8,2023-11-30,16000000000,4.7800,No
2023-11-21,10Y,Note,9-Year 8-Month,91282CHP9,2023-11-30,15000000000,2.1800,Yes
2023-11-21,,Bill,41-Day,912797FW2,2023-11-24,75000000000,null,Yes
2023-11-21,2Y,Note,1-Year 11-Month,91282CJD4,2023-11-24,26000000000,null,Yes
2023-11-22,,Bill,4-Week,912797HW0,2023-11-28,85000000000,null,Yes
2023-11-22,,Bill,17-Week,912797JK4,2023-11-28,56000000000,null,No
2023-11-22,,Bill,8-Week,912797JA6,2023-11-28,80000000000,null,Yes
2023-11-27,,Bill,26-Week,912797HS9,2023-11-30,68000000000,null,No
2023-11-27,5Y,Note,5-Year,91282CJN2,2023-11-30,55000000000,4.4200,No
2023-11-27,,Bill,13-Week,912797GP6,2023-11-30,75000000000,null,Yes
2023-11-27,2Y,Note,2-Year,91282CJL6,2023-11-30,54000000000,4.8870,No
2023-11-28,7Y,Note,7-Year,91282CJM4,2023-11-30,39000000000,4.3990,No
2023-11-28,,Bill,52-Week,912797HP5,2023-11-30,44000000000,null,No
2023-11-28,,Bill,42-Day,912797GC5,2023-11-30,70000000000,null,Yes
2023-11-29,,Bill,17-Week,912797JL2,2023-12-05,56000000000,null,No
2023-11-30,,Bill,8-Week,912797JB4,2023-12-05,80000000000,null,Yes
2023-11-30,,Bill,4-Week,912797HX8,2023-12-05,80000000000,null,Yes
2023-12-04,,Bill,13-Week,912797GQ4,2023-12-07,75000000000,null,Yes
2023-12-04,,Bill,26-Week,912797HT7,2023-12-07,68000000000,null,No
2023-12-05,,Bill,42-Day,912797GD3,2023-12-07,70000000000,null,Yes
2023-12-06,,Bill,17-Week,912797JM0,2023-12-12,56000000000,null,No
2023-12-07,,Bill,4-Week,912797HY6,2023-12-12,80000000000,null,Yes
2023-12-07,,Bill,8-Week,912797JC2,2023-12-12,80000000000,null,Yes
2023-12-11,,Bill,26-Week,912797FS1,2023-12-14,68000000000,null,Yes
2023-12-11,3Y,Note,3-Year,91282CJP7,2023-12-15,50000000000,4.4900,No
2023-12-11,,Bill,13-Week,912797GX9,2023-12-14,75000000000,null,Yes
2023-12-11,10Y,Note,9-Year 11-Month,91282CJJ1,2023-12-15,37000000000,4.2960,Yes
2023-12-12,,Bill,42-Day,912796ZY8,2023-12-14,70000000000,null,Yes
2023-12-12,30Y,Bond,29-Year 11-Month,912810TV0,2023-12-15,21000000000,4.3440,Yes
2023-12-13,,Bill,17-Week,912797JN8,2023-12-19,56000000000,null,No
2023-12-14,,Bill,4-Week,912797HZ3,2023-12-19,80000000000,null,Yes
2023-12-14,,Bill,8-Week,912797JD0,2023-12-19,80000000000,null,Yes
2023-12-18,,Bill,26-Week,912796ZW2,2023-12-21,68000000000,null,No
2023-12-18,,Bill,13-Week,912797LL9,2023-12-21,75000000000,null,Yes
2023-12-19,,Bill,42-Day,912797GE1,2023-12-21,70000000000,null,Yes
2023-12-20,20Y,Bond,19-Year 11-Month,912810TW8,2024-01-02,13000000000,4.2130,Yes
2023-12-20,,Bill,17-Week,912797JP3,2023-12-26,56000000000,null,No
2023-12-21,5Y,Note,4-Year 10-Month,91282CJH5,2023-12-29,20000000000,1.7100,Yes
2023-12-21,,Bill,4-Week,912797JA6,2023-12-26,80000000000,null,Yes
2023-12-21,,Bill,8-Week,912797JE8,2023-12-26,80000000000,null,Yes
2023-12-26,,Bill,52-Week,912796ZV4,2023-12-28,44000000000,null,No
2023-12-26,2Y,Note,2-Year,91282CJS1,2024-01-02,57000000000,4.3140,No
2023-12-26,,Bill,13-Week,912797GY7,2023-12-28,75000000000,null,Yes
2023-12-26,,Bill,26-Week,912796Y45,2023-12-28,68000000000,null,No
2023-12-27,,Bill,17-Week,912797JQ1,2024-01-02,56000000000,null,No
2023-12-27,2Y,Note,1-Year 10-Month,91282CJD4,2023-12-29,26000000000,null,Yes
2023-12-27,5Y,Note,5-Year,91282CJR3,2024-01-02,58000000000,3.8010,No
2023-12-27,,Bill,42-Day,912797GM3,2023-12-28,70000000000,null,Yes
2023-12-28,,Bill,8-Week,912797JF5,2024-01-02,80000000000,null,Yes
2023-12-28,7Y,Note,7-Year,91282CJQ5,2024-01-02,40000000000,3.8590,No
2023-12-28,,Bill,4-Week,912797JB4,2024-01-02,80000000000,null,Yes
2024-01-02,,Bill,42-Day,912797GN1,2024-01-04,70000000000,null,Yes
2024-01-02,,Bill,13-Week,912797GZ4,2024-01-04,75000000000,null,Yes
2024-01-02,,Bill,26-Week,912796Y52,2024-01-04,68000000000,null,No
2024-01-03,,Bill,17-Week,912797JV0,2024-01-09,56000000000,null,No
2024-01-04,,Bill,4-Week,912797JC2,2024-01-09,80000000000,null,Yes
2024-01-04,,Bill,8-Week,912797JG3,2024-01-09,80000000000,null,Yes
2024-01-08,,Bill,26-Week,912797GB7,2024-01-11,68000000000,null,Yes
2024-01-08,,Bill,13-Week,912797HF7,2024-01-11,75000000000,null,Yes
2024-01-09,,Bill,42-Day,912796Z28,2024-01-11,70000000000,null,Yes
2024-01-09,3Y,Note,3-Year,91282CJT9,2024-01-16,52000000000,4.1050,No
2024-01-10,,Bill,17-Week,912797JW8,2024-01-16,56000000000,null,No
2024-01-10,10Y,Note,9-Year 10-Month,91282CJJ1,2024-01-16,37000000000,4.0240,Yes
2024-01-11,,Bill,8-Week,912797JH1,2024-01-16,80000000000,null,Yes
2024-01-11,30Y,Bond,29-Year 10-Month,912810TV0,2024-01-16,21000000000,4.2290,Yes
2024-01-11,,Bill,4-Week,912797JD0,2024-01-16,80000000000,null,Yes
2024-01-16,,Bill,42-Day,912797GP6,2024-01-18,70000000000,null,Yes
2024-01-16,,Bill,13-Week,912796CX5,2024-01-18,75000000000,null,Yes
2024-01-16,,Bill,26-Week,912797JS7,2024-01-18,68000000000,null,No
2024-01-17,20Y,Bond,19-Year 10-Month,912810TW8,2024-01-31,13000000000,4.4230,Yes
2024-01-17,,Bill,17-Week,912797JX6,2024-01-23,58000000000,null,No
2024-01-18,,Bill,4-Week,912797JE8,2024-01-23,85000000000,null,Yes
2024-01-18,10Y,Note,10-Year,91282CJY8,2024-01-31,18000000000,1.8100,No
2024-01-18,,Bill,8-Week,912797JJ7,2024-01-23,85000000000,null,Yes
2024-01-22,,Bill,13-Week,912797HG5,2024-01-25,77000000000,null,Yes
2024-01-22,,Bill,26-Week,912797JT5,2024-01-25,70000000000,null,No
2024-01-23,,Bill,52-Week,912797JR9,2024-01-25,46000000000,null,No
2024-01-23,2Y,Note,2-Year,91282CJV4,2024-01-31,60000000000,4.3650,No
2024-01-23,,Bill,42-Day,912797GQ4,2024-01-25,75000000000,null,Yes
2024-01-24,5Y,Note,5-Year,91282CJW2,2024-01-31,61000000000,4.0550,No
2024-01-24,2Y,Note,2-Year,91282CJU6,2024-01-31,28000000000,null,No
2024-01-24,,Bill,17-Week,912797JY4,2024-01-30,60000000000,null,No
2024-01-25,,Bill,4-Week,912797JF5,2024-01-30,90000000000,null,Yes
2024-01-25,7Y,Note,7-Year,91282CJX0,2024-01-31,41000000000,4.1090,No
2024-01-25,,Bill,8-Week,912797JK4,2024-01-30,90000000000,null,Yes
2024-01-29,,Bill,26-Week,912797JU2,2024-02-01,70000000000,null,No
2024-01-29,,Bill,13-Week,912797HH3,2024-02-01,79000000000,null,Yes
2024-01-30,,Bill,42-Day,912797GX9,2024-02-01,80000000000,null,Yes
2024-01-31,,Bill,17-Week,912797JZ1,2024-02-06,60000000000,null,No
2024-02-01,,Bill,4-Week,912797JG3,2024-02-06,95000000000,null,Yes
2024-02-01,,Bill,8-Week,912797JL2,2024-02-06,90000000000,null,Yes
2024-02-05,,Bill,13-Week,912797HQ3,2024-02-08,79000000000,null,Yes
2024-02-05,,Bill,26-Week,912797GK7,2024-02-08,70000000000,null,Yes
2024-02-06,3Y,Note,3-Year,91282CKA8,2024-02-15,54000000000,4.1690,No
2024-02-06,,Bill,42-Day,912797LL9,2024-02-08,80000000000,null,Yes
2024-02-07,,Bill,17-Week,912797KE6,2024-02-13,60000000000,null,No
2024-02-07,10Y,Note,10-Year,91282CJZ5,2024-02-15,42000000000,4.0930,No
2024-02-08,,Bill,8-Week,912797JM0,2024-02-13,90000000000,null,Yes
2024-02-08,,Bill,4-Week,912797JH1,2024-02-13,95000000000,null,Yes
2024-02-08,30Y,Bond,30-Year,912810TX6,2024-02-15,25000000000,4.3600,No
2024-02-12,,Bill,13-Week,912797FH5,2024-02-15,79000000000,null,Yes
2024-02-12,,Bill,26-Week,912797KB2,2024-02-15,70000000000,null,No
2024-02-13,,Bill,42-Day,912797GY7,2024-02-15,80000000000,null,Yes
2024-02-14,,Bill,17-Week,912797KF3,2024-02-20,60000000000,null,No
2024-02-15,,Bill,8-Week,912797JN8,2024-02-20,90000000000,null,Yes
2024-02-15,,Bill,4-Week,912797JJ7,2024-02-20,95000000000,null,Yes
2024-02-20,,Bill,26-Week,912797KC0,2024-02-22,70000000000,null,No
2024-02-20,,Bill,42-Day,912797GZ4,2024-02-22,80000000000,null,Yes
2024-02-20,,Bill,13-Week,912797HR1,2024-02-22,79000000000,null,Yes
2024-02-20,,Bill,52-Week,912797KA4,2024-02-22,46000000000,null,No
2024-02-21,2Y,Note,1-Year 11-Month,91282CJU6,2024-02-23,28000000000,null,Yes
2024-02-21,20Y,Bond,20-Year,912810TZ1,2024-02-29,16000000000,4.5950,No
2024-02-21,,Bill,17-Week,912797KG1,2024-02-27,60000000000,null,No
2024-02-22,,Bill,8-Week,912797JP3,2024-02-27,90000000000,null,Yes
2024-02-22,30Y,Bond,30-Year,912810TY4,2024-02-29,9000000000,2.2000,No
2024-02-22,,Bill,4-Week,912797JK4,2024-02-27,95000000000,null,Yes
2024-02-26,,Bill,13-Week,912797HS9,2024-02-29,79000000000,null,Yes
2024-02-26,,Bill,26-Week,912797KD8,2024-02-29,70000000000,null,No
2024-02-26,2Y,Note,2-Year,91282CKB6,2024-02-29,63000000000,4.6910,No
2024-02-26,5Y,Note,5-Year,91282CKD2,2024-02-29,64000000000,4.3200,No
2024-02-27,7Y,Note,7-Year,91282CKC4,2024-02-29,42000000000,4.3270,No
2024-02-27,,Bill,42-Day,912797HF7,2024-02-29,80000000000,null,Yes
2024-02-28,,Bill,17-Week,912797KH9,2024-03-05,60000000000,null,No
2024-02-29,,Bill,4-Week,912797JL2,2024-03-05,95000000000,null,Yes
2024-02-29,,Bill,8-Week,912797JQ1,2024-03-05,90000000000,null,Yes
2024-03-04,,Bill,13-Week,912797HT7,2024-03-07,79000000000,null,Yes
2024-03-04,,Bill,26-Week,912797GL5,2024-03-07,70000000000,null,Yes
2024-03-05,,Bill,42-Day,912796CX5,2024-03-07,80000000000,null,Yes
2024-03-06,,Bill,17-Week,912797KN6,2024-03-12,60000000000,null,No
2024-03-07,,Bill,4-Week,912797JM0,2024-03-12,95000000000,null,Yes
2024-03-07,,Bill,8-Week,912797JV0,2024-03-12,90000000000,null,Yes
2024-03-11,3Y,Note,3-Year,91282CKE0,2024-03-15,56000000000,4.2560,No
2024-03-11,,Bill,13-Week,912797FS1,2024-03-14,79000000000,null,Yes
2024-03-11,,Bill,26-Week,912797KK2,2024-03-14,70000000000,null,No
2024-03-12,,Bill,42-Day,912797HG5,2024-03-14,80000000000,null,Yes
2024-03-12,10Y,Note,9-Year 11-Month,91282CJZ5,2024-03-15,39000000000,4.1660,Yes
2024-03-13,,Bill,17-Week,912797KP1,2024-03-19,60000000000,null,No
2024-03-13,30Y,Bond,29-Year 11-Month,912810TX6,2024-03-15,22000000000,4.3310,Yes
2024-03-14,,Bill,4-Week,912797JN8,2024-03-19,95000000000,null,Yes
2024-03-14,,Bill,8-Week,912797JW8,2024-03-19,90000000000,null,Yes
2024-03-18,,Bill,26-Week,912797KL0,2024-03-21,70000000000,null,No
2024-03-18,,Bill,13-Week,912796ZW2,2024-03-21,76000000000,null,Yes
2024-03-19,,Bill,42-Day,912797HH3,2024-03-21,75000000000,null,Yes
2024-03-19,20Y,Bond,19-Year 11-Month,912810TZ1,2024-04-01,13000000000,4.5420,Yes
2024-03-19,,Bill,52-Week,912797KJ5,2024-03-21,46000000000,null,No
2024-03-20,,Bill,17-Week,912797KQ9,2024-03-26,60000000000,null,No
2024-03-21,,Bill,4-Week,912797JP3,2024-03-26,85000000000,null,Yes
2024-03-21,,Bill,8-Week,912797JX6,2024-03-26,85000000000,null,Yes
2024-03-21,10Y,Note,9-Year 10-Month,91282CJY8,2024-03-28,16000000000,1.9320,Yes
2024-03-25,,Bill,13-Week,912796Y45,2024-03-28,73000000000,null,Yes
2024-03-25,,Bill,26-Week,912797KM8,2024-03-28,70000000000,null,No
2024-03-25,2Y,Note,2-Year,91282CKH3,2024-04-01,66000000000,4.5950,No
2024-03-26,5Y,Note,5-Year,91282CKG5,2024-04-01,67000000000,4.2350,No
2024-03-26,,Bill,42-Day,912797HQ3,2024-03-28,70000000000,null,Yes
2024-03-27,,Bill,17-Week,912797KR7,2024-04-02,60000000000,null,No
2024-03-27,2Y,Note,1-Year 10-Month,91282CJU6,2024-04-01,28000000000,null,Yes
2024-03-27,7Y,Note,7-Year,91282CKF7,2024-04-01,43000000000,4.1850,No
2024-03-28,,Bill,4-Week,912797JQ1,2024-04-02,75000000000,null,Yes
2024-03-28,,Bill,8-Week,912797JY4,2024-04-02,80000000000,null,Yes
2024-04-01,,Bill,13-Week,912796Y52,2024-04-04,70000000000,null,Yes
2024-04-01,,Bill,26-Week,912797GW1,2024-04-04,70000000000,null,Yes
2024-04-02,,Bill,42-Day,912797FH5,2024-04-04,65000000000,null,Yes
2024-04-03,,Bill,17-Week,912797KW6,2024-04-09,60000000000,null,No
2024-04-04,,Bill,4-Week,912797JV0,2024-04-09,70000000000,null,Yes
2024-04-04,,Bill,8-Week,912797JZ1,2024-04-09,75000000000,null,Yes
2024-04-08,,Bill,26-Week,912797KT3,2024-04-11,70000000000,null,No
2024-04-08,,Bill,13-Week,912797GB7,2024-04-11,70000000000,null,Yes
2024-04-09,3Y,Note,3-Year,91282CKJ9,2024-04-15,58000000000,4.5480,No
2024-04-09,,Bill,42-Day,912797HR1,2024-04-11,65000000000,null,Yes
2024-04-10,,Bill,17-Week,912797KX4,2024-04-16,60000000000,null,No
2024-04-10,10Y,Note,9-Year 10-Month,91282CJZ5,2024-04-15,39000000000,4.5600,Yes
2024-04-11,,Bill,8-Week,912797KE6,2024-04-16,75000000000,null,Yes
2024-04-11,30Y,Bond,29-Year 10-Month,912810TX6,2024-04-15,22000000000,4.6710,Yes
2024-04-11,,Bill,4-Week,912797JW8,2024-04-16,70000000000,null,Yes
2024-04-15,,Bill,26-Week,912797KU0,2024-04-18,70000000000,null,No
2024-04-15,,Bill,13-Week,912797JS7,2024-04-18,70000000000,null,Yes
2024-04-16,,Bill,42-Day,912797HS9,2024-04-18,65000000000,null,Yes
2024-04-16,,Bill,52-Week,912797KS5,2024-04-18,46000000000,null,No
2024-04-17,20Y,Bond,19-Year 10-Month,912810TZ1,2024-04-30,13000000000,4.8180,Yes
2024-04-17,,Bill,17-Week,912797KY2,2024-04-23,60000000000,null,No
2024-04-18,,Bill,4-Week,912797JX6,2024-04-23,70000000000,null,Yes
2024-04-18,,Bill,8-Week,912797KF3,2024-04-23,75000000000,null,Yes
2024-04-18,5Y,Note,5-Year,91282CKL4,2024-04-30,23000000000,2.2420,No
2024-04-22,,Bill,26-Week,912797KV8,2024-04-25,70000000000,null,No
2024-04-22,,Bill,13-Week,912797JT5,2024-04-25,70000000000,null,Yes
2024-04-23,2Y,Note,2-Year,91282CKK6,2024-04-30,69000000000,4.8980,No
2024-04-23,,Bill,42-Day,912797HT7,2024-04-25,65000000000,null,Yes
2024-04-24,2Y,Note,2-Year,91282CKM2,2024-04-30,30000000000,null,No
2024-04-24,,Bill,17-Week,912797KZ9,2024-04-30,60000000000,null,No
2024-04-24,5Y,Note,5-Year,91282CKP5,2024-04-30,70000000000,4.6590,No
2024-04-25,,Bill,4-Week,912797JY4,2024-04-30,70000000000,null,Yes
2024-04-25,,Bill,8-Week,912797KG1,2024-04-30,75000000000,null,Yes
2024-04-25,7Y,Note,7-Year,91282CKN0,2024-04-30,44000000000,4.7160,No
2024-04-29,,Bill,13-Week,912797JU2,2024-05-02,70000000000,null,Yes
2024-04-29,,Bill,26-Week,912797HE0,2024-05-02,70000000000,null,Yes
2024-04-30,,Bill,42-Day,912797FS1,2024-05-02,65000000000,null,Yes
2024-05-01,,Bill,17-Week,912797LA3,2024-05-07,60000000000,null,No
2024-05-02,,Bill,8-Week,912797KH9,2024-05-07,75000000000,null,Yes
2024-05-02,,Bill,4-Week,912797JZ1,2024-05-07,70000000000,null,Yes
2024-05-06,,Bill,13-Week,912797GK7,2024-05-09,70000000000,null,Yes
2024-05-06,,Bill,26-Week,912797LC9,2024-05-09,70000000000,null,No
2024-05-07,,Bill,42-Day,912796ZW2,2024-05-09,75000000000,null,Yes
2024-05-07,3Y,Note,3-Year,91282CKR1,2024-05-15,58000000000,4.6050,No
2024-05-08,10Y,Note,10-Year,91282CKQ3,2024-05-15,42000000000,4.4830,No
2024-05-08,,Bill,17-Week,912797LG0,2024-05-14,60000000000,null,No
2024-05-09,30Y,Bond,30-Year,912810UA4,2024-05-15,25000000000,4.6350,No
2024-05-09,,Bill,8-Week,912797KN6,2024-05-14,80000000000,null,Yes
2024-05-09,,Bill,4-Week,912797KE6,2024-05-14,80000000000,null,Yes
2024-05-13,,Bill,26-Week,912797LD7,2024-05-16,70000000000,null,No
2024-05-13,,Bill,13-Week,912797KB2,2024-05-16,70000000000,null,Yes
2024-05-14,,Bill,42-Day,912796Y45,2024-05-16,75000000000,null,Yes
2024-05-14,,Bill,52-Week,912797LB1,2024-05-16,46000000000,null,No
2024-05-15,,Bill,17-Week,912797LH8,2024-05-21,60000000000,null,No
2024-05-16,,Bill,4-Week,912797KF3,2024-05-21,80000000000,null,Yes
2024-05-16,,Bill,8-Week,912797KP1,2024-05-21,80000000000,null,Yes
2024-05-20,,Bill,13-Week,912797KC0,2024-05-23,70000000000,null,Yes
2024-05-20,,Bill,26-Week,912797LE5,2024-05-23,70000000000,null,No
2024-05-21,,Bill,43-Day,912796Y52,2024-05-23,75000000000,null,Yes
2024-05-22,,Bill,17-Week,912797LJ4,2024-05-28,60000000000,null,No
2024-05-22,20Y,Bond,20-Year,912810UB2,2024-05-31,16000000000,4.6350,No
2024-05-23,,Bill,4-Week,912797KG1,2024-05-28,80000000000,null,Yes
2024-05-23,,Bill,8-Week,912797KQ9,2024-05-28,80000000000,null,Yes
2024-05-23,10Y,Note,9-Year 8-Month,91282CJY8,2024-05-31,16000000000,2.1840,Yes
2024-05-28,2Y,Note,2-Year,91282CKS9,2024-05-31,69000000000,4.9170,No
2024-05-28,5Y,Note,5-Year,91282CKT7,2024-05-31,70000000000,4.5530,No
2024-05-28,,Bill,42-Day,912797GB7,2024-05-30,65000000000,null,Yes
2024-05-28,,Bill,13-Week,912797KD8,2024-05-30,70000000000,null,Yes
2024-05-28,,Bill,26-Week,912797HP5,2024-05-30,70000000000,null,Yes
2024-05-29,,Bill,17-Week,912797LK1,2024-06-04,60000000000,null,No
2024-05-29,7Y,Note,7-Year,91282CKU4,2024-05-31,44000000000,4.6500,No
2024-05-29,2Y,Note,1-Year 11-Month,91282CKM2,2024-05-31,28000000000,null,Yes
2024-05-30,,Bill,4-Week,912797KH9,2024-06-04,70000000000,null,Yes
2024-05-30,,Bill,8-Week,912797KR7,2024-06-04,70000000000,null,Yes
2024-06-03,,Bill,13-Week,912797GL5,2024-06-06,70000000000,null,Yes
2024-06-03,,Bill,26-Week,912797LF2,2024-06-06,70000000000,null,No
2024-06-04,,Bill,42-Day,912797JS7,2024-06-06,60000000000,null,Yes
2024-06-05,,Bill,17-Week,912797LS4,2024-06-11,60000000000,null,No
2024-06-06,,Bill,4-Week,912797KN6,2024-06-11,70000000000,null,Yes
2024-06-06,,Bill,8-Week,912797KW6,2024-06-11,70000000000,null,Yes
2024-06-10,,Bill,26-Week,912797LP0,2024-06-13,70000000000,null,No
2024-06-10,3Y,Note,3-Year,91282CKV2,2024-06-17,58000000000,4.6590,No
2024-06-10,,Bill,13-Week,912797KK2,2024-06-13,70000000000,null,Yes
2024-06-11,10Y,Note,9-Year 11-Month,91282CKQ3,2024-06-17,39000000000,4.4380,Yes
2024-06-11,,Bill,42-Day,912797JT5,2024-06-13,60000000000,null,Yes
2024-06-11,,Bill,52-Week,912797LN5,2024-06-13,46000000000,null,No
2024-06-12,,Bill,17-Week,912797LT2,2024-06-18,60000000000,null,No
2024-06-13,30Y,Bond,29-Year 11-Month,912810UA4,2024-06-17,22000000000,4.4030,Yes
2024-06-13,,Bill,4-Week,912797KP1,2024-06-18,70000000000,null,Yes
2024-06-13,,Bill,8-Week,912797KX4,2024-06-18,70000000000,null,Yes
2024-06-17,,Bill,42-Day,912797JU2,2024-06-20,60000000000,null,Yes
2024-06-17,,Bill,13-Week,912797KL0,2024-06-20,70000000000,null,Yes
2024-06-17,,Bill,26-Week,912797LQ8,2024-06-20,70000000000,null,No
2024-06-18,20Y,Bond,19-Year 11-Month,912810UB2,2024-07-01,13000000000,4.4520,Yes
2024-06-20,5Y,Note,4-Year 10-Month,91282CKL4,2024-06-28,21000000000,2.0500,Yes
2024-06-20,,Bill,4-Week,912797KQ9,2024-06-25,70000000000,null,Yes
2024-06-20,,Bill,8-Week,912797KY2,2024-06-25,70000000000,null,Yes
2024-06-20,,Bill,17-Week,912797LU9,2024-06-25,60000000000,null,No
2024-06-24,,Bill,13-Week,912797KM8,2024-06-27,70000000000,null,Yes
2024-06-24,,Bill,26-Week,912796ZV4,2024-06-27,70000000000,null,Yes
2024-06-25,,Bill,42-Day,912797GK7,2024-06-27,60000000000,null,Yes
2024-06-25,2Y,Note,2-Year,91282CKY6,2024-07-01,69000000000,4.7060,No
2024-06-26,5Y,Note,5-Year,91282CKX8,2024-07-01,70000000000,4.3310,No
2024-06-26,2Y,Note,1-Year 10-Month,91282CKM2,2024-06-28,28000000000,null,Yes
2024-06-26,,Bill,17-Week,912797LV7,2024-07-02,60000000000,null,No
2024-06-27,7Y,Note,7-Year,91282CKW0,2024-07-01,44000000000,4.2760,No
2024-06-27,,Bill,4-Week,912797KR7,2024-07-02,80000000000,null,Yes
2024-06-27,,Bill,8-Week,912797KZ9,2024-07-02,75000000000,null,Yes
2024-07-01,,Bill,26-Week,912797LR6,2024-07-05,70000000000,null,No
2024-07-01,,Bill,13-Week,912797GW1,2024-07-05,73000000000,null,Yes
2024-07-02,,Bill,41-Day,912797KB2,2024-07-05,65000000000,null,Yes
2024-07-03,,Bill,8-Week,912797LA3,2024-07-09,80000000000,null,Yes
2024-07-03,,Bill,17-Week,912797MA2,2024-07-09,60000000000,null,No
2024-07-03,,Bill,4-Week,912797KW6,2024-07-09,85000000000,null,Yes
2024-07-08,,Bill,13-Week,912797KT3,2024-07-11,76000000000,null,Yes
2024-07-08,,Bill,26-Week,912797LX3,2024-07-11,70000000000,null,No
2024-07-09,3Y,Note,3-Year,91282CKZ3,2024-07-15,58000000000,4.3990,No
2024-07-09,,Bill,52-Week,912797LW5,2024-07-11,46000000000,null,No
2024-07-09,,Bill,42-Day,912797KC0,2024-07-11,70000000000,null,Yes
2024-07-10,,Bill,17-Week,912797MB0,2024-07-16,60000000000,null,No
2024-07-10,10Y,Note,9-Year 10-Month,91282CKQ3,2024-07-15,39000000000,4.2760,Yes
2024-07-11,30Y,Bond,29-Year 10-Month,912810UA4,2024-07-15,22000000000,4.4050,Yes
2024-07-11,,Bill,8-Week,912797LG0,2024-07-16,85000000000,null,Yes
2024-07-11,,Bill,4-Week,912797KX4,2024-07-16,90000000000,null,Yes
2024-07-15,,Bill,26-Week,912797LY1,2024-07-18,70000000000,null,No
2024-07-15,,Bill,13-Week,912797KU0,2024-07-18,76000000000,null,Yes
2024-07-16,,Bill,42-Day,912797KD8,2024-07-18,70000000000,null,Yes
2024-07-17,20Y,Bond,19-Year 10-Month,912810UB2,2024-07-31,13000000000,4.4660,Yes
2024-07-17,,Bill,17-Week,912797MC8,2024-07-23,60000000000,null,No
2024-07-18,,Bill,4-Week,912797KY2,2024-07-23,90000000000,null,Yes
2024-07-18,,Bill,8-Week,912797LH8,2024-07-23,85000000000,null,Yes
2024-07-18,10Y,Note,10-Year,91282CLE9,2024-07-31,19000000000,1.8830,No
2024-07-22,,Bill,13-Week,912797KV8,2024-07-25,76000000000,null,Yes
2024-07-22,,Bill,26-Week,912797JR9,2024-07-25,70000000000,null,Yes
2024-07-23,,Bill,42-Day,912797GL5,2024-07-25,70000000000,null,Yes
2024-07-23,2Y,Note,2-Year,91282CLB5,2024-07-31,69000000000,4.4340,No
2024-07-24,5Y,Note,5-Year,91282CLC3,2024-07-31,70000000000,4.1210,No
2024-07-24,,Bill,17-Week,912797MD6,2024-07-30,60000000000,null,No
2024-07-24,2Y,Note,2-Year,91282CLA7,2024-07-31,30000000000,null,No
2024-07-25,7Y,Note,7-Year,91282CLD1,2024-07-31,44000000000,4.1620,No
2024-07-25,,Bill,4-Week,912797KZ9,2024-07-30,90000000000,null,Yes
2024-07-25,,Bill,8-Week,912797LJ4,2024-07-30,85000000000,null,Yes
2024-07-29,,Bill,13-Week,912797HE0,2024-08-01,76000000000,null,Yes
2024-07-29,,Bill,26-Week,912797LZ8,2024-08-01,70000000000,null,No
2024-07-30,,Bill,42-Day,912797KK2,2024-08-01,70000000000,null,Yes
2024-07-31,,Bill,17-Week,912797ME4,2024-08-06,60000000000,null,No
2024-08-01,,Bill,8-Week,912797LK1,2024-08-06,85000000000,null,Yes
2024-08-01,,Bill,4-Week,912797LA3,2024-08-06,90000000000,null,Yes
2024-08-05,,Bill,13-Week,912797LC9,2024-08-08,76000000000,null,Yes
2024-08-05,,Bill,26-Week,912797MJ3,2024-08-08,70000000000,null,No
2024-08-06,3Y,Note,3-Year,91282CLG4,2024-08-15,58000000000,3.8100,No
2024-08-06,,Bill,42-Day,912797KL0,2024-08-08,75000000000,null,Yes
2024-08-06,,Bill,52-Week,912797MG9,2024-08-08,46000000000,null,No
2024-08-07,10Y,Note,10-Year,91282CLF6,2024-08-15,42000000000,3.9600,No
2024-08-07,,Bill,17-Week,912797MN4,2024-08-13,60000000000,null,No
2024-08-08,,Bill,8-Week,912797LS4,2024-08-13,90000000000,null,Yes
2024-08-08,30Y,Bond,30-Year,912810UC0,2024-08-15,25000000000,4.3140,No
2024-08-08,,Bill,4-Week,912797LG0,2024-08-13,95000000000,null,Yes
2024-08-12,,Bill,26-Week,912797MK0,2024-08-15,70000000000,null,No
2024-08-12,,Bill,13-Week,912797LD7,2024-08-15,76000000000,null,Yes
2024-08-13,,Bill,42-Day,912797KM8,2024-08-15,75000000000,null,Yes
2024-08-14,,Bill,17-Week,912797MP9,2024-08-20,60000000000,null,No
2024-08-15,,Bill,8-Week,912797LT2,2024-08-20,90000000000,null,Yes
2024-08-15,,Bill,4-Week,912797LH8,2024-08-20,95000000000,null,Yes
2024-08-19,,Bill,13-Week,912797LE5,2024-08-22,76000000000,null,Yes
2024-08-19,,Bill,26-Week,912797KA4,2024-08-22,70000000000,null,Yes
2024-08-20,,Bill,42-Day,912797GW1,2024-08-22,75000000000,null,Yes
2024-08-21,20Y,Bond,20-Year,912810UD8,2024-09-03,16000000000,4.1600,No
2024-08-21,,Bill,17-Week,912797MQ7,2024-08-27,60000000000,null,No
2024-08-21,,Bill,16-Day,912797KK2,2024-08-27,35000000000,null,Yes
2024-08-22,,Bill,8-Week,912797LU9,2024-08-27,90000000000,null,Yes
2024-08-22,30Y,Bond,29-Year 6-Month,912810TY4,2024-08-30,8000000000,2.0550,Yes
2024-08-22,,Bill,4-Week,912797LJ4,2024-08-27,95000000000,null,Yes
2024-08-26,,Bill,13-Week,912797HP5,2024-08-29,76000000000,null,Yes
2024-08-26,,Bill,26-Week,912797ML8,2024-08-29,70000000000,null,No
2024-08-27,,Bill,42-Day,912797KT3,2024-08-29,75000000000,null,Yes
2024-08-27,2Y,Note,2-Year,91282CLH2,2024-09-03,69000000000,3.8740,No
2024-08-28,5Y,Note,5-Year,91282CLK5,2024-09-03,70000000000,3.6450,No
2024-08-28,2Y,Note,1-Year 11-Month,91282CLA7,2024-08-30,28000000000,null,Yes
2024-08-28,,Bill,17-Week,912797MR5,2024-09-03,60000000000,null,No
2024-08-29,,Bill,8-Week,912797LV7,2024-09-03,80000000000,null,Yes
2024-08-29,7Y,Note,7-Year,91282CLJ8,2024-09-03,44000000000,3.7700,No
2024-08-29,,Bill,4-Week,912797LK1,2024-09-03,85000000000,null,Yes
2024-09-03,,Bill,26-Week,912797MM6,2024-09-05,70000000000,null,No
2024-09-03,,Bill,52-Week,912797MH7,2024-09-05,46000000000,null,No
2024-09-03,,Bill,42-Day,912797KU0,2024-09-05,65000000000,null,Yes
2024-09-03,,Bill,13-Week,912797LF2,2024-09-05,76000000000,null,Yes
2024-09-04,,Bill,17-Week,912797MW4,2024-09-10,60000000000,null,No
2024-09-05,,Bill,8-Week,912797MA2,2024-09-10,80000000000,null,Yes
2024-09-05,,Bill,4-Week,912797LS4,2024-09-10,80000000000,null,Yes
2024-09-09,,Bill,13-Week,912797LP0,2024-09-12,76000000000,null,Yes
2024-09-09,,Bill,26-Week,912797MT1,2024-09-12,70000000000,null,No
2024-09-10,3Y,Note,3-Year,91282CLL3,2024-09-16,58000000000,3.4400,No
2024-09-10,,Bill,42-Day,912797KV8,2024-09-12,60000000000,null,Yes
2024-09-11,,Bill,17-Week,912797MX2,2024-09-17,60000000000,null,No
2024-09-11,10Y,Note,9-Year 11-Month,91282CLF6,2024-09-16,39000000000,3.6480,Yes
2024-09-12,,Bill,4-Week,912797LT2,2024-09-17,80000000000,null,Yes
2024-09-12,,Bill,8-Week,912797MB0,2024-09-17,80000000000,null,Yes
2024-09-12,30Y,Bond,29-Year 11-Month,912810UC0,2024-09-16,22000000000,4.0150,Yes
2024-09-16,,Bill,26-Week,912797KJ5,2024-09-19,70000000000,null,Yes
2024-09-16,,Bill,13-Week,912797LQ8,2024-09-19,76000000000,null,Yes
2024-09-17,20Y,Bond,19-Year 11-Month,912810UD8,2024-09-30,13000000000,4.0390,Yes
2024-09-17,,Bill,42-Day,912797HE0,2024-09-19,60000000000,null,Yes
2024-09-18,,Bill,17-Week,912797MY0,2024-09-24,60000000000,null,No
2024-09-19,,Bill,4-Week,912797LU9,2024-09-24,80000000000,null,Yes
2024-09-19,,Bill,8-Week,912797MC8,2024-09-24,80000000000,null,Yes
2024-09-19,10Y,Note,9-Year 10-Month,91282CLE9,2024-09-30,17000000000,1.5920,Yes
2024-09-23,,Bill,13-Week,912796ZV4,2024-09-26,76000000000,null,Yes
2024-09-23,,Bill,26-Week,912797MU8,2024-09-26,70000000000,null,No
2024-09-24,,Bill,42-Day,912797LC9,2024-09-26,60000000000,null,Yes
2024-09-24,2Y,Note,2-Year,91282CLP4,2024-09-30,69000000000,3.5200,No
2024-09-25,2Y,Note,1-Year 10-Month,91282CLA7,2024-09-27,28000000000,null,Yes
2024-09-25,5Y,Note,5-Year,91282CLN9,2024-09-30,70000000000,3.5190,No
2024-09-25,,Bill,17-Week,912797MZ7,2024-10-01,62000000000,null,No
2024-09-26,,Bill,4-Week,912797LV7,2024-10-01,90000000000,null,Yes
2024-09-26,,Bill,8-Week,912797MD6,2024-10-01,85000000000,null,Yes
2024-09-26,7Y,Note,7-Year,91282CLM1,2024-09-30,44000000000,3.6680,No
2024-09-30,,Bill,13-Week,912797LR6,2024-10-03,79000000000,null,Yes
2024-09-30,,Bill,26-Week,912797MV6,2024-10-03,72000000000,null,No
2024-10-01,,Bill,42-Day,912797LD7,2024-10-03,70000000000,null,Yes
2024-10-01,,Bill,52-Week,912797MS3,2024-10-03,48000000000,null,No
2024-10-02,,Bill,17-Week,912797NF0,2024-10-08,64000000000,null,No
2024-10-03,,Bill,4-Week,912797MA2,2024-10-08,95000000000,null,Yes
2024-10-03,,Bill,8-Week,912797ME4,2024-10-08,90000000000,null,Yes
2024-10-07,,Bill,26-Week,912797NB9,2024-10-10,72000000000,null,No
2024-10-07,,Bill,13-Week,912797LX3,2024-10-10,81000000000,null,Yes
2024-10-08,3Y,Note,3-Year,91282CLQ2,2024-10-15,58000000000,3.8780,No
2024-10-08,,Bill,42-Day,912797LE5,2024-10-10,80000000000,null,Yes
2024-10-09,,Bill,17-Week,912797NG8,2024-10-15,64000000000,null,No
2024-10-09,10Y,Note,9-Year 10-Month,91282CLF6,2024-10-15,39000000000,4.0660,Yes
2024-10-10,,Bill,4-Week,912797MB0,2024-10-15,95000000000,null,Yes
2024-10-10,,Bill,8-Week,912797MN4,2024-10-15,90000000000,null,Yes
2024-10-10,30Y,Bond,29-Year 10-Month,912810UC0,2024-10-15,22000000000,4.3890,Yes
2024-10-15,,Bill,13-Week,912797LY1,2024-10-17,81000000000,null,Yes
2024-10-15,,Bill,26-Week,912797KS5,2024-10-17,72000000000,null,Yes
2024-10-15,,Bill,43-Day,912797HP5,2024-10-17,80000000000,null,Yes
2024-10-16,,Bill,17-Week,912797NH6,2024-10-22,64000000000,null,No
2024-10-17,,Bill,8-Week,912797MP9,2024-10-22,90000000000,null,Yes
2024-10-17,,Bill,4-Week,912797MC8,2024-10-22,95000000000,null,Yes
2024-10-21,,Bill,26-Week,912797NC7,2024-10-24,72000000000,null,No
2024-10-21,,Bill,13-Week,912797JR9,2024-10-24,81000000000,null,Yes
2024-10-22,,Bill,42-Day,912797LF2,2024-10-24,80000000000,null,Yes
2024-10-23,,Bill,17-Week,912797NJ2,2024-10-29,64000000000,null,No
2024-10-23,20Y,Bond,19-Year 10-Month,912810UD8,2024-10-31,13000000000,4.5900,Yes
2024-10-24,5Y,Note,5-Year,91282CLV1,2024-10-31,24000000000,1.6700,No
2024-10-24,,Bill,4-Week,912797MD6,2024-10-29,95000000000,null,Yes
2024-10-24,,Bill,8-Week,912797MQ7,2024-10-29,90000000000,null,Yes
2024-10-28,,Bill,13-Week,912797LZ8,2024-10-31,81000000000,null,Yes
2024-10-28,5Y,Note,5-Year,91282CLR0,2024-10-31,70000000000,4.1380,No
2024-10-28,,Bill,26-Week,912797ND5,2024-10-31,72000000000,null,No
2024-10-28,2Y,Note,2-Year,91282CLS8,2024-10-31,69000000000,4.1300,No
2024-10-29,,Bill,52-Week,912797NA1,2024-10-31,48000000000,null,No
2024-10-29,,Bill,42-Day,912797LP0,2024-10-31,80000000000,null,Yes
2024-10-29,2Y,Note,2-Year,91282CLT6,2024-10-31,30000000000,null,No
2024-10-29,7Y,Note,7-Year,91282CLU3,2024-10-31,44000000000,4.2150,No
2024-10-30,,Bill,17-Week,912797NK9,2024-11-05,64000000000,null,No
2024-10-31,,Bill,8-Week,912797MR5,2024-11-05,90000000000,null,Yes
2024-10-31,,Bill,4-Week,912797ME4,2024-11-05,95000000000,null,Yes
2024-11-04,,Bill,26-Week,912797NE3,2024-11-07,72000000000,null,No
2024-11-04,3Y,Note,3-Year,91282CLX7,2024-11-15,58000000000,4.1520,No
2024-11-04,,Bill,13-Week,912797MJ3,2024-11-07,81000000000,null,Yes
2024-11-05,,Bill,42-Day,912797LQ8,2024-11-07,80000000000,null,Yes
2024-11-05,10Y,Note,10-Year,91282CLW9,2024-11-15,42000000000,4.3470,No
2024-11-06,30Y,Bond,30-Year,912810UE6,2024-11-15,25000000000,4.6080,No
2024-11-06,,Bill,17-Week,912797NQ6,2024-11-12,64000000000,null,No
2024-11-07,,Bill,4-Week,912797MN4,2024-11-12,95000000000,null,Yes
2024-11-07,,Bill,8-Week,912797MW4,2024-11-12,90000000000,null,Yes
2024-11-12,,Bill,26-Week,912797LB1,2024-11-14,72000000000,null,Yes
2024-11-12,,Bill,42-Day,912796ZV4,2024-11-14,80000000000,null,Yes
2024-11-12,,Bill,13-Week,912797MK0,2024-11-14,81000000000,null,Yes
2024-11-13,,Bill,17-Week,912797NR4,2024-11-19,64000000000,null,No
2024-11-14,,Bill,4-Week,912797MP9,2024-11-19,95000000000,null,Yes
2024-11-14,,Bill,8-Week,912797MX2,2024-11-19,90000000000,null,Yes
2024-11-18,,Bill,26-Week,912797NM5,2024-11-21,72000000000,null,No
2024-11-18,,Bill,13-Week,912797KA4,2024-11-21,81000000000,null,Yes
2024-11-19,,Bill,42-Day,912797LR6,2024-11-21,80000000000,null,Yes
2024-11-20,20Y,Bond,20-Year,912810UF3,2024-12-02,16000000000,4.6800,No
2024-11-20,,Bill,17-Week,912797NS2,2024-11-26,64000000000,null,No
2024-11-20,,Bill,40-Day,912797MR5,2024-11-21,50000000000,null,Yes
2024-11-21,10Y,Note,9-Year 8-Month,91282CLE9,2024-11-29,17000000000,2.0710,Yes
2024-11-21,,Bill,4-Week,912797MQ7,2024-11-26,95000000000,null,Yes
2024-11-21,,Bill,8-Week,912797MY0,2024-11-26,90000000000,null,Yes
2024-11-25,,Bill,26-Week,912797NN3,2024-11-29,72000000000,null,No
2024-11-25,2Y,Note,2-Year,91282CLY5,2024-12-02,69000000000,4.2740,No
2024-11-25,,Bill,13-Week,912797ML8,2024-11-29,81000000000,null,Yes
2024-11-25,,Bill,30-Day,912796ZV4,2024-11-26,40000000000,null,Yes
2024-11-26,,Bill,41-Day,912797LX3,2024-11-29,80000000000,null,Yes
2024-11-26,2Y,Note,1-Year 11-Month,91282CLT6,2024-11-29,28000000000,null,Yes
2024-11-26,,Bill,52-Week,912797NL7,2024-11-29,48000000000,null,No
2024-11-26,5Y,Note,5-Year,91282CMA6,2024-12-02,70000000000,4.1970,No
2024-11-27,,Bill,4-Week,912797MR5,2024-12-03,95000000000,null,Yes
2024-11-27,,Bill,8-Week,912797MZ7,2024-12-03,90000000000,null,Yes
2024-11-27,,Bill,17-Week,912797NT0,2024-12-03,64000000000,null,No
2024-11-27,7Y,Note,7-Year,91282CLZ2,2024-12-02,44000000000,4.1830,No
2024-12-02,,Bill,13-Week,912797MM6,2024-12-05,81000000000,null,Yes
2024-12-02,,Bill,26-Week,912797NP8,2024-12-05,72000000000,null,No
2024-12-03,,Bill,42-Day,912797LY1,2024-12-05,75000000000,null,Yes
2024-12-04,,Bill,17-Week,912797NY9,2024-12-10,64000000000,null,No
2024-12-05,,Bill,4-Day,912797MN4,2024-12-06,25000000,null,Yes
2024-12-05,,Bill,4-Week,912797MW4,2024-12-10,85000000000,null,Yes
2024-12-05,,Bill,8-Week,912797NF0,2024-12-10,80000000000,null,Yes
2024-12-09,,Bill,13-Week,912797MT1,2024-12-12,81000000000,null,Yes
2024-12-09,,Bill,26-Week,912797LN5,2024-12-12,72000000000,null,Yes
2024-12-10,3Y,Note,3-Year,91282CMB4,2024-12-16,58000000000,4.1170,No
2024-12-10,,Bill,42-Day,912797JR9,2024-12-12,70000000000,null,Yes
2024-12-11,,Bill,17-Week,912797NZ6,2024-12-17,64000000000,null,No
2024-12-11,10Y,Note,9-Year 11-Month,91282CLW9,2024-12-16,39000000000,4.2350,Yes
2024-12-12,,Bill,4-Week,912797MX2,2024-12-17,80000000000,null,Yes
2024-12-12,,Bill,8-Week,912797NG8,2024-12-17,75000000000,null,Yes
2024-12-12,30Y,Bond,29-Year 11-Month,912810UE6,2024-12-16,22000000000,4.5350,Yes
2024-12-16,,Bill,13-Week,912797KJ5,2024-12-19,81000000000,null,Yes
2024-12-16,,Bill,26-Week,912797NV5,2024-12-19,72000000000,null,No
2024-12-17,,Bill,42-Day,912797LZ8,2024-12-19,65000000000,null,Yes
2024-12-17,20Y,Bond,19-Year 11-Month,912810UF3,2024-12-31,13000000000,4.6860,Yes
2024-12-18,,Bill,17-Week,912797PA9,2024-12-24,64000000000,null,No
2024-12-19,5Y,Note,4-Year 10-Month,91282CLV1,2024-12-31,22000000000,2.1210,Yes
2024-12-19,,Bill,4-Week,912797MY0,2024-12-24,80000000000,null,Yes
2024-12-19,,Bill,8-Week,912797NH6,2024-12-24,75000000000,null,Yes
2024-12-23,,Bill,13-Week,912797MU8,2024-12-26,81000000000,null,Yes
2024-12-23,,Bill,26-Week,912797NW3,2024-12-26,72000000000,null,No
2024-12-23,2Y,Note,2-Year,91282CME8,2024-12-31,69000000000,4.3350,No
2024-12-23,,Bill,42-Day,912797MJ3,2024-12-26,65000000000,null,Yes
2024-12-23,,Bill,52-Week,912797NU7,2024-12-26,48000000000,null,No
2024-12-24,2Y,Note,1-Year 10-Month,91282CLT6,2024-12-27,28000000000,null,Yes
2024-12-24,5Y,Note,5-Year,91282CMD0,2024-12-31,70000000000,4.4780,No
2024-12-26,,Bill,4-Week,912797MZ7,2024-12-31,75000000000,null,Yes
2024-12-26,,Bill,8-Week,912797NJ2,2024-12-31,70000000000,null,Yes
2024-12-26,,Bill,17-Week,912797PB7,2024-12-31,64000000000,null,No
2024-12-26,7Y,Note,7-Year,91282CMC2,2024-12-31,44000000000,4.5320,No
2024-12-30,,Bill,13-Week,912797MV6,2025-01-02,84000000000,null,Yes
2024-12-30,,Bill,42-Day,912797MK0,2025-01-02,75000000000,null,Yes
2024-12-30,,Bill,26-Week,912797NX1,2025-01-02,72000000000,null,No
2025-01-02,,Bill,17-Week,912797PC5,2025-01-07,64000000000,null,No
2025-01-02,,Bill,4-Week,912797NF0,2025-01-07,85000000000,null,Yes
2025-01-02,,Bill,8-Week,912797NK9,2025-01-07,80000000000,null,Yes
2025-01-06,,Bill,13-Week,912797NB9,2025-01-09,84000000000,null,Yes
2025-01-06,,Bill,26-Week,912797LW5,2025-01-09,72000000000,null,Yes
2025-01-06,3Y,Note,3-Year,91282CMF5,2025-01-15,58000000000,4.3320,No
2025-01-07,10Y,Note,9-Year 10-Month,91282CLW9,2025-01-15,39000000000,4.6800,Yes
2025-01-07,,Bill,42-Day,912797KA4,2025-01-09,85000000000,null,Yes
2025-01-08,,Bill,17-Week,912797PH4,2025-01-14,64000000000,null,No
2025-01-08,30Y,Bond,29-Year 10-Month,912810UE6,2025-01-15,22000000000,4.9130,Yes
2025-01-09,,Bill,4-Week,912797NG8,2025-01-14,95000000000,null,Yes
2025-01-09,,Bill,8-Week,912797NQ6,2025-01-14,90000000000,null,Yes
2025-01-13,,Bill,13-Week,912797KS5,2025-01-16,84000000000,null,Yes
2025-01-13,,Bill,26-Week,912797PE1,2025-01-16,72000000000,null,No
2025-01-14,,Bill,42-Day,912797ML8,2025-01-16,85000000000,null,Yes
2025-01-15,,Bill,17-Week,912797PJ0,2025-01-21,64000000000,null,No
2025-01-16,,Bill,8-Week,912797NR4,2025-01-21,90000000000,null,Yes
2025-01-16,,Bill,4-Week,912797NH6,2025-01-21,95000000000,null,Yes
2025-01-21,,Bill,26-Week,912797PF8,2025-01-23,72000000000,null,No
2025-01-21,,Bill,13-Week,912797NC7,2025-01-23,84000000000,null,Yes
2025-01-21,,Bill,42-Day,912797MM6,2025-01-23,85000000000,null,Yes
2025-01-21,,Bill,52-Week,912797PD3,2025-01-23,48000000000,null,No
2025-01-22,20Y,Bond,19-Year 10-Month,912810UF3,2025-01-31,13000000000,4.9000,Yes
2025-01-22,,Bill,17-Week,912797PK7,2025-01-28,64000000000,null,No
2025-01-22,,Bill,33-Day,912797NJ2,2025-01-23,65000000000,null,Yes
2025-01-23,10Y,Note,10-Year,91282CML2,2025-01-31,20000000000,2.2430,No
2025-01-23,,Bill,4-Week,912797NJ2,2025-01-28,95000000000,null,Yes
2025-01-23,,Bill,8-Week,912797NS2,2025-01-28,90000000000,null,Yes
2025-01-27,,Bill,13-Week,912797ND5,2025-01-30,84000000000,null,Yes
2025-01-27,,Bill,26-Week,912797PG6,2025-01-30,72000000000,null,No
2025-01-27,5Y,Note,5-Year,91282CMG3,2025-01-31,70000000000,4.3300,No
2025-01-27,2Y,Note,2-Year,91282CMH1,2025-01-31,69000000000,4.2110,No
2025-01-28,2Y,Note,2-Year,91282CMJ7,2025-01-31,30000000000,null,No
2025-01-28,7Y,Note,7-Year,91282CMK4,2025-01-31,44000000000,4.4570,No
2025-01-28,,Bill,42-Day,912797MT1,2025-01-30,85000000000,null,Yes
2025-01-29,,Bill,17-Week,912797PL5,2025-02-04,64000000000,null,No
2025-01-30,,Bill,4-Week,912797NK9,2025-02-04,95000000000,null,Yes
2025-01-30,,Bill,8-Week,912797NT0,2025-02-04,90000000000,null,Yes
2025-02-03,,Bill,26-Week,912797MG9,2025-02-06,72000000000,null,Yes
2025-02-03,,Bill,13-Week,912797NE3,2025-02-06,84000000000,null,Yes
2025-02-04,,Bill,42-Day,912797KJ5,2025-02-06,85000000000,null,Yes
2025-02-05,,Bill,17-Week,912797PR2,2025-02-11,64000000000,null,No
2025-02-06,,Bill,4-Week,912797NQ6,2025-02-11,95000000000,null,Yes
2025-02-06,,Bill,8-Week,912797NY9,2025-02-11,90000000000,null,Yes
2025-02-10,,Bill,26-Week,912797PN1,2025-02-13,72000000000,null,No
2025-02-10,,Bill,13-Week,912797LB1,2025-02-13,84000000000,null,Yes
2025-02-11,3Y,Note,3-Year,91282CMN8,2025-02-18,58000000000,4.3000,No
2025-02-11,,Bill,42-Day,912797MU8,2025-02-13,85000000000,null,Yes
2025-02-12,10Y,Note,10-Year,91282CMM0,2025-02-18,42000000000,4.6320,No
2025-02-12,,Bill,17-Week,912797PS0,2025-02-18,62000000000,null,No
2025-02-13,,Bill,4-Week,912797NR4,2025-02-18,90000000000,null,Yes
2025-02-13,,Bill,8-Week,912797NZ6,2025-02-18,85000000000,null,Yes
2025-02-13,30Y,Bond,30-Year,912810UG1,2025-02-18,25000000000,4.7480,No
2025-02-18,,Bill,52-Week,912797PM3,2025-02-20,48000000000,null,No
2025-02-18,,Bill,26-Week,912797PP6,2025-02-20,70000000000,null,No
2025-02-18,,Bill,13-Week,912797NM5,2025-02-20,80000000000,null,Yes
2025-02-18,,Bill,6-Week,912797MV6,2025-02-20,80000000000,null,Yes
2025-02-19,20Y,Bond,20-Year,912810UJ5,2025-02-28,16000000000,4.8300,No
2025-02-19,,Bill,17-Week,912797PT8,2025-02-25,60000000000,null,No
2025-02-20,30Y,Bond,30-Year,912810UH9,2025-02-28,9000000000,2.4030,No
2025-02-20,,Bill,4-Week,912797NS2,2025-02-25,85000000000,null,Yes
2025-02-20,,Bill,8-Week,912797PA9,2025-02-25,80000000000,null,Yes
2025-02-24,,Bill,26-Week,912797PQ4,2025-02-27,68000000000,null,No
2025-02-24,2Y,Note,2-Year,91282CMP3,2025-02-28,69000000000,4.1690,No
2025-02-24,,Bill,13-Week,912797NN3,2025-02-27,76000000000,null,Yes
2025-02-25,,Bill,6-Week,912797NB9,2025-02-27,75000000000,null,Yes
2025-02-25,5Y,Note,5-Year,91282CGQ8,2025-02-28,70000000000,4.1230,Yes
2025-02-26,7Y,Note,7-Year,91282CMR9,2025-02-28,44000000000,4.1940,No
2025-02-26,,Bill,17-Week,912797PU5,2025-03-04,60000000000,null,No
2025-02-26,2Y,Note,1-Year 11-Month,91282CMJ7,2025-02-28,28000000000,null,Yes
2025-02-27,,Bill,4-Week,912797NT0,2025-03-04,80000000000,null,Yes
2025-02-27,,Bill,8-Week,912797PB7,2025-03-04,75000000000,null,Yes
2025-03-03,,Bill,13-Week,912797NP8,2025-03-06,76000000000,null,Yes
2025-03-03,,Bill,26-Week,912797MH7,2025-03-06,68000000000,null,Yes
2025-03-04,,Bill,12-Day,912797NR4,2025-03-06,40000000000,null,Yes
2025-03-04,,Bill,6-Week,912797KS5,2025-03-06,70000000000,null,Yes
2025-03-05,,Bill,17-Week,912797PZ4,2025-03-11,60000000000,null,No
2025-03-06,,Bill,8-Week,912797PC5,2025-03-11,75000000000,null,Yes
2025-03-06,,Bill,4-Week,912797NY9,2025-03-11,75000000000,null,Yes
2025-03-10,,Bill,26-Week,912797PW1,2025-03-13,68000000000,null,No
2025-03-10,,Bill,13-Week,912797LN5,2025-03-13,76000000000,null,Yes
2025-03-11,3Y,Note,3-Year,91282CMS7,2025-03-17,58000000000,3.9080,No
2025-03-11,,Bill,6-Week,912797NC7,2025-03-13,70000000000,null,Yes
2025-03-12,,Bill,17-Week,912797QA8,2025-03-18,60000000000,null,No
2025-03-12,10Y,Note,9-Year 11-Month,91282CMM0,2025-03-17,39000000000,4.3100,Yes
2025-03-13,,Bill,4-Week,912797NZ6,2025-03-18,75000000000,null,Yes
2025-03-13,,Bill,8-Week,912797PH4,2025-03-18,75000000000,null,Yes
2025-03-13,30Y,Bond,29-Year 11-Month,912810UG1,2025-03-17,22000000000,4.6230,Yes
2025-03-17,,Bill,13-Week,912797NV5,2025-03-20,76000000000,null,Yes
2025-03-17,,Bill,26-Week,912797PX9,2025-03-20,68000000000,null,No
2025-03-18,,Bill,6-Week,912797ND5,2025-03-20,70000000000,null,Yes
2025-03-18,,Bill,52-Week,912797PV3,2025-03-20,48000000000,null,No
2025-03-18,20Y,Bond,19-Year 11-Month,912810UJ5,2025-03-31,13000000000,4.6320,Yes
2025-03-19,,Bill,17-Week,912797QB6,2025-03-25,60000000000,null,No
2025-03-20,10Y,Note,9-Year 10-Month,91282CML2,2025-03-31,18000000000,1.9350,Yes
2025-03-20,,Bill,4-Week,912797PA9,2025-03-25,75000000000,null,Yes
2025-03-20,,Bill,8-Week,912797PJ0,2025-03-25,75000000000,null,Yes
2025-03-24,,Bill,13-Week,912797NW3,2025-03-27,76000000000,null,Yes
2025-03-24,,Bill,26-Week,912797PY7,2025-03-27,68000000000,null,No
2025-03-25,2Y,Note,2-Year,91282CMV0,2025-03-31,69000000000,3.9840,No
2025-03-25,,Bill,6-Week,912797NE3,2025-03-27,70000000000,null,Yes
2025-03-26,,Bill,17-Week,912797QC4,2025-04-01,60000000000,null,No
2025-03-26,5Y,Note,5-Year,91282CMU2,2025-03-31,70000000000,4.1000,No
2025-03-26,2Y,Note,1-Year 10-Month,91282CMJ7,2025-03-28,28000000000,null,Yes
2025-03-27,7Y,Note,7-Year,91282CMT5,2025-03-31,44000000000,4.2330,No
2025-03-27,,Bill,4-Week,912797PB7,2025-04-01,75000000000,null,Yes
2025-03-27,,Bill,8-Week,912797PK7,2025-04-01,75000000000,null,Yes
2025-03-31,,Bill,13-Week,912797NX1,2025-04-03,76000000000,null,Yes
2025-03-31,,Bill,26-Week,912797MS3,2025-04-03,68000000000,null,Yes
2025-04-01,,Bill,14-Day,912797KS5,2025-04-03,50000000000,null,Yes
2025-04-01,,Bill,6-Week,912797LB1,2025-04-03,70000000000,null,Yes
2025-04-02,,Bill,17-Week,912797QH3,2025-04-08,60000000000,null,No
2025-04-03,,Bill,4-Week,912797PC5,2025-04-08,80000000000,null,Yes
2025-04-03,,Bill,8-Week,912797PL5,2025-04-08,75000000000,null,Yes
2025-04-07,,Bill,26-Week,912797QE0,2025-04-10,68000000000,null,No
2025-04-07,,Bill,13-Week,912797LW5,2025-04-10,76000000000,null,Yes
2025-04-07,,Bill,14-Day,912797PA9,2025-04-08,50000000000,null,Yes
2025-04-08,,Bill,6-Week,912797NM5,2025-04-10,70000000000,null,Yes
2025-04-08,3Y,Note,3-Year,91282CMW8,2025-04-15,58000000000,3.7840,No
2025-04-09,,Bill,17-Week,912797QJ9,2025-04-15,60000000000,null,No
2025-04-09,10Y,Note,9-Year 10-Month,91282CMM0,2025-04-15,39000000000,4.4350,Yes
2025-04-10,30Y,Bond,29-Year 10-Month,912810UG1,2025-04-15,22000000000,4.8130,Yes
2025-04-10,,Bill,4-Week,912797PH4,2025-04-15,85000000000,null,Yes
2025-04-10,,Bill,8-Week,912797PR2,2025-04-15,75000000000,null,Yes
2025-04-14,,Bill,13-Week,912797PE1,2025-04-17,76000000000,null,Yes
2025-04-14,,Bill,26-Week,912797QF7,2025-04-17,68000000000,null,No
2025-04-15,,Bill,6-Week,912797NN3,2025-04-17,70000000000,null,Yes
2025-04-15,,Bill,52-Week,912797QD2,2025-04-17,48000000000,null,No
2025-04-16,,Bill,17-Week,912797QK6,2025-04-22,60000000000,null,No
2025-04-16,20Y,Bond,19-Year 10-Month,912810UJ5,2025-04-30,13000000000,4.8100,Yes
2025-04-17,5Y,Note,5-Year,91282CNB3,2025-04-30,25000000000,1.7020,No
2025-04-17,,Bill,4-Week,912797PJ0,2025-04-22,85000000000,null,Yes
2025-04-17,,Bill,8-Week,912797PS0,2025-04-22,75000000000,null,Yes
2025-04-21,,Bill,13-Week,912797PF8,2025-04-24,76000000000,null,Yes
2025-04-21,,Bill,26-Week,912797QG5,2025-04-24,68000000000,null,No
2025-04-22,2Y,Note,2-Year,91282CMY4,2025-04-30,69000000000,3.7950,No
2025-04-22,,Bill,6-Week,912797NP8,2025-04-24,70000000000,null,Yes
2025-04-23,,Bill,17-Week,912797QL4,2025-04-29,60000000000,null,No
2025-04-23,2Y,Note,2-Year,91282CMX6,2025-04-30,30000000000,null,No
2025-04-23,5Y,Note,5-Year,91282CMZ1,2025-04-30,70000000000,3.9950,No
2025-04-24,7Y,Note,7-Year,91282CNA5,2025-04-30,44000000000,4.1230,No
2025-04-24,,Bill,4-Week,912797PK7,2025-04-29,85000000000,null,Yes
2025-04-24,,Bill,8-Week,912797PT8,2025-04-29,75000000000,null,Yes
2025-04-28,,Bill,13-Week,912797PG6,2025-05-01,76000000000,null,Yes
2025-04-28,,Bill,26-Week,912797NA1,2025-05-01,68000000000,null,Yes
2025-04-29,,Bill,6-Week,912797LN5,2025-05-01,70000000000,null,Yes
2025-04-30,,Bill,17-Week,912797QM2,2025-05-06,60000000000,null,No
2025-05-01,,Bill,4-Week,912797PL5,2025-05-06,85000000000,null,Yes
2025-05-01,,Bill,8-Week,912797PU5,2025-05-06,75000000000,null,Yes
2025-05-05,3Y,Note,3-Year,91282CND9,2025-05-15,58000000000,3.8240,No
2025-05-05,,Bill,26-Week,912797QP5,2025-05-08,68000000000,null,No
2025-05-05,,Bill,13-Week,912797MG9,2025-05-08,76000000000,null,Yes
2025-05-06,10Y,Note,10-Year,91282CNC1,2025-05-15,42000000000,4.3420,No
2025-05-06,,Bill,6-Week,912797NV5,2025-05-08,70000000000,null,Yes
2025-05-07,,Bill,17-Week,912797QT7,2025-05-13,60000000000,null,No
2025-05-08,30Y,Bond,30-Year,912810UK2,2025-05-15,25000000000,4.8190,No
2025-05-08,,Bill,8-Week,912797PZ4,2025-05-13,75000000000,null,Yes
2025-05-08,,Bill,16-Day,912797NN3,2025-05-13,25000000000,null,Yes
2025-05-08,,Bill,4-Week,912797PR2,2025-05-13,85000000000,null,Yes
2025-05-12,,Bill,13-Week,912797PN1,2025-05-15,76000000000,null,Yes
2025-05-12,,Bill,26-Week,912797QQ3,2025-05-15,68000000000,null,No
2025-05-13,,Bill,52-Week,912797QN0,2025-05-15,48000000000,null,No
2025-05-13,,Bill,6-Week,912797NW3,2025-05-15,70000000000,null,Yes
2025-05-14,,Bill,17-Week,912797QU4,2025-05-20,60000000000,null,No
2025-05-15,,Bill,8-Week,912797QA8,2025-05-20,75000000000,null,Yes
2025-05-15,,Bill,4-Week,912797PS0,2025-05-20,85000000000,null,Yes
2025-05-19,,Bill,13-Week,912797PP6,2025-05-22,76000000000,null,Yes
2025-05-19,,Bill,26-Week,912797QR1,2025-05-22,68000000000,null,No
2025-05-20,,Bill,6-Week,912797NX1,2025-05-22,70000000000,null,Yes
2025-05-21,20Y,Bond,20-Year,912810UL0,2025-06-02,16000000000,5.0470,No
2025-05-21,,Bill,17-Week,912797QV2,2025-05-27,60000000000,null,No
2025-05-22,,Bill,4-Week,912797PT8,2025-05-27,85000000000,null,Yes
2025-05-22,,Bill,8-Week,912797QB6,2025-05-27,75000000000,null,Yes
2025-05-22,10Y,Note,9-Year 8-Month,91282CML2,2025-05-30,18000000000,2.2200,Yes
2025-05-27,,Bill,26-Week,912797NL7,2025-05-29,68000000000,null,Yes
2025-05-27,2Y,Note,2-Year,91282CNE7,2025-06-02,69000000000,3.9550,No
2025-05-27,,Bill,13-Week,912797PQ4,2025-05-29,76000000000,null,Yes
2025-05-27,,Bill,6-Week,912797LW5,2025-05-29,70000000000,null,Yes
2025-05-28,5Y,Note,5-Year,91282CNG2,2025-06-02,70000000000,4.0710,No
2025-05-28,2Y,Note,1-Year 11-Month,91282CMX6,2025-05-30,28000000000,null,Yes
2025-05-28,,Bill,17-Week,912797QW0,2025-06-03,60000000000,null,No
2025-05-29,7Y,Note,7-Year,91282CNF4,2025-06-02,44000000000,4.1940,No
2025-05-29,,Bill,4-Week,912797PU5,2025-06-03,75000000000,null,Yes
2025-05-29,,Bill,8-Week,912797QC4,2025-06-03,65000000000,null,Yes
2025-06-02,,Bill,13-Week,912797MH7,2025-06-05,76000000000,null,Yes
2025-06-02,,Bill,26-Week,912797QS9,2025-06-05,68000000000,null,No
2025-06-03,,Bill,6-Week,912797PE1,2025-06-05,60000000000,null,Yes
2025-06-04,,Bill,17-Week,912797RB5,2025-06-10,60000000000,null,No
2025-06-05,,Bill,8-Week,912797QH3,2025-06-10,55000000000,null,Yes
2025-06-05,,Bill,4-Week,912797PZ4,2025-06-10,65000000000,null,Yes
2025-06-09,,Bill,13-Week,912797PW1,2025-06-12,76000000000,null,Yes
2025-06-09,,Bill,26-Week,912797QY6,2025-06-12,68000000000,null,No
2025-06-10,,Bill,6-Week,912797PF8,2025-06-12,55000000000,null,Yes
2025-06-10,3Y,Note,3-Year,91282CNH0,2025-06-16,58000000000,3.9720,No
2025-06-10,,Bill,52-Week,912797QX8,2025-06-12,48000000000,null,No
2025-06-11,,Bill,17-Week,912797RC3,2025-06-17,60000000000,null,No
2025-06-11,10Y,Note,9-Year 11-Month,91282CNC1,2025-06-16,39000000000,4.4210,Yes
2025-06-12,,Bill,4-Week,912797QA8,2025-06-17,65000000000,null,Yes
2025-06-12,,Bill,8-Week,912797QJ9,2025-06-17,55000000000,null,Yes
2025-06-12,30Y,Bond,29-Year 11-Month,912810UK2,2025-06-16,22000000000,4.8440,Yes
2025-06-16,20Y,Bond,19-Year 11-Month,912810UL0,2025-06-30,13000000000,4.9420,Yes
2025-06-16,,Bill,13-Week,912797PX9,2025-06-20,76000000000,null,Yes
2025-06-16,,Bill,26-Week,912797QZ3,2025-06-20,68000000000,null,No
2025-06-17,5Y,Note,4-Year 10-Month,91282CNB3,2025-06-30,23000000000,1.6500,Yes
2025-06-17,,Bill,6-Week,912797PG6,2025-06-20,55000000000,null,Yes
2025-06-18,,Bill,17-Week,912797RD1,2025-06-24,60000000000,null,No
2025-06-18,,Bill,4-Week,912797QB6,2025-06-24,65000000000,null,Yes
2025-06-18,,Bill,8-Week,912797QK6,2025-06-24,55000000000,null,Yes
2025-06-23,,Bill,13-Week,912797PY7,2025-06-26,76000000000,null,Yes
2025-06-23,,Bill,26-Week,912797NU7,2025-06-26,68000000000,null,Yes
2025-06-24,2Y,Note,2-Year,91282CNL1,2025-06-30,69000000000,3.7860,No
2025-06-24,,Bill,6-Week,912797MG9,2025-06-26,55000000000,null,Yes
2025-06-25,5Y,Note,5-Year,91282CNK3,2025-06-30,70000000000,3.8790,No
2025-06-25,2Y,Note,1-Year 10-Month,91282CMX6,2025-06-27,28000000000,null,Yes
2025-06-25,,Bill,17-Week,912797RE9,2025-07-01,63000000000,null,No
2025-06-26,,Bill,8-Week,912797QL4,2025-07-01,50000000000,null,Yes
2025-06-26,,Bill,4-Week,912797QC4,2025-07-01,60000000000,null,Yes
2025-06-26,,Bill,77-Day,912797QU4,2025-07-01,60000000000,null,Yes
2025-06-26,7Y,Note,7-Year,91282CNJ6,2025-06-30,44000000000,4.0220,No
2025-06-30,,Bill,13-Week,912797MS3,2025-07-03,79000000000,null,Yes
2025-06-30,,Bill,26-Week,912797RA7,2025-07-03,71000000000,null,No
2025-07-01,,Bill,6-Week,912797PN1,2025-07-03,50000000000,null,Yes
2025-07-02,,Bill,17-Week,912797RM1,2025-07-08,65000000000,null,No
2025-07-03,,Bill,8-Week,912797QM2,2025-07-08,45000000000,null,Yes
2025-07-03,,Bill,77-Day,912797QV2,2025-07-08,60000000000,null,Yes
2025-07-03,,Bill,4-Week,912797QH3,2025-07-08,55000000000,null,Yes
2025-07-07,,Bill,13-Week,912797QE0,2025-07-10,82000000000,null,Yes
2025-07-07,,Bill,26-Week,912797RH2,2025-07-10,73000000000,null,No
2025-07-08,3Y,Note,3-Year,91282CNM9,2025-07-15,58000000000,3.8910,No
2025-07-08,,Bill,52-Week,912797RF6,2025-07-10,50000000000,null,No
2025-07-08,,Bill,6-Week,912797PP6,2025-07-10,50000000000,null,Yes
2025-07-09,10Y,Note,9-Year 10-Month,91282CNC1,2025-07-15,39000000000,4.3620,Yes
2025-07-09,,Bill,17-Week,912797RN9,2025-07-15,65000000000,null,No
2025-07-10,,Bill,8-Week,912797QT7,2025-07-15,70000000000,null,Yes
2025-07-10,,Bill,4-Week,912797QJ9,2025-07-15,80000000000,null,Yes
2025-07-10,30Y,Bond,29-Year 10-Month,912810UK2,2025-07-15,22000000000,4.8890,Yes
2025-07-14,,Bill,26-Week,912797RJ8,2025-07-17,73000000000,null,No
2025-07-14,,Bill,13-Week,912797QF7,2025-07-17,82000000000,null,Yes
2025-07-15,,Bill,6-Week,912797PQ4,2025-07-17,70000000000,null,Yes
2025-07-16,,Bill,17-Week,912797RP4,2025-07-22,65000000000,null,No
2025-07-17,,Bill,8-Week,912797QU4,2025-07-22,80000000000,null,Yes
2025-07-17,,Bill,4-Week,912797QK6,2025-07-22,90000000000,null,Yes
2025-07-21,,Bill,13-Week,912797QG5,2025-07-24,82000000000,null,Yes
2025-07-21,,Bill,26-Week,912797PD3,2025-07-24,73000000000,null,Yes
2025-07-22,,Bill,6-Week,912797MH7,2025-07-24,80000000000,null,Yes
2025-07-23,,Bill,17-Week,912797RQ2,2025-07-29,65000000000,null,No
2025-07-23,20Y,Bond,19-Year 10-Month,912810UL0,2025-07-31,13000000000,4.9350,Yes
2025-07-24,,Bill,4-Week,912797QL4,2025-07-29,95000000000,null,Yes
2025-07-24,10Y,Note,10-Year,91282CNS6,2025-07-31,21000000000,1.9850,No
2025-07-24,,Bill,8-Week,912797QV2,2025-07-29,85000000000,null,Yes
2025-07-28,,Bill,26-Week,912797RK5,2025-07-31,73000000000,null,No
2025-07-28,5Y,Note,5-Year,91282CNN7,2025-07-31,70000000000,3.9830,No
2025-07-28,,Bill,13-Week,912797NA1,2025-07-31,82000000000,null,Yes
2025-07-28,2Y,Note,2-Year,91282CNP2,2025-07-31,69000000000,3.9200,No
2025-07-29,,Bill,6-Week,912797PW1,2025-07-31,80000000000,null,Yes
2025-07-29,2Y,Note,2-Year,91282CNQ0,2025-07-31,30000000000,null,No
2025-07-29,7Y,Note,7-Year,91282CNR8,2025-07-31,44000000000,4.0920,No
2025-07-30,,Bill,17-Week,912797RR0,2025-08-05,65000000000,null,No
2025-07-31,,Bill,8-Week,912797QW0,2025-08-05,85000000000,null,Yes
2025-07-31,,Bill,4-Week,912797QM2,2025-08-05,95000000000,null,Yes
2025-08-04,,Bill,26-Week,912797RL3,2025-08-07,73000000000,null,No
2025-08-04,,Bill,13-Week,912797QP5,2025-08-07,82000000000,null,Yes
2025-08-05,,Bill,6-Week,912797PX9,2025-08-07,85000000000,null,Yes
2025-08-05,,Bill,52-Week,912797RG4,2025-08-07,50000000000,null,No
2025-08-05,3Y,Note,3-Year,91282CNU1,2025-08-15,58000000000,3.6690,No
2025-08-06,,Bill,17-Week,912797RW9,2025-08-12,65000000000,null,No
2025-08-06,10Y,Note,10-Year,91282CNT4,2025-08-15,42000000000,4.2550,No
2025-08-07,,Bill,8-Week,912797RB5,2025-08-12,85000000000,null,Yes
2025-08-07,30Y,Bond,30-Year,912810UM8,2025-08-15,25000000000,4.8130,No
2025-08-07,,Bill,4-Week,912797QT7,2025-08-12,100000000000,null,Yes
2025-08-11,,Bill,13-Week,912797QQ3,2025-08-14,82000000000,null,Yes
2025-08-11,,Bill,26-Week,912797RT6,2025-08-14,73000000000,null,No
2025-08-12,,Bill,6-Week,912797PY7,2025-08-14,85000000000,null,Yes
2025-08-13,,Bill,17-Week,912797RX7,2025-08-19,65000000000,null,No
2025-08-14,,Bill,4-Week,912797QU4,2025-08-19,100000000000,null,Yes
2025-08-14,,Bill,8-Week,912797RC3,2025-08-19,85000000000,null,Yes
2025-08-18,,Bill,13-Week,912797QR1,2025-08-21,82000000000,null,Yes
2025-08-18,,Bill,26-Week,912797PM3,2025-08-21,73000000000,null,Yes
2025-08-19,,Bill,6-Week,912797MS3,2025-08-21,85000000000,null,Yes
2025-08-20,20Y,Bond,20-Year,912810UN6,2025-09-02,16000000000,4.8760,No
2025-08-20,,Bill,17-Week,912797RY5,2025-08-26,65000000000,null,No
2025-08-21,,Bill,4-Week,912797QV2,2025-08-26,100000000000,null,Yes
2025-08-21,,Bill,8-Week,912797RD1,2025-08-26,85000000000,null,Yes
2025-08-21,30Y,Bond,29-Year 6-Month,912810UH9,2025-08-29,8000000000,2.6500,Yes
2025-08-25,,Bill,13-Week,912797NL7,2025-08-28,82000000000,null,Yes
2025-08-25,,Bill,26-Week,912797RU3,2025-08-28,73000000000,null,No
2025-08-26,2Y,Note,2-Year,91282CNV9,2025-09-02,69000000000,3.6410,No
2025-08-26,,Bill,6-Week,912797QE0,2025-08-28,85000000000,null,Yes
2025-08-27,5Y,Note,5-Year,91282CNX5,2025-09-02,70000000000,3.7240,No
2025-08-27,2Y,Note,1-Year 11-Month,91282CNQ0,2025-08-29,28000000000,null,Yes
2025-08-27,,Bill,17-Week,912797RZ2,2025-09-02,65000000000,null,No
2025-08-28,7Y,Note,7-Year,91282CNW7,2025-09-02,44000000000,3.9250,No
2025-08-28,,Bill,4-Week,912797QW0,2025-09-02,100000000000,null,Yes
2025-08-28,,Bill,8-Week,912797RE9,2025-09-02,85000000000,null,Yes
2025-09-02,,Bill,52-Week,912797RS8,2025-09-04,50000000000,null,No
2025-09-02,,Bill,13-Week,912797QS9,2025-09-04,82000000000,null,Yes
2025-09-02,,Bill,6-Week,912797QF7,2025-09-04,85000000000,null,Yes
2025-09-02,,Bill,26-Week,912797RV1,2025-09-04,73000000000,null,No
2025-09-03,,Bill,17-Week,912797SE8,2025-09-09,65000000000,null,No
2025-09-04,,Bill,8-Week,912797RM1,2025-09-09,85000000000,null,Yes
2025-09-04,,Bill,4-Week,912797RB5,2025-09-09,100000000000,null,Yes
2025-09-08,,Bill,13-Week,912797QY6,2025-09-11,82000000000,null,Yes
2025-09-08,,Bill,26-Week,912797SB4,2025-09-11,73000000000,null,No
2025-09-09,,Bill,6-Week,912797QG5,2025-09-11,85000000000,null,Yes
2025-09-09,3Y,Note,3-Year,91282CNY3,2025-09-15,58000000000,3.4850,No
2025-09-10,,Bill,17-Week,912797SF5,2025-09-16,65000000000,null,No
2025-09-10,10Y,Note,9-Year 11-Month,91282CNT4,2025-09-15,39000000000,4.0330,Yes
2025-09-11,,Bill,8-Week,912797RN9,2025-09-16,85000000000,null,Yes
2025-09-11,,Bill,4-Week,912797RC3,2025-09-16,100000000000,null,Yes
2025-09-11,30Y,Bond,29-Year 11-Month,912810UM8,2025-09-15,22000000000,4.6510,Yes
2025-09-15,,Bill,13-Week,912797QZ3,2025-09-18,82000000000,null,Yes
2025-09-15,,Bill,26-Week,912797PV3,2025-09-18,73000000000,null,Yes
2025-09-16,20Y,Bond,19-Year 11-Month,912810UN6,2025-09-30,13000000000,4.6130,Yes
2025-09-16,,Bill,6-Week,912797NA1,2025-09-18,85000000000,null,Yes
2025-09-17,,Bill,17-Week,912797SG3,2025-09-23,65000000000,null,No
2025-09-18,10Y,Note,9-Year 10-Month,91282CNS6,2025-09-30,19000000000,1.7340,Yes
2025-09-18,,Bill,4-Week,912797RD1,2025-09-23,100000000000,null,Yes
2025-09-18,,Bill,8-Week,912797RP4,2025-09-23,85000000000,null,Yes
2025-09-22,,Bill,26-Week,912797SC2,2025-09-25,73000000000,null,No
2025-09-22,,Bill,13-Week,912797NU7,2025-09-25,82000000000,null,Yes
2025-09-23,,Bill,6-Week,912797QP5,2025-09-25,85000000000,null,Yes
2025-09-23,2Y,Note,2-Year,91282CPB1,2025-09-30,69000000000,3.5710,No
2025-09-24,2Y,Note,1-Year 10-Month,91282CNQ0,2025-09-26,28000000000,null,Yes
2025-09-24,5Y,Note,5-Year,91282CPA3,2025-09-30,70000000000,3.7100,No
2025-09-24,,Bill,17-Week,912797SH1,2025-09-30,65000000000,null,No
2025-09-25,7Y,Note,7-Year,91282CNZ0,2025-09-30,44000000000,3.9530,No
2025-09-25,,Bill,4-Week,912797RE9,2025-09-30,100000000000,null,Yes
2025-09-25,,Bill,8-Week,912797RQ2,2025-09-30,85000000000,null,Yes
2025-09-29,,Bill,26-Week,912797SD0,2025-10-02,73000000000,null,No
2025-09-29,,Bill,13-Week,912797RA7,2025-10-02,82000000000,null,Yes
2025-09-30,,Bill,52-Week,912797SA6,2025-10-02,50000000000,null,No
2025-09-30,,Bill,6-Week,912797QQ3,2025-10-02,85000000000,null,Yes
2025-10-01,,Bill,17-Week,912797SJ7,2025-10-07,67000000000,null,No
2025-10-02,,Bill,4-Week,912797RM1,2025-10-07,105000000000,null,Yes
2025-10-02,,Bill,8-Week,912797RR0,2025-10-07,90000000000,null,Yes
2025-10-06,,Bill,13-Week,912797RH2,2025-10-09,84000000000,null,Yes
2025-10-06,,Bill,26-Week,912797SL2,2025-10-09,75000000000,null,No
2025-10-07,3Y,Note,3-Year,91282CPC9,2025-10-15,58000000000,3.5760,No
2025-10-07,,Bill,6-Week,912797QR1,2025-10-09,90000000000,null,Yes
2025-10-08,,Bill,17-Week,912797SQ1,2025-10-14,69000000000,null,No
2025-10-08,10Y,Note,9-Year 10-Month,91282CNT4,2025-10-15,39000000000,4.1170,Yes
2025-10-09,,Bill,8-Week,912797RW9,2025-10-14,95000000000,null,Yes
2025-10-09,,Bill,4-Week,912797RN9,2025-10-14,110000000000,null,Yes
2025-10-09,30Y,Bond,29-Year 10-Month,912810UM8,2025-10-15,22000000000,4.7340,Yes
2025-10-14,,Bill,13-Week,912797RJ8,2025-10-16,86000000000,null,Yes
2025-10-14,,Bill,6-Week,912797NL7,2025-10-16,95000000000,null,Yes
2025-10-14,,Bill,26-Week,912797QD2,2025-10-16,77000000000,null,Yes
2025-10-15,,Bill,17-Week,912797SR9,2025-10-21,69000000000,null,No
2025-10-16,,Bill,4-Week,912797RP4,2025-10-21,110000000000,null,Yes
2025-10-16,,Bill,8-Week,912797RX7,2025-10-21,95000000000,null,Yes
2025-10-20,,Bill,26-Week,912797SM0,2025-10-23,77000000000,null,No
2025-10-20,,Bill,13-Week,912797PD3,2025-10-23,86000000000,null,Yes
2025-10-21,,Bill,6-Week,912797QS9,2025-10-23,95000000000,null,Yes
2025-10-22,20Y,Bond,19-Year 10-Month,912810UN6,2025-10-31,13000000000,4.5060,Yes
2025-10-22,,Bill,17-Week,912797SS7,2025-10-28,69000000000,null,No
2025-10-23,,Bill,4-Week,912797RQ2,2025-10-28,110000000000,null,Yes
2025-10-23,,Bill,8-Week,912797RY5,2025-10-28,95000000000,null,Yes
2025-10-23,5Y,Note,5-Year,91282CPH8,2025-10-31,26000000000,1.1820,No
2025-10-27,2Y,Note,2-Year,91282CPE5,2025-10-31,69000000000,3.5040,No
2025-10-27,,Bill,13-Week,912797RK5,2025-10-30,86000000000,null,Yes
2025-10-27,5Y,Note,5-Year,91282CPD7,2025-10-31,70000000000,3.6250,No
2025-10-27,,Bill,26-Week,912797SN8,2025-10-30,77000000000,null,No
2025-10-28,,Bill,6-Week,912797QY6,2025-10-30,95000000000,null,Yes
2025-10-28,,Bill,52-Week,912797SK4,2025-10-30,50000000000,null,No
2025-10-28,7Y,Note,7-Year,91282CPF2,2025-10-31,44000000000,3.7900,No
2025-10-29,2Y,Note,2-Year,91282CPG0,2025-10-31,30000000000,null,No
2025-10-29,,Bill,17-Week,912797ST5,2025-11-04,69000000000,null,No
2025-10-30,,Bill,8-Week,912797RZ2,2025-11-04,95000000000,null,Yes
2025-10-30,,Bill,4-Week,912797RR0,2025-11-04,110000000000,null,Yes
2025-11-03,,Bill,26-Week,912797SP3,2025-11-06,77000000000,null,No
2025-11-03,,Bill,13-Week,912797RL3,2025-11-06,86000000000,null,Yes
2025-11-04,,Bill,6-Week,912797QZ3,2025-11-06,95000000000,null,Yes
2025-11-05,,Bill,17-Week,912797SY4,2025-11-12,69000000000,null,No
2025-11-06,,Bill,4-Week,912797RW9,2025-11-12,110000000000,null,Yes
2025-11-06,,Bill,8-Week,912797SE8,2025-11-12,95000000000,null,Yes
2025-11-10,3Y,Note,3-Year,91282CPK1,2025-11-17,58000000000,3.5790,No
2025-11-10,,Bill,6-Week,912797NU7,2025-11-13,95000000000,null,Yes
2025-11-10,,Bill,13-Week,912797RT6,2025-11-13,86000000000,null,Yes
2025-11-10,,Bill,26-Week,912797QN0,2025-11-13,77000000000,null,Yes
2025-11-12,10Y,Note,10-Year,91282CPJ4,2025-11-17,42000000000,4.0740,No
2025-11-12,,Bill,17-Week,912797SZ1,2025-11-18,69000000000,null,No
2025-11-13,30Y,Bond,30-Year,912810UP1,2025-11-17,25000000000,4.6940,No
2025-11-13,,Bill,8-Week,912797SF5,2025-11-18,95000000000,null,Yes
2025-11-13,,Bill,4-Week,912797RX7,2025-11-18,110000000000,null,Yes
2025-11-17,,Bill,13-Week,912797PM3,2025-11-20,86000000000,null,Yes
2025-11-17,,Bill,26-Week,912797SV0,2025-11-20,77000000000,null,No
2025-11-18,,Bill,6-Week,912797RA7,2025-11-20,95000000000,null,Yes
2025-11-19,20Y,Bond,20-Year,912810UQ9,2025-12-01,16000000000,4.7060,No
2025-11-19,,Bill,17-Week,912797TA5,2025-11-25,69000000000,null,No
2025-11-20,10Y,Note,9-Year 8-Month,91282CNS6,2025-11-28,19000000000,1.8430,Yes
2025-11-20,,Bill,4-Week,912797RY5,2025-11-25,110000000000,null,Yes
2025-11-20,,Bill,8-Week,912797SG3,2025-11-25,95000000000,null,Yes
2025-11-24,2Y,Note,2-Year,91282CPL9,2025-12-01,69000000000,3.4890,No
2025-11-24,,Bill,26-Week,912797SW8,2025-11-28,77000000000,null,No
2025-11-24,,Bill,13-Week,912797RU3,2025-11-28,86000000000,null,Yes
2025-11-25,,Bill,6-Week,912797RH2,2025-11-28,85000000000,null,Yes
2025-11-25,2Y,Note,1-Year 11-Month,91282CPG0,2025-11-28,28000000000,null,Yes
2025-11-25,5Y,Note,5-Year,91282CPN5,2025-12-01,70000000000,3.5620,No
2025-11-25,,Bill,52-Week,912797SU2,2025-11-28,50000000000,null,No
2025-11-26,,Bill,17-Week,912797TB3,2025-12-02,69000000000,null,No
2025-11-26,7Y,Note,7-Year,91282CPM7,2025-12-01,44000000000,3.7810,No
2025-11-26,,Bill,8-Week,912797SH1,2025-12-02,85000000000,null,Yes
2025-11-26,,Bill,4-Week,912797RZ2,2025-12-02,100000000000,null,Yes
2025-12-01,,Bill,26-Week,912797SX6,2025-12-04,77000000000,null,No
2025-12-01,,Bill,13-Week,912797RV1,2025-12-04,86000000000,null,Yes
2025-12-02,,Bill,6-Week,912797RJ8,2025-12-04,75000000000,null,Yes
2025-12-03,,Bill,17-Week,912797TG2,2025-12-09,69000000000,null,No
2025-12-04,,Bill,4-Week,912797SE8,2025-12-09,90000000000,null,Yes
2025-12-04,,Bill,8-Week,912797SJ7,2025-12-09,80000000000,null,Yes
2025-12-04,,Bill,2-Day,912797A72,2025-12-08,25000000,null,No
2025-12-08,3Y,Note,3-Year,91282CPP0,2025-12-15,58000000000,3.6140,No
2025-12-08,,Bill,13-Week,912797SB4,2025-12-11,86000000000,null,Yes
2025-12-08,,Bill,26-Week,912797QX8,2025-12-11,77000000000,null,Yes
2025-12-09,10Y,Note,9-Year 11-Month,91282CPJ4,2025-12-15,39000000000,4.1750,Yes
2025-12-09,,Bill,6-Week,912797PD3,2025-12-11,75000000000,null,Yes
2025-12-10,,Bill,17-Week,912797TH0,2025-12-16,69000000000,null,No
2025-12-11,30Y,Bond,29-Year 11-Month,912810UP1,2025-12-15,22000000000,4.7730,Yes
2025-12-11,,Bill,4-Week,912797SF5,2025-12-16,85000000000,null,Yes
2025-12-11,,Bill,8-Week,912797SQ1,2025-12-16,80000000000,null,Yes
2025-12-15,,Bill,26-Week,912797TD9,2025-12-18,77000000000,null,No
2025-12-15,,Bill,13-Week,912797PV3,2025-12-18,86000000000,null,Yes
2025-12-16,,Bill,6-Week,912797RK5,2025-12-18,75000000000,null,Yes
2025-12-17,20Y,Bond,19-Year 11-Month,912810UQ9,2025-12-31,13000000000,4.7980,Yes
2025-12-17,,Bill,17-Week,912797TJ6,2025-12-23,69000000000,null,No
2025-12-18,,Bill,4-Week,912797SG3,2025-12-23,80000000000,null,Yes
2025-12-18,5Y,Note,4-Year 10-Month,91282CPH8,2025-12-31,24000000000,1.4330,Yes
2025-12-18,,Bill,8-Week,912797SR9,2025-12-23,80000000000,null,Yes
2025-12-22,,Bill,26-Week,912797TE7,2025-12-26,77000000000,null,No
2025-12-22,,Bill,13-Week,912797SC2,2025-12-26,86000000000,null,Yes
2025-12-22,2Y,Note,2-Year,91282CPS4,2025-12-31,69000000000,3.4990,No
2025-12-23,2Y,Note,1-Year 10-Month,91282CPG0,2025-12-26,28000000000,null,Yes
2025-12-23,,Bill,6-Week,912797RL3,2025-12-26,75000000000,null,Yes
2025-12-23,5Y,Note,5-Year,91282CPR6,2025-12-31,70000000000,3.7470,No
2025-12-23,,Bill,52-Week,912797TC1,2025-12-26,50000000000,null,No
2025-12-24,,Bill,4-Week,912797SH1,2025-12-30,80000000000,null,Yes
2025-12-24,7Y,Note,7-Year,91282CPQ8,2025-12-31,44000000000,3.9300,No
2025-12-24,,Bill,8-Week,912797SS7,2025-12-30,80000000000,null,Yes
2025-12-24,,Bill,17-Week,912797TK3,2025-12-30,69000000000,null,No
2025-12-29,,Bill,26-Week,912797TF4,2026-01-02,77000000000,null,No
2025-12-29,,Bill,13-Week,912797SD0,2026-01-02,86000000000,null,Yes
2025-12-30,,Bill,6-Week,912797RT6,2026-01-02,75000000000,null,Yes
2025-12-31,,Bill,8-Week,912797ST5,2026-01-06,80000000000,null,Yes
2025-12-31,,Bill,17-Week,912797TL1,2026-01-06,69000000000,null,No
2025-12-31,,Bill,4-Week,912797SJ7,2026-01-06,80000000000,null,Yes
2026-01-05,,Bill,13-Week,912797SL2,2026-01-08,86000000000,null,Yes
2026-01-05,,Bill,26-Week,912797RF6,2026-01-08,77000000000,null,Yes
2026-01-06,,Bill,6-Week,912797PM3,2026-01-08,75000000000,null,Yes
2026-01-07,,Bill,17-Week,912797TR8,2026-01-13,69000000000,null,No
2026-01-08,,Bill,8-Week,912797SY4,2026-01-13,80000000000,null,Yes
2026-01-08,,Bill,4-Week,912797SQ1,2026-01-13,80000000000,null,Yes
2026-01-12,,Bill,13-Week,912797QD2,2026-01-15,86000000000,null,Yes
2026-01-12,10Y,Note,9-Year 10-Month,91282CPJ4,2026-01-15,39000000000,4.1730,Yes
2026-01-12,3Y,Note,3-Year,91282CPT2,2026-01-15,58000000000,3.6090,No
2026-01-12,,Bill,26-Week,912797TN7,2026-01-15,77000000000,null,No
2026-01-13,,Bill,6-Week,912797RU3,2026-01-15,75000000000,null,Yes
2026-01-13,30Y,Bond,29-Year 10-Month,912810UP1,2026-01-15,22000000000,4.8250,Yes
2026-01-14,,Bill,17-Week,912797TS6,2026-01-20,69000000000,null,No
2026-01-15,,Bill,4-Week,912797SR9,2026-01-20,95000000000,null,Yes
2026-01-15,,Bill,8-Week,912797SZ1,2026-01-20,90000000000,null,Yes
2026-01-20,,Bill,26-Week,912797TP2,2026-01-22,77000000000,null,No
2026-01-20,,Bill,13-Week,912797SM0,2026-01-22,89000000000,null,Yes
2026-01-20,,Bill,52-Week,912797TM9,2026-01-22,50000000000,null,No
2026-01-20,,Bill,6-Week,912797RV1,2026-01-22,85000000000,null,Yes
2026-01-21,,Bill,17-Week,912797TT4,2026-01-27,69000000000,null,No
2026-01-21,20Y,Bond,19-Year 10-Month,912810UQ9,2026-02-02,13000000000,4.8460,Yes
2026-01-22,10Y,Note,10-Year,91282CPU9,2026-01-30,21000000000,1.9400,No
2026-01-22,,Bill,8-Week,912797TA5,2026-01-27,95000000000,null,Yes
2026-01-22,,Bill,4-Week,912797SS7,2026-01-27,105000000000,null,Yes
2026-01-26,,Bill,13-Week,912797SN8,2026-01-29,89000000000,null,Yes
2026-01-26,,Bill,26-Week,912797TQ0,2026-01-29,77000000000,null,No
2026-01-26,2Y,Note,2-Year,91282CGH8,2026-02-02,69000000000,3.5800,Yes
2026-01-27,,Bill,6-Week,912797SB4,2026-01-29,90000000000,null,Yes
2026-01-27,5Y,Note,5-Year,91282CPW5,2026-02-02,70000000000,3.8230,No
2026-01-28,,Bill,17-Week,912797TU1,2026-02-03,69000000000,null,No
2026-01-28,2Y,Note,2-Year,91282CPX3,2026-02-02,30000000000,null,No
2026-01-29,,Bill,4-Week,912797ST5,2026-02-03,105000000000,null,Yes
2026-01-29,,Bill,8-Week,912797TB3,2026-02-03,95000000000,null,Yes
2026-01-29,7Y,Note,7-Year,91282CPY1,2026-02-02,44000000000,4.0180,No
2026-02-02,,Bill,13-Week,912797SP3,2026-02-05,89000000000,null,Yes
2026-02-02,,Bill,26-Week,912797RG4,2026-02-05,77000000000,null,Yes
2026-02-03,,Bill,6-Week,912797PV3,2026-02-05,90000000000,null,Yes
2026-02-04,,Bill,17-Week,912797TZ0,2026-02-10,69000000000,null,No
2026-02-05,,Bill,4-Week,912797SY4,2026-02-10,105000000000,null,Yes
2026-02-05,,Bill,8-Week,912797TG2,2026-02-10,95000000000,null,Yes
2026-02-09,,Bill,13-Week,912797QN0,2026-02-12,89000000000,null,Yes
2026-02-09,,Bill,26-Week,912797TW7,2026-02-12,77000000000,null,No
2026-02-10,3Y,Note,3-Year,91282CQA2,2026-02-17,58000000000,3.5180,No
2026-02-10,,Bill,6-Week,912797SC2,2026-02-12,90000000000,null,Yes
2026-02-11,10Y,Note,10-Year,91282CPZ8,2026-02-17,42000000000,4.1770,No
2026-02-11,,Bill,17-Week,912797UA3,2026-02-17,69000000000,null,No
2026-02-12,,Bill,4-Week,912797SZ1,2026-02-17,105000000000,null,Yes
2026-02-12,,Bill,8-Week,912797TH0,2026-02-17,95000000000,null,Yes
2026-02-12,30Y,Bond,30-Year,912810UR7,2026-02-17,25000000000,4.7500,No
2026-02-17,,Bill,52-Week,912797TV9,2026-02-19,50000000000,null,No
2026-02-17,,Bill,6-Week,912797SD0,2026-02-19,90000000000,null,Yes
2026-02-17,,Bill,13-Week,912797SV0,2026-02-19,89000000000,null,Yes
2026-02-17,,Bill,26-Week,912797TX5,2026-02-19,77000000000,null,No
2026-02-18,,Bill,17-Week,912797UB1,2026-02-24,69000000000,null,No
2026-02-18,20Y,Bond,20-Year,912810UT3,2026-03-02,16000000000,4.6640,No
2026-02-19,,Bill,8-Week,912797TJ6,2026-02-24,95000000000,null,Yes
2026-02-19,,Bill,4-Week,912797TA5,2026-02-24,105000000000,null,Yes
2026-02-19,30Y,Bond,30-Year,912810US5,2026-02-27,9000000000,2.4730,No
2026-02-23,,Bill,13-Week,912797SW8,2026-02-26,89000000000,null,Yes
2026-02-23,,Bill,26-Week,912797TY3,2026-02-26,77000000000,null,No
2026-02-24,2Y,Note,2-Year,91282CQB0,2026-03-02,69000000000,3.4550,No
2026-02-24,,Bill,6-Week,912797SL2,2026-02-26,90000000000,null,Yes
2026-02-25,,Bill,17-Week,912797UC9,2026-03-03,69000000000,null,No
2026-02-25,5Y,Note,5-Year,91282CQD6,2026-03-02,70000000000,3.6150,No
2026-02-25,2Y,Note,1-Year 11-Month,91282CPX3,2026-02-27,28000000000,null,Yes
2026-02-26,,Bill,8-Week,912797TK3,2026-03-03,95000000000,null,Yes
2026-02-26,7Y,Note,7-Year,91282CQC8,2026-03-02,44000000000,3.7900,No
2026-02-26,,Bill,4-Week,912797TB3,2026-03-03,105000000000,null,Yes
2026-03-02,,Bill,26-Week,912797RS8,2026-03-05,77000000000,null,Yes
2026-03-02,,Bill,13-Week,912797SX6,2026-03-05,89000000000,null,Yes
2026-03-03,,Bill,6-Week,912797QD2,2026-03-05,90000000000,null,Yes
2026-03-04,,Bill,17-Week,912797UN5,2026-03-10,69000000000,null,No
2026-03-05,,Bill,8-Week,912797TL1,2026-03-10,95000000000,null,Yes
2026-03-05,,Bill,4-Week,912797TG2,2026-03-10,105000000000,null,Yes
2026-03-09,,Bill,13-Week,912797QX8,2026-03-12,89000000000,null,Yes
2026-03-09,,Bill,26-Week,912797UF2,2026-03-12,77000000000,null,No
2026-03-10,3Y,Note,3-Year,91282CQE4,2026-03-16,58000000000,3.5790,No
2026-03-10,,Bill,6-Week,912797SM0,2026-03-12,90000000000,null,Yes
2026-03-11,,Bill,17-Week,912797UP0,2026-03-17,69000000000,null,No
2026-03-11,10Y,Note,9-Year 11-Month,91282CPZ8,2026-03-16,39000000000,4.2170,Yes
2026-03-12,,Bill,4-Week,912797TH0,2026-03-17,100000000000,null,Yes
2026-03-12,,Bill,8-Week,912797TR8,2026-03-17,90000000000,null,Yes
2026-03-12,30Y,Bond,29-Year 11-Month,912810UR7,2026-03-16,22000000000,4.8710,Yes
2026-03-16,,Bill,13-Week,912797TD9,2026-03-19,89000000000,null,Yes
2026-03-16,,Bill,26-Week,912797UG0,2026-03-19,77000000000,null,No
2026-03-17,,Bill,6-Week,912797SN8,2026-03-19,85000000000,null,Yes
2026-03-17,,Bill,52-Week,912797UD7,2026-03-19,50000000000,null,No
2026-03-17,20Y,Bond,19-Year 11-Month,912810UT3,2026-03-31,13000000000,4.8170,Yes
2026-03-18,,Bill,17-Week,912797UQ8,2026-03-24,69000000000,null,No
2026-03-19,,Bill,4-Week,912797TJ6,2026-03-24,90000000000,null,Yes
2026-03-19,10Y,Note,9-Year 10-Month,91282CPU9,2026-03-31,19000000000,1.8960,Yes
2026-03-19,,Bill,8-Week,912797TS6,2026-03-24,85000000000,null,Yes
2026-03-23,,Bill,13-Week,912797TE7,2026-03-26,89000000000,null,Yes
2026-03-23,,Bill,26-Week,912797UH8,2026-03-26,77000000000,null,No
2026-03-24,,Bill,6-Week,912797SP3,2026-03-26,80000000000,null,Yes
2026-03-24,2Y,Note,2-Year,91282CQH7,2026-03-31,69000000000,3.9360,No
2026-03-25,5Y,Note,5-Year,91282CQG9,2026-03-31,70000000000,3.9800,No
2026-03-25,2Y,Note,1-Year 10-Month,91282CPX3,2026-03-27,28000000000,null,Yes
2026-03-25,,Bill,17-Week,912797UR6,2026-03-31,69000000000,null,No
2026-03-26,,Bill,8-Week,912797TT4,2026-03-31,80000000000,null,Yes
2026-03-26,7Y,Note,7-Year,91282CQF1,2026-03-31,44000000000,4.2550,No
2026-03-26,,Bill,4-Week,912797TK3,2026-03-31,85000000000,null,Yes
2026-03-30,,Bill,26-Week,912797SA6,2026-04-02,77000000000,null,Yes
2026-03-30,,Bill,13-Week,912797TF4,2026-04-02,89000000000,null,Yes
2026-03-31,,Bill,6-Week,912797QN0,2026-04-02,75000000000,null,Yes
2026-04-01,,Bill,17-Week,912797US4,2026-04-07,69000000000,null,No
2026-04-02,,Bill,4-Week,912797TL1,2026-04-07,80000000000,null,Yes
2026-04-02,,Bill,8-Week,912797TU1,2026-04-07,75000000000,null,Yes
2026-04-06,,Bill,13-Week,912797RF6,2026-04-09,89000000000,null,Yes
2026-04-06,,Bill,26-Week,912797UJ4,2026-04-09,77000000000,null,No
2026-04-07,,Bill,6-Week,912797SV0,2026-04-09,70000000000,null,Yes
2026-04-07,3Y,Note,3-Year,91282CQJ3,2026-04-15,58000000000,3.8970,No
2026-04-08,10Y,Note,9-Year 10-Month,91282CPZ8,2026-04-15,39000000000,4.2820,Yes
2026-04-08,,Bill,17-Week,912797UT2,2026-04-14,69000000000,null,No
2026-04-09,30Y,Bond,29-Year 10-Month,912810UR7,2026-04-15,22000000000,4.8760,Yes
2026-04-09,,Bill,4-Week,912797TR8,2026-04-14,80000000000,null,Yes
2026-04-09,,Bill,8-Week,912797TZ0,2026-04-14,75000000000,null,Yes
2026-04-13,,Bill,13-Week,912797TN7,2026-04-16,89000000000,null,Yes
2026-04-13,,Bill,26-Week,912797UK1,2026-04-16,77000000000,null,No
2026-04-14,,Bill,52-Week,912797UE5,2026-04-16,50000000000,null,No
2026-04-14,,Bill,6-Week,912797SW8,2026-04-16,70000000000,null,Yes
2026-04-15,,Bill,17-Week,912797UU9,2026-04-21,69000000000,null,No
2026-04-16,,Bill,4-Week,912797TS6,2026-04-21,80000000000,null,Yes
2026-04-16,,Bill,8-Week,912797UA3,2026-04-21,75000000000,null,Yes
2026-04-20,,Bill,26-Week,912797UL9,2026-04-23,77000000000,null,No
2026-04-20,,Bill,13-Week,912797TP2,2026-04-23,89000000000,null,Yes
2026-04-21,,Bill,6-Week,912797SX6,2026-04-23,70000000000,null,Yes
2026-04-22,20Y,Bond,19-Year 10-Month,912810UT3,2026-04-30,13000000000,4.8830,Yes
2026-04-22,,Bill,17-Week,912797UV7,2026-04-28,69000000000,null,No
2026-04-23,,Bill,8-Week,912797UB1,2026-04-28,75000000000,null,Yes
2026-04-23,,Bill,4-Week,912797TT4,2026-04-28,80000000000,null,Yes
2026-04-23,5Y,Note,5-Year,91282CQP9,2026-04-30,26000000000,1.3670,No
2026-04-27,,Bill,13-Week,912797TQ0,2026-04-30,89000000000,null,Yes
2026-04-27,2Y,Note,2-Year,91282CQL8,2026-04-30,69000000000,3.8120,No
2026-04-27,,Bill,26-Week,912797SK4,2026-04-30,77000000000,null,Yes
2026-04-27,5Y,Note,5-Year,91282CQK0,2026-04-30,70000000000,3.9550,No
2026-04-28,2Y,Note,2-Year,91282CQM6,2026-04-30,30000000000,null,No
2026-04-28,,Bill,6-Week,912797QX8,2026-04-30,70000000000,null,Yes
2026-04-28,7Y,Note,7-Year,91282CQN4,2026-04-30,44000000000,4.1750,No
2026-04-29,,Bill,17-Week,912797UW5,2026-05-05,69000000000,null,No
2026-04-30,,Bill,4-Week,912797TU1,2026-05-05,80000000000,null,Yes
2026-04-30,,Bill,8-Week,912797UC9,2026-05-05,75000000000,null,Yes
2026-05-04,,Bill,26-Week,912797UM7,2026-05-07,77000000000,null,No
2026-05-04,,Bill,13-Week,912797RG4,2026-05-07,89000000000,null,Yes
2026-05-05,,Bill,6-Week,912797TD9,2026-05-07,75000000000,null,Yes
2026-05-06,,Bill,17-Week,912797VB0,2026-05-12,69000000000,null,No
2026-05-07,,Bill,8-Week,912797UN5,2026-05-12,85000000000,null,Yes
2026-05-07,,Bill,4-Week,912797TZ0,2026-05-12,90000000000,null,Yes
2026-05-11,3Y,Note,3-Year,91282CQR5,2026-05-15,58000000000,3.9650,No
2026-05-11,,Bill,26-Week,912797UY1,2026-05-14,77000000000,null,No
2026-05-11,,Bill,13-Week,912797TW7,2026-05-14,89000000000,null,Yes
2026-05-12,10Y,Note,10-Year,91282CQQ7,2026-05-15,42000000000,4.4680,No
2026-05-12,,Bill,6-Week,912797TE7,2026-05-14,80000000000,null,Yes
2026-05-12,,Bill,52-Week,912797UX3,2026-05-14,50000000000,null,No
2026-05-13,,Bill,17-Week,912797VC8,2026-05-19,69000000000,null,No
2026-05-13,30Y,Bond,30-Year,912810UU0,2026-05-15,25000000000,5.0460,No
2026-05-14,,Bill,8-Week,912797UP0,2026-05-19,95000000000,null,Yes
2026-05-14,,Bill,4-Week,912797UA3,2026-05-19,100000000000,null,Yes
2026-05-18,,Bill,13-Week,912797TX5,2026-05-21,89000000000,null,Yes
2026-05-18,,Bill,26-Week,912797UZ8,2026-05-21,77000000000,null,No
2026-05-19,,Bill,6-Week,912797TF4,2026-05-21,85000000000,null,Yes
2026-05-20,20Y,Bond,20-Year,912810UV8,2026-06-01,16000000000,5.1220,No
2026-05-20,,Bill,17-Week,912797VD6,2026-05-26,69000000000,null,No
2026-05-21,10Y,Note,9-Year 8-Month,91282CPU9,2026-05-29,19000000000,2.1690,Yes
2026-05-21,,Bill,4-Week,912797UB1,2026-05-26,100000000000,null,Yes
2026-05-21,,Bill,8-Week,912797UQ8,2026-05-26,95000000000,null,Yes
2026-05-21,,Bill,27-Day,912797TD9,2026-05-22,25000000000,null,Yes
2026-05-26,,Bill,13-Week,912797TY3,2026-05-28,89000000000,null,Yes
2026-05-26,2Y,Note,2-Year,91282CQS3,2026-06-01,69000000000,4.0710,No
2026-05-26,,Bill,6-Week,912797RF6,2026-05-28,85000000000,null,Yes
2026-05-26,,Bill,26-Week,912797SU2,2026-05-28,77000000000,null,Yes
2026-05-27,,Bill,17-Week,912797VE4,2026-06-02,69000000000,null,No
2026-05-27,2Y,Note,1-Year 11-Month,91282CQM6,2026-05-29,28000000000,null,Yes
2026-05-27,5Y,Note,5-Year,91282CQU8,2026-06-01,70000000000,4.1820,No
2026-05-28,,Bill,4-Week,912797UC9,2026-06-02,85000000000,null,Yes
2026-05-28,,Bill,8-Week,912797UR6,2026-06-02,80000000000,null,Yes
2026-05-28,7Y,Note,7-Year,91282CQT1,2026-06-01,44000000000,4.2900,No
2026-06-01,,Bill,13-Week,912797RS8,2026-06-04,89000000000,null,Yes
2026-06-01,,Bill,26-Week,912797VA2,2026-06-04,77000000000,null,No
2026-06-02,,Bill,6-Week,912797TN7,2026-06-04,75000000000,null,Yes
2026-06-03,,Bill,17-Week,912797VK0,2026-06-09,69000000000,null,No
2026-06-04,,Bill,4-Week,912797UN5,2026-06-09,75000000000,null,Yes
2026-06-04,,Bill,8-Week,912797US4,2026-06-09,75000000000,null,Yes
2026-06-08,,Bill,26-Week,912797VG9,2026-06-11,77000000000,null,No
2026-06-08,,Bill,13-Week,912797UF2,2026-06-11,89000000000,null,Yes
2026-06-09,,Bill,6-Week,912797TP2,2026-06-11,65000000000,null,Yes
2026-06-09,,Bill,52-Week,912797VF1,2026-06-11,50000000000,null,No
2026-06-09,3Y,Note,3-Year,91282CQV6,2026-06-15,58000000000,4.1920,No
2026-06-10,,Bill,17-Week,912797VL8,2026-06-16,69000000000,null,No
2026-06-10,10Y,Note,9-Year 11-Month,91282CQQ7,2026-06-15,39000000000,4.5380,Yes
2026-06-11,,Bill,4-Week,912797UP0,2026-06-16,70000000000,null,Yes
2026-06-11,30Y,Bond,29-Year 11-Month,912810UU0,2026-06-15,22000000000,5.0200,Yes
2026-06-11,,Bill,8-Week,912797UT2,2026-06-16,75000000000,null,Yes
2026-06-15,,Bill,26-Week,912797VH7,2026-06-18,77000000000,null,No
2026-06-15,,Bill,13-Week,912797UG0,2026-06-18,89000000000,null,Yes
2026-06-16,20Y,Bond,19-Year 11-Month,912810UV8,2026-06-22,13000000000,4.9270,Yes
2026-06-16,,Bill,6-Week,912797TQ0,2026-06-18,65000000000,null,Yes
2026-06-17,,Bill,17-Week,912797VM6,2026-06-23,69000000000,null,No
2026-06-18,5Y,Note,4-Year 10-Month,91282CQP9,2026-06-30,24000000000,1.9550,Yes
2026-06-18,,Bill,4-Week,912797UQ8,2026-06-23,70000000000,null,Yes
2026-06-18,,Bill,8-Week,912797UU9,2026-06-23,75000000000,null,Yes
2026-06-22,,Bill,26-Week,912797TC1,2026-06-25,77000000000,null,Yes
2026-06-22,,Bill,13-Week,912797UH8,2026-06-25,89000000000,null,Yes
2026-06-23,,Bill,6-Week,912797RG4,2026-06-25,65000000000,null,Yes
2026-06-23,2Y,Note,2-Year,91282CQY0,2026-06-30,69000000000,null,No
2026-06-24,5Y,Note,5-Year,91282CQX2,2026-06-30,70000000000,null,No
2026-06-24,2Y,Note,1-Year 10-Month,91282CQM6,2026-06-26,28000000000,null,Yes
2026-06-25,7Y,Note,7-Year,91282CQW4,2026-06-30,44000000000,null,No
