datetime,open,high,low,close,volume
2019-07-11 00:00:00,1426.2,1426.5,1425.9,1426.5,67
2019-07-11 00:05:00,1426.5,1426.7,1426.0,1426.5,53
2019-07-11 00:10:00,1426.5,1426.6,1426.3,1426.5,29
2019-07-11 00:15:00,1426.4,1426.4,1426.2,1426.3,14
2019-07-11 00:20:00,1426.2,1426.3,1425.9,1426.0,33
2019-07-11 00:25:00,1426.1,1426.4,1426.0,1426.4,17
2019-07-11 00:30:00,1426.5,1426.9,1426.5,1426.6,72
2019-07-11 00:35:00,1426.6,1426.6,1426.5,1426.5,16
2019-07-11 00:40:00,1426.4,1426.5,1426.1,1426.3,17
2019-07-11 00:45:00,1426.3,1426.4,1426.1,1426.3,10
2019-07-11 00:50:00,1426.3,1426.5,1426.2,1426.3,13
2019-07-11 00:55:00,1426.4,1426.5,1426.2,1426.4,26
2019-07-11 01:00:00,1426.5,1426.7,1426.2,1426.6,14
2019-07-11 01:05:00,1426.5,1427.0,1425.9,1426.0,47
2019-07-11 01:10:00,1426.0,1426.0,1425.4,1425.4,60
2019-07-11 01:15:00,1425.4,1425.6,1425.1,1425.2,68
2019-07-11 01:20:00,1425.1,1425.3,1424.6,1424.7,80
2019-07-11 01:25:00,1424.7,1425.1,1424.0,1424.5,69
2019-07-11 01:30:00,1424.4,1425.1,1424.0,1425.0,50
2019-07-11 01:35:00,1424.6,1424.9,1423.5,1423.7,83
2019-07-11 01:40:00,1423.9,1423.9,1422.9,1423.4,107
2019-07-11 01:45:00,1423.3,1424.7,1423.2,1424.5,71
2019-07-11 01:50:00,1424.4,1424.4,1423.6,1423.8,32
2019-07-11 01:55:00,1423.8,1424.3,1423.7,1424.3,28
2019-07-11 02:00:00,1424.3,1424.6,1424.1,1424.2,36
2019-07-11 02:05:00,1424.1,1424.2,1423.6,1423.8,48
2019-07-11 02:10:00,1423.8,1423.8,1422.1,1422.2,127
2019-07-11 02:15:00,1422.3,1422.9,1422.1,1422.8,120
2019-07-11 02:20:00,1422.9,1423.1,1421.5,1421.7,112
2019-07-11 02:25:00,1421.8,1422.2,1421.5,1421.7,102
2019-07-11 02:30:00,1421.9,1422.7,1421.3,1422.1,78
2019-07-11 02:35:00,1422.1,1423.0,1422.1,1422.7,53
2019-07-11 02:40:00,1422.8,1423.0,1421.7,1422.7,51
2019-07-11 02:45:00,1422.7,1422.7,1421.8,1422.2,53
2019-07-11 02:50:00,1422.2,1422.8,1422.2,1422.6,38
2019-07-11 02:55:00,1422.6,1423.5,1422.5,1423.4,94
2019-07-11 03:00:00,1423.3,1425.1,1423.3,1424.6,153
2019-07-11 03:05:00,1424.6,1424.6,1424.2,1424.3,43
2019-07-11 03:10:00,1424.5,1424.7,1424.1,1424.2,50
2019-07-11 03:15:00,1424.1,1424.2,1423.5,1424.0,66
2019-07-11 03:20:00,1424.3,1424.4,1423.5,1424.0,43
2019-07-11 03:25:00,1423.8,1423.8,1423.1,1423.6,45
2019-07-11 03:30:00,1423.5,1424.1,1422.9,1423.2,57
2019-07-11 03:35:00,1423.2,1423.3,1422.4,1422.6,60
2019-07-11 03:40:00,1422.5,1422.8,1422.4,1422.4,33
2019-07-11 03:45:00,1422.7,1423.3,1422.7,1423.2,36
2019-07-11 03:50:00,1423.3,1424.4,1423.3,1424.3,95
2019-07-11 03:55:00,1424.2,1424.6,1424.0,1424.3,59
2019-07-11 04:00:00,1424.3,1424.5,1423.4,1423.8,60
2019-07-11 04:05:00,1423.9,1423.9,1423.6,1423.8,12
2019-07-11 04:10:00,1423.8,1423.8,1423.5,1423.7,27
2019-07-11 04:15:00,1423.7,1424.1,1423.6,1424.1,34
2019-07-11 04:20:00,1424.3,1424.8,1424.2,1424.6,72
2019-07-11 04:25:00,1424.7,1425.0,1424.3,1424.6,51
2019-07-11 04:30:00,1424.6,1424.6,1424.4,1424.5,18
2019-07-11 04:35:00,1424.4,1424.9,1424.1,1424.7,31
2019-07-11 04:40:00,1425.0,1425.6,1424.8,1425.5,79
2019-07-11 04:45:00,1425.5,1425.6,1425.2,1425.4,38
2019-07-11 04:50:00,1425.5,1425.9,1425.4,1425.9,51
2019-07-11 04:55:00,1425.8,1426.0,1425.5,1425.5,40
2019-07-11 05:00:00,1425.5,1425.5,1424.8,1424.9,60
2019-07-11 05:05:00,1424.9,1425.2,1424.8,1425.0,35
2019-07-11 05:10:00,1425.1,1425.6,1425.0,1425.6,24
2019-07-11 05:15:00,1425.6,1426.0,1425.5,1425.6,28
2019-07-11 05:20:00,1425.4,1425.7,1425.3,1425.5,25
2019-07-11 05:25:00,1425.6,1425.9,1425.3,1425.3,25
2019-07-11 05:30:00,1425.3,1425.3,1424.8,1425.0,101
2019-07-11 05:35:00,1425.1,1425.3,1425.1,1425.3,25
2019-07-11 05:40:00,1425.3,1425.3,1425.1,1425.3,11
2019-07-11 05:45:00,1425.3,1425.3,1424.3,1424.6,88
2019-07-11 05:50:00,1424.6,1424.9,1424.3,1424.8,51
2019-07-11 05:55:00,1424.6,1424.6,1424.1,1424.2,39
2019-07-11 06:00:00,1424.1,1424.1,1423.4,1423.5,123
2019-07-11 06:05:00,1423.6,1423.9,1422.8,1423.1,68
2019-07-11 06:10:00,1423.0,1423.3,1422.7,1423.1,71
2019-07-11 06:15:00,1423.0,1423.9,1423.0,1423.9,52
2019-07-11 06:20:00,1423.9,1424.2,1423.7,1423.9,47
2019-07-11 06:25:00,1423.7,1423.8,1423.7,1423.7,22
2019-07-11 06:30:00,1423.7,1423.8,1423.2,1423.3,70
2019-07-11 06:35:00,1423.3,1423.7,1423.0,1423.6,53
2019-07-11 06:40:00,1423.7,1423.9,1423.5,1423.7,29
2019-07-11 06:45:00,1423.6,1423.8,1423.3,1423.4,25
2019-07-11 06:50:00,1423.3,1423.4,1423.2,1423.2,32
2019-07-11 06:55:00,1423.3,1423.4,1422.8,1423.0,50
2019-07-11 07:00:00,1423.0,1423.7,1423.0,1423.5,70
2019-07-11 07:05:00,1423.6,1424.0,1423.5,1423.6,62
2019-07-11 07:10:00,1423.6,1423.6,1423.2,1423.3,20
2019-07-11 07:15:00,1423.4,1423.4,1422.5,1422.5,65
2019-07-11 07:20:00,1422.5,1422.5,1419.4,1420.9,341
2019-07-11 07:25:00,1420.9,1421.6,1420.7,1421.2,108
2019-07-11 07:30:00,1421.0,1421.9,1420.4,1421.3,113
2019-07-11 07:35:00,1421.1,1421.2,1420.5,1420.8,88
2019-07-11 07:40:00,1420.8,1421.6,1420.7,1421.6,73
2019-07-11 07:45:00,1421.7,1422.3,1421.3,1422.0,94
2019-07-11 07:50:00,1422.2,1422.2,1421.7,1421.9,39
2019-07-11 07:55:00,1421.7,1422.2,1421.6,1422.1,48
2019-07-11 08:00:00,1421.9,1422.8,1421.9,1422.0,59
2019-07-11 08:05:00,1422.0,1422.5,1421.6,1421.7,87
2019-07-11 08:10:00,1421.6,1422.6,1421.6,1422.5,41
2019-07-11 08:15:00,1422.5,1422.5,1421.8,1422.0,41
2019-07-11 08:20:00,1422.1,1422.2,1420.7,1421.2,148
2019-07-11 08:25:00,1421.0,1421.3,1420.7,1420.9,105
2019-07-11 08:30:00,1420.7,1420.7,1413.0,1415.3,1225
2019-07-11 08:35:00,1415.3,1417.7,1415.2,1417.5,430
2019-07-11 08:40:00,1417.5,1419.6,1416.9,1419.0,396
2019-07-11 08:45:00,1418.8,1419.8,1417.3,1417.5,330
2019-07-11 08:50:00,1417.3,1417.9,1416.6,1416.8,267
2019-07-11 08:55:00,1416.8,1417.6,1416.2,1417.2,173
2019-07-11 09:00:00,1417.4,1418.8,1417.4,1418.4,155
2019-07-11 09:05:00,1418.3,1419.5,1417.3,1417.5,231
2019-07-11 09:10:00,1417.3,1418.0,1416.8,1417.9,138
2019-07-11 09:15:00,1417.9,1417.9,1416.4,1416.7,140
2019-07-11 09:20:00,1416.6,1418.0,1416.6,1418.0,118
2019-07-11 09:25:00,1417.9,1418.4,1417.2,1417.4,123
2019-07-11 09:30:00,1417.4,1419.0,1417.3,1418.5,209
2019-07-11 09:35:00,1418.5,1418.7,1416.9,1417.1,167
2019-07-11 09:40:00,1417.2,1417.6,1416.0,1417.2,172
2019-07-11 09:45:00,1417.0,1417.5,1416.5,1417.0,144
2019-07-11 09:50:00,1417.1,1417.6,1414.8,1415.1,310
2019-07-11 09:55:00,1415.2,1416.3,1414.8,1416.0,161
2019-07-11 10:00:00,1416.2,1416.4,1414.9,1414.9,158
2019-07-11 10:05:00,1415.0,1416.4,1414.1,1416.4,321
2019-07-11 10:10:00,1416.4,1417.7,1416.3,1417.5,258
2019-07-11 10:15:00,1417.5,1417.5,1416.2,1416.4,132
2019-07-11 10:20:00,1416.4,1416.9,1416.2,1416.5,73
2019-07-11 10:25:00,1416.4,1416.7,1416.2,1416.4,79
2019-07-11 10:30:00,1416.2,1416.5,1414.7,1414.7,264
2019-07-11 10:35:00,1414.9,1415.2,1411.2,1411.2,612
2019-07-11 10:40:00,1411.2,1412.9,1410.7,1411.9,515
2019-07-11 10:45:00,1411.9,1412.6,1411.4,1412.1,171
2019-07-11 10:50:00,1412.0,1412.5,1411.1,1411.5,188
2019-07-11 10:55:00,1411.5,1411.6,1410.4,1411.1,319
2019-07-11 11:00:00,1411.0,1412.5,1410.7,1412.2,236
2019-07-11 11:05:00,1412.1,1413.0,1411.2,1412.5,153
2019-07-11 11:10:00,1412.7,1414.2,1412.7,1412.9,218
2019-07-11 11:15:00,1412.9,1413.8,1412.9,1413.4,71
2019-07-11 11:20:00,1413.4,1414.7,1413.4,1414.0,164
2019-07-11 11:25:00,1414.0,1414.0,1413.2,1413.5,98
2019-07-11 11:30:00,1413.5,1414.7,1413.3,1413.9,156
2019-07-11 11:35:00,1413.9,1414.2,1412.9,1413.8,129
2019-07-11 11:40:00,1413.8,1413.9,1413.1,1413.8,77
2019-07-11 11:45:00,1413.8,1414.4,1413.5,1413.9,77
2019-07-11 11:50:00,1414.0,1414.4,1413.8,1414.1,36
2019-07-11 11:55:00,1414.1,1414.1,1413.6,1414.1,31
2019-07-11 12:00:00,1413.9,1414.6,1413.7,1414.4,83
2019-07-11 12:05:00,1414.2,1414.4,1413.7,1414.0,30
2019-07-11 12:10:00,1413.9,1414.1,1413.5,1413.5,83
2019-07-11 12:15:00,1413.5,1413.7,1413.2,1413.2,32
2019-07-11 12:20:00,1413.1,1413.2,1412.4,1412.5,182
2019-07-11 12:25:00,1412.4,1412.7,1412.0,1412.5,146
2019-07-11 12:30:00,1412.4,1412.5,1410.6,1411.1,186
2019-07-11 12:35:00,1411.2,1412.6,1411.2,1412.3,129
2019-07-11 12:40:00,1412.3,1412.3,1411.2,1411.2,65
2019-07-11 12:45:00,1411.3,1412.3,1411.3,1412.3,56
2019-07-11 12:50:00,1412.4,1412.8,1412.3,1412.3,64
2019-07-11 12:55:00,1412.4,1412.9,1412.3,1412.6,54
2019-07-11 13:00:00,1412.8,1413.3,1408.0,1410.4,632
2019-07-11 13:05:00,1410.3,1410.4,1408.6,1408.8,170
2019-07-11 13:10:00,1408.7,1409.9,1408.5,1409.4,94
2019-07-11 13:15:00,1409.7,1410.2,1408.7,1408.9,120
2019-07-11 13:20:00,1408.7,1408.7,1407.6,1408.2,223
2019-07-11 13:25:00,1408.2,1408.9,1406.0,1407.2,377
2019-07-11 13:30:00,1407.0,1407.2,1405.5,1406.1,213
2019-07-11 13:35:00,1406.3,1408.1,1406.3,1408.0,195
2019-07-11 13:40:00,1408.1,1408.1,1406.0,1406.2,191
2019-07-11 13:45:00,1406.3,1406.3,1405.5,1405.6,61
2019-07-11 13:50:00,1405.7,1407.3,1405.7,1407.1,103
2019-07-11 13:55:00,1406.9,1407.8,1406.6,1407.4,79
2019-07-11 14:00:00,1407.3,1407.6,1407.0,1407.4,51
2019-07-11 14:05:00,1407.5,1408.2,1406.8,1408.2,76
2019-07-11 14:10:00,1408.1,1408.6,1407.9,1408.2,96
2019-07-11 14:15:00,1408.2,1408.2,1407.5,1407.6,55
2019-07-11 14:20:00,1407.8,1408.4,1407.8,1408.2,48
2019-07-11 14:25:00,1408.3,1408.5,1408.1,1408.5,40
2019-07-11 14:30:00,1408.5,1409.3,1408.4,1409.2,71
2019-07-11 14:35:00,1409.2,1409.2,1408.3,1408.7,46
2019-07-11 14:40:00,1408.7,1410.0,1408.7,1409.9,86
2019-07-11 14:45:00,1409.9,1410.7,1409.6,1410.1,97
2019-07-11 14:50:00,1409.7,1410.1,1409.4,1409.6,39
2019-07-11 14:55:00,1409.6,1409.9,1409.1,1409.8,43
2019-07-11 15:00:00,1409.6,1409.6,1409.2,1409.2,21
2019-07-11 15:05:00,1409.1,1409.3,1408.7,1408.7,18
2019-07-11 15:10:00,1408.9,1409.3,1408.7,1409.1,20
2019-07-11 15:15:00,1409.0,1409.6,1409.0,1409.5,31
2019-07-11 15:20:00,1409.4,1409.4,1408.8,1409.4,29
2019-07-11 15:25:00,1409.4,1409.7,1409.4,1409.5,12
2019-07-11 15:30:00,1409.4,1410.3,1409.3,1410.0,47
2019-07-11 15:35:00,1409.9,1409.9,1409.3,1409.6,17
2019-07-11 15:40:00,1409.6,1409.6,1408.9,1409.0,21
2019-07-11 15:45:00,1409.1,1409.4,1409.1,1409.1,27
2019-07-11 15:50:00,1409.1,1409.8,1409.0,1409.0,104
2019-07-11 15:55:00,1408.9,1409.0,1408.8,1408.8,25
2019-07-11 16:00:00,1408.7,1409.1,1408.7,1408.8,43
2019-07-11 16:05:00,1409.0,1409.3,1408.8,1409.1,39
2019-07-11 16:10:00,1409.0,1409.0,1408.5,1408.8,25
2019-07-11 16:15:00,1408.7,1408.7,1408.5,1408.5,7
2019-07-11 16:20:00,1408.5,1408.6,1408.2,1408.3,48
2019-07-11 16:25:00,1408.3,1408.3,1407.1,1407.4,52
2019-07-11 16:30:00,1407.2,1407.2,1402.7,1404.3,264
2019-07-11 16:35:00,1404.4,1405.3,1404.3,1405.0,50
2019-07-11 16:40:00,1405.1,1405.3,1405.0,1405.0,54
2019-07-11 16:45:00,1405.0,1405.5,1404.9,1405.5,41
2019-07-11 16:50:00,1405.4,1405.9,1405.0,1405.8,34
2019-07-11 16:55:00,1405.6,1405.7,1405.1,1405.7,38
2019-07-11 18:00:00,1405.6,1407.3,1405.6,1406.7,58
2019-07-11 18:05:00,1406.7,1407.7,1406.7,1407.0,25
2019-07-11 18:10:00,1406.9,1407.2,1406.9,1406.9,11
2019-07-11 18:15:00,1406.8,1407.8,1406.8,1407.7,35
2019-07-11 18:20:00,1407.8,1408.2,1407.8,1407.9,38
2019-07-11 18:25:00,1408.0,1408.0,1407.3,1407.6,22
2019-07-11 18:30:00,1407.7,1407.7,1407.4,1407.7,11
2019-07-11 18:35:00,1407.8,1407.9,1407.6,1407.6,24
2019-07-11 18:40:00,1407.4,1407.4,1407.0,1407.3,25
2019-07-11 18:45:00,1407.5,1407.7,1406.5,1406.6,42
2019-07-11 18:50:00,1406.6,1406.7,1406.2,1406.3,20
2019-07-11 18:55:00,1406.4,1406.8,1406.3,1406.3,16
2019-07-11 19:00:00,1406.3,1407.3,1406.3,1407.3,33
2019-07-11 19:05:00,1407.2,1407.2,1407.1,1407.2,13
2019-07-11 19:10:00,1407.2,1407.2,1406.8,1407.0,11
2019-07-11 19:15:00,1407.1,1407.1,1406.7,1406.7,25
2019-07-11 19:20:00,1406.8,1407.1,1406.7,1406.9,22
2019-07-11 19:25:00,1407.0,1407.5,1406.2,1406.5,47
2019-07-11 19:30:00,1406.3,1406.5,1406.3,1406.5,10
2019-07-11 19:35:00,1406.5,1406.5,1405.6,1406.1,49
2019-07-11 19:40:00,1405.9,1406.0,1405.4,1406.0,32
2019-07-11 19:45:00,1406.2,1406.2,1405.5,1405.6,20
2019-07-11 19:50:00,1405.6,1406.1,1405.6,1406.0,52
2019-07-11 19:55:00,1406.1,1406.1,1405.6,1405.8,24
2019-08-13 00:00:00,1527.6,1527.7,1527.4,1527.5,31
2019-08-13 00:05:00,1527.6,1527.7,1527.4,1527.5,27
2019-08-13 00:10:00,1527.4,1527.6,1526.8,1526.8,63
2019-08-13 00:15:00,1526.7,1527.3,1526.7,1527.0,33
2019-08-13 00:20:00,1526.9,1527.2,1526.7,1527.0,35
2019-08-13 00:25:00,1526.9,1527.1,1526.9,1527.0,11
2019-08-13 00:30:00,1527.0,1527.0,1526.5,1526.5,30
2019-08-13 00:35:00,1526.5,1526.8,1526.4,1526.6,30
2019-08-13 00:40:00,1526.6,1526.9,1526.4,1526.9,26
2019-08-13 00:45:00,1526.8,1527.7,1526.8,1527.3,76
2019-08-13 00:50:00,1527.2,1527.5,1527.1,1527.5,28
2019-08-13 00:55:00,1527.5,1527.6,1527.1,1527.2,32
2019-08-13 01:00:00,1527.2,1527.2,1526.7,1526.7,17
2019-08-13 01:05:00,1526.6,1526.9,1526.6,1526.9,16
2019-08-13 01:10:00,1527.0,1527.2,1526.8,1526.9,39
2019-08-13 01:15:00,1527.0,1527.0,1526.9,1526.9,25
2019-08-13 01:20:00,1527.0,1527.1,1526.9,1527.1,22
2019-08-13 01:25:00,1527.0,1527.0,1526.9,1526.9,9
2019-08-13 01:30:00,1527.0,1529.6,1527.0,1529.4,247
2019-08-13 01:35:00,1529.5,1530.4,1528.8,1529.7,297
2019-08-13 01:40:00,1529.6,1530.7,1529.1,1530.3,198
2019-08-13 01:45:00,1530.3,1530.9,1530.0,1530.7,177
2019-08-13 01:50:00,1530.7,1531.2,1530.3,1530.5,224
2019-08-13 01:55:00,1530.7,1530.9,1530.4,1530.7,146
2019-08-13 02:00:00,1530.7,1531.0,1529.4,1530.1,204
2019-08-13 02:05:00,1530.1,1532.3,1530.1,1531.8,329
2019-08-13 02:10:00,1531.9,1532.4,1531.2,1531.8,107
2019-08-13 02:15:00,1531.6,1531.8,1530.7,1531.6,177
2019-08-13 02:20:00,1531.5,1535.1,1531.5,1534.8,688
2019-08-13 02:25:00,1534.8,1535.2,1534.1,1534.1,394
2019-08-13 02:30:00,1534.1,1535.7,1534.1,1535.5,363
2019-08-13 02:35:00,1535.2,1535.2,1534.1,1534.9,108
2019-08-13 02:40:00,1534.7,1535.4,1534.2,1534.7,112
2019-08-13 02:45:00,1535.1,1535.3,1534.1,1535.1,128
2019-08-13 02:50:00,1535.0,1535.2,1534.2,1534.9,121
2019-08-13 02:55:00,1534.8,1534.8,1533.3,1533.6,140
2019-08-13 03:00:00,1533.6,1534.3,1532.8,1533.0,237
2019-08-13 03:05:00,1532.9,1533.7,1532.7,1533.2,154
2019-08-13 03:10:00,1533.1,1533.6,1533.1,1533.2,54
2019-08-13 03:15:00,1533.2,1534.0,1532.1,1533.3,171
2019-08-13 03:20:00,1533.3,1534.1,1533.3,1534.1,89
2019-08-13 03:25:00,1534.1,1534.9,1533.9,1534.7,121
2019-08-13 03:30:00,1534.7,1535.1,1533.9,1534.5,110
2019-08-13 03:35:00,1534.6,1535.5,1534.5,1535.1,107
2019-08-13 03:40:00,1535.1,1535.7,1534.9,1535.6,114
2019-08-13 03:45:00,1535.5,1537.7,1535.4,1537.5,433
2019-08-13 03:50:00,1537.2,1538.0,1536.8,1537.6,244
2019-08-13 03:55:00,1537.8,1537.8,1537.0,1537.0,118
2019-08-13 04:00:00,1537.1,1537.1,1536.0,1536.0,151
2019-08-13 04:05:00,1536.1,1537.0,1535.8,1536.9,91
2019-08-13 04:10:00,1537.0,1537.4,1535.7,1535.7,134
2019-08-13 04:15:00,1535.6,1536.4,1535.0,1535.8,249
2019-08-13 04:20:00,1535.7,1535.7,1535.1,1535.4,119
2019-08-13 04:25:00,1535.1,1535.7,1534.6,1535.7,107
2019-08-13 04:30:00,1535.6,1536.1,1535.5,1535.6,95
2019-08-13 04:35:00,1535.7,1535.8,1534.0,1534.6,123
2019-08-13 04:40:00,1534.7,1535.1,1534.4,1534.8,105
2019-08-13 04:45:00,1534.8,1535.1,1534.4,1534.5,54
2019-08-13 04:50:00,1534.3,1534.9,1533.9,1534.7,103
2019-08-13 04:55:00,1534.7,1534.8,1534.3,1534.4,47
2019-08-13 05:00:00,1534.7,1535.7,1534.7,1535.7,54
2019-08-13 05:05:00,1535.7,1535.9,1535.6,1535.9,60
2019-08-13 05:10:00,1536.0,1537.7,1536.0,1537.5,198
2019-08-13 05:15:00,1537.4,1538.6,1537.1,1537.1,217
2019-08-13 05:20:00,1537.3,1538.9,1537.3,1538.7,166
2019-08-13 05:25:00,1538.7,1539.4,1537.7,1538.1,222
2019-08-13 05:30:00,1538.1,1538.8,1537.7,1538.3,110
2019-08-13 05:35:00,1538.2,1539.8,1537.8,1539.5,195
2019-08-13 05:40:00,1539.3,1540.8,1539.1,1540.6,357
2019-08-13 05:45:00,1540.6,1540.6,1539.6,1540.2,146
2019-08-13 05:50:00,1540.1,1543.4,1540.0,1542.1,341
2019-08-13 05:55:00,1542.0,1544.3,1541.7,1543.3,465
2019-08-13 06:00:00,1543.3,1546.0,1543.3,1544.0,513
2019-08-13 06:05:00,1544.1,1544.5,1543.4,1543.7,220
2019-08-13 06:10:00,1543.4,1544.1,1543.1,1544.0,206
2019-08-13 06:15:00,1544.0,1546.2,1543.8,1543.8,291
2019-08-13 06:20:00,1543.9,1543.9,1542.8,1542.8,229
2019-08-13 06:25:00,1543.1,1543.3,1542.6,1542.7,131
2019-08-13 06:30:00,1542.7,1543.2,1542.2,1543.2,137
2019-08-13 06:35:00,1543.3,1543.8,1541.6,1541.8,191
2019-08-13 06:40:00,1541.8,1542.4,1539.1,1540.6,442
2019-08-13 06:45:00,1540.6,1541.3,1539.9,1540.3,219
2019-08-13 06:50:00,1540.3,1540.3,1538.2,1539.5,299
2019-08-13 06:55:00,1539.4,1539.6,1537.6,1538.5,204
2019-08-13 07:00:00,1538.4,1538.6,1536.4,1537.3,382
2019-08-13 07:05:00,1537.4,1538.7,1537.4,1538.2,210
2019-08-13 07:10:00,1538.2,1538.7,1537.3,1537.5,116
2019-08-13 07:15:00,1537.2,1538.2,1537.2,1537.8,154
2019-08-13 07:20:00,1537.9,1538.1,1536.8,1537.2,132
2019-08-13 07:25:00,1537.1,1537.9,1537.1,1537.7,97
2019-08-13 07:30:00,1537.8,1539.5,1537.3,1539.2,198
2019-08-13 07:35:00,1539.4,1539.8,1538.2,1538.8,264
2019-08-13 07:40:00,1538.6,1539.0,1537.7,1537.7,168
2019-08-13 07:45:00,1537.8,1538.2,1537.3,1537.3,111
2019-08-13 07:50:00,1537.3,1537.8,1537.0,1537.6,88
2019-08-13 07:55:00,1537.6,1537.6,1536.4,1536.8,152
2019-08-13 08:00:00,1536.7,1536.9,1534.4,1534.6,365
2019-08-13 08:05:00,1534.6,1536.7,1533.5,1536.2,400
2019-08-13 08:10:00,1536.3,1536.7,1535.2,1536.5,154
2019-08-13 08:15:00,1535.7,1536.0,1535.2,1535.2,122
2019-08-13 08:20:00,1535.1,1535.5,1534.6,1535.1,229
2019-08-13 08:25:00,1534.9,1535.2,1533.9,1534.2,235
2019-08-13 08:30:00,1534.2,1534.5,1528.2,1529.0,999
2019-08-13 08:35:00,1528.9,1530.8,1526.7,1530.4,1104
2019-08-13 08:40:00,1530.4,1533.2,1530.1,1532.5,550
2019-08-13 08:45:00,1532.5,1534.0,1532.0,1533.5,340
2019-08-13 08:50:00,1533.5,1533.7,1531.5,1532.3,305
2019-08-13 08:55:00,1532.3,1532.9,1530.9,1530.9,233
2019-08-13 09:00:00,1530.9,1532.8,1529.6,1531.7,411
2019-08-13 09:05:00,1531.6,1532.9,1530.4,1531.0,197
2019-08-13 09:10:00,1531.2,1531.8,1530.1,1530.4,166
2019-08-13 09:15:00,1530.4,1530.4,1528.1,1529.3,530
2019-08-13 09:20:00,1529.3,1530.5,1529.2,1529.3,254
2019-08-13 09:25:00,1529.4,1529.7,1528.4,1529.1,192
2019-08-13 09:30:00,1529.1,1530.5,1527.0,1527.0,502
2019-08-13 09:35:00,1527.0,1527.1,1521.0,1521.5,2046
2019-08-13 09:40:00,1521.4,1525.9,1520.3,1523.3,1113
2019-08-13 09:45:00,1523.2,1525.0,1511.6,1512.0,2686
2019-08-13 09:50:00,1512.1,1514.3,1505.4,1505.7,2623
2019-08-13 09:55:00,1505.7,1506.1,1489.7,1497.0,4605
2019-08-13 10:00:00,1497.0,1508.3,1496.4,1506.9,2423
2019-08-13 10:05:00,1506.6,1511.2,1505.0,1508.8,1722
2019-08-13 10:10:00,1508.9,1509.5,1506.1,1506.6,805
2019-08-13 10:15:00,1506.4,1506.6,1500.5,1504.1,1428
2019-08-13 10:20:00,1504.1,1509.4,1503.4,1507.3,925
2019-08-13 10:25:00,1507.2,1507.3,1504.8,1506.1,514
2019-08-13 10:30:00,1506.5,1507.5,1502.7,1506.1,773
2019-08-13 10:35:00,1505.9,1508.9,1504.4,1508.4,561
2019-08-13 10:40:00,1508.5,1511.9,1508.1,1509.7,877
2019-08-13 10:45:00,1509.6,1511.4,1508.1,1511.1,484
2019-08-13 10:50:00,1511.2,1513.9,1511.0,1512.9,897
2019-08-13 10:55:00,1512.8,1515.9,1512.0,1515.3,595
2019-08-13 11:00:00,1515.4,1516.4,1512.7,1512.7,668
2019-08-13 11:05:00,1513.2,1515.3,1510.6,1514.1,529
2019-08-13 11:10:00,1514.0,1515.2,1510.6,1512.0,719
2019-08-13 11:15:00,1512.0,1516.9,1512.0,1516.5,800
2019-08-13 11:20:00,1516.4,1517.7,1513.6,1513.7,683
2019-08-13 11:25:00,1513.7,1514.7,1511.7,1514.0,564
2019-08-13 11:30:00,1514.0,1514.9,1513.0,1514.0,239
2019-08-13 11:35:00,1514.0,1515.6,1512.1,1512.8,324
2019-08-13 11:40:00,1512.6,1513.2,1510.8,1510.8,448
2019-08-13 11:45:00,1511.1,1512.3,1510.3,1510.8,341
2019-08-13 11:50:00,1510.1,1512.9,1508.8,1512.7,384
2019-08-13 11:55:00,1512.6,1513.7,1511.2,1513.0,348
2019-08-13 12:00:00,1512.6,1513.4,1511.9,1513.3,182
2019-08-13 12:05:00,1513.3,1514.4,1513.2,1513.8,182
2019-08-13 12:10:00,1514.0,1514.1,1512.8,1513.2,97
2019-08-13 12:15:00,1513.2,1513.8,1512.1,1513.6,168
2019-08-13 12:20:00,1513.7,1513.7,1511.8,1512.7,146
2019-08-13 12:25:00,1512.9,1513.3,1512.1,1512.9,104
2019-08-13 12:30:00,1512.6,1512.7,1511.3,1512.5,164
2019-08-13 12:35:00,1512.7,1513.0,1512.0,1512.8,88
2019-08-13 12:40:00,1512.8,1513.3,1512.1,1512.2,125
2019-08-13 12:45:00,1512.5,1513.5,1512.5,1513.2,66
2019-08-13 12:50:00,1513.1,1513.9,1512.9,1512.9,85
2019-08-13 12:55:00,1512.9,1513.3,1512.8,1513.3,78
2019-08-13 13:00:00,1513.4,1513.4,1512.7,1512.8,61
2019-08-13 13:05:00,1512.9,1513.0,1511.7,1511.8,80
2019-08-13 13:10:00,1511.6,1511.7,1510.4,1510.4,187
2019-08-13 13:15:00,1510.3,1514.9,1507.0,1514.7,954
2019-08-13 13:20:00,1514.9,1516.6,1513.7,1514.6,494
2019-08-13 13:25:00,1514.2,1514.6,1513.0,1514.0,264
2019-08-13 13:30:00,1514.3,1514.8,1513.6,1514.0,79
2019-08-13 13:35:00,1514.1,1514.1,1511.5,1513.0,191
2019-08-13 13:40:00,1513.0,1513.0,1512.2,1512.5,75
2019-08-13 13:45:00,1512.3,1512.8,1511.2,1512.0,135
2019-08-13 13:50:00,1512.1,1512.8,1511.9,1512.1,74
2019-08-13 13:55:00,1512.2,1512.7,1511.7,1512.3,67
2019-08-13 14:00:00,1512.4,1512.8,1511.8,1511.8,81
2019-08-13 14:05:00,1512.1,1512.8,1512.1,1512.4,49
2019-08-13 14:10:00,1512.6,1512.6,1511.8,1512.2,28
2019-08-13 14:15:00,1512.4,1512.4,1509.3,1510.0,250
2019-08-13 14:20:00,1510.0,1511.7,1508.9,1511.1,129
2019-08-13 14:25:00,1510.6,1510.9,1509.9,1510.0,95
2019-08-13 14:30:00,1510.3,1511.7,1510.0,1510.9,98
2019-08-13 14:35:00,1510.6,1511.4,1510.5,1510.9,42
2019-08-13 14:40:00,1511.1,1511.4,1510.8,1511.3,81
2019-08-13 14:45:00,1511.5,1512.4,1511.2,1512.2,97
2019-08-13 14:50:00,1512.2,1512.5,1511.8,1511.9,47
2019-08-13 14:55:00,1512.2,1512.5,1511.9,1512.1,68
2019-08-13 15:00:00,1512.3,1514.1,1512.0,1513.4,142
2019-08-13 15:05:00,1513.5,1514.3,1513.2,1513.2,69
2019-08-13 15:10:00,1513.5,1513.5,1512.7,1513.1,45
2019-08-13 15:15:00,1512.9,1513.2,1512.2,1512.5,89
2019-08-13 15:20:00,1512.5,1513.1,1512.5,1512.8,18
2019-08-13 15:25:00,1512.6,1513.2,1512.4,1512.9,32
2019-08-13 15:30:00,1512.9,1513.7,1512.9,1513.3,53
2019-08-13 15:35:00,1513.4,1513.7,1513.2,1513.6,40
2019-08-13 15:40:00,1513.5,1514.3,1513.4,1514.2,39
2019-08-13 15:45:00,1514.3,1514.7,1514.2,1514.6,62
2019-08-13 15:50:00,1514.7,1515.4,1514.6,1514.7,108
2019-08-13 15:55:00,1514.9,1515.3,1513.6,1513.7,111
2019-08-13 16:00:00,1513.8,1514.5,1512.8,1513.2,107
2019-08-13 16:05:00,1513.2,1514.1,1512.9,1513.6,49
2019-08-13 16:10:00,1513.3,1513.3,1512.6,1512.7,73
2019-08-13 16:15:00,1512.8,1513.1,1512.6,1513.0,26
2019-08-13 16:20:00,1512.8,1513.1,1512.5,1512.5,34
2019-08-13 16:25:00,1512.5,1512.5,1510.1,1510.2,169
2019-08-13 16:30:00,1510.4,1511.8,1510.3,1510.9,77
2019-08-13 16:35:00,1510.7,1511.2,1510.7,1511.0,40
2019-08-13 16:40:00,1511.1,1511.5,1511.0,1511.3,35
2019-08-13 16:45:00,1511.3,1512.1,1511.3,1511.8,82
2019-08-13 16:50:00,1511.7,1512.2,1511.7,1512.2,80
2019-08-13 16:55:00,1512.2,1512.4,1511.8,1512.3,60
2019-08-13 18:00:00,1512.3,1513.9,1511.9,1512.9,83
2019-08-13 18:05:00,1512.9,1513.0,1512.8,1512.8,11
2019-08-13 18:10:00,1512.8,1513.2,1512.0,1512.5,18
2019-08-13 18:15:00,1512.4,1512.4,1511.1,1511.5,50
2019-08-13 18:20:00,1511.5,1511.5,1510.9,1511.1,56
2019-08-13 18:25:00,1511.0,1511.8,1511.0,1511.6,33
2019-08-13 18:30:00,1511.5,1511.5,1510.9,1511.3,27
2019-08-13 18:35:00,1511.2,1511.5,1511.0,1511.4,17
2019-08-13 18:40:00,1511.3,1512.2,1511.3,1512.2,18
2019-08-13 18:45:00,1512.0,1512.1,1511.7,1511.9,19
2019-08-13 18:50:00,1512.0,1512.2,1512.0,1512.1,11
2019-08-13 18:55:00,1512.2,1512.8,1512.2,1512.6,18
2019-08-13 19:00:00,1512.4,1512.4,1511.6,1511.7,22
2019-08-13 19:05:00,1511.7,1512.2,1511.7,1512.1,9
2019-08-13 19:10:00,1512.0,1512.1,1512.0,1512.0,17
2019-08-13 19:15:00,1512.4,1512.8,1512.4,1512.8,7
2019-08-13 19:20:00,1512.7,1513.2,1512.6,1513.1,19
2019-08-13 19:25:00,1513.0,1513.7,1513.0,1513.5,36
2019-08-13 19:30:00,1513.4,1513.5,1513.3,1513.5,21
2019-08-13 19:35:00,1513.4,1513.6,1512.7,1512.9,27
2019-08-13 19:40:00,1512.5,1512.6,1511.7,1511.8,58
2019-08-13 19:45:00,1511.5,1512.6,1511.3,1512.4,38
2019-08-13 19:50:00,1512.1,1512.2,1511.8,1511.9,30
2019-08-13 19:55:00,1511.9,1512.1,1511.7,1511.9,15
2019-09-12 00:00:00,1501.1,1501.2,1500.7,1500.9,25
2019-09-12 00:05:00,1500.9,1501.2,1500.8,1501.2,33
2019-09-12 00:10:00,1501.3,1501.9,1501.3,1501.7,13
2019-09-12 00:15:00,1501.7,1502.2,1501.7,1501.8,35
2019-09-12 00:20:00,1501.8,1502.2,1501.8,1502.1,38
2019-09-12 00:25:00,1502.1,1502.3,1502.0,1502.3,39
2019-09-12 00:30:00,1502.3,1503.1,1502.3,1502.7,105
2019-09-12 00:35:00,1502.8,1502.8,1502.3,1502.3,41
2019-09-12 00:40:00,1502.4,1502.5,1502.3,1502.3,10
2019-09-12 00:45:00,1502.3,1502.3,1501.9,1502.2,28
2019-09-12 00:50:00,1502.1,1502.8,1502.1,1502.8,19
2019-09-12 00:55:00,1502.8,1503.7,1502.8,1503.7,108
2019-09-12 01:00:00,1503.4,1503.4,1503.0,1503.1,43
2019-09-12 01:05:00,1503.1,1503.1,1502.7,1502.7,26
2019-09-12 01:10:00,1502.7,1503.2,1502.6,1503.1,17
2019-09-12 01:15:00,1502.9,1504.3,1502.8,1504.0,100
2019-09-12 01:20:00,1503.9,1504.5,1503.6,1504.2,90
2019-09-12 01:25:00,1504.3,1504.4,1503.7,1503.9,72
2019-09-12 01:30:00,1504.1,1504.7,1504.1,1504.6,62
2019-09-12 01:35:00,1504.7,1505.2,1504.1,1504.1,118
2019-09-12 01:40:00,1504.1,1504.8,1504.0,1504.5,44
2019-09-12 01:45:00,1504.3,1505.2,1504.1,1505.2,69
2019-09-12 01:50:00,1505.1,1505.3,1504.6,1505.1,90
2019-09-12 01:55:00,1505.0,1506.0,1504.9,1505.4,154
2019-09-12 02:00:00,1505.3,1505.9,1504.9,1505.1,53
2019-09-12 02:05:00,1505.2,1505.7,1504.8,1505.2,59
2019-09-12 02:10:00,1505.1,1505.5,1504.2,1504.5,96
2019-09-12 02:15:00,1504.4,1504.5,1503.5,1503.9,137
2019-09-12 02:20:00,1504.0,1504.0,1502.9,1503.7,143
2019-09-12 02:25:00,1503.6,1504.5,1503.6,1503.9,44
2019-09-12 02:30:00,1503.9,1504.9,1503.8,1504.7,40
2019-09-12 02:35:00,1504.7,1505.0,1504.2,1504.6,53
2019-09-12 02:40:00,1504.7,1505.1,1504.2,1504.9,61
2019-09-12 02:45:00,1504.5,1505.3,1504.5,1505.2,49
2019-09-12 02:50:00,1505.3,1507.1,1505.3,1507.1,373
2019-09-12 02:55:00,1507.1,1509.8,1506.9,1508.8,562
2019-09-12 03:00:00,1508.3,1509.3,1508.0,1508.7,189
2019-09-12 03:05:00,1508.6,1509.7,1508.3,1509.1,162
2019-09-12 03:10:00,1509.1,1509.4,1508.5,1509.0,96
2019-09-12 03:15:00,1508.7,1511.0,1508.7,1510.1,249
2019-09-12 03:20:00,1510.2,1511.7,1509.9,1510.3,300
2019-09-12 03:25:00,1510.4,1510.4,1508.9,1509.6,223
2019-09-12 03:30:00,1509.5,1509.9,1508.7,1509.7,198
2019-09-12 03:35:00,1509.8,1510.0,1509.5,1509.5,80
2019-09-12 03:40:00,1509.6,1510.4,1509.2,1509.9,75
2019-09-12 03:45:00,1510.0,1510.2,1509.7,1509.8,50
2019-09-12 03:50:00,1510.1,1510.7,1510.0,1510.2,37
2019-09-12 03:55:00,1510.4,1510.9,1510.3,1510.6,96
2019-09-12 04:00:00,1510.7,1511.3,1510.4,1510.8,103
2019-09-12 04:05:00,1510.9,1511.2,1510.7,1510.7,41
2019-09-12 04:10:00,1510.8,1511.1,1510.8,1510.9,47
2019-09-12 04:15:00,1511.0,1512.5,1509.9,1512.3,163
2019-09-12 04:20:00,1512.3,1512.7,1511.7,1512.2,140
2019-09-12 04:25:00,1512.1,1512.6,1512.0,1512.6,76
2019-09-12 04:30:00,1512.5,1512.6,1511.4,1511.5,80
2019-09-12 04:35:00,1511.4,1513.6,1511.3,1513.3,165
2019-09-12 04:40:00,1513.3,1513.5,1512.5,1513.0,125
2019-09-12 04:45:00,1512.8,1513.3,1512.7,1512.9,77
2019-09-12 04:50:00,1512.8,1512.9,1512.0,1512.6,66
2019-09-12 04:55:00,1512.3,1512.8,1512.1,1512.1,37
2019-09-12 05:00:00,1512.1,1512.2,1511.3,1511.6,101
2019-09-12 05:05:00,1511.7,1512.2,1511.6,1512.2,70
2019-09-12 05:10:00,1512.1,1512.4,1511.7,1511.9,36
2019-09-12 05:15:00,1511.9,1512.1,1511.6,1511.9,36
2019-09-12 05:20:00,1511.8,1511.8,1510.5,1511.3,97
2019-09-12 05:25:00,1511.2,1511.3,1510.8,1511.0,52
2019-09-12 05:30:00,1510.9,1511.4,1510.4,1511.0,68
2019-09-12 05:35:00,1511.0,1511.1,1510.5,1510.8,28
2019-09-12 05:40:00,1510.7,1511.6,1510.7,1511.5,29
2019-09-12 05:45:00,1511.6,1512.7,1511.6,1512.0,71
2019-09-12 05:50:00,1512.3,1512.3,1511.7,1511.7,23
2019-09-12 05:55:00,1511.9,1512.0,1511.4,1511.4,61
2019-09-12 06:00:00,1511.4,1511.4,1510.7,1511.3,71
2019-09-12 06:05:00,1511.4,1511.5,1510.8,1510.8,25
2019-09-12 06:10:00,1510.7,1511.0,1510.5,1511.0,17
2019-09-12 06:15:00,1510.9,1511.2,1510.6,1510.6,39
2019-09-12 06:20:00,1510.6,1510.9,1510.5,1510.9,46
2019-09-12 06:25:00,1510.6,1510.9,1510.2,1510.6,43
2019-09-12 06:30:00,1510.6,1510.6,1509.8,1509.9,105
2019-09-12 06:35:00,1509.8,1510.4,1509.8,1510.4,37
2019-09-12 06:40:00,1510.2,1510.4,1509.9,1509.9,56
2019-09-12 06:45:00,1510.0,1510.3,1509.9,1510.1,36
2019-09-12 06:50:00,1510.3,1511.0,1510.3,1510.6,63
2019-09-12 06:55:00,1510.7,1510.7,1510.2,1510.2,24
2019-09-12 07:00:00,1510.3,1510.3,1510.0,1510.2,27
2019-09-12 07:05:00,1510.4,1511.0,1508.8,1509.7,236
2019-09-12 07:10:00,1509.8,1510.7,1509.6,1510.5,73
2019-09-12 07:15:00,1510.6,1510.9,1510.5,1510.6,64
2019-09-12 07:20:00,1510.9,1511.1,1510.6,1511.1,84
2019-09-12 07:25:00,1511.0,1511.7,1510.6,1510.8,100
2019-09-12 07:30:00,1510.9,1511.6,1510.8,1511.3,77
2019-09-12 07:35:00,1511.5,1512.0,1511.5,1511.9,86
2019-09-12 07:40:00,1511.7,1512.8,1511.6,1512.1,109
2019-09-12 07:45:00,1512.1,1517.7,1511.9,1517.1,854
2019-09-12 07:50:00,1517.1,1521.8,1516.8,1521.8,1038
2019-09-12 07:55:00,1521.7,1521.7,1519.0,1520.4,607
2019-09-12 08:00:00,1520.5,1520.5,1519.2,1519.6,370
2019-09-12 08:05:00,1519.5,1523.2,1519.3,1522.0,517
2019-09-12 08:10:00,1521.9,1525.5,1521.9,1524.4,981
2019-09-12 08:15:00,1524.7,1525.9,1523.8,1524.1,480
2019-09-12 08:20:00,1524.2,1525.4,1522.5,1523.1,402
2019-09-12 08:25:00,1523.2,1526.3,1523.0,1525.0,316
2019-09-12 08:30:00,1525.0,1527.8,1523.7,1527.3,686
2019-09-12 08:35:00,1527.3,1532.2,1526.6,1531.7,1210
2019-09-12 08:40:00,1531.5,1531.5,1528.6,1529.0,452
2019-09-12 08:45:00,1528.8,1530.2,1528.2,1528.3,291
2019-09-12 08:50:00,1528.2,1528.3,1524.4,1524.6,853
2019-09-12 08:55:00,1524.7,1525.0,1523.1,1524.1,677
2019-09-12 09:00:00,1523.8,1526.6,1523.8,1525.5,380
2019-09-12 09:05:00,1525.5,1527.6,1525.4,1527.6,303
2019-09-12 09:10:00,1527.6,1528.5,1527.0,1527.7,322
2019-09-12 09:15:00,1528.0,1528.2,1525.1,1525.6,340
2019-09-12 09:20:00,1525.6,1525.6,1524.0,1524.1,264
2019-09-12 09:25:00,1524.0,1524.0,1520.9,1521.5,685
2019-09-12 09:30:00,1521.5,1522.9,1521.1,1522.2,351
2019-09-12 09:35:00,1522.1,1522.9,1519.6,1520.2,407
2019-09-12 09:40:00,1520.3,1523.7,1520.0,1523.7,436
2019-09-12 09:45:00,1523.6,1524.7,1522.5,1524.3,444
2019-09-12 09:50:00,1524.2,1525.3,1523.2,1523.2,250
2019-09-12 09:55:00,1523.2,1524.7,1523.1,1524.2,155
2019-09-12 10:00:00,1524.1,1525.0,1523.3,1524.8,201
2019-09-12 10:05:00,1524.8,1525.9,1521.3,1521.3,483
2019-09-12 10:10:00,1521.4,1522.4,1514.5,1517.0,1819
2019-09-12 10:15:00,1516.9,1517.7,1514.5,1516.4,713
2019-09-12 10:20:00,1516.4,1517.2,1514.7,1515.7,334
2019-09-12 10:25:00,1515.2,1516.0,1512.7,1513.4,550
2019-09-12 10:30:00,1513.5,1515.1,1513.1,1514.4,326
2019-09-12 10:35:00,1514.4,1516.5,1513.9,1515.1,356
2019-09-12 10:40:00,1515.2,1515.8,1513.7,1513.8,292
2019-09-12 10:45:00,1514.1,1514.9,1513.3,1514.1,174
2019-09-12 10:50:00,1513.8,1522.6,1512.2,1520.2,1350
2019-09-12 10:55:00,1520.3,1520.5,1518.0,1518.2,304
2019-09-12 11:00:00,1518.2,1521.1,1517.7,1520.7,397
2019-09-12 11:05:00,1521.0,1522.3,1520.8,1521.2,276
2019-09-12 11:10:00,1521.2,1521.9,1520.0,1520.0,199
2019-09-12 11:15:00,1520.0,1520.2,1517.0,1517.3,386
2019-09-12 11:20:00,1517.2,1517.5,1514.5,1514.6,301
2019-09-12 11:25:00,1514.9,1515.7,1513.5,1514.2,351
2019-09-12 11:30:00,1513.8,1515.0,1513.5,1514.2,194
2019-09-12 11:35:00,1514.0,1514.7,1512.5,1512.5,234
2019-09-12 11:40:00,1512.7,1513.1,1509.3,1509.6,742
2019-09-12 11:45:00,1509.6,1510.6,1508.6,1509.4,383
2019-09-12 11:50:00,1509.6,1509.8,1508.7,1509.1,190
2019-09-12 11:55:00,1509.5,1511.4,1509.3,1510.9,397
2019-09-12 12:00:00,1510.9,1512.8,1510.4,1512.0,243
2019-09-12 12:05:00,1511.7,1511.7,1510.2,1510.2,138
2019-09-12 12:10:00,1510.0,1510.2,1509.4,1509.5,139
2019-09-12 12:15:00,1509.5,1510.8,1509.1,1510.1,108
2019-09-12 12:20:00,1510.1,1510.8,1509.4,1509.5,122
2019-09-12 12:25:00,1509.6,1509.6,1507.2,1508.0,348
2019-09-12 12:30:00,1508.0,1508.4,1506.9,1507.1,241
2019-09-12 12:35:00,1506.9,1507.7,1505.6,1506.3,259
2019-09-12 12:40:00,1506.3,1507.5,1506.2,1506.6,172
2019-09-12 12:45:00,1506.5,1506.6,1504.7,1506.0,347
2019-09-12 12:50:00,1506.1,1506.8,1505.0,1505.7,173
2019-09-12 12:55:00,1505.7,1506.5,1505.5,1506.4,89
2019-09-12 13:00:00,1506.2,1507.1,1504.7,1505.5,266
2019-09-12 13:05:00,1505.7,1508.6,1505.4,1507.8,267
2019-09-12 13:10:00,1507.8,1508.2,1507.4,1507.9,140
2019-09-12 13:15:00,1507.9,1508.4,1506.1,1507.0,143
2019-09-12 13:20:00,1507.0,1508.2,1506.5,1507.8,85
2019-09-12 13:25:00,1507.9,1508.7,1507.1,1507.6,125
2019-09-12 13:30:00,1507.5,1508.1,1507.2,1507.5,96
2019-09-12 13:35:00,1507.8,1508.3,1507.4,1507.9,52
2019-09-12 13:40:00,1507.9,1508.6,1507.4,1508.2,94
2019-09-12 13:45:00,1508.4,1508.4,1507.8,1508.0,42
2019-09-12 13:50:00,1507.9,1507.9,1506.0,1506.0,144
2019-09-12 13:55:00,1505.9,1506.7,1505.7,1506.2,70
2019-09-12 14:00:00,1506.1,1506.6,1505.6,1506.5,124
2019-09-12 14:05:00,1506.6,1507.2,1505.6,1506.7,76
2019-09-12 14:10:00,1506.7,1506.9,1506.4,1506.4,32
2019-09-12 14:15:00,1506.3,1506.7,1505.9,1506.7,43
2019-09-12 14:20:00,1506.5,1508.0,1506.5,1507.5,62
2019-09-12 14:25:00,1507.3,1507.3,1506.3,1507.0,51
2019-09-12 14:30:00,1507.0,1507.5,1506.8,1507.0,22
2019-09-12 14:35:00,1507.1,1507.1,1506.3,1506.3,48
2019-09-12 14:40:00,1506.2,1507.2,1505.8,1506.3,78
2019-09-12 14:45:00,1506.6,1506.9,1506.1,1506.1,27
2019-09-12 14:50:00,1506.5,1506.6,1505.7,1505.7,45
2019-09-12 14:55:00,1505.9,1506.2,1505.5,1505.8,59
2019-09-12 15:00:00,1506.0,1506.1,1505.7,1505.8,29
2019-09-12 15:05:00,1505.7,1506.3,1505.7,1506.1,25
2019-09-12 15:10:00,1506.1,1506.8,1506.1,1506.7,24
2019-09-12 15:15:00,1506.6,1506.9,1506.3,1506.7,19
2019-09-12 15:20:00,1506.7,1507.4,1506.7,1507.3,26
2019-09-12 15:25:00,1507.3,1507.3,1507.0,1507.3,35
2019-09-12 15:30:00,1507.3,1507.6,1506.7,1506.7,55
2019-09-12 15:35:00,1506.8,1506.8,1506.3,1506.7,33
2019-09-12 15:40:00,1506.6,1506.9,1506.2,1506.2,12
2019-09-12 15:45:00,1506.2,1506.5,1505.8,1506.3,49
2019-09-12 15:50:00,1506.5,1507.0,1506.4,1506.8,110
2019-09-12 15:55:00,1506.9,1507.0,1506.6,1506.7,48
2019-09-12 16:00:00,1506.9,1507.2,1505.7,1505.8,77
2019-09-12 16:05:00,1505.9,1506.1,1505.7,1505.7,25
2019-09-12 16:10:00,1505.8,1505.9,1505.7,1505.8,13
2019-09-12 16:15:00,1505.8,1506.0,1505.7,1506.0,19
2019-09-12 16:20:00,1506.1,1506.2,1505.9,1506.0,12
2019-09-12 16:25:00,1505.9,1506.0,1505.8,1506.0,11
2019-09-12 16:30:00,1505.9,1506.7,1505.8,1506.2,33
2019-09-12 16:35:00,1506.2,1506.5,1506.1,1506.5,12
2019-09-12 16:40:00,1506.4,1506.5,1506.1,1506.3,29
2019-09-12 16:45:00,1506.3,1506.6,1506.1,1506.5,17
2019-09-12 16:50:00,1506.4,1506.7,1506.1,1506.7,26
2019-09-12 16:55:00,1506.6,1506.9,1506.4,1506.9,38
2019-09-12 18:00:00,1505.7,1507.3,1505.2,1505.3,55
2019-09-12 18:05:00,1505.6,1506.0,1505.6,1505.9,17
2019-09-12 18:10:00,1505.9,1506.0,1505.8,1505.9,11
2019-09-12 18:15:00,1505.7,1505.8,1504.1,1504.8,81
2019-09-12 18:20:00,1504.8,1505.2,1504.5,1505.2,45
2019-09-12 18:25:00,1505.1,1505.2,1504.6,1504.6,29
2019-09-12 18:30:00,1504.6,1504.9,1504.5,1504.5,9
2019-09-12 18:35:00,1504.4,1504.5,1503.0,1503.9,94
2019-09-12 18:40:00,1503.9,1504.6,1503.9,1504.6,20
2019-09-12 18:45:00,1504.7,1505.0,1504.6,1504.6,35
2019-09-12 18:50:00,1504.8,1504.8,1504.6,1504.8,25
2019-09-12 18:55:00,1504.6,1504.6,1504.0,1504.5,48
2019-09-12 19:00:00,1504.6,1504.6,1503.7,1503.7,44
2019-09-12 19:05:00,1503.8,1504.4,1503.5,1504.3,59
2019-09-12 19:10:00,1504.1,1504.4,1503.6,1504.2,43
2019-09-12 19:15:00,1504.3,1504.8,1504.3,1504.8,19
2019-09-12 19:20:00,1504.8,1505.0,1504.6,1505.0,24
2019-09-12 19:25:00,1505.0,1505.6,1505.0,1505.3,24
2019-09-12 19:30:00,1505.4,1505.9,1505.3,1505.5,30
2019-09-12 19:35:00,1505.3,1505.3,1505.0,1505.0,15
2019-09-12 19:40:00,1505.5,1505.7,1505.5,1505.7,6
2019-09-12 19:45:00,1505.8,1506.1,1505.6,1505.6,36
2019-09-12 19:50:00,1505.6,1505.7,1505.2,1505.2,24
2019-09-12 19:55:00,1505.2,1505.2,1505.2,1505.2,1
2019-10-10 00:00:00,1514.1,1514.1,1513.9,1513.9,6
2019-10-10 00:05:00,1514.0,1514.2,1514.0,1514.0,8
2019-10-10 00:10:00,1514.0,1514.2,1514.0,1514.0,16
2019-10-10 00:15:00,1514.1,1514.1,1514.0,1514.0,14
2019-10-10 00:20:00,1514.1,1514.1,1514.0,1514.1,29
2019-10-10 00:25:00,1514.3,1514.3,1514.0,1514.1,18
2019-10-10 00:30:00,1514.1,1514.1,1513.8,1513.9,21
2019-10-10 00:35:00,1513.8,1513.9,1513.3,1513.5,52
2019-10-10 00:40:00,1513.6,1513.7,1513.5,1513.5,9
2019-10-10 00:45:00,1513.4,1513.4,1513.2,1513.3,13
2019-10-10 00:50:00,1513.3,1513.5,1513.1,1513.5,27
2019-10-10 00:55:00,1513.4,1513.8,1513.4,1513.8,18
2019-10-10 01:00:00,1513.6,1513.6,1513.2,1513.2,30
2019-10-10 01:05:00,1513.2,1513.3,1512.9,1513.0,15
2019-10-10 01:10:00,1513.1,1513.1,1512.4,1512.6,68
2019-10-10 01:15:00,1512.7,1512.9,1512.7,1512.8,12
2019-10-10 01:20:00,1512.8,1513.3,1512.7,1513.3,38
2019-10-10 01:25:00,1513.3,1513.5,1513.1,1513.5,31
2019-10-10 01:30:00,1513.3,1513.5,1512.4,1512.4,66
2019-10-10 01:35:00,1512.4,1512.4,1511.4,1511.8,153
2019-10-10 01:40:00,1511.9,1512.2,1511.7,1512.0,78
2019-10-10 01:45:00,1512.1,1512.4,1510.9,1511.1,150
2019-10-10 01:50:00,1511.2,1511.9,1511.0,1511.8,102
2019-10-10 01:55:00,1511.8,1512.3,1511.6,1511.6,61
2019-10-10 02:00:00,1511.5,1512.2,1511.2,1512.2,68
2019-10-10 02:05:00,1512.0,1513.0,1511.9,1513.0,48
2019-10-10 02:10:00,1512.8,1512.8,1511.8,1512.1,35
2019-10-10 02:15:00,1511.9,1512.2,1511.4,1511.6,96
2019-10-10 02:20:00,1511.5,1511.7,1509.9,1510.3,264
2019-10-10 02:25:00,1510.2,1510.3,1508.7,1510.2,345
2019-10-10 02:30:00,1509.8,1510.3,1509.1,1509.8,151
2019-10-10 02:35:00,1509.9,1510.9,1509.9,1510.0,57
2019-10-10 02:40:00,1509.9,1510.4,1509.2,1510.2,99
2019-10-10 02:45:00,1510.5,1511.3,1510.2,1511.3,119
2019-10-10 02:50:00,1511.3,1512.0,1511.1,1511.8,117
2019-10-10 02:55:00,1511.8,1512.3,1511.3,1511.7,89
2019-10-10 03:00:00,1511.8,1511.9,1511.0,1511.3,92
2019-10-10 03:05:00,1511.0,1511.5,1509.8,1511.5,157
2019-10-10 03:10:00,1511.4,1512.7,1511.4,1512.0,183
2019-10-10 03:15:00,1512.3,1512.7,1512.2,1512.3,96
2019-10-10 03:20:00,1512.3,1512.4,1511.5,1512.0,78
2019-10-10 03:25:00,1512.0,1513.9,1511.9,1513.8,140
2019-10-10 03:30:00,1513.8,1514.9,1513.4,1514.5,211
2019-10-10 03:35:00,1514.7,1515.2,1514.4,1515.2,206
2019-10-10 03:40:00,1515.2,1515.3,1514.5,1514.8,70
2019-10-10 03:45:00,1514.9,1515.0,1514.1,1514.7,119
2019-10-10 03:50:00,1514.9,1515.0,1513.7,1513.9,91
2019-10-10 03:55:00,1513.8,1514.0,1513.3,1513.9,115
2019-10-10 04:00:00,1513.5,1514.8,1513.5,1514.7,88
2019-10-10 04:05:00,1514.7,1514.9,1513.5,1514.4,75
2019-10-10 04:10:00,1514.3,1514.3,1513.8,1514.0,41
2019-10-10 04:15:00,1514.0,1514.6,1513.5,1514.3,63
2019-10-10 04:20:00,1514.0,1514.3,1513.2,1513.2,66
2019-10-10 04:25:00,1513.4,1513.6,1512.0,1512.1,211
2019-10-10 04:30:00,1512.5,1512.8,1512.4,1512.6,64
2019-10-10 04:35:00,1512.7,1513.2,1512.3,1512.8,82
2019-10-10 04:40:00,1512.7,1512.9,1512.4,1512.8,52
2019-10-10 04:45:00,1513.0,1513.0,1512.6,1512.8,57
2019-10-10 04:50:00,1512.6,1513.4,1512.0,1513.4,91
2019-10-10 04:55:00,1513.4,1514.2,1513.4,1513.7,104
2019-10-10 05:00:00,1513.4,1513.5,1512.6,1513.0,73
2019-10-10 05:05:00,1512.9,1513.2,1512.7,1513.2,26
2019-10-10 05:10:00,1513.1,1513.5,1512.6,1513.2,67
2019-10-10 05:15:00,1513.3,1513.4,1512.8,1512.9,43
2019-10-10 05:20:00,1512.6,1512.9,1512.0,1512.4,98
2019-10-10 05:25:00,1512.4,1513.5,1512.4,1513.1,59
2019-10-10 05:30:00,1513.1,1514.3,1512.9,1514.0,147
2019-10-10 05:35:00,1513.9,1513.9,1513.2,1513.3,61
2019-10-10 05:40:00,1513.5,1513.6,1512.7,1513.4,51
2019-10-10 05:45:00,1513.5,1513.5,1512.9,1513.1,40
2019-10-10 05:50:00,1513.1,1513.1,1512.6,1512.8,113
2019-10-10 05:55:00,1512.9,1513.4,1512.7,1513.4,51
2019-10-10 06:00:00,1513.3,1513.9,1512.8,1513.6,75
2019-10-10 06:05:00,1513.7,1514.1,1512.8,1512.9,81
2019-10-10 06:10:00,1512.8,1512.8,1510.3,1511.2,376
2019-10-10 06:15:00,1511.2,1511.6,1510.9,1511.5,60
2019-10-10 06:20:00,1511.7,1512.0,1511.4,1511.7,109
2019-10-10 06:25:00,1511.7,1512.0,1511.2,1511.8,59
2019-10-10 06:30:00,1511.7,1511.7,1511.0,1511.3,54
2019-10-10 06:35:00,1511.3,1511.5,1511.2,1511.3,23
2019-10-10 06:40:00,1511.2,1511.4,1510.3,1510.6,124
2019-10-10 06:45:00,1510.6,1511.5,1510.6,1511.4,73
2019-10-10 06:50:00,1511.4,1511.6,1511.3,1511.5,54
2019-10-10 06:55:00,1511.5,1512.0,1511.4,1511.5,46
2019-10-10 07:00:00,1511.4,1511.4,1510.4,1511.0,104
2019-10-10 07:05:00,1511.2,1513.9,1511.2,1513.2,285
2019-10-10 07:10:00,1513.2,1514.7,1512.2,1512.5,280
2019-10-10 07:15:00,1512.4,1513.0,1512.3,1512.6,136
2019-10-10 07:20:00,1512.7,1512.7,1512.0,1512.7,72
2019-10-10 07:25:00,1512.5,1512.7,1512.3,1512.3,21
2019-10-10 07:30:00,1512.4,1513.4,1512.3,1512.7,77
2019-10-10 07:35:00,1512.7,1513.0,1512.0,1512.9,118
2019-10-10 07:40:00,1513.0,1513.2,1512.4,1512.5,80
2019-10-10 07:45:00,1512.7,1513.5,1512.7,1512.7,108
2019-10-10 07:50:00,1513.0,1513.8,1512.8,1513.5,159
2019-10-10 07:55:00,1513.5,1513.6,1513.1,1513.2,47
2019-10-10 08:00:00,1513.2,1513.3,1511.8,1512.2,206
2019-10-10 08:05:00,1512.3,1513.1,1512.2,1512.8,113
2019-10-10 08:10:00,1512.8,1513.4,1512.2,1513.0,97
2019-10-10 08:15:00,1512.5,1513.3,1512.5,1513.3,75
2019-10-10 08:20:00,1513.4,1514.4,1513.2,1514.4,234
2019-10-10 08:25:00,1514.5,1514.7,1513.8,1514.3,174
2019-10-10 08:30:00,1514.4,1516.5,1512.2,1512.5,602
2019-10-10 08:35:00,1512.5,1512.5,1506.7,1507.7,1550
2019-10-10 08:40:00,1507.3,1508.3,1505.8,1506.2,696
2019-10-10 08:45:00,1506.1,1508.3,1506.1,1508.2,500
2019-10-10 08:50:00,1508.2,1508.3,1507.1,1507.9,233
2019-10-10 08:55:00,1507.8,1508.3,1507.2,1507.6,139
2019-10-10 09:00:00,1507.8,1509.2,1507.0,1508.5,404
2019-10-10 09:05:00,1508.6,1508.9,1507.5,1508.6,189
2019-10-10 09:10:00,1508.6,1508.7,1507.9,1508.4,188
2019-10-10 09:15:00,1508.4,1509.3,1507.8,1507.9,275
2019-10-10 09:20:00,1508.0,1508.8,1506.5,1507.0,397
2019-10-10 09:25:00,1507.1,1507.8,1506.5,1507.0,180
2019-10-10 09:30:00,1507.0,1507.7,1502.8,1504.1,1275
2019-10-10 09:35:00,1504.0,1504.0,1502.1,1502.3,741
2019-10-10 09:40:00,1502.0,1502.4,1500.8,1500.8,698
2019-10-10 09:45:00,1500.7,1502.8,1500.5,1501.9,452
2019-10-10 09:50:00,1501.8,1501.9,1498.1,1499.6,983
2019-10-10 09:55:00,1499.4,1500.5,1498.6,1499.3,552
2019-10-10 10:00:00,1499.5,1500.0,1498.4,1499.0,420
2019-10-10 10:05:00,1499.0,1500.0,1498.2,1499.8,291
2019-10-10 10:10:00,1499.6,1501.4,1499.1,1500.5,502
2019-10-10 10:15:00,1500.3,1500.3,1496.6,1497.3,886
2019-10-10 10:20:00,1497.2,1498.5,1496.2,1498.2,542
2019-10-10 10:25:00,1497.9,1499.3,1497.2,1498.9,378
2019-10-10 10:30:00,1498.9,1499.6,1498.1,1498.3,325
2019-10-10 10:35:00,1498.1,1499.7,1497.7,1499.4,271
2019-10-10 10:40:00,1499.3,1499.8,1498.7,1498.9,235
2019-10-10 10:45:00,1498.7,1499.6,1498.0,1499.4,194
2019-10-10 10:50:00,1499.4,1499.5,1498.0,1498.7,155
2019-10-10 10:55:00,1498.7,1499.0,1497.9,1498.1,138
2019-10-10 11:00:00,1498.0,1498.9,1497.3,1498.4,280
2019-10-10 11:05:00,1498.5,1498.9,1497.4,1497.8,173
2019-10-10 11:10:00,1497.7,1498.1,1496.7,1496.8,249
2019-10-10 11:15:00,1496.7,1498.1,1496.5,1497.8,221
2019-10-10 11:20:00,1497.8,1498.6,1497.6,1498.3,108
2019-10-10 11:25:00,1498.5,1500.1,1498.5,1499.7,337
2019-10-10 11:30:00,1499.8,1500.1,1499.2,1499.6,190
2019-10-10 11:35:00,1499.6,1500.4,1499.2,1499.4,175
2019-10-10 11:40:00,1499.5,1499.8,1499.0,1499.8,96
2019-10-10 11:45:00,1499.7,1499.8,1499.3,1499.6,68
2019-10-10 11:50:00,1499.7,1499.8,1499.1,1499.5,112
2019-10-10 11:55:00,1499.5,1500.2,1499.0,1499.2,148
2019-10-10 12:00:00,1499.2,1499.3,1498.4,1498.9,136
2019-10-10 12:05:00,1499.0,1500.8,1498.8,1500.8,190
2019-10-10 12:10:00,1500.8,1501.7,1500.5,1501.5,291
2019-10-10 12:15:00,1501.6,1502.2,1501.3,1501.8,240
2019-10-10 12:20:00,1501.8,1502.3,1501.6,1501.8,80
2019-10-10 12:25:00,1501.8,1502.4,1501.4,1501.5,119
2019-10-10 12:30:00,1501.6,1502.2,1500.9,1502.0,166
2019-10-10 12:35:00,1502.1,1502.2,1501.5,1501.5,103
2019-10-10 12:40:00,1501.5,1501.6,1500.1,1500.3,161
2019-10-10 12:45:00,1500.3,1500.8,1500.3,1500.7,98
2019-10-10 12:50:00,1500.6,1500.7,1499.8,1500.0,132
2019-10-10 12:55:00,1500.0,1500.2,1499.5,1499.9,99
2019-10-10 13:00:00,1499.9,1502.1,1499.9,1501.9,146
2019-10-10 13:05:00,1502.2,1502.4,1501.5,1501.7,165
2019-10-10 13:10:00,1501.6,1501.8,1501.1,1501.6,61
2019-10-10 13:15:00,1501.8,1501.8,1501.3,1501.3,91
2019-10-10 13:20:00,1501.4,1501.9,1501.3,1501.9,78
2019-10-10 13:25:00,1501.5,1501.7,1500.7,1501.0,74
2019-10-10 13:30:00,1501.0,1502.9,1501.0,1502.2,231
2019-10-10 13:35:00,1502.3,1502.8,1502.2,1502.5,117
2019-10-10 13:40:00,1502.5,1502.8,1502.3,1502.5,57
2019-10-10 13:45:00,1502.5,1502.8,1502.2,1502.4,84
2019-10-10 13:50:00,1502.4,1502.5,1501.4,1502.2,132
2019-10-10 13:55:00,1502.4,1502.4,1501.4,1501.7,94
2019-10-10 14:00:00,1501.9,1502.1,1501.2,1501.2,76
2019-10-10 14:05:00,1501.3,1504.5,1501.3,1503.0,533
2019-10-10 14:10:00,1503.1,1503.2,1501.4,1501.9,240
2019-10-10 14:15:00,1501.8,1502.1,1500.9,1501.6,145
2019-10-10 14:20:00,1501.4,1501.5,1500.7,1501.3,89
2019-10-10 14:25:00,1501.2,1501.9,1500.9,1501.2,97
2019-10-10 14:30:00,1501.2,1501.7,1500.2,1501.0,113
2019-10-10 14:35:00,1500.8,1500.9,1498.8,1500.2,293
2019-10-10 14:40:00,1500.4,1500.9,1500.3,1500.7,61
2019-10-10 14:45:00,1500.8,1500.8,1499.6,1500.0,71
2019-10-10 14:50:00,1500.1,1500.7,1499.8,1500.4,24
2019-10-10 14:55:00,1500.3,1500.3,1499.2,1499.5,125
2019-10-10 15:00:00,1499.5,1499.9,1498.6,1498.8,111
2019-10-10 15:05:00,1499.0,1499.2,1498.7,1499.1,55
2019-10-10 15:10:00,1499.4,1499.7,1499.2,1499.4,36
2019-10-10 15:15:00,1499.4,1500.1,1499.3,1499.4,52
2019-10-10 15:20:00,1499.4,1499.7,1498.9,1499.0,69
2019-10-10 15:25:00,1499.0,1499.3,1498.9,1499.1,69
2019-10-10 15:30:00,1499.1,1499.4,1499.0,1499.1,41
2019-10-10 15:35:00,1499.1,1499.2,1498.5,1498.8,114
2019-10-10 15:40:00,1498.9,1498.9,1498.1,1498.7,97
2019-10-10 15:45:00,1498.8,1498.9,1498.4,1498.5,48
2019-10-10 15:50:00,1498.6,1499.3,1498.0,1498.4,169
2019-10-10 15:55:00,1498.5,1498.9,1498.3,1498.8,49
2019-10-10 16:00:00,1499.0,1499.0,1498.2,1498.5,44
2019-10-10 16:05:00,1498.4,1498.7,1498.4,1498.5,20
2019-10-10 16:10:00,1498.6,1498.7,1498.5,1498.6,49
2019-10-10 16:15:00,1498.5,1498.5,1498.2,1498.2,14
2019-10-10 16:20:00,1498.5,1498.9,1498.5,1498.7,8
2019-10-10 16:25:00,1498.7,1498.8,1498.6,1498.8,18
2019-10-10 16:30:00,1498.8,1498.9,1495.7,1498.0,367
2019-10-10 16:35:00,1498.0,1498.1,1497.0,1497.7,116
2019-10-10 16:40:00,1497.6,1498.0,1497.5,1497.6,37
2019-10-10 16:45:00,1497.6,1497.8,1497.5,1497.8,23
2019-10-10 16:50:00,1497.7,1498.2,1497.6,1498.0,44
2019-10-10 16:55:00,1498.0,1498.6,1497.9,1498.6,52
2019-10-10 18:00:00,1498.4,1499.9,1498.4,1499.0,113
2019-10-10 18:05:00,1499.2,1500.0,1499.2,1499.3,45
2019-10-10 18:10:00,1499.1,1499.5,1498.9,1498.9,14
2019-10-10 18:15:00,1499.0,1499.2,1498.8,1499.2,16
2019-10-10 18:20:00,1499.3,1499.4,1499.1,1499.2,37
2019-10-10 18:25:00,1499.2,1499.2,1498.8,1499.0,22
2019-10-10 18:30:00,1498.8,1498.8,1497.5,1497.7,85
2019-10-10 18:35:00,1497.7,1497.8,1496.9,1497.0,66
2019-10-10 18:40:00,1497.1,1497.6,1497.1,1497.6,35
2019-10-10 18:45:00,1497.6,1497.8,1497.6,1497.7,34
2019-10-10 18:50:00,1497.8,1498.2,1497.4,1498.2,25
2019-10-10 18:55:00,1498.1,1498.2,1495.9,1497.7,88
2019-10-10 19:00:00,1498.0,1498.3,1497.8,1498.0,58
2019-10-10 19:05:00,1497.9,1498.1,1497.7,1498.0,25
2019-10-10 19:10:00,1498.0,1498.2,1497.8,1497.8,22
2019-10-10 19:15:00,1498.0,1498.0,1497.3,1497.4,31
2019-10-10 19:20:00,1497.4,1498.0,1497.4,1498.0,36
2019-10-10 19:25:00,1498.1,1498.2,1497.7,1498.1,42
2019-10-10 19:30:00,1498.3,1498.6,1498.3,1498.4,57
2019-10-10 19:35:00,1498.5,1498.8,1498.5,1498.8,68
2019-10-10 19:40:00,1498.7,1498.7,1497.9,1498.2,37
2019-10-10 19:45:00,1498.5,1499.1,1498.5,1498.8,45
2019-10-10 19:50:00,1498.8,1499.1,1498.5,1498.8,37
2019-10-10 19:55:00,1498.8,1498.8,1498.6,1498.6,14
2019-11-13 00:00:00,1461.0,1461.1,1460.7,1460.9,29
2019-11-13 00:05:00,1461.0,1461.0,1460.7,1460.9,35
2019-11-13 00:10:00,1460.9,1461.1,1460.7,1460.8,35
2019-11-13 00:15:00,1460.7,1461.0,1460.7,1460.8,49
2019-11-13 00:20:00,1461.2,1461.3,1461.2,1461.3,10
2019-11-13 00:25:00,1461.2,1461.6,1461.2,1461.5,35
2019-11-13 00:30:00,1461.6,1461.8,1460.5,1461.0,182
2019-11-13 00:35:00,1461.0,1461.4,1460.9,1461.2,97
2019-11-13 00:40:00,1461.2,1461.6,1460.9,1461.3,64
2019-11-13 00:45:00,1461.5,1462.5,1461.5,1462.2,178
2019-11-13 00:50:00,1462.1,1462.2,1461.7,1461.8,150
2019-11-13 00:55:00,1461.9,1462.0,1461.6,1462.0,51
2019-11-13 01:00:00,1462.1,1462.4,1461.8,1462.4,96
2019-11-13 01:05:00,1462.1,1463.6,1462.0,1463.4,250
2019-11-13 01:10:00,1463.4,1463.9,1463.0,1463.8,211
2019-11-13 01:15:00,1463.7,1463.7,1462.9,1463.2,101
2019-11-13 01:20:00,1463.2,1463.2,1462.8,1463.0,51
2019-11-13 01:25:00,1463.0,1463.3,1462.8,1463.0,93
2019-11-13 01:30:00,1463.0,1463.0,1462.6,1462.7,35
2019-11-13 01:35:00,1462.6,1463.1,1462.6,1463.1,51
2019-11-13 01:40:00,1463.1,1463.2,1463.0,1463.2,32
2019-11-13 01:45:00,1463.3,1463.4,1462.8,1462.8,58
2019-11-13 01:50:00,1462.8,1463.0,1462.6,1462.6,50
2019-11-13 01:55:00,1462.6,1462.6,1462.2,1462.5,57
2019-11-13 02:00:00,1462.4,1463.1,1462.3,1462.8,116
2019-11-13 02:05:00,1462.9,1463.1,1462.6,1463.0,31
2019-11-13 02:10:00,1463.0,1463.1,1462.6,1462.6,32
2019-11-13 02:15:00,1462.6,1463.1,1462.5,1462.8,29
2019-11-13 02:20:00,1463.0,1463.4,1463.0,1463.0,69
2019-11-13 02:25:00,1463.1,1463.1,1462.8,1463.0,40
2019-11-13 02:30:00,1463.1,1463.6,1462.8,1463.1,81
2019-11-13 02:35:00,1463.0,1463.0,1462.5,1462.7,41
2019-11-13 02:40:00,1462.7,1462.9,1461.9,1462.1,118
2019-11-13 02:45:00,1462.1,1462.1,1461.0,1461.8,164
2019-11-13 02:50:00,1461.7,1461.7,1461.2,1461.5,92
2019-11-13 02:55:00,1461.3,1461.7,1461.2,1461.5,102
2019-11-13 03:00:00,1461.4,1461.6,1460.7,1460.7,205
2019-11-13 03:05:00,1460.8,1460.9,1460.0,1460.0,288
2019-11-13 03:10:00,1460.1,1460.9,1460.0,1460.8,170
2019-11-13 03:15:00,1460.8,1461.2,1460.8,1461.0,129
2019-11-13 03:20:00,1461.0,1461.1,1460.3,1460.3,109
2019-11-13 03:25:00,1460.3,1460.4,1459.2,1459.5,285
2019-11-13 03:30:00,1459.5,1459.5,1458.6,1458.8,224
2019-11-13 03:35:00,1458.8,1459.1,1458.6,1458.9,120
2019-11-13 03:40:00,1458.8,1459.6,1458.8,1459.4,146
2019-11-13 03:45:00,1459.4,1460.7,1459.4,1460.1,362
2019-11-13 03:50:00,1460.0,1461.1,1460.0,1461.1,161
2019-11-13 03:55:00,1461.1,1461.9,1461.0,1461.9,132
2019-11-13 04:00:00,1461.9,1462.9,1461.7,1462.9,321
2019-11-13 04:05:00,1462.8,1463.5,1462.4,1462.8,262
2019-11-13 04:10:00,1463.0,1464.7,1462.7,1464.3,396
2019-11-13 04:15:00,1464.3,1464.8,1464.1,1464.6,197
2019-11-13 04:20:00,1464.4,1464.5,1464.0,1464.2,163
2019-11-13 04:25:00,1464.2,1464.5,1463.0,1464.5,316
2019-11-13 04:30:00,1464.6,1465.3,1463.9,1464.2,294
2019-11-13 04:35:00,1464.0,1466.0,1463.9,1465.9,341
2019-11-13 04:40:00,1465.9,1466.6,1465.7,1466.4,255
2019-11-13 04:45:00,1466.4,1466.6,1466.1,1466.3,174
2019-11-13 04:50:00,1466.1,1466.9,1465.4,1466.7,269
2019-11-13 04:55:00,1466.8,1467.1,1466.1,1466.5,184
2019-11-13 05:00:00,1466.5,1466.7,1465.7,1465.8,151
2019-11-13 05:05:00,1465.7,1465.9,1465.1,1465.4,230
2019-11-13 05:10:00,1465.4,1465.8,1465.2,1465.5,76
2019-11-13 05:15:00,1465.3,1465.7,1464.2,1464.4,121
2019-11-13 05:20:00,1464.4,1464.6,1464.0,1464.3,171
2019-11-13 05:25:00,1464.2,1464.8,1464.2,1464.7,89
2019-11-13 05:30:00,1464.7,1464.7,1464.0,1464.6,188
2019-11-13 05:35:00,1464.7,1465.9,1464.7,1465.7,239
2019-11-13 05:40:00,1465.7,1465.7,1465.1,1465.1,94
2019-11-13 05:45:00,1465.1,1465.3,1464.5,1464.5,112
2019-11-13 05:50:00,1464.5,1464.9,1464.5,1464.7,60
2019-11-13 05:55:00,1464.6,1464.7,1464.2,1464.4,79
2019-11-13 06:00:00,1464.4,1465.2,1464.3,1464.9,103
2019-11-13 06:05:00,1464.7,1464.7,1464.3,1464.4,75
2019-11-13 06:10:00,1464.5,1465.2,1464.5,1464.9,91
2019-11-13 06:15:00,1465.0,1465.4,1464.4,1465.3,281
2019-11-13 06:20:00,1465.4,1465.7,1464.9,1465.6,93
2019-11-13 06:25:00,1465.5,1465.9,1465.5,1465.6,81
2019-11-13 06:30:00,1465.5,1465.5,1465.1,1465.4,37
2019-11-13 06:35:00,1465.5,1466.6,1465.4,1466.4,151
2019-11-13 06:40:00,1466.4,1466.6,1466.2,1466.4,69
2019-11-13 06:45:00,1466.3,1467.0,1465.7,1465.8,190
2019-11-13 06:50:00,1465.6,1466.0,1465.4,1465.7,125
2019-11-13 06:55:00,1465.6,1466.2,1465.3,1465.8,63
2019-11-13 07:00:00,1465.5,1465.8,1465.0,1465.5,430
2019-11-13 07:05:00,1465.5,1466.7,1465.5,1466.0,188
2019-11-13 07:10:00,1466.1,1466.3,1465.8,1465.8,71
2019-11-13 07:15:00,1465.9,1466.4,1465.9,1466.2,45
2019-11-13 07:20:00,1466.3,1466.8,1466.0,1466.2,132
2019-11-13 07:25:00,1466.3,1466.4,1465.6,1465.9,156
2019-11-13 07:30:00,1466.0,1467.0,1465.9,1466.2,217
2019-11-13 07:35:00,1466.3,1467.4,1466.2,1466.3,364
2019-11-13 07:40:00,1466.2,1467.1,1466.2,1466.5,154
2019-11-13 07:45:00,1466.7,1467.0,1466.4,1466.7,78
2019-11-13 07:50:00,1466.5,1466.5,1465.2,1465.4,217
2019-11-13 07:55:00,1465.4,1466.0,1465.1,1465.6,189
2019-11-13 08:00:00,1465.6,1465.6,1464.1,1464.2,398
2019-11-13 08:05:00,1464.1,1464.4,1463.3,1464.2,395
2019-11-13 08:10:00,1464.2,1465.0,1464.1,1464.7,207
2019-11-13 08:15:00,1464.5,1465.2,1464.3,1464.6,258
2019-11-13 08:20:00,1464.6,1464.6,1463.6,1463.9,315
2019-11-13 08:25:00,1463.9,1464.9,1463.7,1464.0,177
2019-11-13 08:30:00,1463.9,1465.2,1462.2,1463.5,798
2019-11-13 08:35:00,1463.5,1464.3,1462.5,1464.2,467
2019-11-13 08:40:00,1464.2,1464.7,1463.6,1464.5,199
2019-11-13 08:45:00,1464.5,1464.5,1462.9,1463.0,263
2019-11-13 08:50:00,1463.2,1463.4,1462.6,1463.1,138
2019-11-13 08:55:00,1463.1,1463.1,1462.3,1462.5,139
2019-11-13 09:00:00,1462.4,1462.8,1460.8,1461.4,569
2019-11-13 09:05:00,1461.3,1463.3,1461.2,1463.2,416
2019-11-13 09:10:00,1463.3,1464.0,1463.0,1463.6,239
2019-11-13 09:15:00,1463.6,1464.4,1463.1,1463.2,295
2019-11-13 09:20:00,1463.4,1463.7,1462.8,1463.4,243
2019-11-13 09:25:00,1463.2,1464.1,1463.1,1463.4,203
2019-11-13 09:30:00,1463.3,1464.7,1462.4,1462.4,575
2019-11-13 09:35:00,1462.4,1462.5,1461.6,1462.4,419
2019-11-13 09:40:00,1462.2,1464.7,1461.9,1464.6,467
2019-11-13 09:45:00,1464.5,1464.9,1463.7,1464.6,310
2019-11-13 09:50:00,1464.6,1465.5,1464.1,1464.3,548
2019-11-13 09:55:00,1464.2,1464.6,1463.3,1463.5,250
2019-11-13 10:00:00,1463.4,1464.3,1463.2,1463.8,310
2019-11-13 10:05:00,1463.8,1463.9,1462.8,1463.0,214
2019-11-13 10:10:00,1463.0,1464.2,1462.9,1463.9,148
2019-11-13 10:15:00,1463.8,1463.8,1463.0,1463.5,101
2019-11-13 10:20:00,1463.7,1464.0,1463.3,1464.0,115
2019-11-13 10:25:00,1464.1,1464.8,1464.1,1464.6,168
2019-11-13 10:30:00,1464.5,1466.0,1464.2,1465.7,271
2019-11-13 10:35:00,1465.9,1466.6,1465.0,1465.0,491
2019-11-13 10:40:00,1465.0,1465.6,1464.8,1465.3,208
2019-11-13 10:45:00,1465.3,1466.4,1465.1,1465.7,217
2019-11-13 10:50:00,1465.7,1466.3,1465.5,1466.1,351
2019-11-13 10:55:00,1465.9,1466.3,1465.7,1466.1,121
2019-11-13 11:00:00,1466.2,1466.8,1465.4,1466.3,209
2019-11-13 11:05:00,1466.4,1466.7,1466.1,1466.6,137
2019-11-13 11:10:00,1466.3,1466.5,1465.1,1465.1,284
2019-11-13 11:15:00,1465.1,1465.1,1464.3,1464.9,300
2019-11-13 11:20:00,1464.8,1464.9,1464.1,1464.4,169
2019-11-13 11:25:00,1464.2,1464.3,1463.7,1464.1,148
2019-11-13 11:30:00,1464.0,1464.3,1463.5,1463.8,169
2019-11-13 11:35:00,1464.0,1464.1,1463.3,1463.6,110
2019-11-13 11:40:00,1463.6,1464.0,1463.1,1463.2,182
2019-11-13 11:45:00,1463.2,1463.9,1463.2,1463.4,100
2019-11-13 11:50:00,1463.4,1463.4,1462.9,1463.2,100
2019-11-13 11:55:00,1463.2,1463.4,1462.9,1462.9,135
2019-11-13 12:00:00,1463.0,1463.0,1462.2,1462.3,215
2019-11-13 12:05:00,1462.2,1462.7,1461.8,1462.0,129
2019-11-13 12:10:00,1462.1,1462.1,1461.4,1461.8,151
2019-11-13 12:15:00,1461.8,1462.0,1461.5,1461.8,132
2019-11-13 12:20:00,1461.9,1463.0,1461.9,1463.0,162
2019-11-13 12:25:00,1463.0,1463.0,1462.2,1462.9,93
2019-11-13 12:30:00,1463.0,1463.5,1463.0,1463.5,93
2019-11-13 12:35:00,1463.6,1463.8,1463.1,1463.6,120
2019-11-13 12:40:00,1463.5,1463.6,1463.1,1463.2,76
2019-11-13 12:45:00,1463.1,1463.2,1462.5,1462.6,65
2019-11-13 12:50:00,1462.7,1462.8,1462.1,1462.4,95
2019-11-13 12:55:00,1462.4,1462.4,1461.7,1461.7,178
2019-11-13 13:00:00,1461.7,1462.2,1461.6,1462.0,89
2019-11-13 13:05:00,1462.0,1462.2,1461.8,1462.2,31
2019-11-13 13:10:00,1462.3,1462.7,1462.1,1462.5,69
2019-11-13 13:15:00,1462.6,1463.4,1462.6,1462.9,135
2019-11-13 13:20:00,1462.9,1463.2,1462.3,1462.9,88
2019-11-13 13:25:00,1462.9,1463.5,1462.3,1463.5,120
2019-11-13 13:30:00,1463.4,1463.5,1463.1,1463.3,78
2019-11-13 13:35:00,1463.2,1463.2,1462.3,1462.7,65
2019-11-13 13:40:00,1462.6,1462.8,1462.5,1462.6,27
2019-11-13 13:45:00,1462.6,1462.6,1462.0,1462.0,32
2019-11-13 13:50:00,1462.2,1462.5,1462.0,1462.1,30
2019-11-13 13:55:00,1461.9,1465.5,1461.6,1464.5,1036
2019-11-13 14:00:00,1464.4,1466.1,1464.0,1465.5,425
2019-11-13 14:05:00,1465.6,1467.3,1465.5,1466.6,304
2019-11-13 14:10:00,1466.8,1468.0,1466.7,1467.6,447
2019-11-13 14:15:00,1467.6,1467.7,1466.2,1466.7,239
2019-11-13 14:20:00,1466.7,1467.2,1466.4,1467.1,71
2019-11-13 14:25:00,1467.0,1467.7,1466.8,1466.9,119
2019-11-13 14:30:00,1466.9,1466.9,1466.0,1466.4,127
2019-11-13 14:35:00,1466.3,1466.5,1466.0,1466.2,64
2019-11-13 14:40:00,1465.9,1465.9,1465.1,1465.4,154
2019-11-13 14:45:00,1465.2,1465.4,1464.6,1464.6,83
2019-11-13 14:50:00,1464.7,1465.0,1464.4,1464.7,119
2019-11-13 14:55:00,1464.8,1464.9,1464.3,1464.4,66
2019-11-13 15:00:00,1464.3,1464.3,1463.3,1463.7,187
2019-11-13 15:05:00,1463.7,1464.2,1463.7,1464.1,40
2019-11-13 15:10:00,1464.1,1464.3,1464.0,1464.0,37
2019-11-13 15:15:00,1464.1,1464.5,1464.1,1464.3,22
2019-11-13 15:20:00,1464.3,1464.3,1464.0,1464.1,36
2019-11-13 15:25:00,1464.5,1464.8,1464.3,1464.8,34
2019-11-13 15:30:00,1464.7,1464.7,1464.0,1464.2,36
2019-11-13 15:35:00,1464.4,1464.9,1464.4,1464.9,25
2019-11-13 15:40:00,1464.8,1464.8,1463.8,1463.9,41
2019-11-13 15:45:00,1463.7,1464.0,1463.7,1463.9,41
2019-11-13 15:50:00,1464.0,1464.8,1464.0,1464.5,59
2019-11-13 15:55:00,1464.4,1465.2,1464.3,1465.2,65
2019-11-13 16:00:00,1465.3,1465.3,1464.7,1464.8,65
2019-11-13 16:05:00,1464.9,1464.9,1463.9,1464.4,47
2019-11-13 16:10:00,1464.2,1464.5,1463.9,1464.0,46
2019-11-13 16:15:00,1464.3,1464.3,1464.1,1464.2,10
2019-11-13 16:20:00,1464.1,1464.1,1463.8,1463.8,12
2019-11-13 16:25:00,1463.7,1463.8,1463.0,1463.1,57
2019-11-13 16:30:00,1463.0,1463.4,1462.8,1463.2,54
2019-11-13 16:35:00,1463.1,1463.5,1463.0,1463.4,7
2019-11-13 16:40:00,1463.4,1463.7,1463.4,1463.7,41
2019-11-13 16:45:00,1463.7,1463.9,1463.7,1463.9,18
2019-11-13 16:50:00,1463.9,1464.1,1463.9,1464.0,40
2019-11-13 16:55:00,1464.0,1464.3,1463.9,1464.1,50
2019-11-13 18:00:00,1464.0,1464.9,1464.0,1464.9,53
2019-11-13 18:05:00,1464.9,1465.2,1464.9,1464.9,31
2019-11-13 18:10:00,1464.9,1465.0,1464.6,1464.6,286
2019-11-13 18:15:00,1464.9,1465.0,1464.7,1464.9,17
2019-11-13 18:20:00,1464.8,1465.0,1464.8,1465.0,28
2019-11-13 18:25:00,1464.9,1464.9,1464.8,1464.9,20
2019-11-13 18:30:00,1464.8,1464.9,1464.7,1464.8,23
2019-11-13 18:35:00,1465.0,1465.1,1464.8,1464.8,14
2019-11-13 18:40:00,1464.8,1464.9,1464.8,1464.9,10
2019-11-13 18:45:00,1464.8,1464.9,1464.3,1464.4,35
2019-11-13 18:50:00,1464.5,1464.5,1464.4,1464.5,12
2019-11-13 18:55:00,1464.5,1464.5,1464.1,1464.2,23
2019-12-11 00:00:00,1467.8,1468.0,1467.8,1467.8,12
2019-12-11 00:05:00,1467.9,1467.9,1467.8,1467.8,5
2019-12-11 00:10:00,1467.8,1467.8,1467.6,1467.7,16
2019-12-11 00:15:00,1467.7,1467.7,1467.6,1467.6,10
2019-12-11 00:20:00,1467.6,1467.9,1467.6,1467.8,13
2019-12-11 00:25:00,1467.9,1468.2,1467.9,1468.1,20
2019-12-11 00:30:00,1468.2,1468.3,1467.9,1468.0,67
2019-12-11 00:35:00,1468.0,1468.2,1468.0,1468.2,3
2019-12-11 00:40:00,1468.1,1468.1,1467.7,1467.7,38
2019-12-11 00:45:00,1467.6,1467.7,1467.4,1467.6,47
2019-12-11 00:50:00,1467.7,1467.9,1467.5,1467.7,22
2019-12-11 00:55:00,1467.5,1467.6,1467.5,1467.5,14
2019-12-11 01:00:00,1467.4,1467.6,1467.3,1467.6,38
2019-12-11 01:05:00,1467.6,1467.9,1467.6,1467.9,7
2019-12-11 01:10:00,1467.9,1467.9,1467.7,1467.7,8
2019-12-11 01:15:00,1467.8,1468.0,1467.8,1468.0,9
2019-12-11 01:20:00,1467.9,1467.9,1467.9,1467.9,8
2019-12-11 01:25:00,1467.9,1468.1,1467.9,1468.0,11
2019-12-11 01:30:00,1468.1,1468.1,1467.9,1467.9,7
2019-12-11 01:35:00,1467.9,1467.9,1467.9,1467.9,18
2019-12-11 01:40:00,1468.1,1468.4,1468.1,1468.4,36
2019-12-11 01:45:00,1468.4,1468.4,1468.3,1468.4,16
2019-12-11 01:50:00,1468.3,1468.3,1467.9,1467.9,15
2019-12-11 01:55:00,1467.9,1468.1,1467.9,1467.9,6
2019-12-11 02:00:00,1467.9,1467.9,1467.6,1467.6,23
2019-12-11 02:05:00,1467.6,1467.8,1467.6,1467.8,13
2019-12-11 02:10:00,1467.8,1468.0,1467.8,1468.0,23
2019-12-11 02:15:00,1468.1,1468.3,1468.0,1468.3,12
2019-12-11 02:20:00,1468.5,1469.1,1468.4,1469.0,72
2019-12-11 02:25:00,1469.1,1469.2,1468.7,1468.8,50
2019-12-11 02:30:00,1468.9,1469.3,1468.9,1469.1,73
2019-12-11 02:35:00,1469.2,1469.5,1469.1,1469.5,53
2019-12-11 02:40:00,1469.5,1469.7,1469.2,1469.4,49
2019-12-11 02:45:00,1469.7,1469.8,1469.1,1469.2,66
2019-12-11 02:50:00,1469.2,1469.4,1468.9,1469.4,31
2019-12-11 02:55:00,1469.4,1469.6,1469.2,1469.6,46
2019-12-11 03:00:00,1469.6,1469.8,1468.2,1468.6,107
2019-12-11 03:05:00,1468.6,1469.2,1468.3,1469.1,38
2019-12-11 03:10:00,1469.1,1469.4,1469.0,1469.2,28
2019-12-11 03:15:00,1469.3,1469.9,1466.9,1467.2,155
2019-12-11 03:20:00,1467.3,1468.1,1467.3,1468.0,105
2019-12-11 03:25:00,1467.8,1468.3,1467.7,1468.2,56
2019-12-11 03:30:00,1468.1,1468.2,1467.5,1468.2,63
2019-12-11 03:35:00,1468.1,1468.3,1467.8,1468.3,17
2019-12-11 03:40:00,1468.4,1469.3,1468.4,1468.9,53
2019-12-11 03:45:00,1469.0,1469.5,1468.8,1469.1,62
2019-12-11 03:50:00,1469.4,1470.5,1468.9,1469.9,177
2019-12-11 03:55:00,1470.2,1471.1,1470.0,1470.9,241
2019-12-11 04:00:00,1470.9,1471.3,1470.7,1470.9,117
2019-12-11 04:05:00,1471.0,1471.0,1470.6,1470.6,83
2019-12-11 04:10:00,1470.7,1470.8,1470.4,1470.7,46
2019-12-11 04:15:00,1470.6,1470.6,1470.2,1470.2,41
2019-12-11 04:20:00,1470.4,1470.9,1470.4,1470.7,46
2019-12-11 04:25:00,1470.4,1470.5,1470.2,1470.4,43
2019-12-11 04:30:00,1470.7,1471.0,1470.4,1470.5,66
2019-12-11 04:35:00,1470.7,1471.1,1470.6,1470.6,42
2019-12-11 04:40:00,1470.7,1471.3,1470.7,1471.2,45
2019-12-11 04:45:00,1471.1,1471.5,1471.1,1471.1,92
2019-12-11 04:50:00,1471.1,1471.5,1471.0,1471.5,45
2019-12-11 04:55:00,1471.5,1471.6,1471.2,1471.5,37
2019-12-11 05:00:00,1471.3,1471.4,1471.0,1471.0,45
2019-12-11 05:05:00,1471.2,1471.8,1471.2,1471.6,92
2019-12-11 05:10:00,1471.5,1471.7,1471.3,1471.6,21
2019-12-11 05:15:00,1471.5,1471.6,1471.2,1471.3,27
2019-12-11 05:20:00,1471.3,1471.7,1471.3,1471.6,40
2019-12-11 05:25:00,1471.5,1471.8,1471.2,1471.6,44
2019-12-11 05:30:00,1471.6,1472.2,1471.6,1471.8,102
2019-12-11 05:35:00,1471.8,1471.9,1471.4,1471.6,76
2019-12-11 05:40:00,1471.7,1471.8,1471.5,1471.8,53
2019-12-11 05:45:00,1471.7,1472.0,1471.3,1471.5,71
2019-12-11 05:50:00,1471.4,1471.7,1471.3,1471.3,54
2019-12-11 05:55:00,1471.3,1471.5,1471.3,1471.3,33
2019-12-11 06:00:00,1471.3,1471.4,1470.8,1471.3,118
2019-12-11 06:05:00,1471.2,1471.3,1470.7,1470.7,48
2019-12-11 06:10:00,1470.7,1471.4,1470.5,1471.2,80
2019-12-11 06:15:00,1471.0,1471.7,1471.0,1471.7,36
2019-12-11 06:20:00,1471.8,1471.8,1471.4,1471.7,62
2019-12-11 06:25:00,1471.6,1471.6,1471.4,1471.4,24
2019-12-11 06:30:00,1471.4,1471.6,1471.3,1471.3,34
2019-12-11 06:35:00,1471.3,1471.3,1470.9,1471.2,59
2019-12-11 06:40:00,1471.1,1471.2,1470.9,1470.9,29
2019-12-11 06:45:00,1471.0,1471.3,1471.0,1471.3,21
2019-12-11 06:50:00,1471.2,1471.3,1471.1,1471.3,14
2019-12-11 06:55:00,1471.4,1471.6,1471.1,1471.1,34
2019-12-11 07:00:00,1470.9,1470.9,1470.4,1470.4,71
2019-12-11 07:05:00,1470.6,1470.7,1470.3,1470.5,47
2019-12-11 07:10:00,1470.6,1470.6,1469.8,1470.4,138
2019-12-11 07:15:00,1470.4,1470.6,1470.3,1470.6,52
2019-12-11 07:20:00,1470.7,1470.8,1470.3,1470.3,29
2019-12-11 07:25:00,1470.4,1470.4,1470.3,1470.3,10
2019-12-11 07:30:00,1470.4,1470.7,1470.3,1470.3,14
2019-12-11 07:35:00,1470.3,1470.5,1470.1,1470.5,22
2019-12-11 07:40:00,1470.4,1471.1,1470.4,1470.9,69
2019-12-11 07:45:00,1470.8,1471.0,1470.1,1470.1,106
2019-12-11 07:50:00,1470.3,1472.2,1470.3,1471.4,275
2019-12-11 07:55:00,1471.5,1471.5,1470.7,1470.8,122
2019-12-11 08:00:00,1470.7,1470.7,1470.3,1470.6,63
2019-12-11 08:05:00,1470.5,1470.6,1469.8,1470.0,115
2019-12-11 08:10:00,1470.0,1470.2,1469.6,1469.7,104
2019-12-11 08:15:00,1469.9,1470.3,1469.8,1470.0,53
2019-12-11 08:20:00,1469.9,1470.9,1469.7,1470.5,74
2019-12-11 08:25:00,1470.5,1471.3,1470.5,1470.6,105
2019-12-11 08:30:00,1470.6,1471.4,1469.7,1471.2,310
2019-12-11 08:35:00,1471.3,1472.4,1471.2,1472.3,293
2019-12-11 08:40:00,1472.4,1472.7,1471.9,1471.9,208
2019-12-11 08:45:00,1472.0,1472.1,1471.2,1471.2,106
2019-12-11 08:50:00,1471.2,1472.0,1471.2,1471.7,97
2019-12-11 08:55:00,1471.8,1472.0,1471.4,1471.4,59
2019-12-11 09:00:00,1471.6,1472.1,1471.5,1472.1,50
2019-12-11 09:05:00,1472.1,1472.2,1471.6,1471.8,119
2019-12-11 09:10:00,1471.6,1472.1,1471.3,1471.4,76
2019-12-11 09:15:00,1471.4,1471.7,1471.1,1471.2,114
2019-12-11 09:20:00,1471.2,1471.7,1471.0,1471.5,57
2019-12-11 09:25:00,1471.6,1471.7,1471.1,1471.7,106
2019-12-11 09:30:00,1471.8,1472.0,1470.8,1471.2,217
2019-12-11 09:35:00,1471.1,1472.0,1471.0,1471.7,77
2019-12-11 09:40:00,1471.8,1472.5,1471.8,1472.3,99
2019-12-11 09:45:00,1472.4,1473.1,1471.6,1471.7,278
2019-12-11 09:50:00,1471.8,1472.6,1471.4,1472.4,101
2019-12-11 09:55:00,1472.4,1472.7,1471.7,1471.8,119
2019-12-11 10:00:00,1471.8,1471.9,1471.3,1471.7,192
2019-12-11 10:05:00,1471.8,1471.9,1471.4,1471.9,93
2019-12-11 10:10:00,1471.8,1472.4,1471.5,1472.0,110
2019-12-11 10:15:00,1472.0,1472.6,1471.8,1472.6,91
2019-12-11 10:20:00,1472.7,1473.2,1472.2,1473.0,253
2019-12-11 10:25:00,1473.1,1474.6,1473.1,1474.3,530
2019-12-11 10:30:00,1474.4,1474.8,1474.2,1474.6,199
2019-12-11 10:35:00,1474.6,1475.4,1474.4,1475.3,253
2019-12-11 10:40:00,1475.4,1475.7,1474.3,1474.6,376
2019-12-11 10:45:00,1474.5,1474.7,1473.7,1474.5,175
2019-12-11 10:50:00,1474.6,1475.0,1474.4,1474.4,76
2019-12-11 10:55:00,1474.4,1474.7,1473.8,1474.1,134
2019-12-11 11:00:00,1474.3,1475.5,1474.3,1475.2,118
2019-12-11 11:05:00,1475.2,1476.5,1475.1,1476.2,346
2019-12-11 11:10:00,1476.2,1476.6,1475.8,1475.9,174
2019-12-11 11:15:00,1475.9,1477.1,1475.9,1477.0,170
2019-12-11 11:20:00,1476.9,1477.4,1476.2,1477.1,337
2019-12-11 11:25:00,1477.1,1477.3,1476.8,1476.9,89
2019-12-11 11:30:00,1476.9,1476.9,1476.4,1476.9,122
2019-12-11 11:35:00,1476.9,1476.9,1476.0,1476.2,93
2019-12-11 11:40:00,1476.3,1476.3,1475.3,1475.3,122
2019-12-11 11:45:00,1475.3,1475.5,1475.2,1475.5,97
2019-12-11 11:50:00,1475.3,1476.0,1475.3,1475.9,74
2019-12-11 11:55:00,1475.7,1475.9,1475.5,1475.7,57
2019-12-11 12:00:00,1475.7,1475.9,1475.6,1475.7,43
2019-12-11 12:05:00,1475.7,1475.8,1475.5,1475.6,30
2019-12-11 12:10:00,1475.7,1476.3,1475.7,1476.2,31
2019-12-11 12:15:00,1476.0,1476.0,1475.4,1475.4,56
2019-12-11 12:20:00,1475.4,1475.6,1475.2,1475.3,46
2019-12-11 12:25:00,1475.1,1475.4,1475.1,1475.3,32
2019-12-11 12:30:00,1475.6,1475.6,1475.0,1475.0,42
2019-12-11 12:35:00,1475.0,1475.2,1474.9,1474.9,35
2019-12-11 12:40:00,1474.9,1475.4,1474.8,1475.2,41
2019-12-11 12:45:00,1475.2,1475.4,1475.0,1475.4,112
2019-12-11 12:50:00,1475.4,1475.5,1475.2,1475.4,36
2019-12-11 12:55:00,1475.3,1475.3,1474.6,1474.8,55
2019-12-11 13:00:00,1474.9,1475.0,1474.7,1475.0,45
2019-12-11 13:05:00,1475.2,1475.2,1474.8,1474.9,28
2019-12-11 13:10:00,1475.1,1475.2,1475.0,1475.2,43
2019-12-11 13:15:00,1475.2,1475.2,1474.9,1475.0,139
2019-12-11 13:20:00,1474.9,1475.1,1474.4,1475.0,110
2019-12-11 13:25:00,1475.0,1475.1,1474.6,1474.8,61
2019-12-11 13:30:00,1474.8,1474.8,1474.6,1474.7,43
2019-12-11 13:35:00,1474.7,1474.9,1474.4,1474.9,77
2019-12-11 13:40:00,1474.9,1475.0,1474.8,1474.8,36
2019-12-11 13:45:00,1474.7,1475.0,1474.7,1474.9,29
2019-12-11 13:50:00,1474.8,1474.9,1474.6,1474.7,25
2019-12-11 13:55:00,1474.8,1475.9,1474.8,1475.0,44
2019-12-11 14:00:00,1475.4,1476.4,1471.6,1474.2,519
2019-12-11 14:05:00,1474.3,1474.5,1473.6,1473.9,107
2019-12-11 14:10:00,1474.3,1477.7,1474.2,1477.7,351
2019-12-11 14:15:00,1477.7,1478.4,1477.2,1477.5,254
2019-12-11 14:20:00,1477.6,1477.6,1476.2,1477.2,144
2019-12-11 14:25:00,1477.2,1478.0,1476.6,1477.8,104
2019-12-11 14:30:00,1477.5,1478.3,1476.9,1476.9,68
2019-12-11 14:35:00,1477.3,1477.4,1475.5,1475.7,167
2019-12-11 14:40:00,1475.7,1478.4,1474.6,1477.8,244
2019-12-11 14:45:00,1477.9,1480.1,1477.7,1479.9,431
2019-12-11 14:50:00,1480.2,1482.3,1480.2,1482.2,593
2019-12-11 14:55:00,1482.3,1483.4,1481.5,1482.2,512
2019-12-11 15:00:00,1482.1,1482.9,1481.1,1481.7,169
2019-12-11 15:05:00,1481.8,1482.8,1481.3,1482.3,107
2019-12-11 15:10:00,1482.3,1482.5,1481.6,1481.7,113
2019-12-11 15:15:00,1481.7,1481.8,1481.1,1481.2,70
2019-12-11 15:20:00,1481.1,1481.4,1480.3,1480.4,188
2019-12-11 15:25:00,1480.5,1480.8,1479.7,1479.7,146
2019-12-11 15:30:00,1479.7,1480.0,1479.3,1479.3,118
2019-12-11 15:35:00,1479.4,1480.1,1479.3,1480.1,88
2019-12-11 15:40:00,1480.0,1480.1,1478.9,1478.9,136
2019-12-11 15:45:00,1479.3,1479.9,1479.2,1479.6,66
2019-12-11 15:50:00,1479.4,1479.5,1479.0,1479.2,38
2019-12-11 15:55:00,1479.2,1479.8,1478.5,1479.8,80
2019-12-11 16:00:00,1479.5,1479.7,1479.3,1479.5,42
2019-12-11 16:05:00,1479.5,1479.7,1479.1,1479.4,133
2019-12-11 16:10:00,1479.4,1479.6,1479.2,1479.6,34
2019-12-11 16:15:00,1479.4,1479.7,1479.3,1479.7,20
2019-12-11 16:20:00,1479.6,1479.8,1479.6,1479.8,15
2019-12-11 16:25:00,1479.8,1479.8,1479.5,1479.7,37
2019-12-11 16:30:00,1479.7,1479.8,1479.5,1479.7,14
2019-12-11 16:35:00,1479.8,1479.8,1479.4,1479.7,41
2019-12-11 16:40:00,1479.6,1479.6,1479.3,1479.4,32
2019-12-11 16:45:00,1479.5,1479.5,1479.3,1479.3,15
2019-12-11 16:50:00,1479.3,1479.4,1479.1,1479.4,41
2019-12-11 16:55:00,1479.3,1479.5,1479.1,1479.3,37
2019-12-11 18:00:00,1479.2,1479.7,1479.1,1479.7,85
2019-12-11 18:05:00,1479.5,1479.7,1479.2,1479.3,70
2019-12-11 18:10:00,1479.3,1479.5,1479.2,1479.3,46
2019-12-11 18:15:00,1479.4,1479.4,1479.1,1479.1,27
2019-12-11 18:20:00,1479.2,1479.2,1478.9,1479.0,39
2019-12-11 18:25:00,1479.1,1479.1,1478.9,1478.9,21
2019-12-11 18:30:00,1478.9,1479.1,1478.9,1479.0,20
2019-12-11 18:35:00,1479.0,1479.1,1479.0,1479.0,14
2019-12-11 18:40:00,1479.0,1479.0,1478.9,1478.9,14
2019-12-11 18:45:00,1478.9,1479.2,1478.6,1478.8,47
2019-12-11 18:50:00,1478.7,1478.9,1478.7,1478.8,20
2019-12-11 18:55:00,1478.8,1479.0,1478.8,1479.0,12
2020-01-14 00:00:00,1539.6,1539.7,1539.5,1539.6,19
2020-01-14 00:05:00,1539.5,1539.5,1539.0,1539.2,44
2020-01-14 00:10:00,1539.2,1539.4,1538.7,1538.8,29
2020-01-14 00:15:00,1538.7,1539.1,1538.6,1539.1,24
2020-01-14 00:20:00,1538.7,1538.7,1538.2,1538.2,82
2020-01-14 00:25:00,1538.2,1538.2,1537.4,1537.6,110
2020-01-14 00:30:00,1537.7,1537.7,1536.7,1537.7,272
2020-01-14 00:35:00,1537.7,1539.7,1537.6,1539.2,236
2020-01-14 00:40:00,1539.4,1539.4,1538.7,1539.1,73
2020-01-14 00:45:00,1539.1,1539.5,1538.4,1538.4,79
2020-01-14 00:50:00,1538.6,1539.2,1538.4,1538.9,65
2020-01-14 00:55:00,1538.8,1538.8,1538.3,1538.5,104
2020-01-14 01:00:00,1538.5,1539.0,1537.9,1538.0,108
2020-01-14 01:05:00,1538.0,1538.9,1536.9,1538.9,167
2020-01-14 01:10:00,1538.8,1539.5,1538.4,1539.4,60
2020-01-14 01:15:00,1539.3,1540.2,1539.0,1540.1,111
2020-01-14 01:20:00,1540.0,1540.1,1539.5,1540.1,118
2020-01-14 01:25:00,1540.0,1540.5,1539.8,1540.4,84
2020-01-14 01:30:00,1540.4,1540.6,1539.8,1540.2,88
2020-01-14 01:35:00,1540.0,1540.3,1539.5,1539.6,52
2020-01-14 01:40:00,1539.6,1540.0,1539.1,1539.8,93
2020-01-14 01:45:00,1540.0,1540.4,1540.0,1540.2,41
2020-01-14 01:50:00,1540.2,1540.3,1539.9,1540.3,61
2020-01-14 01:55:00,1540.3,1540.4,1540.1,1540.1,50
2020-01-14 02:00:00,1540.0,1540.8,1539.6,1540.8,58
2020-01-14 02:05:00,1540.7,1540.7,1540.3,1540.7,39
2020-01-14 02:10:00,1540.7,1542.3,1540.6,1542.3,238
2020-01-14 02:15:00,1542.1,1542.3,1541.6,1542.1,135
2020-01-14 02:20:00,1542.0,1542.9,1542.0,1542.8,157
2020-01-14 02:25:00,1542.7,1542.9,1542.2,1542.5,88
2020-01-14 02:30:00,1542.4,1543.0,1542.4,1542.9,74
2020-01-14 02:35:00,1542.7,1542.8,1542.4,1542.4,38
2020-01-14 02:40:00,1542.5,1542.8,1542.5,1542.7,22
2020-01-14 02:45:00,1542.8,1543.1,1542.5,1543.0,53
2020-01-14 02:50:00,1543.1,1543.6,1543.1,1543.6,107
2020-01-14 02:55:00,1543.6,1543.8,1543.1,1543.8,83
2020-01-14 03:00:00,1543.8,1544.3,1543.4,1543.4,235
2020-01-14 03:05:00,1543.5,1543.9,1542.5,1542.5,160
2020-01-14 03:10:00,1542.5,1543.8,1542.5,1543.5,74
2020-01-14 03:15:00,1543.5,1543.8,1543.2,1543.5,109
2020-01-14 03:20:00,1543.8,1544.7,1543.8,1544.4,128
2020-01-14 03:25:00,1544.2,1545.1,1544.1,1545.0,138
2020-01-14 03:30:00,1545.0,1546.1,1544.5,1545.7,399
2020-01-14 03:35:00,1545.5,1545.8,1545.5,1545.7,133
2020-01-14 03:40:00,1545.7,1546.7,1545.5,1546.3,184
2020-01-14 03:45:00,1546.4,1546.5,1545.3,1545.5,169
2020-01-14 03:50:00,1545.6,1546.2,1545.5,1545.7,71
2020-01-14 03:55:00,1545.7,1545.8,1545.0,1545.1,121
2020-01-14 04:00:00,1544.9,1545.2,1544.2,1544.6,218
2020-01-14 04:05:00,1544.5,1544.5,1544.1,1544.4,56
2020-01-14 04:10:00,1544.5,1544.7,1544.0,1544.1,71
2020-01-14 04:15:00,1543.9,1544.4,1543.6,1543.7,139
2020-01-14 04:20:00,1543.6,1543.9,1543.5,1543.7,57
2020-01-14 04:25:00,1543.6,1544.7,1543.6,1544.6,87
2020-01-14 04:30:00,1544.6,1544.7,1543.9,1544.0,85
2020-01-14 04:35:00,1543.7,1543.7,1543.2,1543.5,84
2020-01-14 04:40:00,1543.5,1543.8,1543.5,1543.7,50
2020-01-14 04:45:00,1543.7,1544.3,1543.4,1544.0,69
2020-01-14 04:50:00,1543.9,1545.0,1543.5,1544.6,121
2020-01-14 04:55:00,1544.6,1544.9,1544.4,1544.5,59
2020-01-14 05:00:00,1544.5,1545.4,1544.4,1545.4,90
2020-01-14 05:05:00,1545.5,1545.8,1545.3,1545.8,103
2020-01-14 05:10:00,1545.8,1545.8,1544.9,1545.0,44
2020-01-14 05:15:00,1544.9,1544.9,1544.2,1544.5,73
2020-01-14 05:20:00,1544.4,1545.1,1544.3,1545.1,50
2020-01-14 05:25:00,1544.9,1545.5,1544.9,1545.3,39
2020-01-14 05:30:00,1545.5,1545.6,1545.0,1545.0,74
2020-01-14 05:35:00,1544.9,1545.2,1544.8,1544.8,55
2020-01-14 05:40:00,1544.9,1544.9,1544.6,1544.9,30
2020-01-14 05:45:00,1545.0,1546.4,1544.8,1545.6,146
2020-01-14 05:50:00,1545.7,1546.0,1545.2,1545.2,69
2020-01-14 05:55:00,1545.4,1545.7,1545.3,1545.6,110
2020-01-14 06:00:00,1545.6,1546.1,1545.2,1545.6,93
2020-01-14 06:05:00,1545.5,1545.6,1545.2,1545.6,43
2020-01-14 06:10:00,1545.4,1546.9,1545.4,1546.2,154
2020-01-14 06:15:00,1546.3,1546.6,1546.1,1546.1,69
2020-01-14 06:20:00,1546.1,1546.1,1545.2,1545.3,93
2020-01-14 06:25:00,1545.3,1546.0,1545.0,1545.8,51
2020-01-14 06:30:00,1545.9,1545.9,1545.2,1545.6,64
2020-01-14 06:35:00,1545.6,1546.2,1545.2,1545.9,79
2020-01-14 06:40:00,1546.0,1546.1,1545.9,1546.0,31
2020-01-14 06:45:00,1545.9,1546.5,1545.7,1545.7,69
2020-01-14 06:50:00,1545.7,1545.7,1545.1,1545.3,82
2020-01-14 06:55:00,1545.1,1545.2,1543.5,1543.5,209
2020-01-14 07:00:00,1543.6,1544.4,1543.3,1543.8,185
2020-01-14 07:05:00,1543.7,1544.0,1543.4,1543.6,76
2020-01-14 07:10:00,1543.5,1544.0,1543.5,1543.6,67
2020-01-14 07:15:00,1543.6,1543.8,1543.2,1543.3,92
2020-01-14 07:20:00,1543.2,1543.3,1542.7,1543.2,124
2020-01-14 07:25:00,1543.2,1543.4,1543.0,1543.2,36
2020-01-14 07:30:00,1543.3,1543.9,1543.3,1543.8,102
2020-01-14 07:35:00,1543.8,1544.0,1543.3,1543.6,63
2020-01-14 07:40:00,1543.6,1544.6,1543.5,1544.5,166
2020-01-14 07:45:00,1544.5,1544.8,1544.4,1544.6,96
2020-01-14 07:50:00,1544.8,1544.8,1543.9,1544.2,94
2020-01-14 07:55:00,1544.0,1544.1,1543.5,1543.5,86
2020-01-14 08:00:00,1543.6,1543.7,1542.5,1542.8,233
2020-01-14 08:05:00,1543.0,1544.1,1543.0,1543.5,138
2020-01-14 08:10:00,1543.5,1544.2,1543.3,1543.8,128
2020-01-14 08:15:00,1543.7,1544.3,1543.1,1543.8,79
2020-01-14 08:20:00,1544.0,1544.5,1542.9,1542.9,134
2020-01-14 08:25:00,1543.0,1544.6,1543.0,1544.0,102
2020-01-14 08:30:00,1544.3,1549.0,1544.3,1545.3,766
2020-01-14 08:35:00,1545.3,1546.1,1544.2,1544.6,266
2020-01-14 08:40:00,1544.5,1544.7,1543.6,1544.0,209
2020-01-14 08:45:00,1543.9,1544.3,1543.0,1543.4,322
2020-01-14 08:50:00,1543.3,1543.4,1542.6,1543.4,278
2020-01-14 08:55:00,1543.4,1544.8,1543.4,1544.8,248
2020-01-14 09:00:00,1544.8,1545.4,1544.6,1544.7,244
2020-01-14 09:05:00,1544.7,1545.0,1544.1,1544.5,104
2020-01-14 09:10:00,1544.7,1544.8,1543.7,1543.7,165
2020-01-14 09:15:00,1543.6,1544.2,1543.0,1544.0,169
2020-01-14 09:20:00,1544.0,1544.0,1543.3,1543.4,77
2020-01-14 09:25:00,1543.5,1545.0,1543.5,1544.9,154
2020-01-14 09:30:00,1544.9,1546.2,1544.5,1545.8,399
2020-01-14 09:35:00,1545.6,1546.4,1545.2,1545.3,278
2020-01-14 09:40:00,1545.2,1545.8,1544.8,1545.6,218
2020-01-14 09:45:00,1545.6,1546.2,1545.0,1545.9,159
2020-01-14 09:50:00,1545.7,1547.7,1545.7,1546.6,280
2020-01-14 09:55:00,1546.7,1547.6,1546.4,1546.8,303
2020-01-14 10:00:00,1547.0,1547.4,1544.9,1545.0,395
2020-01-14 10:05:00,1545.0,1545.8,1545.0,1545.3,133
2020-01-14 10:10:00,1545.4,1545.9,1545.0,1545.0,116
2020-01-14 10:15:00,1544.9,1545.0,1544.1,1544.7,143
2020-01-14 10:20:00,1544.7,1545.2,1543.7,1544.0,178
2020-01-14 10:25:00,1544.0,1544.3,1543.5,1543.5,85
2020-01-14 10:30:00,1543.5,1544.0,1543.1,1544.0,167
2020-01-14 10:35:00,1544.0,1544.0,1541.3,1542.0,479
2020-01-14 10:40:00,1541.9,1542.6,1541.8,1542.1,150
2020-01-14 10:45:00,1542.2,1543.8,1542.1,1543.7,177
2020-01-14 10:50:00,1543.7,1544.3,1543.2,1543.6,172
2020-01-14 10:55:00,1543.6,1544.2,1543.0,1543.5,163
2020-01-14 11:00:00,1543.4,1544.6,1543.4,1544.6,150
2020-01-14 11:05:00,1544.6,1544.8,1544.0,1544.1,81
2020-01-14 11:10:00,1544.2,1544.4,1543.7,1544.0,60
2020-01-14 11:15:00,1543.8,1543.9,1543.1,1543.2,92
2020-01-14 11:20:00,1543.0,1543.3,1542.8,1543.2,90
2020-01-14 11:25:00,1542.9,1543.3,1542.8,1542.9,93
2020-01-14 11:30:00,1542.9,1543.8,1542.7,1543.6,101
2020-01-14 11:35:00,1543.6,1543.6,1543.3,1543.3,41
2020-01-14 11:40:00,1543.4,1544.2,1543.4,1544.0,72
2020-01-14 11:45:00,1544.0,1544.0,1543.2,1543.5,38
2020-01-14 11:50:00,1543.5,1543.7,1543.0,1543.4,57
2020-01-14 11:55:00,1543.3,1543.4,1542.8,1542.9,99
2020-01-14 12:00:00,1542.9,1543.0,1542.5,1542.9,108
2020-01-14 12:05:00,1542.9,1543.5,1542.9,1543.4,96
2020-01-14 12:10:00,1543.5,1543.9,1543.1,1543.3,52
2020-01-14 12:15:00,1543.4,1543.6,1542.9,1543.0,29
2020-01-14 12:20:00,1543.0,1543.3,1542.6,1543.2,35
2020-01-14 12:25:00,1543.2,1543.5,1543.2,1543.3,29
2020-01-14 12:30:00,1543.4,1543.6,1543.0,1543.0,28
2020-01-14 12:35:00,1543.0,1543.4,1543.0,1543.4,46
2020-01-14 12:40:00,1543.4,1543.4,1543.2,1543.3,28
2020-01-14 12:45:00,1543.5,1544.2,1543.5,1544.0,85
2020-01-14 12:50:00,1543.9,1544.3,1543.9,1543.9,63
2020-01-14 12:55:00,1544.0,1544.1,1543.8,1544.0,48
2020-01-14 13:00:00,1543.8,1543.8,1543.5,1543.7,49
2020-01-14 13:05:00,1543.5,1543.7,1543.5,1543.6,41
2020-01-14 13:10:00,1543.5,1544.3,1543.5,1544.3,50
2020-01-14 13:15:00,1544.3,1544.4,1544.0,1544.3,56
2020-01-14 13:20:00,1544.2,1544.6,1544.1,1544.5,41
2020-01-14 13:25:00,1544.2,1545.2,1544.2,1544.6,145
2020-01-14 13:30:00,1544.5,1546.0,1544.4,1545.2,109
2020-01-14 13:35:00,1545.0,1549.4,1544.8,1545.6,703
2020-01-14 13:40:00,1545.5,1548.4,1545.1,1547.5,219
2020-01-14 13:45:00,1547.4,1547.8,1545.8,1546.3,257
2020-01-14 13:50:00,1546.2,1546.3,1544.9,1545.1,145
2020-01-14 13:55:00,1545.5,1546.3,1545.3,1546.3,81
2020-01-14 14:00:00,1546.1,1547.8,1545.7,1547.4,135
2020-01-14 14:05:00,1547.4,1547.7,1546.3,1547.2,138
2020-01-14 14:10:00,1547.0,1548.4,1546.6,1547.7,174
2020-01-14 14:15:00,1547.6,1547.9,1546.9,1547.5,90
2020-01-14 14:20:00,1547.6,1547.9,1546.7,1546.7,114
2020-01-14 14:25:00,1546.7,1547.1,1546.7,1546.8,55
2020-01-14 14:30:00,1546.7,1547.1,1546.5,1546.7,55
2020-01-14 14:35:00,1546.8,1546.8,1546.2,1546.6,75
2020-01-14 14:40:00,1546.6,1546.7,1546.2,1546.2,43
2020-01-14 14:45:00,1546.3,1547.0,1545.8,1547.0,57
2020-01-14 14:50:00,1547.0,1547.2,1546.6,1546.6,81
2020-01-14 14:55:00,1546.8,1547.1,1546.7,1546.7,32
2020-01-14 15:00:00,1546.5,1546.8,1546.4,1546.7,56
2020-01-14 15:05:00,1546.7,1546.7,1546.0,1546.4,37
2020-01-14 15:10:00,1546.3,1547.1,1546.3,1547.1,24
2020-01-14 15:15:00,1547.1,1547.3,1546.9,1547.2,48
2020-01-14 15:20:00,1547.2,1547.2,1546.7,1546.8,17
2020-01-14 15:25:00,1546.8,1547.6,1546.7,1547.6,49
2020-01-14 15:30:00,1547.6,1547.7,1547.2,1547.4,30
2020-01-14 15:35:00,1547.4,1547.5,1547.2,1547.4,30
2020-01-14 15:40:00,1547.3,1547.4,1546.6,1546.8,40
2020-01-14 15:45:00,1546.6,1546.9,1546.6,1546.9,41
2020-01-14 15:50:00,1547.2,1547.9,1547.2,1547.8,93
2020-01-14 15:55:00,1547.5,1547.7,1547.3,1547.7,56
2020-01-14 16:00:00,1547.4,1547.7,1547.1,1547.1,48
2020-01-14 16:05:00,1547.0,1547.3,1546.8,1546.9,36
2020-01-14 16:10:00,1546.9,1547.0,1546.6,1547.0,42
2020-01-14 16:15:00,1546.9,1546.9,1546.8,1546.9,8
2020-01-14 16:20:00,1546.8,1546.9,1546.6,1546.7,29
2020-01-14 16:25:00,1546.7,1546.7,1546.7,1546.7,17
2020-01-14 16:30:00,1546.7,1546.8,1546.6,1546.8,30
2020-01-14 16:35:00,1546.8,1547.1,1546.7,1546.7,22
2020-01-14 16:40:00,1546.7,1546.8,1546.6,1546.8,14
2020-01-14 16:45:00,1546.9,1547.0,1546.8,1546.9,27
2020-01-14 16:50:00,1546.9,1547.1,1546.7,1546.9,23
2020-01-14 16:55:00,1546.9,1547.0,1546.9,1547.0,22
2020-01-14 18:00:00,1546.4,1547.5,1546.4,1547.0,75
2020-01-14 18:05:00,1547.2,1547.3,1547.1,1547.1,30
2020-01-14 18:10:00,1547.1,1547.5,1547.1,1547.4,30
2020-01-14 18:15:00,1547.4,1547.7,1547.4,1547.5,48
2020-01-14 18:20:00,1547.5,1548.1,1547.3,1547.9,39
2020-01-14 18:25:00,1547.9,1549.2,1547.9,1548.9,132
2020-01-14 18:30:00,1548.9,1549.8,1548.7,1549.5,183
2020-01-14 18:35:00,1549.5,1549.7,1549.0,1549.2,70
2020-01-14 18:40:00,1549.2,1550.5,1549.2,1550.5,162
2020-01-14 18:45:00,1550.6,1550.6,1549.9,1550.2,102
2020-01-14 18:50:00,1550.2,1550.6,1549.9,1549.9,76
2020-01-14 18:55:00,1550.0,1550.2,1549.6,1550.1,81
2020-02-13 00:00:00,1576.8,1576.9,1576.4,1576.5,35
2020-02-13 00:05:00,1576.5,1576.6,1576.2,1576.6,35
2020-02-13 00:10:00,1576.4,1576.5,1576.0,1576.1,19
2020-02-13 00:15:00,1576.2,1576.2,1575.7,1576.0,33
2020-02-13 00:20:00,1576.0,1576.3,1575.9,1576.3,12
2020-02-13 00:25:00,1576.3,1576.4,1576.0,1576.1,17
2020-02-13 00:30:00,1576.4,1576.9,1576.0,1576.7,56
2020-02-13 00:35:00,1576.6,1577.9,1576.4,1577.8,200
2020-02-13 00:40:00,1577.8,1577.8,1577.5,1577.7,54
2020-02-13 00:45:00,1577.8,1577.9,1577.1,1577.2,46
2020-02-13 00:50:00,1577.2,1577.3,1576.7,1577.0,53
2020-02-13 00:55:00,1576.9,1577.1,1576.9,1577.1,9
2020-02-13 01:00:00,1577.2,1577.2,1576.7,1577.2,51
2020-02-13 01:05:00,1577.3,1577.4,1577.1,1577.1,28
2020-02-13 01:10:00,1577.0,1578.0,1576.9,1577.7,59
2020-02-13 01:15:00,1577.6,1578.8,1577.4,1578.3,173
2020-02-13 01:20:00,1578.3,1578.4,1577.8,1578.2,35
2020-02-13 01:25:00,1578.1,1578.3,1577.8,1578.2,55
2020-02-13 01:30:00,1578.2,1578.3,1577.7,1577.7,26
2020-02-13 01:35:00,1577.6,1577.7,1577.3,1577.3,30
2020-02-13 01:40:00,1577.2,1577.4,1577.1,1577.4,30
2020-02-13 01:45:00,1577.3,1577.3,1576.4,1576.6,48
2020-02-13 01:50:00,1576.5,1576.8,1576.4,1576.5,41
2020-02-13 01:55:00,1576.6,1576.8,1576.2,1576.7,66
2020-02-13 02:00:00,1576.7,1578.5,1576.4,1578.0,90
2020-02-13 02:05:00,1578.0,1578.3,1577.5,1577.8,55
2020-02-13 02:10:00,1578.0,1578.1,1577.6,1577.7,20
2020-02-13 02:15:00,1577.8,1578.4,1577.8,1578.1,47
2020-02-13 02:20:00,1578.2,1578.6,1578.0,1578.0,62
2020-02-13 02:25:00,1578.0,1578.0,1576.1,1576.6,119
2020-02-13 02:30:00,1576.7,1576.8,1575.5,1575.7,206
2020-02-13 02:35:00,1575.7,1576.0,1575.5,1575.9,89
2020-02-13 02:40:00,1576.1,1576.7,1576.0,1576.7,47
2020-02-13 02:45:00,1576.8,1577.3,1576.6,1576.8,61
2020-02-13 02:50:00,1576.9,1577.7,1576.9,1577.7,32
2020-02-13 02:55:00,1577.5,1578.7,1577.4,1578.3,115
2020-02-13 03:00:00,1578.3,1578.9,1577.4,1577.9,200
2020-02-13 03:05:00,1577.9,1578.2,1577.2,1577.3,70
2020-02-13 03:10:00,1577.5,1578.0,1577.5,1577.6,31
2020-02-13 03:15:00,1577.9,1577.9,1577.5,1577.5,37
2020-02-13 03:20:00,1577.7,1577.7,1576.3,1576.8,92
2020-02-13 03:25:00,1576.8,1577.7,1576.7,1577.7,120
2020-02-13 03:30:00,1577.8,1577.8,1576.9,1577.5,49
2020-02-13 03:35:00,1577.5,1578.0,1577.3,1577.6,60
2020-02-13 03:40:00,1577.8,1578.2,1577.6,1578.1,28
2020-02-13 03:45:00,1578.2,1578.2,1577.5,1577.6,32
2020-02-13 03:50:00,1577.7,1578.0,1577.6,1577.7,19
2020-02-13 03:55:00,1577.7,1577.8,1577.5,1577.8,9
2020-02-13 04:00:00,1577.5,1577.9,1577.5,1577.7,13
2020-02-13 04:05:00,1577.8,1578.0,1576.9,1577.9,60
2020-02-13 04:10:00,1578.0,1578.0,1577.4,1577.6,33
2020-02-13 04:15:00,1577.8,1578.4,1577.7,1578.1,36
2020-02-13 04:20:00,1577.8,1577.9,1577.4,1577.9,22
2020-02-13 04:25:00,1578.0,1578.5,1577.9,1578.5,43
2020-02-13 04:30:00,1578.5,1578.5,1577.8,1578.2,70
2020-02-13 04:35:00,1578.2,1578.2,1577.2,1577.5,44
2020-02-13 04:40:00,1577.7,1577.8,1577.5,1577.5,26
2020-02-13 04:45:00,1577.6,1578.1,1577.4,1577.9,34
2020-02-13 04:50:00,1577.7,1578.8,1577.7,1578.6,112
2020-02-13 04:55:00,1578.7,1578.7,1577.7,1577.9,66
2020-02-13 05:00:00,1578.4,1579.6,1578.4,1578.9,205
2020-02-13 05:05:00,1578.9,1579.9,1578.8,1579.8,138
2020-02-13 05:10:00,1579.7,1581.3,1578.9,1578.9,413
2020-02-13 05:15:00,1579.0,1579.0,1578.0,1578.0,126
2020-02-13 05:20:00,1578.0,1578.5,1577.9,1578.1,80
2020-02-13 05:25:00,1578.0,1578.2,1577.4,1577.9,122
2020-02-13 05:30:00,1577.9,1578.4,1577.7,1578.3,71
2020-02-13 05:35:00,1578.2,1578.3,1577.9,1577.9,34
2020-02-13 05:40:00,1577.9,1578.1,1577.2,1577.9,100
2020-02-13 05:45:00,1577.7,1578.1,1577.0,1577.4,39
2020-02-13 05:50:00,1577.6,1577.6,1576.9,1577.3,69
2020-02-13 05:55:00,1577.5,1577.6,1577.4,1577.6,20
2020-02-13 06:00:00,1577.8,1577.9,1577.3,1577.3,114
2020-02-13 06:05:00,1577.4,1577.7,1577.0,1577.5,41
2020-02-13 06:10:00,1577.3,1577.7,1577.1,1577.7,41
2020-02-13 06:15:00,1577.7,1577.7,1577.1,1577.6,23
2020-02-13 06:20:00,1577.7,1577.8,1577.6,1577.7,19
2020-02-13 06:25:00,1577.9,1578.4,1577.5,1578.3,73
2020-02-13 06:30:00,1578.3,1578.6,1578.3,1578.4,39
2020-02-13 06:35:00,1578.2,1578.2,1577.3,1577.6,46
2020-02-13 06:40:00,1577.5,1577.5,1577.1,1577.3,50
2020-02-13 06:45:00,1577.4,1577.6,1577.3,1577.6,35
2020-02-13 06:50:00,1577.3,1577.3,1576.3,1577.0,143
2020-02-13 06:55:00,1577.1,1577.5,1576.7,1577.0,51
2020-02-13 07:00:00,1577.1,1577.1,1575.7,1575.8,88
2020-02-13 07:05:00,1575.8,1576.4,1575.2,1575.9,95
2020-02-13 07:10:00,1575.9,1576.7,1575.9,1576.6,48
2020-02-13 07:15:00,1576.5,1577.6,1576.5,1577.3,45
2020-02-13 07:20:00,1577.3,1577.3,1576.8,1576.9,33
2020-02-13 07:25:00,1576.9,1577.6,1576.9,1577.2,68
2020-02-13 07:30:00,1576.9,1577.1,1576.8,1577.1,19
2020-02-13 07:35:00,1577.1,1577.3,1577.0,1577.0,17
2020-02-13 07:40:00,1577.2,1577.3,1577.0,1577.3,25
2020-02-13 07:45:00,1577.4,1577.9,1577.4,1577.9,51
2020-02-13 07:50:00,1577.9,1577.9,1576.8,1577.1,50
2020-02-13 07:55:00,1577.2,1577.2,1576.1,1576.2,82
2020-02-13 08:00:00,1576.1,1576.5,1575.6,1575.9,83
2020-02-13 08:05:00,1575.8,1576.4,1575.8,1576.2,37
2020-02-13 08:10:00,1576.2,1576.4,1575.4,1575.8,74
2020-02-13 08:15:00,1575.8,1576.0,1575.2,1575.6,76
2020-02-13 08:20:00,1575.5,1575.9,1575.3,1575.8,98
2020-02-13 08:25:00,1575.7,1577.4,1575.5,1576.7,63
2020-02-13 08:30:00,1576.4,1576.9,1575.3,1576.9,268
2020-02-13 08:35:00,1576.9,1577.7,1576.9,1577.7,174
2020-02-13 08:40:00,1577.7,1578.0,1577.2,1577.5,71
2020-02-13 08:45:00,1577.6,1578.8,1577.6,1578.5,221
2020-02-13 08:50:00,1578.5,1578.7,1577.0,1577.2,209
2020-02-13 08:55:00,1577.2,1578.3,1577.2,1578.3,88
2020-02-13 09:00:00,1578.2,1578.6,1577.3,1577.8,93
2020-02-13 09:05:00,1577.8,1577.8,1576.2,1576.7,133
2020-02-13 09:10:00,1576.7,1577.5,1576.0,1577.3,189
2020-02-13 09:15:00,1577.3,1577.6,1577.1,1577.4,75
2020-02-13 09:20:00,1577.4,1578.2,1577.3,1577.4,95
2020-02-13 09:25:00,1577.4,1578.1,1577.3,1578.1,60
2020-02-13 09:30:00,1578.0,1578.5,1576.3,1576.5,331
2020-02-13 09:35:00,1576.4,1577.6,1576.0,1577.4,253
2020-02-13 09:40:00,1577.5,1578.0,1576.7,1576.8,213
2020-02-13 09:45:00,1576.8,1576.8,1574.8,1576.2,480
2020-02-13 09:50:00,1576.0,1576.4,1574.9,1575.0,173
2020-02-13 09:55:00,1574.9,1578.8,1574.8,1578.2,368
2020-02-13 10:00:00,1578.4,1580.7,1577.7,1580.6,621
2020-02-13 10:05:00,1580.7,1581.7,1579.2,1579.4,511
2020-02-13 10:10:00,1579.4,1580.2,1578.7,1579.4,320
2020-02-13 10:15:00,1579.3,1580.6,1579.3,1579.8,278
2020-02-13 10:20:00,1579.9,1580.6,1579.1,1579.5,142
2020-02-13 10:25:00,1579.6,1580.8,1579.1,1579.8,165
2020-02-13 10:30:00,1579.9,1580.9,1579.3,1579.8,171
2020-02-13 10:35:00,1580.1,1581.2,1579.7,1580.4,267
2020-02-13 10:40:00,1580.6,1580.9,1579.8,1580.1,205
2020-02-13 10:45:00,1580.2,1580.4,1579.5,1580.1,157
2020-02-13 10:50:00,1580.0,1580.1,1579.0,1579.1,166
2020-02-13 10:55:00,1579.0,1579.4,1578.3,1579.0,148
2020-02-13 11:00:00,1579.0,1579.0,1577.4,1577.8,347
2020-02-13 11:05:00,1577.9,1578.7,1577.8,1578.1,148
2020-02-13 11:10:00,1578.1,1579.0,1577.5,1579.0,145
2020-02-13 11:15:00,1579.0,1579.7,1578.7,1578.8,182
2020-02-13 11:20:00,1578.8,1578.8,1578.3,1578.8,77
2020-02-13 11:25:00,1578.7,1579.0,1578.3,1578.4,72
2020-02-13 11:30:00,1578.3,1578.4,1578.0,1578.0,46
2020-02-13 11:35:00,1578.1,1578.7,1577.7,1578.3,120
2020-02-13 11:40:00,1578.2,1579.1,1578.2,1579.0,41
2020-02-13 11:45:00,1579.1,1580.2,1579.0,1579.7,95
2020-02-13 11:50:00,1579.9,1580.6,1579.3,1580.5,138
2020-02-13 11:55:00,1580.5,1580.5,1579.6,1579.6,65
2020-02-13 12:00:00,1579.6,1579.7,1579.3,1579.5,41
2020-02-13 12:05:00,1579.5,1579.6,1578.5,1578.5,67
2020-02-13 12:10:00,1578.5,1578.8,1578.3,1578.8,58
2020-02-13 12:15:00,1578.9,1578.9,1578.4,1578.5,56
2020-02-13 12:20:00,1578.7,1579.2,1578.7,1579.0,38
2020-02-13 12:25:00,1579.0,1579.5,1578.8,1579.0,98
2020-02-13 12:30:00,1579.0,1579.4,1578.9,1578.9,45
2020-02-13 12:35:00,1579.0,1579.2,1578.9,1579.0,21
2020-02-13 12:40:00,1578.8,1579.2,1578.6,1579.0,38
2020-02-13 12:45:00,1579.0,1579.2,1578.6,1578.7,68
2020-02-13 12:50:00,1578.6,1578.6,1578.4,1578.6,32
2020-02-13 12:55:00,1578.5,1579.7,1578.5,1579.7,73
2020-02-13 13:00:00,1579.7,1580.2,1579.6,1579.7,98
2020-02-13 13:05:00,1579.5,1579.5,1579.0,1579.2,53
2020-02-13 13:10:00,1579.2,1579.7,1578.7,1579.4,44
2020-02-13 13:15:00,1579.4,1579.8,1578.9,1578.9,69
2020-02-13 13:20:00,1578.9,1579.0,1578.2,1578.5,70
2020-02-13 13:25:00,1578.8,1579.0,1578.3,1578.9,53
2020-02-13 13:30:00,1579.1,1579.8,1579.1,1579.5,49
2020-02-13 13:35:00,1579.6,1579.7,1579.5,1579.6,41
2020-02-13 13:40:00,1579.7,1580.0,1579.5,1579.6,69
2020-02-13 13:45:00,1579.5,1579.7,1578.9,1579.0,44
2020-02-13 13:50:00,1578.9,1579.3,1578.8,1579.2,24
2020-02-13 13:55:00,1579.3,1579.5,1579.1,1579.1,27
2020-02-13 14:00:00,1579.2,1579.6,1578.9,1579.0,29
2020-02-13 14:05:00,1579.0,1579.3,1578.6,1579.3,41
2020-02-13 14:10:00,1579.5,1579.5,1578.9,1578.9,39
2020-02-13 14:15:00,1579.0,1579.4,1579.0,1579.0,32
2020-02-13 14:20:00,1579.0,1579.2,1578.8,1579.2,25
2020-02-13 14:25:00,1579.3,1579.4,1579.2,1579.4,29
2020-02-13 14:30:00,1579.1,1579.1,1578.7,1578.9,27
2020-02-13 14:35:00,1578.9,1579.1,1578.9,1578.9,17
2020-02-13 14:40:00,1578.9,1579.4,1578.9,1579.4,30
2020-02-13 14:45:00,1579.3,1579.3,1579.1,1579.1,27
2020-02-13 14:50:00,1578.8,1579.0,1578.7,1578.9,25
2020-02-13 14:55:00,1578.8,1579.1,1578.4,1579.1,55
2020-02-13 15:00:00,1578.5,1579.6,1578.4,1579.2,76
2020-02-13 15:05:00,1579.2,1579.2,1578.8,1579.0,36
2020-02-13 15:10:00,1579.1,1579.4,1579.0,1579.3,19
2020-02-13 15:15:00,1579.3,1579.4,1579.0,1579.0,14
2020-02-13 15:20:00,1578.8,1579.0,1578.6,1578.7,9
2020-02-13 15:25:00,1578.8,1579.0,1578.7,1578.7,17
2020-02-13 15:30:00,1578.6,1579.0,1578.5,1578.6,48
2020-02-13 15:35:00,1578.5,1578.9,1578.5,1578.9,18
2020-02-13 15:40:00,1578.7,1579.1,1578.6,1579.1,28
2020-02-13 15:45:00,1578.9,1579.2,1578.6,1578.9,44
2020-02-13 15:50:00,1579.0,1579.7,1578.5,1578.8,163
2020-02-13 15:55:00,1579.0,1579.5,1579.0,1579.4,82
2020-02-13 16:00:00,1579.1,1579.6,1578.8,1579.6,48
2020-02-13 16:05:00,1579.6,1580.0,1579.4,1579.9,29
2020-02-13 16:10:00,1579.8,1579.8,1579.3,1579.3,32
2020-02-13 16:15:00,1579.2,1579.3,1579.0,1579.2,38
2020-02-13 16:20:00,1579.3,1579.3,1578.9,1578.9,7
2020-02-13 16:25:00,1579.2,1579.3,1579.2,1579.3,2
2020-02-13 16:30:00,1579.1,1579.4,1579.1,1579.4,16
2020-02-13 16:35:00,1579.2,1579.3,1579.1,1579.1,14
2020-02-13 16:40:00,1579.1,1579.6,1579.1,1579.6,25
2020-02-13 16:45:00,1579.7,1579.8,1579.1,1579.4,21
2020-02-13 16:50:00,1579.1,1579.1,1578.9,1579.0,18
2020-02-13 16:55:00,1579.0,1579.4,1578.8,1578.9,39
2020-02-13 18:00:00,1579.0,1579.6,1578.7,1579.2,60
2020-02-13 18:05:00,1579.3,1579.4,1579.3,1579.4,19
2020-02-13 18:10:00,1579.4,1579.7,1579.3,1579.7,16
2020-02-13 18:15:00,1579.7,1580.4,1579.6,1580.0,82
2020-02-13 18:20:00,1579.9,1579.9,1579.7,1579.9,13
2020-02-13 18:25:00,1579.9,1580.0,1579.8,1579.8,10
2020-02-13 18:30:00,1579.8,1579.8,1579.4,1579.8,22
2020-02-13 18:35:00,1579.9,1580.0,1579.7,1580.0,32
2020-02-13 18:40:00,1580.0,1580.8,1579.6,1579.6,56
2020-02-13 18:45:00,1579.6,1580.6,1579.3,1580.6,32
2020-02-13 18:50:00,1580.5,1580.6,1580.3,1580.6,17
2020-02-13 18:55:00,1580.6,1580.6,1580.3,1580.4,28
2020-03-11 00:00:00,1659.4,1659.7,1658.8,1658.8,74
2020-03-11 00:05:00,1658.8,1659.4,1658.4,1658.8,107
2020-03-11 00:10:00,1659.1,1660.0,1658.3,1660.0,176
2020-03-11 00:15:00,1659.8,1660.7,1659.6,1660.1,118
2020-03-11 00:20:00,1660.3,1660.4,1659.3,1660.0,147
2020-03-11 00:25:00,1660.2,1660.8,1659.7,1660.6,179
2020-03-11 00:30:00,1660.5,1662.3,1660.2,1661.9,437
2020-03-11 00:35:00,1661.8,1663.9,1661.7,1663.7,369
2020-03-11 00:40:00,1663.6,1664.7,1662.8,1664.3,313
2020-03-11 00:45:00,1664.2,1664.4,1662.9,1663.5,150
2020-03-11 00:50:00,1663.6,1664.6,1663.4,1664.2,140
2020-03-11 00:55:00,1664.1,1664.4,1663.0,1663.0,171
2020-03-11 01:00:00,1663.2,1664.4,1663.2,1663.4,224
2020-03-11 01:05:00,1663.3,1664.5,1662.9,1664.2,161
2020-03-11 01:10:00,1664.0,1664.5,1663.2,1663.7,138
2020-03-11 01:15:00,1663.8,1665.0,1663.8,1664.4,166
2020-03-11 01:20:00,1664.5,1665.5,1663.9,1664.5,234
2020-03-11 01:25:00,1664.7,1664.7,1663.1,1663.1,118
2020-03-11 01:30:00,1663.2,1663.9,1662.5,1662.8,256
2020-03-11 01:35:00,1662.7,1664.5,1662.7,1664.1,157
2020-03-11 01:40:00,1664.0,1664.2,1662.3,1662.5,179
2020-03-11 01:45:00,1662.4,1662.8,1661.4,1662.3,229
2020-03-11 01:50:00,1662.2,1663.2,1662.2,1662.9,85
2020-03-11 01:55:00,1662.9,1662.9,1661.6,1661.7,115
2020-03-11 02:00:00,1661.5,1662.0,1660.0,1661.7,378
2020-03-11 02:05:00,1661.7,1662.7,1661.2,1662.3,147
2020-03-11 02:10:00,1662.1,1662.5,1661.7,1662.5,100
2020-03-11 02:15:00,1662.5,1662.5,1661.6,1662.2,76
2020-03-11 02:20:00,1662.4,1662.4,1661.2,1661.3,149
2020-03-11 02:25:00,1661.3,1662.0,1659.2,1659.4,224
2020-03-11 02:30:00,1659.5,1661.2,1658.3,1660.9,316
2020-03-11 02:35:00,1661.0,1662.5,1660.9,1661.8,139
2020-03-11 02:40:00,1661.9,1663.3,1661.6,1663.0,131
2020-03-11 02:45:00,1663.1,1664.5,1662.9,1662.9,200
2020-03-11 02:50:00,1662.8,1664.1,1662.5,1663.5,142
2020-03-11 02:55:00,1663.5,1664.4,1663.2,1663.4,119
2020-03-11 03:00:00,1663.4,1666.6,1661.9,1666.1,913
2020-03-11 03:05:00,1666.3,1666.7,1664.7,1665.3,274
2020-03-11 03:10:00,1665.2,1667.0,1664.2,1664.3,257
2020-03-11 03:15:00,1664.3,1665.0,1663.3,1664.3,262
2020-03-11 03:20:00,1664.2,1665.3,1664.1,1665.1,116
2020-03-11 03:25:00,1665.1,1665.3,1664.8,1665.0,170
2020-03-11 03:30:00,1664.9,1665.2,1663.5,1663.8,204
2020-03-11 03:35:00,1663.8,1664.0,1662.5,1663.7,190
2020-03-11 03:40:00,1664.0,1664.1,1663.4,1663.8,96
2020-03-11 03:45:00,1663.9,1663.9,1662.5,1663.5,193
2020-03-11 03:50:00,1663.4,1664.3,1662.4,1662.7,120
2020-03-11 03:55:00,1662.7,1663.0,1662.4,1662.6,186
2020-03-11 04:00:00,1662.5,1663.9,1660.3,1663.2,467
2020-03-11 04:05:00,1663.2,1663.2,1660.6,1662.4,253
2020-03-11 04:10:00,1662.4,1662.6,1661.2,1661.5,158
2020-03-11 04:15:00,1661.5,1662.1,1660.3,1661.1,207
2020-03-11 04:20:00,1661.1,1661.3,1659.5,1660.9,254
2020-03-11 04:25:00,1660.9,1662.6,1660.9,1662.1,202
2020-03-11 04:30:00,1662.2,1663.4,1662.1,1662.6,188
2020-03-11 04:35:00,1662.6,1663.2,1661.9,1662.0,142
2020-03-11 04:40:00,1661.7,1662.0,1661.2,1661.2,84
2020-03-11 04:45:00,1661.2,1661.2,1658.7,1659.0,390
2020-03-11 04:50:00,1659.0,1659.6,1658.5,1659.0,233
2020-03-11 04:55:00,1658.9,1659.3,1656.5,1657.2,461
2020-03-11 05:00:00,1657.3,1659.1,1657.3,1659.1,260
2020-03-11 05:05:00,1659.1,1660.0,1658.4,1658.7,162
2020-03-11 05:10:00,1658.8,1659.0,1656.6,1656.9,328
2020-03-11 05:15:00,1656.9,1659.0,1656.7,1659.0,140
2020-03-11 05:20:00,1659.1,1660.4,1658.2,1660.1,199
2020-03-11 05:25:00,1660.0,1660.1,1658.0,1658.2,124
2020-03-11 05:30:00,1658.4,1659.6,1658.3,1658.9,125
2020-03-11 05:35:00,1659.0,1659.7,1658.3,1659.0,164
2020-03-11 05:40:00,1659.1,1659.3,1658.4,1658.5,90
2020-03-11 05:45:00,1658.8,1659.5,1658.3,1659.4,82
2020-03-11 05:50:00,1659.5,1660.6,1659.2,1660.3,155
2020-03-11 05:55:00,1660.3,1661.4,1660.2,1660.7,211
2020-03-11 06:00:00,1660.8,1662.6,1660.4,1661.9,235
2020-03-11 06:05:00,1661.6,1663.2,1660.5,1663.1,290
2020-03-11 06:10:00,1663.2,1663.4,1661.9,1662.2,195
2020-03-11 06:15:00,1662.2,1662.7,1661.9,1662.0,101
2020-03-11 06:20:00,1662.1,1663.3,1661.7,1663.1,115
2020-03-11 06:25:00,1663.2,1664.0,1663.0,1663.2,218
2020-03-11 06:30:00,1663.3,1663.3,1660.8,1662.4,321
2020-03-11 06:35:00,1662.6,1663.7,1662.1,1663.4,176
2020-03-11 06:40:00,1663.4,1663.5,1663.0,1663.1,114
2020-03-11 06:45:00,1663.3,1663.7,1663.1,1663.6,179
2020-03-11 06:50:00,1663.6,1664.3,1663.0,1663.5,160
2020-03-11 06:55:00,1663.4,1665.5,1663.4,1665.4,331
2020-03-11 07:00:00,1665.4,1666.5,1664.9,1665.7,400
2020-03-11 07:05:00,1665.7,1666.5,1665.5,1666.2,201
2020-03-11 07:10:00,1666.2,1668.7,1666.1,1667.9,444
2020-03-11 07:15:00,1667.8,1668.5,1667.2,1667.8,357
2020-03-11 07:20:00,1667.8,1668.6,1666.6,1667.0,285
2020-03-11 07:25:00,1666.8,1667.6,1665.8,1666.0,204
2020-03-11 07:30:00,1666.2,1666.8,1665.6,1666.3,157
2020-03-11 07:35:00,1666.3,1667.6,1666.2,1666.8,267
2020-03-11 07:40:00,1667.1,1668.2,1666.7,1668.1,234
2020-03-11 07:45:00,1668.1,1668.9,1667.5,1667.8,364
2020-03-11 07:50:00,1667.6,1667.8,1666.6,1667.5,203
2020-03-11 07:55:00,1667.4,1667.6,1666.1,1666.2,258
2020-03-11 08:00:00,1666.5,1668.1,1666.3,1666.4,269
2020-03-11 08:05:00,1666.4,1668.1,1666.4,1667.3,286
2020-03-11 08:10:00,1667.1,1668.8,1666.9,1668.8,220
2020-03-11 08:15:00,1668.6,1671.6,1667.9,1670.7,660
2020-03-11 08:20:00,1670.7,1671.6,1666.9,1667.7,1054
2020-03-11 08:25:00,1667.7,1668.6,1667.5,1668.4,75
2020-03-11 08:30:00,1669.0,1669.0,1665.5,1666.0,339
2020-03-11 08:35:00,1666.0,1667.4,1665.8,1666.2,313
2020-03-11 08:40:00,1666.0,1666.1,1664.2,1665.5,434
2020-03-11 08:45:00,1665.7,1666.1,1665.1,1665.6,151
2020-03-11 08:50:00,1665.5,1666.0,1663.5,1664.0,386
2020-03-11 08:55:00,1663.8,1666.2,1663.3,1665.9,410
2020-03-11 09:00:00,1665.9,1667.4,1665.5,1665.7,283
2020-03-11 09:05:00,1665.6,1665.9,1663.7,1664.2,250
2020-03-11 09:10:00,1664.2,1666.5,1664.0,1665.6,223
2020-03-11 09:15:00,1665.5,1666.2,1664.1,1664.4,153
2020-03-11 09:20:00,1664.5,1664.7,1662.1,1663.0,325
2020-03-11 09:25:00,1662.9,1663.0,1660.4,1661.0,393
2020-03-11 09:30:00,1661.0,1662.8,1659.9,1660.0,555
2020-03-11 09:35:00,1659.9,1661.8,1658.7,1661.1,642
2020-03-11 09:40:00,1661.1,1662.8,1660.4,1662.7,336
2020-03-11 09:45:00,1662.5,1662.8,1661.5,1662.5,320
2020-03-11 09:50:00,1662.5,1662.6,1661.5,1662.0,213
2020-03-11 09:55:00,1662.1,1663.4,1661.7,1663.1,236
2020-03-11 10:00:00,1663.0,1663.4,1660.2,1662.3,367
2020-03-11 10:05:00,1662.6,1662.7,1658.2,1658.5,450
2020-03-11 10:10:00,1658.6,1659.3,1657.7,1657.8,451
2020-03-11 10:15:00,1657.8,1660.6,1657.8,1659.8,344
2020-03-11 10:20:00,1659.7,1660.3,1658.6,1659.9,229
2020-03-11 10:25:00,1660.0,1660.4,1658.8,1660.4,207
2020-03-11 10:30:00,1660.2,1660.4,1654.4,1656.6,631
2020-03-11 10:35:00,1656.7,1658.1,1654.0,1654.3,605
2020-03-11 10:40:00,1654.3,1655.6,1652.5,1655.3,864
2020-03-11 10:45:00,1655.2,1656.2,1652.4,1653.9,531
2020-03-11 10:50:00,1654.0,1655.1,1652.4,1654.2,374
2020-03-11 10:55:00,1654.0,1654.0,1651.9,1653.1,411
2020-03-11 11:00:00,1653.1,1655.2,1652.1,1652.6,548
2020-03-11 11:05:00,1652.6,1652.9,1648.8,1650.1,724
2020-03-11 11:10:00,1650.0,1650.0,1646.9,1647.2,595
2020-03-11 11:15:00,1647.0,1652.4,1647.0,1652.0,563
2020-03-11 11:20:00,1652.0,1654.5,1650.7,1654.3,516
2020-03-11 11:25:00,1654.2,1654.4,1652.3,1652.4,477
2020-03-11 11:30:00,1652.4,1652.9,1650.3,1650.7,311
2020-03-11 11:35:00,1650.7,1651.0,1648.8,1649.3,319
2020-03-11 11:40:00,1649.3,1649.3,1645.6,1645.8,737
2020-03-11 11:45:00,1645.7,1649.6,1643.5,1647.8,831
2020-03-11 11:50:00,1647.7,1649.2,1647.0,1648.5,258
2020-03-11 11:55:00,1648.3,1650.1,1648.2,1649.6,234
2020-03-11 12:00:00,1649.8,1650.9,1649.3,1649.5,345
2020-03-11 12:05:00,1649.5,1650.6,1646.5,1647.0,387
2020-03-11 12:10:00,1646.7,1649.3,1646.2,1648.7,259
2020-03-11 12:15:00,1648.8,1648.8,1646.3,1647.4,269
2020-03-11 12:20:00,1647.4,1648.5,1646.8,1647.1,200
2020-03-11 12:25:00,1647.1,1649.3,1646.8,1649.0,239
2020-03-11 12:30:00,1648.8,1649.2,1648.2,1648.4,168
2020-03-11 12:35:00,1648.2,1648.2,1647.2,1647.2,161
2020-03-11 12:40:00,1647.4,1648.3,1646.7,1647.6,229
2020-03-11 12:45:00,1647.4,1648.8,1647.0,1647.4,237
2020-03-11 12:50:00,1647.6,1648.2,1644.4,1644.5,351
2020-03-11 12:55:00,1644.4,1645.3,1642.4,1644.9,547
2020-03-11 13:00:00,1644.6,1648.4,1644.6,1647.3,446
2020-03-11 13:05:00,1647.7,1649.2,1646.6,1647.6,318
2020-03-11 13:10:00,1647.4,1647.7,1645.5,1646.0,230
2020-03-11 13:15:00,1646.0,1646.7,1644.7,1645.4,242
2020-03-11 13:20:00,1645.5,1645.5,1643.8,1644.2,282
2020-03-11 13:25:00,1644.1,1644.7,1641.5,1642.1,468
2020-03-11 13:30:00,1642.1,1643.7,1639.2,1642.3,738
2020-03-11 13:35:00,1642.2,1644.0,1642.2,1643.2,262
2020-03-11 13:40:00,1643.1,1646.1,1642.2,1645.4,246
2020-03-11 13:45:00,1645.6,1645.6,1642.9,1644.1,157
2020-03-11 13:50:00,1644.0,1645.6,1643.6,1644.3,203
2020-03-11 13:55:00,1644.4,1646.1,1642.6,1643.3,219
2020-03-11 14:00:00,1643.3,1643.8,1642.9,1643.0,106
2020-03-11 14:05:00,1643.0,1644.1,1641.9,1644.1,156
2020-03-11 14:10:00,1644.1,1644.8,1643.5,1643.7,107
2020-03-11 14:15:00,1643.6,1643.6,1642.1,1643.0,120
2020-03-11 14:20:00,1642.9,1643.0,1641.5,1641.5,114
2020-03-11 14:25:00,1641.7,1641.8,1637.5,1638.0,570
2020-03-11 14:30:00,1638.0,1640.0,1636.6,1639.4,486
2020-03-11 14:35:00,1639.5,1639.7,1637.7,1638.3,299
2020-03-11 14:40:00,1638.2,1640.8,1638.0,1639.7,230
2020-03-11 14:45:00,1639.9,1641.2,1639.3,1640.7,215
2020-03-11 14:50:00,1640.9,1641.1,1638.6,1638.6,121
2020-03-11 14:55:00,1638.6,1639.5,1637.6,1638.6,249
2020-03-11 15:00:00,1638.4,1638.6,1634.1,1636.0,513
2020-03-11 15:05:00,1635.9,1636.1,1633.3,1634.8,305
2020-03-11 15:10:00,1634.8,1635.0,1633.7,1634.8,201
2020-03-11 15:15:00,1634.6,1635.1,1632.5,1634.5,269
2020-03-11 15:20:00,1634.7,1646.1,1634.7,1642.4,856
2020-03-11 15:25:00,1642.3,1643.4,1640.1,1641.8,347
2020-03-11 15:30:00,1641.7,1642.0,1640.5,1641.1,251
2020-03-11 15:35:00,1640.9,1644.2,1640.6,1644.2,286
2020-03-11 15:40:00,1644.2,1644.9,1642.2,1642.3,327
2020-03-11 15:45:00,1642.4,1642.4,1639.2,1639.2,187
2020-03-11 15:50:00,1639.3,1639.6,1636.7,1637.5,306
2020-03-11 15:55:00,1637.8,1638.4,1636.0,1636.2,342
2020-03-11 16:00:00,1636.7,1637.2,1635.2,1635.7,260
2020-03-11 16:05:00,1635.8,1636.3,1635.6,1636.1,72
2020-03-11 16:10:00,1636.1,1638.2,1636.1,1637.8,118
2020-03-11 16:15:00,1637.9,1638.5,1637.5,1637.6,64
2020-03-11 16:20:00,1637.5,1637.9,1636.4,1636.4,91
2020-03-11 16:25:00,1636.4,1637.7,1636.3,1637.7,45
2020-03-11 16:30:00,1637.6,1638.1,1635.7,1636.0,116
2020-03-11 16:35:00,1636.0,1637.4,1635.7,1637.2,48
2020-03-11 16:40:00,1637.3,1638.6,1637.3,1638.5,49
2020-03-11 16:45:00,1638.3,1638.4,1637.4,1637.5,41
2020-03-11 16:50:00,1637.4,1638.5,1636.6,1636.7,90
2020-03-11 16:55:00,1636.5,1636.5,1634.7,1634.9,94
2020-03-11 18:00:00,1634.6,1638.0,1633.2,1637.9,150
2020-03-11 18:05:00,1637.8,1637.9,1636.8,1637.2,62
2020-03-11 18:10:00,1637.0,1639.5,1637.0,1638.7,80
2020-03-11 18:15:00,1638.9,1640.7,1638.9,1640.2,115
2020-03-11 18:20:00,1640.1,1640.7,1639.7,1640.7,35
2020-03-11 18:25:00,1640.8,1641.4,1640.8,1641.0,78
2020-03-11 18:30:00,1641.0,1641.8,1638.5,1638.7,102
2020-03-11 18:35:00,1638.7,1638.7,1636.1,1638.0,169
2020-03-11 18:40:00,1638.3,1639.8,1637.3,1639.3,79
2020-03-11 18:45:00,1638.9,1638.9,1636.6,1637.3,53
2020-03-11 18:50:00,1637.5,1638.8,1637.1,1637.8,77
2020-03-11 18:55:00,1637.6,1638.9,1637.5,1637.9,41
2020-03-11 19:00:00,1638.3,1640.0,1637.8,1639.9,73
2020-03-11 19:05:00,1639.8,1640.8,1639.0,1639.9,88
2020-03-11 19:10:00,1639.9,1640.9,1639.3,1640.2,68
2020-03-11 19:15:00,1640.5,1641.6,1640.5,1641.5,85
2020-03-11 19:20:00,1641.4,1641.4,1640.2,1640.8,79
2020-03-11 19:25:00,1641.0,1641.4,1640.2,1641.0,57
2020-03-11 19:30:00,1640.9,1642.3,1639.8,1641.5,122
2020-03-11 19:35:00,1641.9,1642.9,1641.5,1642.3,101
2020-03-11 19:40:00,1642.4,1643.6,1641.9,1643.0,92
2020-03-11 19:45:00,1642.6,1643.5,1642.1,1643.1,63
2020-03-11 19:50:00,1643.4,1644.2,1642.8,1643.2,104
2020-03-11 19:55:00,1643.0,1643.5,1642.1,1643.1,97
2020-05-12 00:00:00,1704.1,1704.8,1703.6,1704.4,104
2020-05-12 00:05:00,1704.6,1705.5,1704.5,1704.7,68
2020-05-12 00:10:00,1705.0,1705.4,1704.5,1704.5,77
2020-05-12 00:15:00,1704.7,1704.7,1704.0,1704.4,104
2020-05-12 00:20:00,1704.4,1704.5,1704.1,1704.4,37
2020-05-12 00:25:00,1704.4,1704.4,1704.0,1704.2,60
2020-05-12 00:30:00,1704.3,1705.0,1704.3,1704.4,75
2020-05-12 00:35:00,1704.5,1705.2,1704.4,1705.1,92
2020-05-12 00:40:00,1705.1,1705.4,1704.7,1705.1,65
2020-05-12 00:45:00,1705.3,1705.6,1704.4,1704.8,64
2020-05-12 00:50:00,1705.0,1705.0,1704.1,1704.1,40
2020-05-12 00:55:00,1704.2,1704.7,1704.0,1704.1,62
2020-05-12 01:00:00,1704.5,1705.0,1704.3,1705.0,71
2020-05-12 01:05:00,1705.0,1707.4,1704.9,1705.6,356
2020-05-12 01:10:00,1705.6,1705.8,1705.3,1705.7,28
2020-05-12 01:15:00,1705.7,1706.3,1705.1,1705.1,94
2020-05-12 01:20:00,1705.4,1705.6,1704.7,1705.0,101
2020-05-12 01:25:00,1704.8,1705.2,1704.4,1705.1,94
2020-05-12 01:30:00,1705.2,1705.9,1704.4,1705.9,84
2020-05-12 01:35:00,1706.0,1706.1,1705.3,1705.4,64
2020-05-12 01:40:00,1705.5,1706.1,1705.5,1706.0,49
2020-05-12 01:45:00,1705.9,1705.9,1705.5,1705.7,65
2020-05-12 01:50:00,1705.6,1705.6,1705.1,1705.2,21
2020-05-12 01:55:00,1705.2,1705.2,1704.6,1705.0,83
2020-05-12 02:00:00,1705.1,1705.8,1704.1,1704.4,239
2020-05-12 02:05:00,1704.4,1704.7,1702.6,1702.9,363
2020-05-12 02:10:00,1703.0,1703.2,1701.4,1702.2,420
2020-05-12 02:15:00,1702.4,1702.5,1701.5,1702.1,147
2020-05-12 02:20:00,1702.1,1703.0,1702.0,1702.3,128
2020-05-12 02:25:00,1702.6,1703.3,1702.5,1703.0,91
2020-05-12 02:30:00,1703.1,1703.2,1701.9,1702.2,122
2020-05-12 02:35:00,1702.3,1702.8,1701.8,1702.4,65
2020-05-12 02:40:00,1702.4,1702.8,1702.0,1702.4,55
2020-05-12 02:45:00,1702.3,1702.3,1700.5,1701.3,197
2020-05-12 02:50:00,1701.2,1701.8,1701.0,1701.4,119
2020-05-12 02:55:00,1701.4,1701.9,1701.3,1701.7,81
2020-05-12 03:00:00,1701.8,1702.3,1701.0,1702.3,107
2020-05-12 03:05:00,1702.2,1703.0,1701.2,1701.7,151
2020-05-12 03:10:00,1701.8,1703.0,1701.6,1703.0,87
2020-05-12 03:15:00,1703.1,1704.0,1702.9,1703.8,187
2020-05-12 03:20:00,1703.8,1705.2,1703.6,1704.6,239
2020-05-12 03:25:00,1704.6,1704.6,1704.0,1704.0,119
2020-05-12 03:30:00,1704.6,1705.5,1704.2,1705.0,92
2020-05-12 03:35:00,1705.2,1706.8,1705.2,1706.3,205
2020-05-12 03:40:00,1706.4,1708.1,1706.2,1706.9,307
2020-05-12 03:45:00,1707.0,1707.3,1705.7,1705.9,208
2020-05-12 03:50:00,1706.0,1706.7,1705.7,1705.8,135
2020-05-12 03:55:00,1705.9,1706.2,1705.0,1706.2,117
2020-05-12 04:00:00,1706.1,1706.3,1705.3,1705.8,72
2020-05-12 04:05:00,1705.8,1707.4,1705.8,1707.4,183
2020-05-12 04:10:00,1707.5,1708.0,1706.6,1707.4,170
2020-05-12 04:15:00,1707.7,1709.1,1707.7,1708.7,289
2020-05-12 04:20:00,1708.8,1709.5,1707.6,1707.7,214
2020-05-12 04:25:00,1707.8,1708.4,1707.5,1707.9,91
2020-05-12 04:30:00,1708.2,1708.3,1707.0,1707.2,122
2020-05-12 04:35:00,1707.1,1707.5,1706.7,1707.3,154
2020-05-12 04:40:00,1707.3,1707.4,1706.0,1706.4,110
2020-05-12 04:45:00,1706.4,1707.5,1706.3,1707.0,82
2020-05-12 04:50:00,1707.0,1707.5,1706.6,1706.6,49
2020-05-12 04:55:00,1706.8,1708.5,1706.7,1708.5,132
2020-05-12 05:00:00,1708.6,1709.7,1708.6,1709.5,565
2020-05-12 05:05:00,1709.4,1710.0,1709.0,1709.2,231
2020-05-12 05:10:00,1709.1,1709.2,1708.2,1709.2,159
2020-05-12 05:15:00,1709.3,1710.1,1709.2,1709.7,140
2020-05-12 05:20:00,1709.8,1710.3,1708.9,1709.9,128
2020-05-12 05:25:00,1709.9,1710.3,1708.8,1709.0,163
2020-05-12 05:30:00,1708.9,1709.1,1707.7,1708.5,170
2020-05-12 05:35:00,1708.3,1708.8,1708.0,1708.3,87
2020-05-12 05:40:00,1708.4,1708.8,1708.1,1708.2,61
2020-05-12 05:45:00,1708.3,1708.5,1707.4,1708.5,110
2020-05-12 05:50:00,1708.5,1709.8,1708.4,1709.7,123
2020-05-12 05:55:00,1709.8,1709.8,1708.9,1709.2,99
2020-05-12 06:00:00,1709.1,1709.5,1708.1,1708.2,133
2020-05-12 06:05:00,1708.2,1708.7,1707.4,1708.3,108
2020-05-12 06:10:00,1708.1,1709.8,1708.0,1709.8,111
2020-05-12 06:15:00,1709.7,1711.9,1709.3,1710.5,488
2020-05-12 06:20:00,1710.6,1711.7,1710.0,1710.5,182
2020-05-12 06:25:00,1710.5,1711.0,1710.1,1710.2,165
2020-05-12 06:30:00,1710.4,1710.5,1708.6,1708.7,272
2020-05-12 06:35:00,1708.8,1709.3,1707.6,1707.9,221
2020-05-12 06:40:00,1708.1,1708.6,1706.5,1706.8,324
2020-05-12 06:45:00,1706.8,1707.8,1705.8,1707.1,314
2020-05-12 06:50:00,1707.2,1708.4,1707.1,1708.3,127
2020-05-12 06:55:00,1708.0,1708.3,1707.4,1707.7,100
2020-05-12 07:00:00,1707.9,1707.9,1706.5,1707.4,407
2020-05-12 07:05:00,1707.3,1708.8,1707.1,1708.5,149
2020-05-12 07:10:00,1708.4,1708.4,1707.2,1707.8,55
2020-05-12 07:15:00,1707.7,1708.6,1707.7,1708.6,90
2020-05-12 07:20:00,1708.6,1710.6,1708.6,1709.6,287
2020-05-12 07:25:00,1709.7,1709.7,1708.7,1709.4,117
2020-05-12 07:30:00,1709.4,1709.6,1707.5,1707.5,189
2020-05-12 07:35:00,1707.6,1708.3,1707.4,1707.7,97
2020-05-12 07:40:00,1707.9,1708.8,1706.6,1708.3,226
2020-05-12 07:45:00,1708.6,1709.9,1708.1,1708.1,166
2020-05-12 07:50:00,1708.2,1708.8,1707.5,1708.1,113
2020-05-12 07:55:00,1708.3,1708.7,1707.6,1708.7,79
2020-05-12 08:00:00,1708.7,1708.8,1706.8,1707.1,185
2020-05-12 08:05:00,1707.2,1707.9,1705.9,1707.5,197
2020-05-12 08:10:00,1707.8,1708.4,1707.0,1707.4,132
2020-05-12 08:15:00,1707.4,1707.4,1706.0,1706.4,161
2020-05-12 08:20:00,1706.4,1707.1,1702.5,1705.7,567
2020-05-12 08:25:00,1705.4,1705.7,1703.2,1704.5,293
2020-05-12 08:30:00,1704.5,1706.5,1702.2,1702.5,502
2020-05-12 08:35:00,1702.5,1703.3,1701.3,1703.1,609
2020-05-12 08:40:00,1703.2,1704.4,1702.7,1704.1,221
2020-05-12 08:45:00,1704.2,1704.2,1703.0,1703.9,179
2020-05-12 08:50:00,1703.8,1704.0,1703.1,1703.5,224
2020-05-12 08:55:00,1703.6,1704.6,1703.0,1704.4,350
2020-05-12 09:00:00,1704.3,1705.0,1703.3,1704.6,340
2020-05-12 09:05:00,1704.6,1705.4,1703.6,1703.9,368
2020-05-12 09:10:00,1703.4,1705.2,1703.2,1705.0,283
2020-05-12 09:15:00,1705.1,1706.5,1703.9,1705.9,528
2020-05-12 09:20:00,1705.9,1706.6,1704.5,1706.5,270
2020-05-12 09:25:00,1706.5,1707.4,1706.0,1707.2,368
2020-05-12 09:30:00,1707.4,1709.5,1707.4,1707.7,773
2020-05-12 09:35:00,1707.7,1708.7,1707.1,1707.4,318
2020-05-12 09:40:00,1707.6,1709.2,1707.3,1707.5,309
2020-05-12 09:45:00,1707.7,1708.2,1704.8,1705.1,780
2020-05-12 09:50:00,1705.0,1706.4,1704.6,1706.2,527
2020-05-12 09:55:00,1706.1,1714.3,1706.1,1713.2,1555
2020-05-12 10:00:00,1713.4,1713.6,1708.8,1710.3,1141
2020-05-12 10:05:00,1710.3,1710.7,1708.9,1709.6,395
2020-05-12 10:10:00,1709.8,1710.2,1706.8,1709.4,484
2020-05-12 10:15:00,1709.3,1710.2,1708.6,1710.0,241
2020-05-12 10:20:00,1710.2,1711.9,1710.2,1711.7,414
2020-05-12 10:25:00,1711.7,1712.6,1710.8,1711.7,300
2020-05-12 10:30:00,1711.7,1712.5,1710.5,1711.1,296
2020-05-12 10:35:00,1710.9,1710.9,1709.3,1710.7,316
2020-05-12 10:40:00,1710.8,1710.8,1709.4,1710.3,230
2020-05-12 10:45:00,1710.1,1711.4,1710.0,1710.9,151
2020-05-12 10:50:00,1711.2,1712.9,1710.8,1712.5,284
2020-05-12 10:55:00,1712.6,1715.1,1712.4,1714.5,675
2020-05-12 11:00:00,1714.5,1715.9,1712.6,1714.2,977
2020-05-12 11:05:00,1714.1,1715.2,1713.7,1715.2,237
2020-05-12 11:10:00,1715.2,1716.5,1714.3,1714.5,441
2020-05-12 11:15:00,1714.5,1715.2,1714.0,1714.4,185
2020-05-12 11:20:00,1714.4,1714.8,1713.8,1714.2,190
2020-05-12 11:25:00,1714.2,1715.1,1713.7,1715.0,461
2020-05-12 11:30:00,1714.9,1715.7,1712.0,1712.2,423
2020-05-12 11:35:00,1712.4,1713.4,1712.4,1713.0,186
2020-05-12 11:40:00,1713.0,1713.8,1713.0,1713.7,93
2020-05-12 11:45:00,1713.6,1713.8,1711.3,1711.7,305
2020-05-12 11:50:00,1711.7,1712.8,1711.4,1711.8,159
2020-05-12 11:55:00,1711.5,1712.5,1711.1,1711.9,162
2020-05-12 12:00:00,1711.6,1712.5,1711.3,1711.5,103
2020-05-12 12:05:00,1711.4,1711.5,1709.7,1709.8,322
2020-05-12 12:10:00,1709.9,1710.0,1708.7,1709.2,349
2020-05-12 12:15:00,1709.1,1709.1,1706.7,1708.6,478
2020-05-12 12:20:00,1708.4,1708.5,1707.1,1707.4,208
2020-05-12 12:25:00,1707.3,1708.1,1706.1,1707.8,263
2020-05-12 12:30:00,1707.8,1709.0,1707.6,1708.5,260
2020-05-12 12:35:00,1708.3,1708.3,1706.2,1706.7,221
2020-05-12 12:40:00,1706.7,1707.1,1705.2,1706.0,281
2020-05-12 12:45:00,1706.0,1707.0,1706.0,1706.5,156
2020-05-12 12:50:00,1706.6,1707.6,1706.6,1707.5,198
2020-05-12 12:55:00,1707.1,1707.4,1706.0,1707.2,167
2020-05-12 13:00:00,1707.0,1708.0,1706.3,1707.9,234
2020-05-12 13:05:00,1707.8,1708.0,1706.8,1707.3,91
2020-05-12 13:10:00,1707.0,1707.9,1706.1,1707.7,152
2020-05-12 13:15:00,1707.6,1707.7,1706.2,1707.0,133
2020-05-12 13:20:00,1706.9,1707.3,1705.6,1706.0,274
2020-05-12 13:25:00,1705.8,1707.1,1705.8,1706.9,235
2020-05-12 13:30:00,1706.9,1707.6,1706.0,1706.6,153
2020-05-12 13:35:00,1706.7,1706.9,1705.8,1706.4,106
2020-05-12 13:40:00,1706.5,1706.7,1705.6,1706.4,103
2020-05-12 13:45:00,1706.5,1707.0,1706.2,1706.8,79
2020-05-12 13:50:00,1706.7,1707.4,1706.4,1707.2,91
2020-05-12 13:55:00,1707.2,1708.6,1707.2,1707.8,208
2020-05-12 14:00:00,1707.5,1708.3,1707.5,1707.9,120
2020-05-12 14:05:00,1708.1,1708.4,1707.7,1708.0,81
2020-05-12 14:10:00,1708.2,1708.6,1707.7,1708.2,78
2020-05-12 14:15:00,1708.0,1708.1,1707.0,1707.5,98
2020-05-12 14:20:00,1707.4,1708.0,1707.3,1707.4,57
2020-05-12 14:25:00,1707.5,1708.1,1707.5,1708.0,36
2020-05-12 14:30:00,1707.8,1707.8,1706.6,1706.9,60
2020-05-12 14:35:00,1706.9,1707.9,1706.9,1707.8,57
2020-05-12 14:40:00,1707.9,1707.9,1706.6,1707.0,80
2020-05-12 14:45:00,1706.9,1706.9,1706.5,1706.6,48
2020-05-12 14:50:00,1706.4,1706.5,1706.1,1706.4,56
2020-05-12 14:55:00,1706.5,1706.8,1705.3,1706.2,120
2020-05-12 15:00:00,1706.2,1706.4,1705.8,1705.8,30
2020-05-12 15:05:00,1706.0,1706.6,1705.9,1706.1,40
2020-05-12 15:10:00,1705.9,1706.1,1704.7,1705.3,118
2020-05-12 15:15:00,1705.2,1705.7,1702.3,1702.8,370
2020-05-12 15:20:00,1702.5,1704.9,1702.3,1704.9,193
2020-05-12 15:25:00,1704.9,1705.0,1703.0,1703.3,94
2020-05-12 15:30:00,1703.8,1704.5,1703.5,1704.0,201
2020-05-12 15:35:00,1704.1,1704.3,1702.9,1703.9,117
2020-05-12 15:40:00,1703.8,1703.8,1702.8,1703.0,78
2020-05-12 15:45:00,1703.0,1704.5,1702.8,1704.1,92
2020-05-12 15:50:00,1703.9,1706.0,1703.6,1705.8,138
2020-05-12 15:55:00,1705.6,1706.7,1705.3,1705.5,192
2020-05-12 16:00:00,1705.7,1706.2,1705.5,1705.9,99
2020-05-12 16:05:00,1705.7,1706.2,1705.5,1705.5,65
2020-05-12 16:10:00,1705.5,1706.1,1704.9,1704.9,51
2020-05-12 16:15:00,1705.0,1705.2,1704.7,1704.9,23
2020-05-12 16:20:00,1704.9,1705.2,1704.7,1705.1,49
2020-05-12 16:25:00,1705.1,1705.3,1703.8,1703.8,78
2020-05-12 16:30:00,1703.8,1705.1,1703.0,1705.0,129
2020-05-12 16:35:00,1704.9,1706.2,1704.8,1706.0,70
2020-05-12 16:40:00,1705.8,1706.0,1705.0,1705.1,62
2020-05-12 16:45:00,1705.2,1705.6,1704.6,1704.9,43
2020-05-12 16:50:00,1705.2,1705.6,1704.5,1705.5,57
2020-05-12 16:55:00,1705.4,1705.7,1704.9,1705.5,58
2020-05-12 18:00:00,1705.3,1706.1,1704.8,1705.9,88
2020-05-12 18:05:00,1705.9,1706.9,1705.9,1706.8,113
2020-05-12 18:10:00,1706.8,1708.1,1706.7,1707.8,119
2020-05-12 18:15:00,1707.7,1708.0,1707.3,1707.9,81
2020-05-12 18:20:00,1708.0,1708.3,1707.4,1707.5,47
2020-05-12 18:25:00,1707.8,1708.0,1706.8,1707.0,77
2020-05-12 18:30:00,1707.3,1707.5,1706.9,1707.1,41
2020-05-12 18:35:00,1707.0,1707.2,1706.6,1706.9,39
2020-05-12 18:40:00,1707.0,1707.0,1706.6,1706.8,30
2020-05-12 18:45:00,1706.9,1706.9,1706.4,1706.4,20
2020-05-12 18:50:00,1706.3,1706.4,1706.2,1706.2,31
2020-05-12 18:55:00,1706.2,1706.7,1706.2,1706.6,25
2020-05-12 19:00:00,1706.6,1706.7,1706.3,1706.3,29
2020-05-12 19:05:00,1706.5,1706.5,1705.6,1706.1,77
2020-05-12 19:10:00,1706.0,1707.4,1705.9,1707.2,55
2020-05-12 19:15:00,1707.3,1707.4,1706.3,1706.5,68
2020-05-12 19:20:00,1706.4,1706.5,1705.7,1705.8,40
2020-05-12 19:25:00,1705.8,1705.9,1704.7,1704.8,121
2020-05-12 19:30:00,1704.8,1705.5,1704.3,1705.2,68
2020-05-12 19:35:00,1705.2,1705.2,1703.8,1704.2,99
2020-05-12 19:40:00,1704.5,1704.7,1704.0,1704.5,99
2020-05-12 19:45:00,1704.3,1706.5,1704.0,1706.1,164
2020-05-12 19:50:00,1706.3,1706.4,1705.8,1706.0,97
2020-05-12 19:55:00,1705.8,1706.0,1705.5,1705.6,65
2020-06-10 00:00:00,1722.8,1723.0,1722.3,1722.3,86
2020-06-10 00:05:00,1722.2,1723.6,1722.1,1723.5,93
2020-06-10 00:10:00,1723.4,1723.4,1723.0,1723.0,90
2020-06-10 00:15:00,1723.0,1723.0,1722.7,1723.0,46
2020-06-10 00:20:00,1722.9,1723.1,1722.8,1723.1,45
2020-06-10 00:25:00,1723.1,1723.3,1722.8,1723.0,58
2020-06-10 00:30:00,1723.0,1723.0,1722.3,1722.5,99
2020-06-10 00:35:00,1722.5,1722.9,1722.5,1722.7,28
2020-06-10 00:40:00,1722.6,1722.8,1722.6,1722.8,16
2020-06-10 00:45:00,1722.6,1722.8,1721.6,1722.3,146
2020-06-10 00:50:00,1722.2,1722.5,1722.0,1722.3,46
2020-06-10 00:55:00,1722.2,1723.2,1721.8,1723.0,106
2020-06-10 01:00:00,1723.0,1723.9,1722.7,1723.9,67
2020-06-10 01:05:00,1723.7,1724.4,1723.7,1724.2,108
2020-06-10 01:10:00,1724.2,1724.4,1724.1,1724.3,46
2020-06-10 01:15:00,1724.4,1724.5,1724.1,1724.1,54
2020-06-10 01:20:00,1724.1,1724.8,1724.0,1724.5,97
2020-06-10 01:25:00,1724.6,1725.0,1724.6,1724.8,99
2020-06-10 01:30:00,1725.0,1726.1,1725.0,1726.1,258
2020-06-10 01:35:00,1726.1,1726.2,1725.6,1725.9,93
2020-06-10 01:40:00,1726.0,1726.4,1725.8,1726.1,115
2020-06-10 01:45:00,1726.1,1726.8,1725.9,1726.2,186
2020-06-10 01:50:00,1726.1,1726.8,1726.1,1726.4,135
2020-06-10 01:55:00,1726.3,1726.5,1725.3,1725.5,76
2020-06-10 02:00:00,1725.5,1726.1,1724.8,1725.7,192
2020-06-10 02:05:00,1725.5,1726.5,1725.5,1726.3,146
2020-06-10 02:10:00,1726.2,1727.1,1726.0,1726.9,141
2020-06-10 02:15:00,1726.9,1726.9,1725.6,1725.9,132
2020-06-10 02:20:00,1726.0,1726.5,1725.4,1725.7,125
2020-06-10 02:25:00,1725.7,1726.8,1725.3,1725.8,148
2020-06-10 02:30:00,1725.9,1726.8,1725.8,1726.5,123
2020-06-10 02:35:00,1726.4,1726.8,1724.8,1725.6,352
2020-06-10 02:40:00,1725.6,1726.0,1724.3,1724.8,204
2020-06-10 02:45:00,1724.7,1725.8,1724.6,1724.7,148
2020-06-10 02:50:00,1724.8,1725.4,1724.6,1724.9,102
2020-06-10 02:55:00,1724.7,1725.0,1724.2,1724.3,116
2020-06-10 03:00:00,1724.2,1724.6,1722.9,1723.8,195
2020-06-10 03:05:00,1723.9,1724.8,1723.3,1724.6,185
2020-06-10 03:10:00,1724.5,1725.6,1724.2,1725.2,209
2020-06-10 03:15:00,1725.2,1726.1,1724.9,1725.3,154
2020-06-10 03:20:00,1725.5,1726.4,1725.3,1725.8,102
2020-06-10 03:25:00,1725.6,1725.8,1725.4,1725.5,52
2020-06-10 03:30:00,1725.5,1725.9,1724.7,1725.1,118
2020-06-10 03:35:00,1725.4,1725.5,1723.9,1724.5,193
2020-06-10 03:40:00,1724.6,1724.9,1724.1,1724.6,101
2020-06-10 03:45:00,1724.6,1724.6,1723.4,1723.7,115
2020-06-10 03:50:00,1723.6,1724.1,1723.1,1724.0,113
2020-06-10 03:55:00,1724.1,1724.6,1724.0,1724.4,67
2020-06-10 04:00:00,1724.2,1726.0,1724.2,1725.9,177
2020-06-10 04:05:00,1725.7,1726.6,1725.7,1726.4,141
2020-06-10 04:10:00,1726.5,1727.7,1726.5,1727.1,227
2020-06-10 04:15:00,1727.1,1727.6,1726.6,1726.9,170
2020-06-10 04:20:00,1726.9,1727.6,1726.9,1727.1,107
2020-06-10 04:25:00,1727.3,1728.2,1726.9,1727.5,256
2020-06-10 04:30:00,1727.5,1728.0,1727.1,1727.7,119
2020-06-10 04:35:00,1727.8,1728.1,1727.4,1727.6,89
2020-06-10 04:40:00,1727.4,1727.9,1727.3,1727.9,73
2020-06-10 04:45:00,1727.8,1728.1,1727.4,1727.6,135
2020-06-10 04:50:00,1727.6,1727.8,1726.7,1727.5,167
2020-06-10 04:55:00,1727.2,1727.5,1726.6,1726.6,148
2020-06-10 05:00:00,1726.6,1727.8,1725.9,1727.5,233
2020-06-10 05:05:00,1727.6,1728.0,1726.5,1726.7,140
2020-06-10 05:10:00,1726.9,1726.9,1726.2,1726.4,92
2020-06-10 05:15:00,1726.5,1726.7,1725.4,1725.8,144
2020-06-10 05:20:00,1725.7,1726.2,1725.5,1726.1,87
2020-06-10 05:25:00,1726.1,1726.1,1725.3,1725.6,95
2020-06-10 05:30:00,1725.7,1726.0,1724.4,1724.4,183
2020-06-10 05:35:00,1724.4,1725.3,1723.9,1724.7,211
2020-06-10 05:40:00,1724.7,1725.0,1724.2,1725.0,86
2020-06-10 05:45:00,1724.9,1725.9,1724.8,1725.7,145
2020-06-10 05:50:00,1725.6,1726.0,1725.5,1725.8,39
2020-06-10 05:55:00,1725.9,1726.2,1725.0,1725.3,78
2020-06-10 06:00:00,1725.2,1725.3,1724.3,1725.0,121
2020-06-10 06:05:00,1724.9,1725.6,1724.6,1724.9,67
2020-06-10 06:10:00,1724.9,1725.1,1724.6,1724.9,53
2020-06-10 06:15:00,1725.0,1725.8,1724.5,1724.7,123
2020-06-10 06:20:00,1724.7,1725.2,1724.3,1725.1,46
2020-06-10 06:25:00,1725.1,1725.3,1724.6,1725.0,63
2020-06-10 06:30:00,1725.1,1725.3,1723.4,1723.6,147
2020-06-10 06:35:00,1723.7,1723.7,1722.7,1723.3,314
2020-06-10 06:40:00,1723.5,1724.8,1723.4,1724.6,162
2020-06-10 06:45:00,1724.6,1725.1,1724.1,1724.6,108
2020-06-10 06:50:00,1724.8,1725.3,1724.2,1725.2,107
2020-06-10 06:55:00,1725.2,1725.8,1724.6,1725.7,86
2020-06-10 07:00:00,1725.8,1726.2,1725.1,1725.3,179
2020-06-10 07:05:00,1725.5,1725.6,1725.1,1725.6,57
2020-06-10 07:10:00,1725.5,1725.8,1725.1,1725.5,83
2020-06-10 07:15:00,1725.4,1725.8,1725.1,1725.6,68
2020-06-10 07:20:00,1725.6,1726.9,1725.6,1726.8,238
2020-06-10 07:25:00,1726.8,1727.4,1726.4,1727.4,281
2020-06-10 07:30:00,1727.4,1728.6,1727.3,1728.4,438
2020-06-10 07:35:00,1728.3,1728.5,1727.4,1727.8,181
2020-06-10 07:40:00,1727.7,1728.0,1727.1,1727.6,159
2020-06-10 07:45:00,1727.8,1728.8,1727.8,1728.7,218
2020-06-10 07:50:00,1728.7,1731.7,1728.7,1731.4,849
2020-06-10 07:55:00,1731.5,1731.5,1730.6,1730.8,287
2020-06-10 08:00:00,1730.7,1732.5,1730.0,1730.0,720
2020-06-10 08:05:00,1730.0,1730.9,1729.4,1730.9,329
2020-06-10 08:10:00,1731.0,1732.3,1731.0,1731.7,357
2020-06-10 08:15:00,1731.6,1731.7,1728.7,1729.5,408
2020-06-10 08:20:00,1729.4,1730.9,1728.6,1730.7,245
2020-06-10 08:25:00,1730.7,1730.8,1729.3,1730.5,141
2020-06-10 08:30:00,1729.9,1731.2,1728.0,1728.8,454
2020-06-10 08:35:00,1728.8,1730.3,1728.7,1730.0,280
2020-06-10 08:40:00,1730.0,1731.6,1729.9,1731.0,365
2020-06-10 08:45:00,1731.1,1731.3,1729.8,1729.8,195
2020-06-10 08:50:00,1729.8,1730.0,1728.4,1729.0,268
2020-06-10 08:55:00,1728.9,1730.2,1728.6,1728.9,197
2020-06-10 09:00:00,1729.2,1730.7,1729.2,1730.5,180
2020-06-10 09:05:00,1730.3,1730.4,1729.0,1729.8,163
2020-06-10 09:10:00,1729.6,1730.3,1729.1,1729.8,110
2020-06-10 09:15:00,1729.9,1731.4,1729.7,1731.2,230
2020-06-10 09:20:00,1731.2,1732.1,1730.8,1731.8,381
2020-06-10 09:25:00,1731.9,1732.2,1729.6,1731.5,372
2020-06-10 09:30:00,1731.5,1732.9,1731.0,1732.4,503
2020-06-10 09:35:00,1732.4,1733.3,1727.7,1728.0,877
2020-06-10 09:40:00,1728.3,1729.7,1728.0,1729.2,410
2020-06-10 09:45:00,1729.2,1731.4,1728.9,1730.9,383
2020-06-10 09:50:00,1731.0,1731.9,1731.0,1731.1,307
2020-06-10 09:55:00,1731.0,1731.7,1730.5,1730.7,281
2020-06-10 10:00:00,1730.9,1731.0,1729.1,1729.7,414
2020-06-10 10:05:00,1729.9,1731.9,1729.8,1731.8,248
2020-06-10 10:10:00,1731.8,1732.4,1731.5,1732.3,284
2020-06-10 10:15:00,1732.3,1735.0,1732.0,1734.6,930
2020-06-10 10:20:00,1734.7,1735.0,1733.7,1734.0,319
2020-06-10 10:25:00,1734.1,1734.1,1733.0,1733.7,306
2020-06-10 10:30:00,1733.9,1734.4,1729.3,1729.4,794
2020-06-10 10:35:00,1729.3,1730.4,1727.1,1727.8,659
2020-06-10 10:40:00,1727.9,1728.4,1725.5,1727.9,733
2020-06-10 10:45:00,1728.0,1728.1,1725.5,1727.3,460
2020-06-10 10:50:00,1727.4,1727.5,1725.6,1726.8,378
2020-06-10 10:55:00,1726.5,1727.7,1724.4,1724.6,542
2020-06-10 11:00:00,1724.6,1725.2,1719.0,1720.9,1542
2020-06-10 11:05:00,1720.9,1723.2,1720.4,1722.7,534
2020-06-10 11:10:00,1722.7,1723.8,1722.3,1723.4,487
2020-06-10 11:15:00,1723.2,1723.8,1722.2,1722.6,265
2020-06-10 11:20:00,1722.7,1723.0,1721.5,1722.3,262
2020-06-10 11:25:00,1722.1,1722.4,1721.3,1721.8,212
2020-06-10 11:30:00,1721.8,1722.0,1720.4,1721.5,312
2020-06-10 11:35:00,1721.5,1722.5,1721.3,1721.5,347
2020-06-10 11:40:00,1721.6,1722.0,1721.3,1721.9,116
2020-06-10 11:45:00,1721.7,1723.1,1721.7,1722.8,226
2020-06-10 11:50:00,1722.8,1723.8,1722.5,1723.4,283
2020-06-10 11:55:00,1723.3,1724.5,1723.3,1723.9,331
2020-06-10 12:00:00,1723.8,1724.2,1723.1,1723.5,189
2020-06-10 12:05:00,1723.4,1724.4,1723.2,1723.9,163
2020-06-10 12:10:00,1724.0,1724.2,1723.6,1724.2,111
2020-06-10 12:15:00,1724.1,1724.2,1723.0,1723.4,73
2020-06-10 12:20:00,1723.6,1723.8,1723.0,1723.7,103
2020-06-10 12:25:00,1723.8,1724.4,1723.7,1724.3,66
2020-06-10 12:30:00,1724.3,1725.2,1724.2,1724.6,156
2020-06-10 12:35:00,1724.7,1724.8,1724.2,1724.4,71
2020-06-10 12:40:00,1724.4,1724.6,1723.6,1723.6,116
2020-06-10 12:45:00,1723.7,1723.7,1722.4,1722.8,161
2020-06-10 12:50:00,1722.7,1723.0,1721.2,1721.8,256
2020-06-10 12:55:00,1721.7,1721.8,1719.8,1720.0,407
2020-06-10 13:00:00,1720.2,1720.6,1718.4,1720.5,497
2020-06-10 13:05:00,1720.5,1721.0,1720.0,1720.0,180
2020-06-10 13:10:00,1720.2,1720.4,1719.2,1720.2,131
2020-06-10 13:15:00,1720.3,1721.0,1719.5,1720.8,191
2020-06-10 13:20:00,1721.0,1721.1,1720.0,1720.7,144
2020-06-10 13:25:00,1720.9,1721.2,1719.9,1720.9,172
2020-06-10 13:30:00,1721.0,1721.3,1720.4,1721.2,103
2020-06-10 13:35:00,1721.2,1721.2,1720.8,1720.9,57
2020-06-10 13:40:00,1720.9,1720.9,1720.2,1720.5,100
2020-06-10 13:45:00,1720.7,1721.0,1719.9,1720.3,93
2020-06-10 13:50:00,1720.4,1721.5,1720.4,1721.2,102
2020-06-10 13:55:00,1721.1,1723.5,1720.8,1722.4,116
2020-06-10 14:00:00,1721.6,1727.2,1714.3,1725.4,1846
2020-06-10 14:05:00,1725.8,1731.8,1725.8,1730.3,1469
2020-06-10 14:10:00,1730.4,1738.3,1730.1,1737.3,1931
2020-06-10 14:15:00,1737.3,1738.6,1732.8,1736.0,1776
2020-06-10 14:20:00,1735.2,1736.2,1732.2,1735.5,1168
2020-06-10 14:25:00,1735.6,1736.6,1732.9,1735.6,370
2020-06-10 14:30:00,1736.0,1738.7,1734.6,1735.4,563
2020-06-10 14:35:00,1735.5,1738.0,1734.9,1735.6,479
2020-06-10 14:40:00,1736.0,1737.1,1733.7,1736.2,561
2020-06-10 14:45:00,1736.3,1739.0,1734.6,1738.4,474
2020-06-10 14:50:00,1738.6,1739.3,1731.2,1734.7,1145
2020-06-10 14:55:00,1734.6,1736.7,1733.5,1736.6,368
2020-06-10 15:00:00,1736.2,1738.5,1734.5,1734.7,582
2020-06-10 15:05:00,1734.7,1740.6,1734.4,1740.5,559
2020-06-10 15:10:00,1740.4,1740.8,1738.8,1739.6,388
2020-06-10 15:15:00,1739.8,1742.8,1738.9,1739.4,652
2020-06-10 15:20:00,1739.4,1741.3,1739.2,1741.2,234
2020-06-10 15:25:00,1741.4,1743.4,1740.9,1742.8,390
2020-06-10 15:30:00,1742.9,1746.0,1742.2,1745.8,703
2020-06-10 15:35:00,1745.8,1746.9,1743.5,1746.9,473
2020-06-10 15:40:00,1746.8,1747.2,1745.4,1745.8,337
2020-06-10 15:45:00,1746.2,1748.8,1746.2,1748.4,490
2020-06-10 15:50:00,1748.3,1749.4,1747.8,1749.0,394
2020-06-10 15:55:00,1748.9,1749.0,1746.0,1747.5,392
2020-06-10 16:00:00,1747.2,1748.5,1747.0,1747.3,210
2020-06-10 16:05:00,1747.3,1747.5,1746.6,1747.1,190
2020-06-10 16:10:00,1747.0,1747.1,1744.4,1745.0,319
2020-06-10 16:15:00,1745.3,1745.6,1744.5,1744.7,107
2020-06-10 16:20:00,1744.8,1745.4,1744.6,1745.1,83
2020-06-10 16:25:00,1745.0,1745.0,1742.9,1743.6,170
2020-06-10 16:30:00,1743.6,1744.4,1743.1,1744.3,201
2020-06-10 16:35:00,1744.7,1745.6,1744.5,1745.5,75
2020-06-10 16:40:00,1745.3,1745.8,1744.7,1745.0,64
2020-06-10 16:45:00,1745.1,1746.4,1744.9,1746.3,101
2020-06-10 16:50:00,1746.4,1746.6,1746.1,1746.6,69
2020-06-10 16:55:00,1746.7,1747.9,1746.6,1747.8,167
2020-06-10 18:00:00,1746.7,1749.8,1746.1,1748.2,290
2020-06-10 18:05:00,1748.0,1748.4,1747.2,1747.5,93
2020-06-10 18:10:00,1747.5,1748.3,1747.2,1748.3,74
2020-06-10 18:15:00,1748.2,1749.0,1748.2,1748.7,75
2020-06-10 18:20:00,1748.8,1748.9,1746.6,1746.8,104
2020-06-10 18:25:00,1747.0,1747.6,1745.2,1746.6,246
2020-06-10 18:30:00,1746.5,1747.5,1746.5,1747.2,64
2020-06-10 18:35:00,1746.9,1747.5,1746.6,1747.5,78
2020-06-10 18:40:00,1747.7,1748.2,1746.7,1747.1,83
2020-06-10 18:45:00,1747.0,1747.0,1746.2,1746.8,43
2020-06-10 18:50:00,1746.9,1747.1,1746.2,1746.5,94
2020-06-10 18:55:00,1746.5,1746.5,1745.8,1746.1,74
2020-06-10 19:00:00,1746.0,1747.3,1746.0,1747.2,87
2020-06-10 19:05:00,1747.1,1748.1,1746.4,1748.0,111
2020-06-10 19:10:00,1748.1,1748.3,1746.9,1746.9,56
2020-06-10 19:15:00,1747.0,1747.0,1746.5,1746.8,49
2020-06-10 19:20:00,1746.8,1747.0,1745.9,1745.9,67
2020-06-10 19:25:00,1746.1,1746.7,1745.3,1746.1,116
2020-06-10 19:30:00,1746.3,1746.6,1745.8,1745.8,69
2020-06-10 19:35:00,1745.9,1746.1,1745.2,1745.6,90
2020-06-10 19:40:00,1745.5,1745.5,1743.9,1744.5,221
2020-06-10 19:45:00,1744.5,1745.3,1744.5,1744.7,94
2020-06-10 19:50:00,1744.5,1744.8,1744.2,1744.3,55
2020-06-10 19:55:00,1744.3,1744.4,1743.9,1744.4,89
2020-07-14 00:00:00,1800.2,1800.5,1800.0,1800.1,53
2020-07-14 00:05:00,1800.0,1800.2,1799.9,1800.2,19
2020-07-14 00:10:00,1800.2,1800.2,1800.0,1800.1,44
2020-07-14 00:15:00,1800.2,1800.7,1800.2,1800.5,48
2020-07-14 00:20:00,1800.4,1801.4,1800.4,1801.0,104
2020-07-14 00:25:00,1801.1,1801.3,1800.9,1800.9,39
2020-07-14 00:30:00,1801.0,1801.0,1799.9,1800.0,124
2020-07-14 00:35:00,1800.0,1800.4,1799.9,1800.2,110
2020-07-14 00:40:00,1800.3,1800.6,1800.1,1800.5,96
2020-07-14 00:45:00,1800.5,1800.7,1800.1,1800.2,57
2020-07-14 00:50:00,1800.2,1800.3,1799.9,1800.2,71
2020-07-14 00:55:00,1800.2,1800.5,1800.1,1800.5,59
2020-07-14 01:00:00,1800.7,1801.0,1800.1,1800.3,95
2020-07-14 01:05:00,1800.2,1800.7,1799.9,1800.0,67
2020-07-14 01:10:00,1799.9,1799.9,1798.3,1798.9,348
2020-07-14 01:15:00,1798.9,1799.7,1798.9,1799.7,110
2020-07-14 01:20:00,1799.8,1799.8,1799.4,1799.6,80
2020-07-14 01:25:00,1799.6,1800.0,1799.4,1799.9,73
2020-07-14 01:30:00,1799.8,1799.8,1799.2,1799.4,65
2020-07-14 01:35:00,1799.5,1800.3,1799.5,1800.2,95
2020-07-14 01:40:00,1800.3,1800.6,1799.8,1800.1,93
2020-07-14 01:45:00,1800.2,1800.4,1799.5,1800.3,99
2020-07-14 01:50:00,1799.9,1799.9,1799.2,1799.3,89
2020-07-14 01:55:00,1799.2,1799.8,1799.0,1799.3,59
2020-07-14 02:00:00,1799.3,1799.8,1799.0,1799.7,81
2020-07-14 02:05:00,1799.6,1799.7,1798.9,1799.2,135
2020-07-14 02:10:00,1799.2,1802.3,1799.2,1802.1,374
2020-07-14 02:15:00,1802.1,1802.4,1801.5,1801.6,210
2020-07-14 02:20:00,1801.8,1803.1,1801.5,1802.7,213
2020-07-14 02:25:00,1802.6,1804.2,1802.4,1803.3,259
2020-07-14 02:30:00,1803.4,1803.5,1802.7,1803.3,168
2020-07-14 02:35:00,1803.1,1803.5,1802.8,1803.1,117
2020-07-14 02:40:00,1803.4,1804.3,1802.8,1804.0,163
2020-07-14 02:45:00,1804.1,1804.5,1803.4,1803.6,123
2020-07-14 02:50:00,1803.7,1804.0,1803.4,1803.7,78
2020-07-14 02:55:00,1803.7,1804.0,1803.5,1803.5,89
2020-07-14 03:00:00,1803.5,1803.9,1802.9,1803.6,184
2020-07-14 03:05:00,1803.6,1803.6,1802.3,1802.8,230
2020-07-14 03:10:00,1802.9,1803.2,1802.3,1803.0,93
2020-07-14 03:15:00,1803.0,1803.3,1801.8,1802.1,150
2020-07-14 03:20:00,1802.2,1802.4,1801.7,1802.4,127
2020-07-14 03:25:00,1802.2,1802.2,1801.0,1801.2,187
2020-07-14 03:30:00,1801.3,1802.0,1801.0,1801.8,147
2020-07-14 03:35:00,1801.6,1802.0,1798.8,1799.1,374
2020-07-14 03:40:00,1799.3,1800.6,1799.3,1800.3,312
2020-07-14 03:45:00,1800.3,1801.2,1800.2,1801.1,106
2020-07-14 03:50:00,1801.0,1802.4,1801.0,1802.4,173
2020-07-14 03:55:00,1802.4,1803.6,1802.2,1803.4,283
2020-07-14 04:00:00,1803.5,1804.5,1803.4,1803.8,341
2020-07-14 04:05:00,1803.8,1805.5,1803.2,1805.1,354
2020-07-14 04:10:00,1804.9,1805.2,1804.2,1804.2,108
2020-07-14 04:15:00,1804.2,1804.3,1803.3,1803.3,194
2020-07-14 04:20:00,1803.3,1803.9,1802.9,1803.6,135
2020-07-14 04:25:00,1803.7,1804.1,1802.3,1802.8,237
2020-07-14 04:30:00,1802.5,1802.9,1801.8,1802.0,121
2020-07-14 04:35:00,1802.1,1802.4,1801.7,1802.3,86
2020-07-14 04:40:00,1802.3,1803.8,1802.2,1803.6,181
2020-07-14 04:45:00,1803.8,1804.7,1803.8,1804.5,175
2020-07-14 04:50:00,1804.5,1804.8,1803.7,1804.1,286
2020-07-14 04:55:00,1803.9,1804.7,1803.9,1804.0,73
2020-07-14 05:00:00,1803.9,1804.3,1803.4,1803.4,87
2020-07-14 05:05:00,1803.7,1803.7,1802.2,1802.6,167
2020-07-14 05:10:00,1802.9,1803.3,1802.4,1802.7,107
2020-07-14 05:15:00,1802.8,1803.6,1802.7,1803.2,82
2020-07-14 05:20:00,1803.1,1803.8,1803.1,1803.6,48
2020-07-14 05:25:00,1803.6,1804.1,1803.5,1804.1,59
2020-07-14 05:30:00,1803.9,1803.9,1802.1,1802.7,245
2020-07-14 05:35:00,1803.0,1803.6,1802.7,1802.7,119
2020-07-14 05:40:00,1802.7,1802.9,1802.0,1802.6,119
2020-07-14 05:45:00,1802.8,1802.8,1802.4,1802.6,46
2020-07-14 05:50:00,1802.8,1803.2,1802.2,1802.2,84
2020-07-14 05:55:00,1802.1,1802.1,1800.4,1801.2,352
2020-07-14 06:00:00,1801.1,1801.5,1800.2,1800.5,300
2020-07-14 06:05:00,1800.4,1801.0,1799.3,1799.6,279
2020-07-14 06:10:00,1799.5,1799.6,1798.1,1799.3,357
2020-07-14 06:15:00,1799.4,1799.4,1791.2,1793.2,2073
2020-07-14 06:20:00,1793.4,1794.9,1792.1,1794.8,973
2020-07-14 06:25:00,1794.7,1795.8,1794.7,1795.3,364
2020-07-14 06:30:00,1795.4,1796.0,1794.5,1795.0,380
2020-07-14 06:35:00,1794.7,1795.8,1794.3,1795.1,294
2020-07-14 06:40:00,1795.1,1796.3,1794.1,1796.2,277
2020-07-14 06:45:00,1796.3,1796.7,1795.8,1796.3,172
2020-07-14 06:50:00,1796.3,1796.3,1794.9,1795.2,167
2020-07-14 06:55:00,1795.1,1796.1,1794.9,1796.0,147
2020-07-14 07:00:00,1796.0,1796.5,1795.2,1796.4,96
2020-07-14 07:05:00,1796.6,1796.8,1795.3,1795.6,228
2020-07-14 07:10:00,1795.7,1796.2,1795.5,1795.6,73
2020-07-14 07:15:00,1795.8,1796.8,1795.6,1796.6,121
2020-07-14 07:20:00,1796.7,1797.9,1796.6,1797.7,232
2020-07-14 07:25:00,1797.7,1798.1,1797.2,1797.4,197
2020-07-14 07:30:00,1797.4,1797.6,1796.1,1796.4,224
2020-07-14 07:35:00,1796.6,1797.9,1796.6,1797.8,139
2020-07-14 07:40:00,1798.0,1798.6,1797.4,1798.2,267
2020-07-14 07:45:00,1798.1,1800.6,1798.1,1800.0,440
2020-07-14 07:50:00,1800.0,1800.3,1799.2,1800.2,167
2020-07-14 07:55:00,1800.2,1803.6,1800.0,1803.5,1082
2020-07-14 08:00:00,1803.5,1803.7,1802.2,1803.3,396
2020-07-14 08:05:00,1803.0,1803.4,1802.5,1802.9,220
2020-07-14 08:10:00,1802.9,1804.4,1802.8,1803.6,391
2020-07-14 08:15:00,1803.6,1803.6,1802.2,1802.4,297
2020-07-14 08:20:00,1802.4,1804.3,1801.6,1802.1,457
2020-07-14 08:25:00,1802.2,1803.0,1801.5,1802.7,240
2020-07-14 08:30:00,1802.7,1809.6,1801.8,1808.8,1923
2020-07-14 08:35:00,1808.7,1809.1,1806.8,1808.3,629
2020-07-14 08:40:00,1808.4,1809.2,1806.8,1807.5,412
2020-07-14 08:45:00,1807.1,1809.2,1806.4,1806.6,716
2020-07-14 08:50:00,1806.8,1807.7,1805.8,1806.6,400
2020-07-14 08:55:00,1806.8,1806.9,1804.3,1804.6,700
2020-07-14 09:00:00,1804.7,1806.9,1804.6,1804.9,662
2020-07-14 09:05:00,1805.0,1805.6,1799.9,1801.4,1448
2020-07-14 09:10:00,1801.4,1802.2,1799.1,1799.6,551
2020-07-14 09:15:00,1799.5,1800.2,1797.2,1798.5,1207
2020-07-14 09:20:00,1798.5,1800.4,1797.7,1799.9,596
2020-07-14 09:25:00,1799.8,1801.0,1797.8,1799.3,606
2020-07-14 09:30:00,1799.4,1802.7,1798.3,1802.2,725
2020-07-14 09:35:00,1802.2,1803.8,1801.7,1802.7,556
2020-07-14 09:40:00,1802.7,1804.9,1801.5,1803.4,554
2020-07-14 09:45:00,1803.9,1804.6,1800.7,1801.1,631
2020-07-14 09:50:00,1801.2,1801.9,1799.3,1799.8,572
2020-07-14 09:55:00,1799.6,1804.1,1798.7,1803.1,607
2020-07-14 10:00:00,1803.2,1805.5,1803.0,1803.4,710
2020-07-14 10:05:00,1803.4,1805.5,1803.2,1804.9,564
2020-07-14 10:10:00,1805.0,1806.6,1804.0,1804.5,783
2020-07-14 10:15:00,1804.5,1807.5,1804.2,1807.1,615
2020-07-14 10:20:00,1806.9,1809.0,1806.8,1808.1,607
2020-07-14 10:25:00,1808.2,1811.2,1807.5,1810.8,987
2020-07-14 10:30:00,1810.8,1811.7,1809.3,1810.3,944
2020-07-14 10:35:00,1810.4,1811.9,1809.5,1810.2,1002
2020-07-14 10:40:00,1810.3,1811.6,1810.0,1810.1,429
2020-07-14 10:45:00,1810.3,1812.6,1809.8,1810.1,653
2020-07-14 10:50:00,1810.3,1811.9,1810.3,1811.6,275
2020-07-14 10:55:00,1811.7,1811.8,1809.7,1811.7,375
2020-07-14 11:00:00,1811.7,1812.7,1810.4,1811.6,460
2020-07-14 11:05:00,1811.4,1813.9,1810.9,1813.9,853
2020-07-14 11:10:00,1813.8,1814.9,1813.3,1813.9,635
2020-07-14 11:15:00,1813.9,1814.4,1812.3,1812.8,509
2020-07-14 11:20:00,1813.0,1813.7,1812.9,1813.1,248
2020-07-14 11:25:00,1813.4,1813.9,1812.7,1813.2,171
2020-07-14 11:30:00,1813.2,1814.2,1812.8,1813.9,222
2020-07-14 11:35:00,1813.8,1814.1,1812.3,1812.6,241
2020-07-14 11:40:00,1812.7,1813.2,1812.5,1812.8,135
2020-07-14 11:45:00,1813.1,1813.8,1812.8,1813.1,160
2020-07-14 11:50:00,1812.7,1813.4,1811.0,1811.2,430
2020-07-14 11:55:00,1811.2,1812.0,1810.9,1811.7,214
2020-07-14 12:00:00,1811.8,1812.0,1810.8,1811.3,260
2020-07-14 12:05:00,1811.3,1812.0,1811.1,1811.7,195
2020-07-14 12:10:00,1811.8,1812.1,1810.9,1811.3,167
2020-07-14 12:15:00,1811.2,1812.3,1811.1,1811.6,186
2020-07-14 12:20:00,1812.0,1812.5,1811.8,1812.5,233
2020-07-14 12:25:00,1812.5,1812.8,1811.9,1811.9,221
2020-07-14 12:30:00,1811.9,1812.6,1811.7,1812.5,133
2020-07-14 12:35:00,1812.5,1813.2,1812.4,1812.7,186
2020-07-14 12:40:00,1812.7,1813.0,1812.6,1812.8,89
2020-07-14 12:45:00,1813.0,1813.2,1812.3,1812.3,139
2020-07-14 12:50:00,1812.6,1813.0,1812.4,1812.8,82
2020-07-14 12:55:00,1812.7,1813.1,1812.4,1812.6,104
2020-07-14 13:00:00,1812.8,1813.0,1811.4,1811.5,155
2020-07-14 13:05:00,1811.7,1811.9,1811.0,1811.6,95
2020-07-14 13:10:00,1811.4,1812.0,1811.4,1812.0,105
2020-07-14 13:15:00,1812.1,1813.0,1812.0,1813.0,146
2020-07-14 13:20:00,1812.9,1813.6,1812.9,1813.2,111
2020-07-14 13:25:00,1813.3,1814.0,1813.0,1813.5,187
2020-07-14 13:30:00,1813.6,1813.8,1813.5,1813.6,95
2020-07-14 13:35:00,1813.5,1813.9,1812.8,1813.3,86
2020-07-14 13:40:00,1812.9,1812.9,1812.5,1812.6,46
2020-07-14 13:45:00,1812.6,1813.5,1812.5,1813.5,87
2020-07-14 13:50:00,1813.5,1813.8,1813.2,1813.8,77
2020-07-14 13:55:00,1813.8,1814.0,1812.9,1813.0,235
2020-07-14 14:00:00,1813.3,1813.8,1812.6,1813.6,103
2020-07-14 14:05:00,1813.7,1813.9,1813.3,1813.6,48
2020-07-14 14:10:00,1813.7,1814.0,1813.6,1813.8,44
2020-07-14 14:15:00,1813.6,1815.0,1813.6,1814.5,303
2020-07-14 14:20:00,1814.5,1814.8,1813.9,1814.2,101
2020-07-14 14:25:00,1814.2,1814.3,1813.1,1813.9,119
2020-07-14 14:30:00,1813.9,1814.6,1813.5,1813.7,69
2020-07-14 14:35:00,1813.6,1813.6,1811.4,1811.4,223
2020-07-14 14:40:00,1811.7,1812.0,1810.6,1811.8,146
2020-07-14 14:45:00,1811.8,1811.8,1810.4,1810.9,183
2020-07-14 14:50:00,1810.9,1811.5,1810.7,1811.2,57
2020-07-14 14:55:00,1811.4,1812.1,1810.4,1810.8,110
2020-07-14 15:00:00,1810.8,1810.8,1809.6,1809.8,168
2020-07-14 15:05:00,1809.8,1811.2,1809.8,1810.9,59
2020-07-14 15:10:00,1811.3,1811.5,1811.1,1811.3,36
2020-07-14 15:15:00,1811.0,1811.5,1811.0,1811.5,33
2020-07-14 15:20:00,1811.5,1812.3,1811.2,1812.1,95
2020-07-14 15:25:00,1812.1,1812.5,1811.5,1811.7,60
2020-07-14 15:30:00,1811.9,1812.6,1811.4,1812.5,36
2020-07-14 15:35:00,1812.6,1812.7,1812.0,1812.2,39
2020-07-14 15:40:00,1812.1,1812.2,1811.7,1811.9,21
2020-07-14 15:45:00,1811.9,1812.0,1811.3,1811.7,43
2020-07-14 15:50:00,1812.3,1812.6,1811.6,1811.8,66
2020-07-14 15:55:00,1811.5,1813.5,1811.3,1813.4,91
2020-07-14 16:00:00,1812.8,1813.3,1812.6,1812.8,59
2020-07-14 16:05:00,1813.1,1813.1,1812.4,1812.5,22
2020-07-14 16:10:00,1812.6,1812.9,1812.2,1812.2,51
2020-07-14 16:15:00,1812.4,1812.7,1812.4,1812.6,27
2020-07-14 16:20:00,1812.3,1812.3,1811.9,1812.0,25
2020-07-14 16:25:00,1812.4,1812.5,1812.1,1812.1,10
2020-07-14 16:30:00,1812.1,1812.6,1811.9,1812.4,65
2020-07-14 16:35:00,1812.4,1812.8,1812.4,1812.5,10
2020-07-14 16:40:00,1812.6,1812.7,1812.4,1812.7,8
2020-07-14 16:45:00,1812.8,1813.0,1812.7,1812.9,16
2020-07-14 16:50:00,1813.0,1813.2,1812.5,1812.8,55
2020-07-14 16:55:00,1813.0,1813.2,1812.8,1813.1,51
2020-07-14 18:00:00,1811.7,1812.7,1811.3,1811.7,284
2020-07-14 18:05:00,1811.7,1812.4,1811.7,1812.0,44
2020-07-14 18:10:00,1812.3,1812.5,1811.9,1812.0,66
2020-07-14 18:15:00,1812.1,1812.5,1811.6,1811.9,67
2020-07-14 18:20:00,1812.1,1812.3,1811.7,1812.1,40
2020-07-14 18:25:00,1812.2,1812.3,1811.5,1811.6,51
2020-07-14 18:30:00,1811.4,1812.1,1811.2,1812.1,63
2020-07-14 18:35:00,1811.9,1812.2,1811.8,1812.1,43
2020-07-14 18:40:00,1812.1,1812.1,1811.7,1811.7,31
2020-07-14 18:45:00,1811.7,1811.8,1811.6,1811.6,53
2020-07-14 18:50:00,1811.6,1811.9,1811.4,1811.4,31
2020-07-14 18:55:00,1811.4,1811.6,1810.9,1811.0,53
2020-07-14 19:00:00,1811.0,1811.6,1811.0,1811.6,41
2020-07-14 19:05:00,1811.2,1812.2,1811.1,1812.0,69
2020-07-14 19:10:00,1812.1,1812.9,1811.9,1812.7,126
2020-07-14 19:15:00,1812.6,1813.1,1812.5,1812.8,73
2020-07-14 19:20:00,1812.7,1812.8,1812.4,1812.4,23
2020-07-14 19:25:00,1812.3,1812.6,1811.9,1812.6,56
2020-07-14 19:30:00,1812.7,1812.8,1812.6,1812.6,26
2020-07-14 19:35:00,1812.7,1812.9,1812.7,1812.8,34
2020-07-14 19:40:00,1812.6,1812.6,1812.5,1812.5,37
2020-07-14 19:45:00,1812.4,1812.6,1812.4,1812.6,12
2020-07-14 19:50:00,1812.5,1813.0,1812.1,1813.0,52
2020-07-14 19:55:00,1812.8,1812.8,1812.5,1812.7,29
2020-08-12 00:00:00,1895.4,1897.7,1894.2,1896.1,722
2020-08-12 00:05:00,1896.2,1896.3,1890.1,1890.7,1174
2020-08-12 00:10:00,1890.7,1893.1,1889.6,1892.2,993
2020-08-12 00:15:00,1892.3,1894.0,1891.9,1892.1,554
2020-08-12 00:20:00,1892.3,1892.8,1886.4,1888.2,1498
2020-08-12 00:25:00,1888.1,1890.1,1873.9,1879.3,3515
2020-08-12 00:30:00,1879.2,1884.6,1876.2,1884.0,3228
2020-08-12 00:35:00,1884.2,1888.6,1884.0,1887.8,2041
2020-08-12 00:40:00,1887.8,1888.1,1884.9,1887.0,1416
2020-08-12 00:45:00,1886.8,1897.1,1885.9,1896.0,3155
2020-08-12 00:50:00,1896.0,1896.0,1892.9,1894.7,1489
2020-08-12 00:55:00,1894.5,1894.5,1888.3,1892.1,1743
2020-08-12 01:00:00,1892.3,1894.3,1887.2,1888.9,1459
2020-08-12 01:05:00,1889.0,1891.5,1884.4,1887.1,2231
2020-08-12 01:10:00,1887.1,1887.9,1885.0,1885.2,1190
2020-08-12 01:15:00,1885.3,1892.2,1884.0,1892.0,1819
2020-08-12 01:20:00,1891.8,1891.9,1889.1,1890.2,1051
2020-08-12 01:25:00,1890.2,1891.7,1889.6,1890.0,600
2020-08-12 01:30:00,1889.8,1892.8,1889.7,1891.0,670
2020-08-12 01:35:00,1890.9,1892.3,1889.8,1892.0,399
2020-08-12 01:40:00,1892.2,1892.6,1890.1,1891.0,504
2020-08-12 01:45:00,1890.9,1891.9,1889.3,1890.2,302
2020-08-12 01:50:00,1890.2,1893.6,1890.2,1892.1,718
2020-08-12 01:55:00,1891.8,1893.5,1889.7,1891.6,576
2020-08-12 02:00:00,1891.5,1897.8,1891.3,1896.7,1421
2020-08-12 02:05:00,1897.0,1900.8,1896.6,1898.1,1592
2020-08-12 02:10:00,1898.1,1904.5,1898.0,1903.7,1586
2020-08-12 02:15:00,1903.5,1909.4,1902.3,1906.2,1683
2020-08-12 02:20:00,1906.1,1908.2,1902.3,1907.0,1277
2020-08-12 02:25:00,1907.2,1910.7,1904.1,1910.0,2068
2020-08-12 02:30:00,1910.1,1910.1,1906.7,1908.1,1022
2020-08-12 02:35:00,1908.1,1912.6,1907.9,1911.8,1500
2020-08-12 02:40:00,1911.7,1915.0,1910.7,1913.2,1919
2020-08-12 02:45:00,1913.2,1919.2,1912.6,1919.1,2112
2020-08-12 02:50:00,1919.3,1929.2,1919.0,1923.5,4712
2020-08-12 02:55:00,1923.5,1926.5,1917.9,1922.5,2548
2020-08-12 03:00:00,1922.4,1926.6,1922.0,1924.1,1686
2020-08-12 03:05:00,1924.1,1926.8,1921.1,1926.2,1126
2020-08-12 03:10:00,1926.1,1930.6,1923.5,1930.2,1450
2020-08-12 03:15:00,1930.0,1930.3,1926.3,1928.0,1439
2020-08-12 03:20:00,1928.3,1930.9,1925.3,1927.9,1197
2020-08-12 03:25:00,1927.8,1928.6,1926.1,1927.2,589
2020-08-12 03:30:00,1927.4,1937.5,1927.4,1936.1,2995
2020-08-12 03:35:00,1936.0,1944.5,1935.8,1943.6,4260
2020-08-12 03:40:00,1943.8,1944.1,1937.1,1938.2,2312
2020-08-12 03:45:00,1938.1,1943.7,1938.0,1943.7,1686
2020-08-12 03:50:00,1943.7,1947.2,1941.6,1947.2,2109
2020-08-12 03:55:00,1947.1,1947.3,1942.1,1944.4,1490
2020-08-12 04:00:00,1944.3,1945.8,1942.3,1943.2,1259
2020-08-12 04:05:00,1943.2,1948.2,1942.2,1947.0,1550
2020-08-12 04:10:00,1946.9,1950.8,1945.8,1950.1,2077
2020-08-12 04:15:00,1950.3,1955.0,1948.4,1954.3,1998
2020-08-12 04:20:00,1954.3,1956.3,1953.3,1954.0,1737
2020-08-12 04:25:00,1954.0,1954.5,1949.5,1951.6,1606
2020-08-12 04:30:00,1951.6,1952.2,1940.1,1941.1,3228
2020-08-12 04:35:00,1941.0,1943.5,1935.6,1938.1,2626
2020-08-12 04:40:00,1938.3,1942.2,1935.5,1936.6,2233
2020-08-12 04:45:00,1936.6,1939.0,1929.6,1929.7,2796
2020-08-12 04:50:00,1929.6,1933.0,1925.1,1926.7,3040
2020-08-12 04:55:00,1926.9,1938.4,1925.9,1937.4,2605
2020-08-12 05:00:00,1937.6,1941.2,1933.5,1938.5,2187
2020-08-12 05:05:00,1938.6,1940.8,1934.3,1935.4,1478
2020-08-12 05:10:00,1935.3,1939.1,1935.3,1937.3,850
2020-08-12 05:15:00,1937.6,1940.4,1937.6,1937.6,830
2020-08-12 05:20:00,1937.5,1945.5,1935.2,1942.9,1839
2020-08-12 05:25:00,1942.8,1944.6,1941.5,1943.1,1038
2020-08-12 05:30:00,1943.2,1943.6,1939.6,1941.4,926
2020-08-12 05:35:00,1941.2,1941.3,1937.6,1940.7,854
2020-08-12 05:40:00,1940.6,1940.6,1934.5,1935.7,1179
2020-08-12 05:45:00,1935.7,1937.6,1933.5,1934.9,822
2020-08-12 05:50:00,1934.9,1942.4,1934.9,1941.0,1297
2020-08-12 05:55:00,1940.8,1941.6,1937.6,1940.1,853
2020-08-12 06:00:00,1940.1,1940.2,1936.0,1939.8,722
2020-08-12 06:05:00,1939.7,1940.6,1938.3,1938.9,408
2020-08-12 06:10:00,1938.9,1942.6,1938.9,1941.3,657
2020-08-12 06:15:00,1941.4,1942.4,1938.0,1939.7,628
2020-08-12 06:20:00,1939.7,1939.9,1938.7,1939.2,308
2020-08-12 06:25:00,1939.1,1939.7,1938.0,1939.0,389
2020-08-12 06:30:00,1938.9,1943.4,1938.1,1940.2,705
2020-08-12 06:35:00,1940.4,1942.4,1939.3,1940.8,511
2020-08-12 06:40:00,1940.9,1942.0,1940.2,1941.4,382
2020-08-12 06:45:00,1941.3,1941.8,1939.7,1940.5,343
2020-08-12 06:50:00,1940.5,1941.7,1939.8,1941.4,338
2020-08-12 06:55:00,1941.2,1942.4,1940.3,1941.2,318
2020-08-12 07:00:00,1941.4,1943.3,1940.9,1941.2,444
2020-08-12 07:05:00,1941.4,1945.2,1941.1,1944.1,670
2020-08-12 07:10:00,1944.0,1949.4,1942.7,1949.0,1152
2020-08-12 07:15:00,1949.0,1952.3,1947.6,1951.6,1581
2020-08-12 07:20:00,1951.5,1953.9,1934.7,1945.5,4167
2020-08-12 07:25:00,1945.3,1946.1,1938.2,1941.2,1948
2020-08-12 07:30:00,1941.1,1944.2,1940.6,1941.8,1147
2020-08-12 07:35:00,1941.9,1943.1,1939.9,1941.5,662
2020-08-12 07:40:00,1941.5,1941.8,1936.4,1937.5,1773
2020-08-12 07:45:00,1937.6,1937.6,1931.0,1932.0,2100
2020-08-12 07:50:00,1932.1,1934.4,1930.0,1932.6,1487
2020-08-12 07:55:00,1933.1,1938.8,1933.1,1937.5,1615
2020-08-12 08:00:00,1937.4,1939.9,1931.3,1936.3,2614
2020-08-12 08:05:00,1936.2,1941.5,1934.4,1937.6,1899
2020-08-12 08:10:00,1937.4,1941.1,1937.3,1940.9,1714
2020-08-12 08:15:00,1941.0,1941.1,1936.7,1939.4,1322
2020-08-12 08:20:00,1939.3,1946.3,1938.5,1943.9,2012
2020-08-12 08:25:00,1943.9,1948.4,1943.8,1944.2,1141
2020-08-12 08:30:00,1944.0,1944.9,1938.0,1943.0,1947
2020-08-12 08:35:00,1943.1,1947.6,1943.0,1945.5,2259
2020-08-12 08:40:00,1945.3,1947.3,1942.4,1943.0,1406
2020-08-12 08:45:00,1943.0,1947.9,1942.6,1946.7,1327
2020-08-12 08:50:00,1946.5,1947.5,1943.7,1946.0,990
2020-08-12 08:55:00,1945.8,1949.6,1944.5,1947.1,1485
2020-08-12 09:00:00,1947.1,1952.2,1944.1,1944.8,3461
2020-08-12 09:05:00,1944.7,1945.8,1941.0,1944.4,2138
2020-08-12 09:10:00,1944.2,1953.3,1943.5,1951.3,2843
2020-08-12 09:15:00,1951.1,1953.3,1949.2,1951.4,1957
2020-08-12 09:20:00,1951.5,1954.8,1950.5,1951.8,2179
2020-08-12 09:25:00,1951.8,1955.2,1950.9,1954.3,1578
2020-08-12 09:30:00,1954.2,1956.2,1948.1,1949.1,3172
2020-08-12 09:35:00,1949.3,1950.4,1945.7,1947.1,2277
2020-08-12 09:40:00,1947.1,1954.1,1946.9,1951.2,1949
2020-08-12 09:45:00,1951.5,1952.1,1943.7,1946.8,2009
2020-08-12 09:50:00,1947.0,1949.3,1943.9,1946.0,1378
2020-08-12 09:55:00,1946.1,1950.0,1944.5,1947.6,1389
2020-08-12 10:00:00,1947.8,1948.3,1941.0,1942.8,1985
2020-08-12 10:05:00,1942.9,1943.3,1935.9,1940.4,2884
2020-08-12 10:10:00,1940.2,1946.4,1938.7,1946.0,1556
2020-08-12 10:15:00,1946.2,1948.6,1944.0,1948.0,1096
2020-08-12 10:20:00,1947.6,1951.8,1947.2,1951.2,1310
2020-08-12 10:25:00,1951.3,1952.5,1948.4,1951.7,1803
2020-08-12 10:30:00,1951.8,1953.3,1949.4,1951.9,1316
2020-08-12 10:35:00,1951.7,1952.0,1947.3,1948.1,1240
2020-08-12 10:40:00,1948.1,1951.0,1947.8,1949.8,784
2020-08-12 10:45:00,1949.9,1951.9,1948.7,1949.9,768
2020-08-12 10:50:00,1950.0,1957.3,1949.6,1956.2,1904
2020-08-12 10:55:00,1956.4,1959.4,1954.1,1959.1,1984
2020-08-12 11:00:00,1959.0,1959.5,1955.1,1956.3,1294
2020-08-12 11:05:00,1956.3,1958.5,1955.9,1957.9,826
2020-08-12 11:10:00,1957.8,1958.3,1954.5,1954.8,807
2020-08-12 11:15:00,1954.7,1955.9,1950.0,1952.2,1575
2020-08-12 11:20:00,1952.4,1954.9,1949.0,1950.6,1305
2020-08-12 11:25:00,1950.8,1951.8,1948.6,1949.3,818
2020-08-12 11:30:00,1949.4,1952.6,1948.6,1951.2,924
2020-08-12 11:35:00,1951.4,1951.5,1949.0,1949.2,689
2020-08-12 11:40:00,1949.2,1954.6,1949.2,1954.2,788
2020-08-12 11:45:00,1954.0,1954.8,1952.2,1952.3,845
2020-08-12 11:50:00,1952.5,1956.4,1952.5,1953.8,914
2020-08-12 11:55:00,1953.7,1955.2,1951.8,1952.3,617
2020-08-12 12:00:00,1952.2,1956.7,1952.2,1956.0,636
2020-08-12 12:05:00,1956.0,1957.4,1954.4,1956.8,589
2020-08-12 12:10:00,1956.7,1958.2,1955.7,1955.9,710
2020-08-12 12:15:00,1955.8,1956.8,1953.7,1953.8,454
2020-08-12 12:20:00,1953.8,1956.4,1952.7,1956.0,522
2020-08-12 12:25:00,1956.2,1958.1,1955.3,1956.3,476
2020-08-12 12:30:00,1956.3,1958.2,1956.0,1957.9,352
2020-08-12 12:35:00,1958.0,1958.7,1957.4,1958.0,403
2020-08-12 12:40:00,1957.8,1961.3,1956.8,1960.7,848
2020-08-12 12:45:00,1960.7,1960.8,1958.0,1958.9,670
2020-08-12 12:50:00,1959.1,1959.9,1958.3,1959.1,454
2020-08-12 12:55:00,1959.2,1959.7,1955.7,1958.2,819
2020-08-12 13:00:00,1957.9,1959.8,1957.2,1958.2,513
2020-08-12 13:05:00,1958.4,1959.0,1955.0,1955.7,617
2020-08-12 13:10:00,1955.7,1956.2,1954.6,1955.0,422
2020-08-12 13:15:00,1955.5,1957.0,1953.4,1953.4,596
2020-08-12 13:20:00,1953.4,1953.8,1951.1,1953.1,801
2020-08-12 13:25:00,1953.0,1953.0,1947.8,1949.2,1146
2020-08-12 13:30:00,1949.0,1951.5,1948.3,1948.5,559
2020-08-12 13:35:00,1948.4,1950.0,1943.0,1946.7,1847
2020-08-12 13:40:00,1946.5,1948.5,1945.0,1947.9,533
2020-08-12 13:45:00,1947.8,1948.5,1946.5,1946.8,311
2020-08-12 13:50:00,1946.9,1949.7,1945.8,1949.0,599
2020-08-12 13:55:00,1948.8,1950.6,1948.1,1948.6,394
2020-08-12 14:00:00,1948.6,1949.9,1947.8,1948.6,297
2020-08-12 14:05:00,1948.7,1951.5,1948.7,1951.0,428
2020-08-12 14:10:00,1951.1,1951.3,1948.5,1948.7,298
2020-08-12 14:15:00,1948.6,1949.0,1946.0,1947.1,594
2020-08-12 14:20:00,1947.1,1949.1,1945.3,1946.2,481
2020-08-12 14:25:00,1946.1,1947.7,1944.6,1945.5,568
2020-08-12 14:30:00,1945.8,1947.1,1944.2,1945.4,221
2020-08-12 14:35:00,1944.9,1945.1,1942.4,1944.4,415
2020-08-12 14:40:00,1944.4,1946.7,1944.0,1944.9,328
2020-08-12 14:45:00,1944.9,1945.1,1943.2,1943.9,200
2020-08-12 14:50:00,1944.1,1944.3,1940.3,1942.8,535
2020-08-12 14:55:00,1942.7,1942.9,1938.5,1939.2,632
2020-08-12 15:00:00,1939.6,1942.9,1939.6,1940.5,471
2020-08-12 15:05:00,1940.7,1941.1,1938.2,1938.4,410
2020-08-12 15:10:00,1938.8,1941.3,1937.1,1940.6,361
2020-08-12 15:15:00,1940.5,1940.5,1936.0,1937.1,344
2020-08-12 15:20:00,1937.2,1938.5,1932.6,1935.6,689
2020-08-12 15:25:00,1935.5,1937.8,1935.2,1936.9,309
2020-08-12 15:30:00,1936.9,1937.3,1933.1,1935.8,381
2020-08-12 15:35:00,1935.7,1936.2,1932.0,1932.1,358
2020-08-12 15:40:00,1932.1,1934.5,1931.2,1931.4,415
2020-08-12 15:45:00,1931.8,1932.9,1927.8,1928.1,870
2020-08-12 15:50:00,1928.1,1931.2,1925.6,1927.1,540
2020-08-12 15:55:00,1927.1,1927.1,1919.4,1921.8,1219
2020-08-12 16:00:00,1921.6,1925.6,1921.3,1924.1,724
2020-08-12 16:05:00,1924.6,1927.9,1924.3,1927.0,837
2020-08-12 16:10:00,1927.3,1927.5,1925.7,1927.0,332
2020-08-12 16:15:00,1927.0,1929.6,1927.0,1928.7,310
2020-08-12 16:20:00,1928.6,1929.3,1927.5,1928.8,140
2020-08-12 16:25:00,1928.6,1935.6,1928.6,1933.3,562
2020-08-12 16:30:00,1933.8,1934.2,1930.9,1932.0,300
2020-08-12 16:35:00,1931.9,1931.9,1930.5,1930.9,160
2020-08-12 16:40:00,1930.9,1931.0,1928.1,1928.5,166
2020-08-12 16:45:00,1928.2,1928.2,1923.7,1927.1,340
2020-08-12 16:50:00,1927.4,1930.2,1925.4,1930.0,258
2020-08-12 16:55:00,1929.7,1929.7,1926.3,1926.5,160
2020-08-12 18:00:00,1926.5,1932.4,1925.7,1931.5,369
2020-08-12 18:05:00,1931.9,1932.3,1928.5,1929.0,224
2020-08-12 18:10:00,1929.5,1931.5,1928.9,1929.4,142
2020-08-12 18:15:00,1929.7,1931.4,1929.1,1931.0,126
2020-08-12 18:20:00,1930.9,1931.5,1929.5,1930.3,134
2020-08-12 18:25:00,1930.1,1931.5,1929.5,1931.4,170
2020-08-12 18:30:00,1931.5,1931.8,1931.0,1931.5,155
2020-08-12 18:35:00,1931.5,1932.2,1931.2,1931.9,108
2020-08-12 18:40:00,1932.0,1932.5,1931.2,1932.2,164
2020-08-12 18:45:00,1932.2,1932.2,1930.2,1930.3,157
2020-08-12 18:50:00,1930.3,1931.2,1928.0,1928.4,254
2020-08-12 18:55:00,1928.1,1928.7,1925.7,1925.8,322
2020-08-12 19:00:00,1925.9,1926.3,1922.9,1924.2,815
2020-08-12 19:05:00,1924.6,1925.4,1923.7,1924.1,253
2020-08-12 19:10:00,1924.0,1927.4,1923.5,1926.6,303
2020-08-12 19:15:00,1926.8,1928.4,1925.6,1928.0,397
2020-08-12 19:20:00,1927.6,1929.7,1927.6,1929.1,324
2020-08-12 19:25:00,1929.1,1930.3,1928.1,1929.8,279
2020-08-12 19:30:00,1929.9,1930.1,1928.5,1928.9,114
2020-08-12 19:35:00,1928.9,1930.9,1928.6,1930.0,166
2020-08-12 19:40:00,1930.1,1932.4,1929.8,1930.4,291
2020-08-12 19:45:00,1930.7,1933.2,1930.5,1932.7,316
2020-08-12 19:50:00,1932.6,1933.8,1932.2,1932.6,268
2020-08-12 19:55:00,1932.6,1933.3,1931.6,1932.0,253
2020-09-11 00:00:00,1947.7,1948.8,1947.4,1948.4,182
2020-09-11 00:05:00,1948.4,1948.4,1946.6,1947.1,277
2020-09-11 00:10:00,1947.1,1947.4,1946.9,1947.1,178
2020-09-11 00:15:00,1947.2,1947.4,1946.3,1946.6,172
2020-09-11 00:20:00,1946.6,1947.2,1946.5,1947.1,85
2020-09-11 00:25:00,1947.1,1947.3,1946.7,1946.9,91
2020-09-11 00:30:00,1946.9,1947.0,1945.4,1946.5,281
2020-09-11 00:35:00,1946.4,1946.9,1946.0,1946.5,124
2020-09-11 00:40:00,1946.6,1947.4,1946.4,1947.2,146
2020-09-11 00:45:00,1947.2,1947.7,1946.9,1947.7,103
2020-09-11 00:50:00,1947.7,1947.7,1947.3,1947.7,94
2020-09-11 00:55:00,1947.6,1947.9,1947.0,1947.3,121
2020-09-11 01:00:00,1947.2,1947.3,1946.7,1947.1,120
2020-09-11 01:05:00,1947.1,1947.1,1946.7,1946.8,82
2020-09-11 01:10:00,1946.8,1947.2,1945.7,1945.7,174
2020-09-11 01:15:00,1945.7,1946.2,1944.8,1945.5,275
2020-09-11 01:20:00,1945.5,1946.0,1945.5,1945.7,152
2020-09-11 01:25:00,1945.7,1946.2,1945.2,1946.2,167
2020-09-11 01:30:00,1945.9,1947.9,1945.6,1947.7,295
2020-09-11 01:35:00,1947.6,1949.4,1947.6,1947.9,409
2020-09-11 01:40:00,1948.0,1949.6,1948.0,1949.2,271
2020-09-11 01:45:00,1949.0,1949.8,1948.4,1948.8,240
2020-09-11 01:50:00,1948.9,1950.6,1948.9,1949.7,337
2020-09-11 01:55:00,1949.7,1950.0,1949.4,1949.5,81
2020-09-11 02:00:00,1949.7,1951.0,1948.2,1948.9,410
2020-09-11 02:05:00,1948.8,1950.5,1947.8,1950.4,323
2020-09-11 02:10:00,1950.2,1951.2,1949.9,1950.8,376
2020-09-11 02:15:00,1951.0,1952.7,1950.6,1951.8,584
2020-09-11 02:20:00,1951.9,1952.1,1951.1,1951.4,287
2020-09-11 02:25:00,1951.3,1952.2,1950.7,1951.3,182
2020-09-11 02:30:00,1951.3,1951.6,1950.1,1950.2,249
2020-09-11 02:35:00,1950.4,1951.0,1950.2,1950.9,118
2020-09-11 02:40:00,1950.9,1952.1,1949.8,1951.1,314
2020-09-11 02:45:00,1951.2,1951.9,1950.7,1951.6,138
2020-09-11 02:50:00,1951.7,1952.5,1951.6,1952.2,166
2020-09-11 02:55:00,1952.0,1953.3,1951.2,1952.8,359
2020-09-11 03:00:00,1952.9,1952.9,1951.7,1952.6,230
2020-09-11 03:05:00,1952.5,1953.3,1951.0,1951.5,415
2020-09-11 03:10:00,1951.7,1951.7,1950.2,1950.9,159
2020-09-11 03:15:00,1950.7,1950.7,1948.7,1950.0,549
2020-09-11 03:20:00,1949.7,1950.0,1947.6,1949.0,366
2020-09-11 03:25:00,1948.9,1950.4,1948.3,1949.6,329
2020-09-11 03:30:00,1949.6,1950.0,1948.2,1949.4,262
2020-09-11 03:35:00,1949.5,1949.8,1949.1,1949.4,135
2020-09-11 03:40:00,1949.3,1950.2,1949.2,1949.6,194
2020-09-11 03:45:00,1949.9,1950.7,1949.5,1949.5,204
2020-09-11 03:50:00,1949.8,1949.8,1948.8,1948.9,120
2020-09-11 03:55:00,1948.8,1948.9,1947.6,1948.4,299
2020-09-11 04:00:00,1948.4,1949.4,1948.1,1949.0,167
2020-09-11 04:05:00,1948.9,1951.0,1948.9,1950.2,444
2020-09-11 04:10:00,1950.2,1951.9,1950.1,1951.1,491
2020-09-11 04:15:00,1951.0,1951.1,1950.2,1950.6,199
2020-09-11 04:20:00,1950.5,1951.0,1950.3,1950.9,139
2020-09-11 04:25:00,1951.1,1951.5,1949.1,1949.1,301
2020-09-11 04:30:00,1949.1,1950.8,1948.8,1950.7,186
2020-09-11 04:35:00,1950.6,1952.2,1950.5,1951.9,440
2020-09-11 04:40:00,1951.7,1952.6,1951.6,1952.1,261
2020-09-11 04:45:00,1951.9,1954.2,1951.9,1953.7,747
2020-09-11 04:50:00,1953.6,1954.4,1953.1,1954.2,261
2020-09-11 04:55:00,1954.2,1954.2,1953.2,1953.4,252
2020-09-11 05:00:00,1953.5,1954.3,1953.1,1954.0,242
2020-09-11 05:05:00,1953.9,1954.4,1953.4,1954.0,209
2020-09-11 05:10:00,1954.0,1954.1,1953.2,1953.4,153
2020-09-11 05:15:00,1953.2,1953.8,1952.4,1952.8,214
2020-09-11 05:20:00,1952.8,1952.8,1952.2,1952.6,120
2020-09-11 05:25:00,1952.5,1953.3,1952.4,1952.5,187
2020-09-11 05:30:00,1952.6,1953.0,1951.8,1952.1,258
2020-09-11 05:35:00,1952.2,1953.2,1952.1,1953.0,166
2020-09-11 05:40:00,1953.0,1954.7,1953.0,1953.6,438
2020-09-11 05:45:00,1953.7,1954.9,1953.2,1954.8,303
2020-09-11 05:50:00,1954.9,1955.3,1954.4,1954.5,388
2020-09-11 05:55:00,1954.5,1955.0,1954.2,1954.9,131
2020-09-11 06:00:00,1954.9,1955.0,1952.7,1953.2,264
2020-09-11 06:05:00,1953.2,1953.7,1952.5,1952.6,235
2020-09-11 06:10:00,1952.9,1953.5,1952.8,1952.9,149
2020-09-11 06:15:00,1953.0,1953.3,1952.1,1953.3,211
2020-09-11 06:20:00,1953.2,1953.8,1952.9,1953.5,133
2020-09-11 06:25:00,1953.7,1954.0,1952.7,1953.4,161
2020-09-11 06:30:00,1953.4,1953.5,1952.5,1952.8,116
2020-09-11 06:35:00,1952.9,1953.9,1952.7,1953.7,194
2020-09-11 06:40:00,1953.6,1954.6,1953.5,1953.8,233
2020-09-11 06:45:00,1953.8,1953.9,1952.2,1952.3,279
2020-09-11 06:50:00,1952.3,1953.0,1952.3,1952.4,117
2020-09-11 06:55:00,1952.7,1954.8,1952.7,1954.8,304
2020-09-11 07:00:00,1954.7,1955.2,1954.4,1954.8,278
2020-09-11 07:05:00,1954.8,1956.1,1954.4,1955.9,477
2020-09-11 07:10:00,1955.8,1956.6,1955.6,1955.7,325
2020-09-11 07:15:00,1955.8,1956.5,1955.7,1955.9,180
2020-09-11 07:20:00,1956.0,1956.2,1955.1,1955.2,158
2020-09-11 07:25:00,1955.4,1955.5,1954.5,1955.0,245
2020-09-11 07:30:00,1955.1,1955.5,1952.6,1953.1,443
2020-09-11 07:35:00,1953.3,1953.8,1952.8,1953.7,222
2020-09-11 07:40:00,1953.8,1953.8,1952.2,1952.5,256
2020-09-11 07:45:00,1952.4,1953.2,1952.3,1952.8,187
2020-09-11 07:50:00,1953.0,1953.2,1952.4,1952.6,110
2020-09-11 07:55:00,1952.6,1953.0,1952.5,1952.6,121
2020-09-11 08:00:00,1952.8,1954.3,1952.8,1953.2,332
2020-09-11 08:05:00,1953.6,1953.9,1952.0,1952.4,293
2020-09-11 08:10:00,1952.2,1954.0,1951.1,1953.8,600
2020-09-11 08:15:00,1953.7,1954.9,1953.7,1953.8,381
2020-09-11 08:20:00,1953.7,1955.1,1952.5,1953.4,433
2020-09-11 08:25:00,1953.2,1953.3,1950.6,1950.7,638
2020-09-11 08:30:00,1950.7,1954.3,1949.4,1950.7,1033
2020-09-11 08:35:00,1950.5,1952.3,1949.6,1952.0,730
2020-09-11 08:40:00,1951.9,1954.1,1951.5,1953.3,533
2020-09-11 08:45:00,1953.5,1954.5,1952.9,1953.6,537
2020-09-11 08:50:00,1953.5,1954.5,1953.0,1954.1,333
2020-09-11 08:55:00,1954.1,1954.4,1953.5,1953.9,239
2020-09-11 09:00:00,1953.8,1954.0,1950.6,1952.3,937
2020-09-11 09:05:00,1952.3,1955.7,1952.1,1955.7,905
2020-09-11 09:10:00,1955.7,1959.4,1955.7,1959.0,2250
2020-09-11 09:15:00,1959.2,1959.8,1958.6,1959.1,1002
2020-09-11 09:20:00,1959.2,1959.6,1957.6,1958.0,734
2020-09-11 09:25:00,1958.1,1959.4,1957.4,1958.8,553
2020-09-11 09:30:00,1958.9,1960.4,1955.3,1955.5,1380
2020-09-11 09:35:00,1955.5,1959.2,1955.1,1958.2,1882
2020-09-11 09:40:00,1958.0,1962.2,1957.1,1961.6,1585
2020-09-11 09:45:00,1961.9,1963.4,1961.4,1963.0,1231
2020-09-11 09:50:00,1963.0,1963.3,1960.8,1961.1,929
2020-09-11 09:55:00,1960.9,1961.3,1959.3,1959.7,1041
2020-09-11 10:00:00,1959.8,1960.0,1955.5,1955.7,1896
2020-09-11 10:05:00,1955.7,1958.0,1955.3,1956.9,863
2020-09-11 10:10:00,1957.0,1958.4,1954.2,1958.1,1164
2020-09-11 10:15:00,1958.0,1958.7,1956.5,1958.4,824
2020-09-11 10:20:00,1958.5,1960.7,1957.6,1960.0,752
2020-09-11 10:25:00,1960.0,1960.4,1958.1,1959.5,454
2020-09-11 10:30:00,1959.6,1959.6,1955.5,1957.1,725
2020-09-11 10:35:00,1957.0,1958.1,1955.2,1956.0,566
2020-09-11 10:40:00,1955.9,1957.2,1955.0,1957.1,415
2020-09-11 10:45:00,1957.1,1957.9,1956.5,1957.7,296
2020-09-11 10:50:00,1957.8,1958.7,1957.0,1958.4,380
2020-09-11 10:55:00,1958.5,1959.0,1956.8,1958.0,548
2020-09-11 11:00:00,1957.8,1958.3,1955.9,1957.6,673
2020-09-11 11:05:00,1957.6,1958.8,1957.6,1958.3,442
2020-09-11 11:10:00,1958.3,1958.3,1956.7,1957.3,306
2020-09-11 11:15:00,1957.2,1958.7,1956.0,1958.2,568
2020-09-11 11:20:00,1958.1,1958.4,1956.7,1957.2,377
2020-09-11 11:25:00,1957.4,1958.0,1956.7,1957.6,429
2020-09-11 11:30:00,1957.4,1958.2,1956.5,1958.1,386
2020-09-11 11:35:00,1958.1,1958.1,1957.1,1957.8,283
2020-09-11 11:40:00,1957.8,1958.2,1957.1,1957.2,191
2020-09-11 11:45:00,1957.1,1958.2,1957.1,1958.0,254
2020-09-11 11:50:00,1958.0,1958.5,1957.3,1957.7,195
2020-09-11 11:55:00,1957.7,1958.3,1957.5,1958.3,289
2020-09-11 12:00:00,1958.3,1958.4,1957.1,1957.3,279
2020-09-11 12:05:00,1957.3,1958.1,1957.1,1957.5,192
2020-09-11 12:10:00,1957.5,1957.8,1956.8,1957.8,153
2020-09-11 12:15:00,1957.8,1958.0,1956.3,1957.0,252
2020-09-11 12:20:00,1957.1,1957.6,1956.7,1956.8,120
2020-09-11 12:25:00,1956.9,1957.1,1956.6,1957.0,108
2020-09-11 12:30:00,1956.9,1956.9,1955.7,1955.7,272
2020-09-11 12:35:00,1955.7,1956.2,1954.6,1954.9,409
2020-09-11 12:40:00,1954.9,1954.9,1951.0,1951.3,838
2020-09-11 12:45:00,1951.2,1952.3,1949.9,1951.5,1016
2020-09-11 12:50:00,1951.5,1952.7,1950.9,1952.5,392
2020-09-11 12:55:00,1952.5,1952.6,1950.1,1950.4,569
2020-09-11 13:00:00,1950.6,1951.8,1950.4,1951.5,324
2020-09-11 13:05:00,1951.5,1951.5,1947.2,1947.5,1173
2020-09-11 13:10:00,1947.5,1947.9,1946.3,1946.6,1150
2020-09-11 13:15:00,1946.6,1949.0,1945.7,1948.8,789
2020-09-11 13:20:00,1948.9,1949.3,1948.2,1948.4,366
2020-09-11 13:25:00,1948.3,1948.9,1947.1,1948.3,440
2020-09-11 13:30:00,1948.3,1949.0,1947.0,1947.3,458
2020-09-11 13:35:00,1947.3,1948.7,1947.3,1948.1,299
2020-09-11 13:40:00,1947.7,1949.3,1947.4,1948.5,422
2020-09-11 13:45:00,1948.5,1949.0,1948.1,1948.9,183
2020-09-11 13:50:00,1949.0,1949.4,1947.8,1948.9,361
2020-09-11 13:55:00,1948.7,1948.9,1946.9,1947.2,377
2020-09-11 14:00:00,1947.4,1948.6,1947.1,1947.7,342
2020-09-11 14:05:00,1947.7,1949.5,1947.7,1949.0,219
2020-09-11 14:10:00,1949.0,1950.0,1948.8,1949.6,219
2020-09-11 14:15:00,1949.7,1949.8,1949.0,1949.1,184
2020-09-11 14:20:00,1949.2,1949.6,1948.4,1949.6,109
2020-09-11 14:25:00,1949.5,1949.8,1949.0,1949.0,143
2020-09-11 14:30:00,1949.1,1950.9,1949.1,1950.2,154
2020-09-11 14:35:00,1950.5,1951.4,1950.3,1951.2,160
2020-09-11 14:40:00,1951.3,1951.3,1950.0,1950.4,92
2020-09-11 14:45:00,1950.3,1950.3,1949.5,1949.6,72
2020-09-11 14:50:00,1949.8,1950.3,1949.6,1950.3,33
2020-09-11 14:55:00,1950.1,1951.1,1949.1,1949.1,158
2020-09-11 15:00:00,1949.4,1949.4,1948.4,1949.1,232
2020-09-11 15:05:00,1948.8,1949.4,1948.4,1948.8,70
2020-09-11 15:10:00,1948.7,1949.2,1948.2,1948.7,98
2020-09-11 15:15:00,1948.7,1949.7,1948.6,1949.7,108
2020-09-11 15:20:00,1949.4,1950.8,1949.2,1950.5,153
2020-09-11 15:25:00,1950.6,1950.6,1949.6,1950.0,38
2020-09-11 15:30:00,1949.8,1950.8,1949.5,1950.1,160
2020-09-11 15:35:00,1950.0,1950.0,1948.5,1949.1,109
2020-09-11 15:40:00,1949.5,1949.7,1948.6,1949.2,72
2020-09-11 15:45:00,1949.3,1950.2,1948.8,1950.1,54
2020-09-11 15:50:00,1949.8,1950.8,1949.6,1949.8,83
2020-09-11 15:55:00,1949.8,1950.6,1949.6,1950.3,97
2020-09-11 16:00:00,1950.2,1950.7,1950.1,1950.2,62
2020-09-11 16:05:00,1950.0,1950.2,1949.6,1950.2,36
2020-09-11 16:10:00,1950.1,1950.2,1949.9,1950.0,50
2020-09-11 16:15:00,1950.0,1950.1,1949.8,1950.1,31
2020-09-11 16:20:00,1949.8,1950.1,1949.7,1950.1,9
2020-09-11 16:25:00,1949.8,1950.1,1949.8,1949.8,21
2020-09-11 16:30:00,1949.9,1950.3,1949.7,1949.8,61
2020-09-11 16:35:00,1949.9,1950.0,1949.5,1949.5,44
2020-09-11 16:40:00,1949.7,1949.7,1949.5,1949.7,14
2020-09-11 16:45:00,1949.6,1949.7,1949.2,1949.5,41
2020-09-11 16:50:00,1949.4,1949.4,1948.7,1948.9,91
2020-09-11 16:55:00,1948.8,1948.9,1947.6,1948.2,128
2020-10-13 00:00:00,1916.2,1916.2,1915.7,1915.8,75
2020-10-13 00:05:00,1915.7,1915.9,1915.1,1915.5,204
2020-10-13 00:10:00,1915.6,1915.8,1915.3,1915.5,130
2020-10-13 00:15:00,1915.5,1915.9,1915.2,1915.9,109
2020-10-13 00:20:00,1915.9,1916.2,1915.8,1915.9,105
2020-10-13 00:25:00,1915.8,1916.1,1915.3,1915.5,139
2020-10-13 00:30:00,1915.5,1916.4,1915.2,1916.0,172
2020-10-13 00:35:00,1916.0,1916.3,1915.9,1916.2,38
2020-10-13 00:40:00,1916.1,1917.2,1916.1,1917.2,174
2020-10-13 00:45:00,1917.2,1917.6,1916.9,1917.4,258
2020-10-13 00:50:00,1917.4,1917.5,1917.2,1917.5,119
2020-10-13 00:55:00,1917.4,1917.4,1916.9,1917.3,80
2020-10-13 01:00:00,1917.1,1917.6,1916.2,1916.4,206
2020-10-13 01:05:00,1916.4,1917.3,1916.4,1917.3,126
2020-10-13 01:10:00,1917.3,1919.1,1917.3,1918.8,309
2020-10-13 01:15:00,1918.9,1919.7,1918.6,1919.2,254
2020-10-13 01:20:00,1919.3,1920.4,1919.3,1920.3,429
2020-10-13 01:25:00,1920.2,1921.1,1919.8,1920.9,446
2020-10-13 01:30:00,1920.9,1922.0,1920.4,1920.4,436
2020-10-13 01:35:00,1920.5,1922.0,1920.4,1921.3,283
2020-10-13 01:40:00,1921.3,1922.0,1921.0,1921.9,182
2020-10-13 01:45:00,1921.9,1922.0,1920.9,1921.2,196
2020-10-13 01:50:00,1920.9,1921.6,1920.3,1920.3,137
2020-10-13 01:55:00,1920.3,1920.3,1919.3,1920.0,243
2020-10-13 02:00:00,1920.0,1920.2,1918.5,1919.1,356
2020-10-13 02:05:00,1919.0,1920.1,1918.6,1920.0,153
2020-10-13 02:10:00,1919.8,1920.2,1919.6,1919.9,102
2020-10-13 02:15:00,1920.1,1922.6,1920.0,1922.3,337
2020-10-13 02:20:00,1922.4,1922.7,1921.1,1921.5,201
2020-10-13 02:25:00,1921.5,1922.4,1921.5,1922.1,154
2020-10-13 02:30:00,1921.9,1923.6,1921.9,1922.5,279
2020-10-13 02:35:00,1922.5,1922.7,1919.4,1920.1,410
2020-10-13 02:40:00,1920.3,1921.4,1920.1,1921.1,256
2020-10-13 02:45:00,1920.7,1922.9,1920.2,1922.6,409
2020-10-13 02:50:00,1922.6,1922.8,1921.2,1921.8,229
2020-10-13 02:55:00,1921.9,1921.9,1920.6,1920.9,178
2020-10-13 03:00:00,1921.1,1921.4,1918.7,1919.7,541
2020-10-13 03:05:00,1919.7,1921.1,1919.3,1920.9,322
2020-10-13 03:10:00,1920.4,1921.6,1919.9,1920.0,168
2020-10-13 03:15:00,1919.9,1920.9,1918.9,1920.7,257
2020-10-13 03:20:00,1920.7,1922.2,1920.0,1922.2,290
2020-10-13 03:25:00,1922.3,1923.4,1921.6,1923.0,345
2020-10-13 03:30:00,1922.8,1923.0,1921.9,1922.5,165
2020-10-13 03:35:00,1922.6,1923.7,1922.5,1923.7,231
2020-10-13 03:40:00,1923.6,1924.2,1923.2,1923.4,260
2020-10-13 03:45:00,1923.2,1925.4,1923.1,1924.2,542
2020-10-13 03:50:00,1924.3,1924.7,1923.0,1923.1,252
2020-10-13 03:55:00,1923.1,1923.9,1922.9,1923.1,243
2020-10-13 04:00:00,1923.1,1924.6,1922.3,1924.6,421
2020-10-13 04:05:00,1924.5,1925.9,1924.4,1925.3,416
2020-10-13 04:10:00,1925.4,1925.5,1924.7,1924.8,289
2020-10-13 04:15:00,1924.8,1925.4,1924.6,1925.3,158
2020-10-13 04:20:00,1925.2,1925.7,1924.9,1925.4,134
2020-10-13 04:25:00,1925.5,1927.3,1925.5,1926.9,493
2020-10-13 04:30:00,1926.9,1929.1,1926.8,1928.8,818
2020-10-13 04:35:00,1928.8,1929.5,1928.0,1928.6,526
2020-10-13 04:40:00,1928.6,1930.0,1928.4,1929.4,457
2020-10-13 04:45:00,1929.6,1930.5,1928.4,1928.5,534
2020-10-13 04:50:00,1928.6,1929.0,1927.6,1927.9,348
2020-10-13 04:55:00,1927.9,1928.3,1927.6,1928.3,174
2020-10-13 05:00:00,1928.2,1928.3,1926.4,1927.0,410
2020-10-13 05:05:00,1927.1,1928.3,1927.0,1928.1,234
2020-10-13 05:10:00,1928.0,1928.9,1927.8,1928.9,249
2020-10-13 05:15:00,1929.0,1929.5,1928.1,1929.5,249
2020-10-13 05:20:00,1929.5,1929.5,1928.4,1928.4,222
2020-10-13 05:25:00,1928.4,1928.9,1927.7,1927.7,181
2020-10-13 05:30:00,1927.8,1927.8,1926.5,1927.0,289
2020-10-13 05:35:00,1927.0,1927.5,1926.6,1926.7,157
2020-10-13 05:40:00,1926.7,1927.5,1926.7,1927.1,115
2020-10-13 05:45:00,1927.2,1927.3,1926.5,1926.6,123
2020-10-13 05:50:00,1926.5,1927.0,1925.6,1925.9,369
2020-10-13 05:55:00,1925.9,1926.4,1925.8,1926.3,137
2020-10-13 06:00:00,1926.2,1926.4,1925.5,1925.9,156
2020-10-13 06:05:00,1925.7,1926.3,1925.6,1926.3,125
2020-10-13 06:10:00,1926.2,1927.1,1925.8,1926.9,351
2020-10-13 06:15:00,1926.8,1926.9,1924.9,1925.3,253
2020-10-13 06:20:00,1925.1,1926.0,1925.1,1925.7,119
2020-10-13 06:25:00,1925.6,1926.7,1925.6,1926.4,137
2020-10-13 06:30:00,1926.3,1926.7,1926.0,1926.7,109
2020-10-13 06:35:00,1926.7,1927.0,1926.4,1926.5,152
2020-10-13 06:40:00,1926.7,1926.9,1926.6,1926.6,61
2020-10-13 06:45:00,1926.6,1927.3,1926.1,1926.1,142
2020-10-13 06:50:00,1926.3,1926.5,1925.9,1926.4,91
2020-10-13 06:55:00,1926.4,1926.5,1926.1,1926.3,83
2020-10-13 07:00:00,1926.4,1926.8,1925.9,1926.0,148
2020-10-13 07:05:00,1925.9,1926.6,1925.3,1926.6,119
2020-10-13 07:10:00,1926.6,1926.8,1926.3,1926.7,104
2020-10-13 07:15:00,1926.6,1926.8,1924.9,1925.3,263
2020-10-13 07:20:00,1925.4,1925.8,1924.2,1925.8,400
2020-10-13 07:25:00,1925.7,1926.4,1925.1,1926.4,211
2020-10-13 07:30:00,1926.4,1928.1,1926.4,1926.7,501
2020-10-13 07:35:00,1926.9,1927.4,1925.8,1926.6,260
2020-10-13 07:40:00,1926.5,1926.6,1923.7,1924.8,347
2020-10-13 07:45:00,1924.8,1925.3,1923.8,1925.0,305
2020-10-13 07:50:00,1924.9,1925.0,1923.9,1924.1,188
2020-10-13 07:55:00,1924.0,1925.5,1923.9,1925.2,219
2020-10-13 08:00:00,1925.2,1925.8,1924.8,1925.2,152
2020-10-13 08:05:00,1925.0,1925.2,1923.9,1924.1,177
2020-10-13 08:10:00,1924.1,1926.8,1924.1,1926.5,387
2020-10-13 08:15:00,1926.3,1927.6,1926.2,1926.7,238
2020-10-13 08:20:00,1926.8,1928.4,1926.2,1927.1,847
2020-10-13 08:25:00,1926.9,1927.7,1924.2,1924.6,447
2020-10-13 08:30:00,1924.3,1929.4,1924.1,1928.9,1014
2020-10-13 08:35:00,1928.8,1929.5,1925.6,1926.3,918
2020-10-13 08:40:00,1926.3,1926.5,1918.7,1920.4,2294
2020-10-13 08:45:00,1920.5,1921.7,1918.9,1920.3,1352
2020-10-13 08:50:00,1920.2,1920.4,1916.5,1917.2,1753
2020-10-13 08:55:00,1917.2,1917.6,1913.1,1913.6,3056
2020-10-13 09:00:00,1913.7,1913.8,1908.5,1910.5,4027
2020-10-13 09:05:00,1910.4,1913.4,1909.3,1912.7,1787
2020-10-13 09:10:00,1912.8,1912.8,1909.6,1911.1,1342
2020-10-13 09:15:00,1911.0,1911.5,1906.5,1907.3,1876
2020-10-13 09:20:00,1907.2,1907.6,1904.5,1906.1,2331
2020-10-13 09:25:00,1906.0,1907.8,1904.7,1905.9,1266
2020-10-13 09:30:00,1905.9,1905.9,1902.6,1904.4,2275
2020-10-13 09:35:00,1904.6,1904.6,1896.3,1898.6,4372
2020-10-13 09:40:00,1898.7,1901.3,1897.5,1900.0,2569
2020-10-13 09:45:00,1899.9,1901.8,1899.9,1901.2,1249
2020-10-13 09:50:00,1901.2,1901.2,1898.8,1900.2,1070
2020-10-13 09:55:00,1900.1,1901.0,1898.0,1899.4,885
2020-10-13 10:00:00,1899.6,1899.6,1894.0,1895.1,2987
2020-10-13 10:05:00,1895.1,1898.6,1892.9,1895.4,2525
2020-10-13 10:10:00,1895.6,1895.8,1890.4,1892.2,2238
2020-10-13 10:15:00,1892.3,1894.0,1889.4,1892.9,1681
2020-10-13 10:20:00,1892.8,1894.9,1892.2,1894.7,1089
2020-10-13 10:25:00,1894.9,1896.4,1892.8,1895.7,1212
2020-10-13 10:30:00,1895.3,1895.8,1893.1,1895.0,877
2020-10-13 10:35:00,1895.1,1895.4,1893.6,1894.4,473
2020-10-13 10:40:00,1894.3,1895.1,1891.7,1894.8,716
2020-10-13 10:45:00,1894.7,1894.7,1890.8,1892.5,864
2020-10-13 10:50:00,1892.5,1892.6,1890.3,1891.1,836
2020-10-13 10:55:00,1891.2,1895.8,1890.5,1895.6,968
2020-10-13 11:00:00,1895.5,1896.0,1893.9,1894.6,774
2020-10-13 11:05:00,1894.5,1896.2,1894.0,1894.6,553
2020-10-13 11:10:00,1894.6,1895.1,1893.3,1894.5,592
2020-10-13 11:15:00,1894.7,1895.0,1893.9,1894.6,404
2020-10-13 11:20:00,1894.5,1894.9,1894.0,1894.4,344
2020-10-13 11:25:00,1894.3,1894.8,1893.3,1894.2,281
2020-10-13 11:30:00,1894.2,1897.2,1893.8,1897.1,889
2020-10-13 11:35:00,1897.2,1899.5,1896.5,1899.0,1297
2020-10-13 11:40:00,1898.9,1899.2,1896.7,1897.0,649
2020-10-13 11:45:00,1896.8,1897.2,1895.7,1897.2,426
2020-10-13 11:50:00,1897.1,1899.3,1897.0,1898.6,424
2020-10-13 11:55:00,1898.6,1899.0,1897.9,1898.3,236
2020-10-13 12:00:00,1898.3,1898.3,1896.5,1896.9,387
2020-10-13 12:05:00,1897.1,1898.1,1896.6,1897.2,229
2020-10-13 12:10:00,1897.1,1897.1,1894.7,1896.7,591
2020-10-13 12:15:00,1896.9,1897.1,1895.4,1896.2,296
2020-10-13 12:20:00,1896.1,1896.3,1894.9,1895.4,211
2020-10-13 12:25:00,1895.4,1896.4,1895.1,1895.7,248
2020-10-13 12:30:00,1895.6,1896.3,1895.3,1895.8,205
2020-10-13 12:35:00,1895.6,1896.1,1894.6,1894.7,341
2020-10-13 12:40:00,1894.6,1895.5,1893.1,1893.7,564
2020-10-13 12:45:00,1893.7,1895.0,1893.7,1894.8,241
2020-10-13 12:50:00,1894.7,1895.8,1894.4,1895.3,166
2020-10-13 12:55:00,1895.3,1895.4,1893.9,1894.6,221
2020-10-13 13:00:00,1894.5,1894.5,1893.5,1893.6,291
2020-10-13 13:05:00,1893.7,1894.1,1891.1,1891.8,553
2020-10-13 13:10:00,1891.9,1894.1,1891.8,1893.8,469
2020-10-13 13:15:00,1893.7,1896.5,1893.6,1895.8,399
2020-10-13 13:20:00,1895.8,1896.2,1894.8,1895.7,271
2020-10-13 13:25:00,1895.7,1896.4,1894.1,1894.8,387
2020-10-13 13:30:00,1894.8,1895.6,1893.2,1893.6,332
2020-10-13 13:35:00,1893.6,1894.1,1893.1,1893.9,266
2020-10-13 13:40:00,1893.9,1894.2,1893.5,1894.0,182
2020-10-13 13:45:00,1894.1,1894.3,1893.3,1894.3,125
2020-10-13 13:50:00,1894.2,1894.8,1894.2,1894.5,109
2020-10-13 13:55:00,1894.5,1894.5,1892.7,1893.6,340
2020-10-13 14:00:00,1893.6,1893.8,1892.6,1892.8,173
2020-10-13 14:05:00,1892.8,1893.3,1892.3,1893.2,187
2020-10-13 14:10:00,1893.2,1895.3,1893.2,1895.2,201
2020-10-13 14:15:00,1895.2,1895.5,1894.5,1895.3,201
2020-10-13 14:20:00,1895.3,1895.8,1895.2,1895.6,161
2020-10-13 14:25:00,1895.5,1896.4,1895.3,1895.6,294
2020-10-13 14:30:00,1895.7,1897.1,1894.5,1896.7,300
2020-10-13 14:35:00,1896.8,1897.6,1896.6,1897.4,254
2020-10-13 14:40:00,1897.3,1897.4,1896.6,1896.7,108
2020-10-13 14:45:00,1897.0,1897.6,1896.2,1897.6,121
2020-10-13 14:50:00,1897.6,1897.6,1896.8,1897.2,96
2020-10-13 14:55:00,1897.5,1898.5,1897.3,1897.9,151
2020-10-13 15:00:00,1897.9,1898.2,1897.3,1897.6,105
2020-10-13 15:05:00,1897.6,1897.7,1896.3,1896.6,139
2020-10-13 15:10:00,1896.4,1896.9,1896.0,1896.7,145
2020-10-13 15:15:00,1896.8,1897.0,1895.6,1896.1,120
2020-10-13 15:20:00,1895.9,1897.3,1895.9,1897.2,57
2020-10-13 15:25:00,1897.1,1897.3,1896.2,1896.5,57
2020-10-13 15:30:00,1896.8,1897.3,1896.6,1897.2,45
2020-10-13 15:35:00,1897.2,1897.9,1896.9,1897.3,66
2020-10-13 15:40:00,1897.7,1897.8,1897.3,1897.3,51
2020-10-13 15:45:00,1897.3,1897.5,1897.0,1897.0,34
2020-10-13 15:50:00,1897.0,1898.2,1896.9,1898.0,106
2020-10-13 15:55:00,1898.0,1898.0,1896.0,1896.0,91
2020-10-13 16:00:00,1895.9,1896.9,1895.8,1896.2,72
2020-10-13 16:05:00,1896.3,1896.3,1895.9,1896.0,37
2020-10-13 16:10:00,1895.8,1895.9,1895.1,1895.5,102
2020-10-13 16:15:00,1895.5,1895.6,1894.6,1894.7,96
2020-10-13 16:20:00,1894.6,1895.1,1894.6,1895.1,69
2020-10-13 16:25:00,1895.1,1895.4,1895.0,1895.0,31
2020-10-13 16:30:00,1895.1,1895.2,1894.1,1894.5,111
2020-10-13 16:35:00,1894.7,1895.0,1894.4,1894.9,31
2020-10-13 16:40:00,1895.0,1895.7,1894.9,1895.3,30
2020-10-13 16:45:00,1895.5,1895.5,1894.5,1894.5,82
2020-10-13 16:50:00,1894.4,1895.3,1894.1,1894.5,72
2020-10-13 16:55:00,1894.5,1894.9,1894.2,1894.7,72
2020-10-13 18:00:00,1894.9,1896.5,1894.8,1896.4,172
2020-10-13 18:05:00,1896.5,1896.6,1896.1,1896.3,59
2020-10-13 18:10:00,1896.6,1896.7,1896.2,1896.6,36
2020-10-13 18:15:00,1896.5,1896.5,1895.6,1895.9,43
2020-10-13 18:20:00,1895.8,1896.9,1895.7,1896.6,45
2020-10-13 18:25:00,1896.6,1896.6,1896.0,1896.6,31
2020-10-13 18:30:00,1896.4,1896.7,1895.8,1896.1,46
2020-10-13 18:35:00,1896.1,1896.6,1896.0,1896.4,57
2020-10-13 18:40:00,1896.5,1896.8,1895.9,1895.9,44
2020-10-13 18:45:00,1895.8,1896.5,1895.8,1896.3,38
2020-10-13 18:50:00,1896.2,1896.2,1895.6,1895.8,53
2020-10-13 18:55:00,1895.7,1895.7,1895.4,1895.5,24
2020-10-13 19:00:00,1895.4,1896.0,1895.2,1895.7,64
2020-10-13 19:05:00,1895.7,1896.0,1895.5,1895.7,29
2020-10-13 19:10:00,1895.6,1896.0,1895.6,1895.8,32
2020-10-13 19:15:00,1895.8,1895.8,1895.2,1895.2,54
2020-10-13 19:20:00,1895.2,1895.5,1895.1,1895.5,52
2020-10-13 19:25:00,1895.5,1895.8,1895.3,1895.6,37
2020-10-13 19:30:00,1895.5,1895.5,1895.1,1895.2,30
2020-10-13 19:35:00,1895.2,1895.2,1894.3,1894.7,110
2020-10-13 19:40:00,1894.9,1895.5,1894.8,1895.4,56
2020-10-13 19:45:00,1895.5,1895.6,1894.7,1895.5,57
2020-10-13 19:50:00,1895.6,1896.2,1895.5,1895.8,62
2020-10-13 19:55:00,1895.7,1896.6,1895.7,1896.5,78
2020-11-12 00:00:00,1867.7,1867.8,1867.2,1867.6,54
2020-11-12 00:05:00,1867.8,1868.9,1867.8,1868.6,80
2020-11-12 00:10:00,1868.7,1869.0,1868.5,1868.7,88
2020-11-12 00:15:00,1868.7,1869.7,1868.7,1869.1,131
2020-11-12 00:20:00,1869.1,1870.0,1869.1,1870.0,128
2020-11-12 00:25:00,1870.0,1870.3,1869.6,1870.1,155
2020-11-12 00:30:00,1870.2,1870.6,1867.8,1867.9,200
2020-11-12 00:35:00,1867.9,1867.9,1866.0,1866.1,376
2020-11-12 00:40:00,1866.3,1867.3,1866.1,1866.3,186
2020-11-12 00:45:00,1866.4,1867.1,1865.8,1866.7,80
2020-11-12 00:50:00,1867.0,1867.8,1866.9,1867.0,120
2020-11-12 00:55:00,1867.1,1867.4,1866.5,1867.0,92
2020-11-12 01:00:00,1867.4,1868.1,1866.9,1867.2,89
2020-11-12 01:05:00,1867.4,1868.1,1867.4,1867.8,67
2020-11-12 01:10:00,1867.5,1867.9,1866.8,1866.8,99
2020-11-12 01:15:00,1866.6,1867.0,1865.8,1866.0,185
2020-11-12 01:20:00,1865.8,1866.8,1865.8,1866.5,112
2020-11-12 01:25:00,1866.7,1867.5,1866.5,1866.7,116
2020-11-12 01:30:00,1866.8,1867.0,1864.4,1864.8,343
2020-11-12 01:35:00,1864.9,1866.6,1864.5,1866.6,181
2020-11-12 01:40:00,1866.5,1868.3,1866.4,1867.6,233
2020-11-12 01:45:00,1867.8,1868.2,1867.6,1867.7,106
2020-11-12 01:50:00,1867.5,1868.8,1867.3,1867.9,115
2020-11-12 01:55:00,1868.0,1868.2,1866.7,1866.7,94
2020-11-12 02:00:00,1866.7,1867.0,1865.1,1866.5,281
2020-11-12 02:05:00,1866.8,1867.7,1866.0,1866.5,128
2020-11-12 02:10:00,1866.7,1868.0,1866.7,1867.7,95
2020-11-12 02:15:00,1867.5,1868.1,1866.8,1867.2,109
2020-11-12 02:20:00,1867.4,1867.4,1866.4,1867.2,84
2020-11-12 02:25:00,1867.3,1868.2,1867.2,1867.7,91
2020-11-12 02:30:00,1867.6,1867.8,1866.6,1866.6,82
2020-11-12 02:35:00,1867.0,1868.9,1866.9,1868.9,123
2020-11-12 02:40:00,1868.7,1869.1,1868.3,1868.3,186
2020-11-12 02:45:00,1868.0,1868.0,1865.7,1865.9,267
2020-11-12 02:50:00,1866.0,1867.0,1864.8,1866.9,282
2020-11-12 02:55:00,1866.8,1867.1,1865.9,1866.2,222
2020-11-12 03:00:00,1866.5,1867.9,1865.8,1865.8,279
2020-11-12 03:05:00,1865.7,1867.6,1865.0,1867.5,224
2020-11-12 03:10:00,1867.5,1867.6,1865.4,1865.9,182
2020-11-12 03:15:00,1866.0,1866.2,1863.1,1864.2,522
2020-11-12 03:20:00,1864.2,1864.9,1862.2,1862.4,424
2020-11-12 03:25:00,1862.6,1863.4,1860.9,1863.0,431
2020-11-12 03:30:00,1863.0,1864.2,1861.3,1864.0,347
2020-11-12 03:35:00,1864.0,1864.5,1863.2,1864.2,207
2020-11-12 03:40:00,1864.2,1864.8,1863.6,1864.8,118
2020-11-12 03:45:00,1864.8,1867.2,1863.9,1866.4,484
2020-11-12 03:50:00,1866.6,1866.6,1865.3,1865.9,198
2020-11-12 03:55:00,1865.9,1866.0,1864.9,1865.3,125
2020-11-12 04:00:00,1865.2,1865.3,1863.4,1863.4,140
2020-11-12 04:05:00,1863.6,1864.5,1863.0,1864.2,156
2020-11-12 04:10:00,1864.2,1864.6,1862.4,1863.6,200
2020-11-12 04:15:00,1863.8,1865.0,1863.6,1864.6,123
2020-11-12 04:20:00,1864.5,1865.4,1864.4,1865.0,97
2020-11-12 04:25:00,1865.1,1867.8,1864.8,1867.6,280
2020-11-12 04:30:00,1867.5,1869.0,1867.2,1868.5,472
2020-11-12 04:35:00,1868.7,1871.0,1868.5,1870.1,684
2020-11-12 04:40:00,1870.2,1871.1,1869.6,1870.5,484
2020-11-12 04:45:00,1870.5,1870.8,1869.7,1869.9,257
2020-11-12 04:50:00,1869.7,1870.2,1869.1,1870.0,252
2020-11-12 04:55:00,1869.7,1870.0,1868.7,1868.8,165
2020-11-12 05:00:00,1869.0,1869.3,1868.0,1868.6,202
2020-11-12 05:05:00,1868.7,1869.4,1868.3,1869.4,217
2020-11-12 05:10:00,1869.4,1869.7,1868.7,1869.3,71
2020-11-12 05:15:00,1869.0,1869.0,1868.7,1868.9,64
2020-11-12 05:20:00,1868.8,1869.4,1868.0,1868.3,119
2020-11-12 05:25:00,1868.2,1868.3,1866.7,1866.7,344
2020-11-12 05:30:00,1866.7,1867.4,1865.9,1866.3,348
2020-11-12 05:35:00,1866.3,1866.9,1865.7,1866.7,202
2020-11-12 05:40:00,1866.5,1867.3,1866.4,1866.6,153
2020-11-12 05:45:00,1866.6,1867.0,1865.3,1866.2,311
2020-11-12 05:50:00,1866.1,1867.0,1866.1,1866.3,164
2020-11-12 05:55:00,1866.3,1866.8,1866.0,1866.4,104
2020-11-12 06:00:00,1866.4,1867.5,1866.4,1867.3,96
2020-11-12 06:05:00,1867.2,1868.1,1867.2,1867.9,110
2020-11-12 06:10:00,1868.0,1870.0,1867.7,1869.9,272
2020-11-12 06:15:00,1869.7,1870.5,1869.6,1869.7,164
2020-11-12 06:20:00,1869.7,1870.5,1869.4,1870.4,156
2020-11-12 06:25:00,1870.5,1871.0,1869.8,1869.8,252
2020-11-12 06:30:00,1869.9,1870.2,1869.4,1869.6,133
2020-11-12 06:35:00,1869.5,1870.5,1869.2,1870.1,154
2020-11-12 06:40:00,1870.0,1870.4,1869.6,1869.7,96
2020-11-12 06:45:00,1869.9,1869.9,1869.0,1869.6,140
2020-11-12 06:50:00,1869.7,1869.9,1868.5,1868.7,126
2020-11-12 06:55:00,1868.7,1868.9,1867.8,1868.3,185
2020-11-12 07:00:00,1868.5,1869.5,1868.1,1868.6,119
2020-11-12 07:05:00,1868.5,1869.8,1868.5,1869.7,225
2020-11-12 07:10:00,1869.7,1870.0,1868.7,1868.9,137
2020-11-12 07:15:00,1868.8,1869.4,1868.7,1869.3,72
2020-11-12 07:20:00,1869.3,1869.5,1868.3,1868.7,86
2020-11-12 07:25:00,1868.6,1869.4,1868.2,1869.4,78
2020-11-12 07:30:00,1869.5,1869.9,1869.1,1869.8,86
2020-11-12 07:35:00,1869.8,1870.0,1869.1,1870.0,89
2020-11-12 07:40:00,1870.0,1870.8,1868.5,1869.1,257
2020-11-12 07:45:00,1869.5,1869.9,1869.0,1869.5,54
2020-11-12 07:50:00,1869.5,1870.0,1868.8,1868.8,134
2020-11-12 07:55:00,1868.8,1869.3,1867.9,1868.5,185
2020-11-12 08:00:00,1868.6,1868.9,1866.7,1867.0,323
2020-11-12 08:05:00,1867.0,1869.6,1866.9,1868.1,351
2020-11-12 08:10:00,1868.0,1868.2,1865.6,1865.7,432
2020-11-12 08:15:00,1865.7,1867.4,1865.7,1867.1,268
2020-11-12 08:20:00,1867.1,1869.2,1866.0,1869.1,312
2020-11-12 08:25:00,1869.2,1869.7,1868.8,1869.1,176
2020-11-12 08:30:00,1869.2,1871.1,1867.7,1870.9,698
2020-11-12 08:35:00,1870.9,1871.1,1868.9,1869.7,500
2020-11-12 08:40:00,1869.9,1872.8,1869.2,1872.5,979
2020-11-12 08:45:00,1872.6,1873.4,1871.6,1871.9,640
2020-11-12 08:50:00,1872.0,1874.2,1871.6,1874.0,534
2020-11-12 08:55:00,1874.1,1878.2,1874.0,1875.3,1640
2020-11-12 09:00:00,1875.5,1877.2,1874.8,1875.3,578
2020-11-12 09:05:00,1875.3,1875.7,1874.3,1875.3,300
2020-11-12 09:10:00,1875.2,1876.2,1874.6,1875.8,369
2020-11-12 09:15:00,1876.1,1877.3,1875.5,1876.0,449
2020-11-12 09:20:00,1875.9,1877.3,1875.8,1876.4,304
2020-11-12 09:25:00,1876.4,1876.6,1874.7,1874.7,254
2020-11-12 09:30:00,1874.7,1875.8,1873.3,1875.5,532
2020-11-12 09:35:00,1875.5,1876.7,1873.7,1875.7,454
2020-11-12 09:40:00,1875.7,1876.1,1873.9,1875.7,336
2020-11-12 09:45:00,1875.8,1877.2,1875.1,1875.8,287
2020-11-12 09:50:00,1875.5,1878.1,1875.0,1877.5,448
2020-11-12 09:55:00,1877.5,1879.3,1877.1,1878.3,739
2020-11-12 10:00:00,1878.4,1878.9,1874.7,1875.2,1061
2020-11-12 10:05:00,1875.6,1879.2,1875.6,1878.8,526
2020-11-12 10:10:00,1878.9,1879.7,1877.4,1878.4,304
2020-11-12 10:15:00,1878.5,1879.1,1877.0,1877.1,282
2020-11-12 10:20:00,1877.1,1879.0,1876.9,1878.4,248
2020-11-12 10:25:00,1878.2,1880.0,1878.0,1879.5,436
2020-11-12 10:30:00,1879.6,1882.9,1878.6,1881.8,1057
2020-11-12 10:35:00,1882.0,1882.2,1880.5,1880.7,362
2020-11-12 10:40:00,1880.6,1880.8,1878.0,1878.5,522
2020-11-12 10:45:00,1878.4,1879.4,1878.1,1878.6,258
2020-11-12 10:50:00,1878.6,1879.1,1877.0,1877.1,304
2020-11-12 10:55:00,1877.3,1878.3,1876.9,1878.1,270
2020-11-12 11:00:00,1877.8,1880.2,1877.7,1880.1,281
2020-11-12 11:05:00,1879.9,1881.3,1879.4,1879.6,447
2020-11-12 11:10:00,1879.5,1880.0,1878.1,1878.3,298
2020-11-12 11:15:00,1878.2,1878.4,1876.9,1878.4,253
2020-11-12 11:20:00,1878.3,1878.7,1877.5,1878.0,142
2020-11-12 11:25:00,1877.7,1879.6,1877.2,1879.6,191
2020-11-12 11:30:00,1879.6,1880.0,1876.4,1876.5,314
2020-11-12 11:35:00,1876.7,1877.2,1876.3,1876.8,202
2020-11-12 11:40:00,1876.8,1877.1,1875.8,1876.9,239
2020-11-12 11:45:00,1877.1,1878.2,1877.1,1877.9,183
2020-11-12 11:50:00,1877.8,1878.6,1877.4,1878.6,176
2020-11-12 11:55:00,1878.4,1879.3,1878.2,1879.0,168
2020-11-12 12:00:00,1879.0,1880.7,1878.8,1880.7,193
2020-11-12 12:05:00,1880.8,1880.9,1879.9,1880.7,175
2020-11-12 12:10:00,1880.8,1881.2,1880.0,1880.9,174
2020-11-12 12:15:00,1880.8,1881.0,1880.1,1880.5,148
2020-11-12 12:20:00,1880.6,1881.5,1880.5,1881.4,236
2020-11-12 12:25:00,1881.4,1881.5,1880.8,1880.8,134
2020-11-12 12:30:00,1880.9,1881.5,1880.2,1881.2,141
2020-11-12 12:35:00,1881.3,1882.2,1880.8,1880.9,267
2020-11-12 12:40:00,1881.0,1881.2,1879.7,1880.0,228
2020-11-12 12:45:00,1880.1,1880.1,1877.1,1877.5,342
2020-11-12 12:50:00,1877.6,1878.1,1877.1,1877.6,246
2020-11-12 12:55:00,1877.8,1877.9,1875.6,1875.8,235
2020-11-12 13:00:00,1875.9,1875.9,1874.4,1874.8,289
2020-11-12 13:05:00,1874.9,1875.0,1873.8,1874.0,312
2020-11-12 13:10:00,1874.1,1874.9,1872.4,1874.7,536
2020-11-12 13:15:00,1874.7,1874.7,1873.2,1874.4,220
2020-11-12 13:20:00,1874.2,1875.0,1872.5,1872.5,354
2020-11-12 13:25:00,1872.5,1873.8,1872.3,1873.2,230
2020-11-12 13:30:00,1873.1,1874.6,1873.1,1873.9,170
2020-11-12 13:35:00,1874.3,1875.6,1874.3,1875.5,168
2020-11-12 13:40:00,1875.5,1876.2,1875.4,1875.4,128
2020-11-12 13:45:00,1875.5,1876.2,1875.5,1876.0,58
2020-11-12 13:50:00,1876.1,1876.5,1875.1,1875.4,109
2020-11-12 13:55:00,1875.2,1876.4,1875.1,1876.4,84
2020-11-12 14:00:00,1876.1,1876.3,1875.6,1876.0,62
2020-11-12 14:05:00,1876.3,1876.4,1875.6,1875.6,38
2020-11-12 14:10:00,1875.6,1876.0,1874.7,1874.9,77
2020-11-12 14:15:00,1874.9,1875.0,1874.5,1874.8,53
2020-11-12 14:20:00,1874.9,1875.2,1874.5,1874.8,60
2020-11-12 14:25:00,1874.9,1875.2,1874.6,1874.6,53
2020-11-12 14:30:00,1874.6,1875.8,1874.3,1875.5,102
2020-11-12 14:35:00,1875.6,1875.9,1875.3,1875.8,65
2020-11-12 14:40:00,1875.8,1875.9,1875.3,1875.3,28
2020-11-12 14:45:00,1875.2,1875.5,1874.9,1875.0,34
2020-11-12 14:50:00,1875.3,1875.5,1875.0,1875.0,29
2020-11-12 14:55:00,1874.8,1876.1,1874.8,1875.7,50
2020-11-12 15:00:00,1875.7,1875.9,1874.9,1874.9,40
2020-11-12 15:05:00,1874.5,1874.9,1873.8,1874.3,74
2020-11-12 15:10:00,1874.2,1874.5,1873.9,1874.3,28
2020-11-12 15:15:00,1874.6,1874.8,1874.1,1874.6,28
2020-11-12 15:20:00,1874.7,1874.9,1874.1,1874.6,79
2020-11-12 15:25:00,1874.6,1874.8,1874.5,1874.6,8
2020-11-12 15:30:00,1874.7,1875.0,1873.8,1873.8,134
2020-11-12 15:35:00,1874.0,1874.2,1873.4,1873.7,36
2020-11-12 15:40:00,1873.6,1874.3,1873.5,1874.3,42
2020-11-12 15:45:00,1874.3,1874.3,1872.9,1873.1,93
2020-11-12 15:50:00,1873.6,1874.4,1873.6,1874.2,53
2020-11-12 15:55:00,1874.1,1874.7,1873.6,1874.3,58
2020-11-12 16:00:00,1874.5,1875.9,1874.0,1875.6,90
2020-11-12 16:05:00,1875.6,1875.6,1874.1,1874.1,100
2020-11-12 16:10:00,1873.9,1875.2,1873.8,1874.6,94
2020-11-12 16:15:00,1874.8,1875.4,1874.5,1875.3,49
2020-11-12 16:20:00,1875.4,1875.4,1874.7,1874.9,10
2020-11-12 16:25:00,1874.5,1874.5,1874.5,1874.5,7
2020-11-12 16:30:00,1874.8,1875.3,1874.4,1874.9,26
2020-11-12 16:35:00,1874.7,1874.8,1874.3,1874.5,28
2020-11-12 16:40:00,1874.5,1874.7,1874.5,1874.7,7
2020-11-12 16:45:00,1874.8,1875.0,1874.4,1874.7,15
2020-11-12 16:50:00,1874.7,1875.3,1874.6,1875.3,32
2020-11-12 16:55:00,1875.1,1875.8,1875.1,1875.6,27
2020-11-12 18:00:00,1875.1,1876.4,1875.1,1875.9,67
2020-11-12 18:05:00,1875.9,1876.1,1875.2,1875.6,68
2020-11-12 18:10:00,1875.8,1875.9,1875.2,1875.3,22
2020-11-12 18:15:00,1875.1,1875.7,1874.9,1874.9,24
2020-11-12 18:20:00,1875.0,1875.3,1873.9,1874.1,82
2020-11-12 18:25:00,1873.9,1874.7,1873.8,1874.2,36
2020-11-12 18:30:00,1874.4,1875.1,1874.3,1874.8,41
2020-11-12 18:35:00,1874.8,1875.0,1874.7,1874.8,23
2020-11-12 18:40:00,1874.9,1874.9,1874.7,1874.8,5
2020-11-12 18:45:00,1875.1,1875.1,1873.8,1873.8,63
2020-11-12 18:50:00,1873.7,1873.9,1873.6,1873.7,14
2020-11-12 18:55:00,1873.8,1874.3,1873.8,1874.1,11
2020-12-10 00:00:00,1843.4,1844.2,1841.7,1843.4,160
2020-12-10 00:05:00,1843.4,1844.3,1843.2,1844.2,80
2020-12-10 00:10:00,1844.2,1844.6,1843.8,1844.6,80
2020-12-10 00:15:00,1844.6,1844.8,1844.2,1844.4,39
2020-12-10 00:20:00,1844.5,1844.5,1843.8,1843.8,36
2020-12-10 00:25:00,1843.8,1844.1,1843.7,1843.8,61
2020-12-10 00:30:00,1843.8,1843.9,1842.8,1843.0,113
2020-12-10 00:35:00,1843.1,1843.7,1842.5,1843.7,79
2020-12-10 00:40:00,1843.7,1844.7,1843.7,1844.5,94
2020-12-10 00:45:00,1844.4,1844.7,1844.2,1844.4,48
2020-12-10 00:50:00,1844.1,1844.7,1843.9,1844.5,60
2020-12-10 00:55:00,1844.6,1844.6,1842.2,1842.8,168
2020-12-10 01:00:00,1842.7,1842.9,1841.1,1842.3,247
2020-12-10 01:05:00,1842.1,1842.1,1840.7,1841.5,155
2020-12-10 01:10:00,1841.5,1843.2,1841.3,1842.2,243
2020-12-10 01:15:00,1842.4,1842.4,1841.1,1841.5,83
2020-12-10 01:20:00,1841.6,1841.6,1840.8,1841.3,105
2020-12-10 01:25:00,1841.2,1841.6,1840.9,1841.0,87
2020-12-10 01:30:00,1841.0,1841.6,1840.4,1841.0,93
2020-12-10 01:35:00,1840.8,1840.9,1839.2,1839.3,223
2020-12-10 01:40:00,1839.3,1841.0,1838.7,1840.6,240
2020-12-10 01:45:00,1840.6,1841.4,1839.6,1840.8,128
2020-12-10 01:50:00,1840.6,1841.2,1839.5,1839.6,80
2020-12-10 01:55:00,1839.7,1839.8,1838.3,1838.4,168
2020-12-10 02:00:00,1838.4,1840.2,1837.5,1839.4,251
2020-12-10 02:05:00,1839.4,1839.9,1838.9,1839.8,72
2020-12-10 02:10:00,1839.8,1840.7,1839.6,1839.8,116
2020-12-10 02:15:00,1839.8,1840.6,1839.3,1840.1,68
2020-12-10 02:20:00,1839.9,1841.2,1839.5,1840.7,122
2020-12-10 02:25:00,1840.7,1842.1,1840.6,1841.4,225
2020-12-10 02:30:00,1841.3,1841.3,1839.9,1841.0,118
2020-12-10 02:35:00,1840.9,1843.7,1840.9,1843.3,245
2020-12-10 02:40:00,1843.1,1843.1,1840.3,1840.3,210
2020-12-10 02:45:00,1840.4,1840.8,1839.5,1840.5,197
2020-12-10 02:50:00,1840.6,1840.8,1839.3,1840.4,183
2020-12-10 02:55:00,1840.6,1841.9,1840.4,1841.2,105
2020-12-10 03:00:00,1841.0,1841.2,1839.0,1839.6,238
2020-12-10 03:05:00,1839.6,1839.9,1838.8,1838.9,129
2020-12-10 03:10:00,1838.9,1841.2,1838.4,1840.6,289
2020-12-10 03:15:00,1840.6,1840.8,1839.4,1840.2,163
2020-12-10 03:20:00,1840.0,1840.0,1839.4,1840.0,96
2020-12-10 03:25:00,1839.8,1840.7,1839.7,1840.0,82
2020-12-10 03:30:00,1839.9,1841.1,1839.1,1840.5,104
2020-12-10 03:35:00,1840.4,1840.9,1839.5,1839.5,55
2020-12-10 03:40:00,1839.6,1839.6,1838.9,1839.6,96
2020-12-10 03:45:00,1839.7,1839.7,1837.9,1838.2,117
2020-12-10 03:50:00,1838.2,1838.4,1835.3,1835.4,584
2020-12-10 03:55:00,1835.4,1837.2,1835.3,1836.8,243
2020-12-10 04:00:00,1836.7,1837.0,1834.6,1835.6,311
2020-12-10 04:05:00,1835.7,1836.1,1834.9,1835.5,158
2020-12-10 04:10:00,1835.5,1835.5,1831.9,1832.2,828
2020-12-10 04:15:00,1832.1,1835.6,1832.0,1835.4,497
2020-12-10 04:20:00,1835.3,1835.8,1832.7,1833.6,393
2020-12-10 04:25:00,1833.7,1834.8,1833.3,1833.6,258
2020-12-10 04:30:00,1833.9,1834.7,1833.0,1834.5,177
2020-12-10 04:35:00,1834.4,1835.2,1834.4,1834.9,185
2020-12-10 04:40:00,1835.0,1835.4,1834.6,1834.9,90
2020-12-10 04:45:00,1835.0,1836.6,1834.6,1836.1,198
2020-12-10 04:50:00,1836.3,1837.1,1835.9,1836.7,157
2020-12-10 04:55:00,1836.6,1836.6,1834.7,1835.3,191
2020-12-10 05:00:00,1835.4,1836.0,1835.2,1835.8,93
2020-12-10 05:05:00,1835.8,1835.9,1834.8,1835.5,92
2020-12-10 05:10:00,1835.7,1836.7,1835.7,1836.6,81
2020-12-10 05:15:00,1836.6,1836.6,1835.4,1835.8,108
2020-12-10 05:20:00,1835.7,1835.7,1835.1,1835.1,60
2020-12-10 05:25:00,1835.1,1835.8,1834.3,1835.3,77
2020-12-10 05:30:00,1835.2,1837.9,1835.0,1837.1,351
2020-12-10 05:35:00,1837.1,1838.0,1837.1,1837.7,97
2020-12-10 05:40:00,1837.6,1838.5,1837.4,1837.8,151
2020-12-10 05:45:00,1837.6,1838.9,1837.1,1838.8,179
2020-12-10 05:50:00,1838.8,1842.3,1838.7,1840.6,814
2020-12-10 05:55:00,1840.7,1840.8,1839.6,1839.7,202
2020-12-10 06:00:00,1839.6,1840.9,1839.4,1840.1,162
2020-12-10 06:05:00,1840.0,1840.2,1839.3,1839.6,116
2020-12-10 06:10:00,1839.6,1840.4,1839.0,1840.1,146
2020-12-10 06:15:00,1839.9,1840.2,1839.4,1840.2,65
2020-12-10 06:20:00,1840.3,1841.0,1840.0,1840.3,104
2020-12-10 06:25:00,1840.1,1840.1,1839.1,1839.4,74
2020-12-10 06:30:00,1839.3,1840.1,1839.2,1839.5,110
2020-12-10 06:35:00,1839.4,1840.2,1839.4,1840.1,75
2020-12-10 06:40:00,1840.0,1840.2,1839.5,1839.8,101
2020-12-10 06:45:00,1839.8,1840.2,1838.4,1838.5,190
2020-12-10 06:50:00,1838.5,1841.0,1838.5,1839.7,222
2020-12-10 06:55:00,1839.4,1839.5,1838.3,1839.0,152
2020-12-10 07:00:00,1839.1,1839.2,1836.5,1838.0,380
2020-12-10 07:05:00,1837.8,1838.4,1837.5,1838.2,95
2020-12-10 07:10:00,1838.1,1840.4,1837.9,1839.3,268
2020-12-10 07:15:00,1839.3,1840.9,1839.3,1840.4,268
2020-12-10 07:20:00,1840.5,1841.9,1840.4,1841.7,419
2020-12-10 07:25:00,1841.7,1841.7,1840.9,1841.3,82
2020-12-10 07:30:00,1841.3,1842.2,1841.0,1841.2,236
2020-12-10 07:35:00,1841.2,1841.3,1839.9,1840.3,201
2020-12-10 07:40:00,1840.3,1841.7,1840.0,1841.3,107
2020-12-10 07:45:00,1841.4,1842.3,1840.4,1841.0,297
2020-12-10 07:50:00,1840.7,1841.5,1839.0,1839.9,338
2020-12-10 07:55:00,1840.2,1840.8,1838.6,1839.8,465
2020-12-10 08:00:00,1839.8,1842.9,1837.6,1842.5,817
2020-12-10 08:05:00,1842.7,1843.4,1841.6,1842.4,512
2020-12-10 08:10:00,1842.5,1842.8,1840.9,1841.6,456
2020-12-10 08:15:00,1841.7,1844.3,1840.9,1843.6,544
2020-12-10 08:20:00,1843.7,1844.4,1842.2,1842.8,376
2020-12-10 08:25:00,1842.7,1843.1,1841.9,1842.2,169
2020-12-10 08:30:00,1842.5,1846.4,1842.3,1845.6,1096
2020-12-10 08:35:00,1845.7,1848.5,1844.4,1848.1,1269
2020-12-10 08:40:00,1848.1,1849.8,1847.2,1849.2,1029
2020-12-10 08:45:00,1849.3,1850.1,1848.1,1848.7,924
2020-12-10 08:50:00,1848.6,1850.5,1847.0,1847.9,958
2020-12-10 08:55:00,1848.0,1849.5,1847.7,1849.0,543
2020-12-10 09:00:00,1849.2,1851.3,1848.7,1849.1,920
2020-12-10 09:05:00,1849.0,1849.1,1844.5,1846.2,1364
2020-12-10 09:10:00,1846.4,1848.1,1845.4,1846.9,693
2020-12-10 09:15:00,1846.9,1847.1,1844.9,1845.6,557
2020-12-10 09:20:00,1845.4,1847.1,1845.1,1846.8,336
2020-12-10 09:25:00,1846.6,1847.0,1845.3,1846.6,382
2020-12-10 09:30:00,1846.6,1848.8,1846.5,1847.8,462
2020-12-10 09:35:00,1848.1,1852.1,1848.0,1852.1,957
2020-12-10 09:40:00,1851.9,1853.1,1850.5,1852.4,955
2020-12-10 09:45:00,1852.6,1853.7,1850.3,1852.5,838
2020-12-10 09:50:00,1852.7,1854.2,1851.3,1851.9,846
2020-12-10 09:55:00,1851.8,1853.3,1851.1,1851.6,501
2020-12-10 10:00:00,1851.7,1853.2,1846.8,1846.8,1320
2020-12-10 10:05:00,1846.8,1849.7,1846.8,1849.1,442
2020-12-10 10:10:00,1849.3,1849.5,1847.6,1848.4,369
2020-12-10 10:15:00,1848.2,1848.5,1846.0,1846.1,552
2020-12-10 10:20:00,1846.1,1846.4,1843.8,1844.7,700
2020-12-10 10:25:00,1844.6,1845.4,1844.0,1844.6,431
2020-12-10 10:30:00,1844.6,1844.6,1842.1,1843.2,768
2020-12-10 10:35:00,1843.1,1844.5,1842.4,1844.5,382
2020-12-10 10:40:00,1844.3,1844.4,1841.3,1843.2,759
2020-12-10 10:45:00,1843.2,1843.2,1840.5,1841.5,738
2020-12-10 10:50:00,1841.8,1842.2,1840.9,1841.4,330
2020-12-10 10:55:00,1841.3,1842.0,1837.3,1839.0,1272
2020-12-10 11:00:00,1839.2,1840.3,1837.1,1839.3,724
2020-12-10 11:05:00,1839.4,1840.1,1837.8,1837.8,521
2020-12-10 11:10:00,1837.9,1839.3,1837.5,1838.0,341
2020-12-10 11:15:00,1837.9,1838.0,1835.0,1837.1,944
2020-12-10 11:20:00,1837.3,1839.8,1836.4,1839.8,601
2020-12-10 11:25:00,1839.8,1841.0,1839.6,1840.5,484
2020-12-10 11:30:00,1840.5,1841.2,1839.2,1839.7,378
2020-12-10 11:35:00,1839.7,1839.8,1838.0,1839.3,270
2020-12-10 11:40:00,1839.3,1840.6,1838.7,1840.1,214
2020-12-10 11:45:00,1840.0,1840.6,1839.5,1839.5,202
2020-12-10 11:50:00,1839.4,1840.5,1839.2,1839.9,130
2020-12-10 11:55:00,1840.0,1840.9,1839.7,1840.9,176
2020-12-10 12:00:00,1840.8,1841.7,1840.7,1840.9,234
2020-12-10 12:05:00,1841.1,1841.6,1839.9,1840.4,246
2020-12-10 12:10:00,1840.8,1841.0,1840.4,1840.5,70
2020-12-10 12:15:00,1840.9,1841.3,1839.5,1839.7,112
2020-12-10 12:20:00,1839.8,1840.2,1839.6,1839.7,67
2020-12-10 12:25:00,1839.8,1839.8,1838.8,1839.2,189
2020-12-10 12:30:00,1839.2,1839.4,1838.0,1838.6,180
2020-12-10 12:35:00,1838.4,1838.9,1837.4,1837.8,204
2020-12-10 12:40:00,1837.6,1837.8,1835.8,1835.9,336
2020-12-10 12:45:00,1836.0,1837.0,1835.4,1836.6,362
2020-12-10 12:50:00,1836.4,1837.6,1835.8,1837.0,254
2020-12-10 12:55:00,1837.0,1837.0,1834.1,1834.4,434
2020-12-10 13:00:00,1834.3,1835.7,1833.9,1835.7,678
2020-12-10 13:05:00,1835.7,1836.8,1834.5,1836.7,238
2020-12-10 13:10:00,1836.6,1837.9,1836.1,1837.9,249
2020-12-10 13:15:00,1837.8,1838.3,1837.4,1837.6,179
2020-12-10 13:20:00,1837.5,1838.2,1837.3,1838.0,111
2020-12-10 13:25:00,1838.0,1838.0,1837.1,1837.1,180
2020-12-10 13:30:00,1837.3,1837.8,1837.1,1837.3,91
2020-12-10 13:35:00,1837.3,1838.1,1837.2,1837.9,71
2020-12-10 13:40:00,1838.0,1838.7,1838.0,1838.2,137
2020-12-10 13:45:00,1838.3,1838.3,1837.7,1837.7,71
2020-12-10 13:50:00,1837.7,1837.7,1836.6,1837.0,149
2020-12-10 13:55:00,1837.0,1837.2,1836.8,1837.2,59
2020-12-10 14:00:00,1837.0,1837.6,1836.5,1837.6,132
2020-12-10 14:05:00,1837.6,1837.8,1835.4,1836.5,243
2020-12-10 14:10:00,1836.5,1837.4,1836.2,1836.8,86
2020-12-10 14:15:00,1836.8,1836.8,1835.3,1835.6,199
2020-12-10 14:20:00,1835.7,1837.2,1835.7,1837.2,150
2020-12-10 14:25:00,1837.1,1837.5,1836.9,1837.2,96
2020-12-10 14:30:00,1837.4,1838.4,1837.2,1838.2,130
2020-12-10 14:35:00,1838.2,1838.8,1838.2,1838.7,99
2020-12-10 14:40:00,1838.7,1838.8,1838.1,1838.5,71
2020-12-10 14:45:00,1838.5,1839.1,1838.3,1838.5,109
2020-12-10 14:50:00,1838.6,1839.5,1838.6,1839.3,91
2020-12-10 14:55:00,1839.3,1839.3,1838.7,1839.0,130
2020-12-10 15:00:00,1838.9,1839.0,1838.1,1838.1,70
2020-12-10 15:05:00,1838.1,1838.2,1837.8,1837.9,58
2020-12-10 15:10:00,1838.1,1839.4,1837.8,1839.2,107
2020-12-10 15:15:00,1839.4,1839.7,1839.2,1839.4,112
2020-12-10 15:20:00,1839.3,1839.6,1839.2,1839.6,52
2020-12-10 15:25:00,1839.6,1839.7,1839.1,1839.6,52
2020-12-10 15:30:00,1839.6,1839.7,1838.7,1838.9,84
2020-12-10 15:35:00,1839.1,1839.8,1839.0,1839.6,51
2020-12-10 15:40:00,1839.5,1840.1,1839.4,1839.6,84
2020-12-10 15:45:00,1839.7,1840.1,1839.0,1839.1,130
2020-12-10 15:50:00,1839.3,1840.2,1839.2,1840.0,44
2020-12-10 15:55:00,1839.9,1840.6,1838.9,1839.2,190
2020-12-10 16:00:00,1839.2,1839.3,1838.5,1839.3,112
2020-12-10 16:05:00,1839.3,1839.5,1839.0,1839.0,30
2020-12-10 16:10:00,1838.8,1839.1,1838.4,1838.4,63
2020-12-10 16:15:00,1838.4,1838.6,1838.1,1838.4,36
2020-12-10 16:20:00,1838.4,1838.6,1838.2,1838.3,18
2020-12-10 16:25:00,1838.6,1838.9,1838.5,1838.9,12
2020-12-10 16:30:00,1838.7,1839.3,1838.7,1839.3,38
2020-12-10 16:35:00,1839.3,1839.4,1839.1,1839.1,10
2020-12-10 16:40:00,1839.1,1839.5,1839.0,1839.5,12
2020-12-10 16:45:00,1839.5,1839.9,1838.7,1838.8,45
2020-12-10 16:50:00,1839.1,1839.6,1839.0,1839.5,43
2020-12-10 16:55:00,1839.5,1840.4,1839.4,1840.4,74
2020-12-10 18:00:00,1839.5,1841.3,1839.5,1840.8,102
2020-12-10 18:05:00,1840.6,1840.8,1840.0,1840.6,63
2020-12-10 18:10:00,1840.5,1840.9,1840.1,1840.7,32
2020-12-10 18:15:00,1840.7,1841.2,1840.7,1841.2,18
2020-12-10 18:20:00,1841.2,1841.6,1840.9,1841.1,75
2020-12-10 18:25:00,1840.9,1840.9,1840.2,1840.3,64
2020-12-10 18:30:00,1840.5,1840.6,1839.8,1840.0,49
2020-12-10 18:35:00,1839.9,1839.9,1839.4,1839.6,54
2020-12-10 18:40:00,1839.6,1839.6,1839.2,1839.4,33
2020-12-10 18:45:00,1839.6,1839.6,1839.1,1839.1,38
2020-12-10 18:50:00,1839.3,1840.3,1839.3,1840.3,49
2020-12-10 18:55:00,1840.1,1840.5,1840.0,1840.5,33
2021-01-13 00:00:00,1859.4,1860.3,1859.4,1859.9,50
2021-01-13 00:05:00,1860.0,1860.2,1859.4,1859.4,33
2021-01-13 00:10:00,1859.4,1859.6,1858.9,1859.3,72
2021-01-13 00:15:00,1859.3,1859.8,1859.3,1859.4,27
2021-01-13 00:20:00,1859.3,1859.5,1859.0,1859.2,27
2021-01-13 00:25:00,1859.2,1859.3,1858.8,1858.9,59
2021-01-13 00:30:00,1858.8,1859.7,1857.3,1858.0,365
2021-01-13 00:35:00,1858.0,1858.1,1856.8,1857.0,219
2021-01-13 00:40:00,1857.0,1857.7,1857.0,1857.4,98
2021-01-13 00:45:00,1857.5,1857.9,1857.2,1857.5,68
2021-01-13 00:50:00,1857.5,1858.1,1857.5,1857.9,53
2021-01-13 00:55:00,1857.5,1858.1,1857.4,1857.9,57
2021-01-13 01:00:00,1857.8,1861.4,1856.7,1860.8,429
2021-01-13 01:05:00,1860.6,1860.6,1859.4,1859.6,133
2021-01-13 01:10:00,1859.9,1859.9,1858.8,1859.5,97
2021-01-13 01:15:00,1859.3,1860.5,1859.3,1860.5,145
2021-01-13 01:20:00,1860.3,1860.8,1859.6,1860.2,114
2021-01-13 01:25:00,1860.1,1861.3,1859.7,1860.5,147
2021-01-13 01:30:00,1860.7,1860.8,1859.0,1859.1,113
2021-01-13 01:35:00,1859.1,1859.1,1857.8,1858.7,214
2021-01-13 01:40:00,1858.7,1859.0,1858.2,1859.0,106
2021-01-13 01:45:00,1858.8,1860.1,1858.3,1859.8,132
2021-01-13 01:50:00,1859.8,1860.1,1858.2,1858.2,123
2021-01-13 01:55:00,1858.2,1859.2,1858.2,1858.8,70
2021-01-13 02:00:00,1859.0,1859.1,1857.6,1858.6,133
2021-01-13 02:05:00,1858.6,1859.3,1858.6,1858.9,61
2021-01-13 02:10:00,1859.0,1859.5,1858.3,1858.5,110
2021-01-13 02:15:00,1858.5,1859.1,1858.2,1859.1,52
2021-01-13 02:20:00,1859.2,1859.8,1858.9,1859.0,157
2021-01-13 02:25:00,1859.3,1859.7,1859.0,1859.7,71
2021-01-13 02:30:00,1859.6,1862.5,1859.2,1861.3,485
2021-01-13 02:35:00,1861.1,1861.4,1859.6,1860.0,262
2021-01-13 02:40:00,1860.1,1860.2,1857.6,1858.3,430
2021-01-13 02:45:00,1858.4,1860.1,1857.8,1858.0,311
2021-01-13 02:50:00,1858.0,1859.7,1857.9,1858.7,170
2021-01-13 02:55:00,1858.6,1858.8,1857.3,1857.4,283
2021-01-13 03:00:00,1857.3,1857.5,1854.7,1856.5,730
2021-01-13 03:05:00,1856.5,1857.4,1854.9,1856.3,255
2021-01-13 03:10:00,1856.7,1857.7,1856.5,1856.9,161
2021-01-13 03:15:00,1856.9,1857.6,1856.3,1857.5,96
2021-01-13 03:20:00,1857.6,1858.0,1856.7,1857.0,117
2021-01-13 03:25:00,1856.8,1857.4,1856.1,1856.6,148
2021-01-13 03:30:00,1856.5,1856.6,1854.2,1855.0,325
2021-01-13 03:35:00,1854.8,1856.3,1854.5,1855.7,213
2021-01-13 03:40:00,1855.7,1856.8,1855.2,1856.5,257
2021-01-13 03:45:00,1856.5,1858.0,1856.2,1856.8,256
2021-01-13 03:50:00,1856.8,1857.7,1856.3,1857.5,159
2021-01-13 03:55:00,1857.6,1857.6,1856.7,1857.1,86
2021-01-13 04:00:00,1857.2,1857.4,1855.4,1855.4,93
2021-01-13 04:05:00,1855.5,1856.1,1855.2,1855.5,125
2021-01-13 04:10:00,1855.6,1855.7,1849.5,1849.7,1295
2021-01-13 04:15:00,1849.7,1851.7,1849.1,1851.1,723
2021-01-13 04:20:00,1851.1,1852.2,1850.5,1851.7,401
2021-01-13 04:25:00,1851.8,1852.6,1851.3,1852.4,217
2021-01-13 04:30:00,1852.4,1853.2,1852.2,1852.5,203
2021-01-13 04:35:00,1852.8,1853.8,1852.2,1853.4,160
2021-01-13 04:40:00,1853.3,1853.9,1853.1,1853.7,148
2021-01-13 04:45:00,1853.5,1855.9,1853.1,1855.3,377
2021-01-13 04:50:00,1855.7,1857.0,1855.3,1855.6,420
2021-01-13 04:55:00,1855.6,1855.6,1854.8,1855.0,141
2021-01-13 05:00:00,1855.0,1855.1,1854.3,1854.3,104
2021-01-13 05:05:00,1854.1,1856.1,1854.1,1855.8,157
2021-01-13 05:10:00,1855.7,1856.0,1854.7,1855.3,126
2021-01-13 05:15:00,1855.1,1855.6,1854.9,1855.1,108
2021-01-13 05:20:00,1855.2,1855.8,1855.1,1855.7,78
2021-01-13 05:25:00,1855.4,1855.6,1852.8,1853.2,258
2021-01-13 05:30:00,1853.2,1853.4,1852.0,1853.0,376
2021-01-13 05:35:00,1852.9,1853.8,1852.5,1852.8,184
2021-01-13 05:40:00,1852.9,1854.6,1852.7,1854.1,198
2021-01-13 05:45:00,1854.0,1855.0,1853.7,1854.7,171
2021-01-13 05:50:00,1854.8,1856.8,1854.8,1856.0,400
2021-01-13 05:55:00,1855.8,1856.0,1854.0,1854.2,283
2021-01-13 06:00:00,1854.2,1854.6,1853.7,1853.9,127
2021-01-13 06:05:00,1853.8,1855.2,1853.3,1855.2,134
2021-01-13 06:10:00,1855.4,1856.3,1854.1,1854.1,241
2021-01-13 06:15:00,1854.4,1854.5,1853.7,1854.0,140
2021-01-13 06:20:00,1854.2,1854.5,1852.9,1854.1,146
2021-01-13 06:25:00,1854.1,1854.9,1854.0,1854.4,176
2021-01-13 06:30:00,1854.2,1855.4,1853.7,1854.6,136
2021-01-13 06:35:00,1854.4,1854.6,1853.1,1853.8,202
2021-01-13 06:40:00,1853.9,1855.0,1853.7,1854.9,146
2021-01-13 06:45:00,1854.8,1855.2,1854.4,1854.7,111
2021-01-13 06:50:00,1854.8,1855.0,1854.2,1854.4,122
2021-01-13 06:55:00,1854.2,1854.4,1852.1,1852.4,300
2021-01-13 07:00:00,1852.2,1854.2,1852.1,1853.2,277
2021-01-13 07:05:00,1853.0,1854.1,1851.6,1853.8,307
2021-01-13 07:10:00,1853.9,1855.8,1853.3,1854.3,319
2021-01-13 07:15:00,1854.3,1854.8,1853.8,1854.5,110
2021-01-13 07:20:00,1854.5,1855.3,1854.1,1855.1,140
2021-01-13 07:25:00,1855.1,1855.2,1853.0,1853.3,173
2021-01-13 07:30:00,1853.3,1855.7,1853.0,1854.7,281
2021-01-13 07:35:00,1854.8,1855.5,1854.5,1855.5,146
2021-01-13 07:40:00,1855.5,1855.8,1854.7,1854.8,233
2021-01-13 07:45:00,1854.8,1855.3,1853.9,1854.4,197
2021-01-13 07:50:00,1854.6,1855.3,1853.7,1854.1,194
2021-01-13 07:55:00,1854.1,1855.2,1852.6,1854.4,472
2021-01-13 08:00:00,1854.6,1855.2,1852.8,1853.4,446
2021-01-13 08:05:00,1853.1,1853.7,1849.5,1850.8,1070
2021-01-13 08:10:00,1850.7,1852.8,1850.5,1851.4,564
2021-01-13 08:15:00,1851.5,1852.0,1850.3,1851.1,340
2021-01-13 08:20:00,1851.0,1854.4,1850.4,1853.9,676
2021-01-13 08:25:00,1854.2,1854.2,1852.8,1853.6,246
2021-01-13 08:30:00,1853.4,1858.5,1853.1,1857.7,1068
2021-01-13 08:35:00,1857.6,1858.6,1856.9,1857.7,630
2021-01-13 08:40:00,1857.7,1859.4,1857.7,1859.1,658
2021-01-13 08:45:00,1859.1,1859.2,1856.3,1857.4,710
2021-01-13 08:50:00,1857.5,1858.5,1857.0,1858.1,322
2021-01-13 08:55:00,1858.2,1859.2,1857.0,1857.9,493
2021-01-13 09:00:00,1858.1,1858.9,1857.1,1858.5,391
2021-01-13 09:05:00,1858.5,1861.5,1858.5,1860.5,1053
2021-01-13 09:10:00,1860.4,1860.4,1858.7,1859.2,372
2021-01-13 09:15:00,1859.1,1860.1,1857.6,1858.1,416
2021-01-13 09:20:00,1858.3,1858.3,1856.4,1856.5,433
2021-01-13 09:25:00,1856.6,1857.2,1851.7,1851.7,1288
2021-01-13 09:30:00,1851.8,1855.6,1851.6,1854.3,931
2021-01-13 09:35:00,1854.2,1854.9,1853.1,1854.7,372
2021-01-13 09:40:00,1854.3,1855.4,1852.5,1852.7,486
2021-01-13 09:45:00,1852.8,1858.5,1852.6,1857.6,968
2021-01-13 09:50:00,1857.4,1859.9,1857.2,1858.9,606
2021-01-13 09:55:00,1858.9,1859.4,1857.6,1858.4,474
2021-01-13 10:00:00,1858.4,1858.8,1856.7,1857.6,537
2021-01-13 10:05:00,1857.5,1858.1,1857.1,1857.1,190
2021-01-13 10:10:00,1857.2,1858.6,1856.3,1858.6,258
2021-01-13 10:15:00,1858.5,1860.2,1858.0,1859.6,551
2021-01-13 10:20:00,1859.6,1859.6,1858.1,1858.5,336
2021-01-13 10:25:00,1858.5,1859.3,1858.2,1858.5,186
2021-01-13 10:30:00,1858.4,1860.3,1858.2,1859.7,354
2021-01-13 10:35:00,1859.9,1860.6,1859.2,1860.2,459
2021-01-13 10:40:00,1860.1,1860.5,1859.3,1859.7,319
2021-01-13 10:45:00,1859.8,1860.0,1858.8,1859.1,233
2021-01-13 10:50:00,1859.3,1859.5,1858.2,1859.1,286
2021-01-13 10:55:00,1859.0,1859.2,1857.4,1858.1,409
2021-01-13 11:00:00,1858.1,1859.9,1858.0,1858.8,285
2021-01-13 11:05:00,1858.8,1859.6,1858.7,1859.5,114
2021-01-13 11:10:00,1859.7,1859.7,1857.7,1858.2,139
2021-01-13 11:15:00,1858.2,1858.7,1856.7,1857.0,347
2021-01-13 11:20:00,1857.0,1858.0,1856.7,1857.4,195
2021-01-13 11:25:00,1857.6,1859.2,1857.2,1858.6,245
2021-01-13 11:30:00,1858.6,1858.6,1857.3,1857.3,86
2021-01-13 11:35:00,1857.4,1858.7,1857.3,1858.0,78
2021-01-13 11:40:00,1858.0,1858.2,1857.6,1857.9,92
2021-01-13 11:45:00,1857.8,1858.8,1857.6,1858.1,70
2021-01-13 11:50:00,1858.1,1858.2,1856.4,1857.3,225
2021-01-13 11:55:00,1857.1,1858.0,1856.9,1857.4,82
2021-01-13 12:00:00,1857.2,1858.0,1857.0,1857.6,64
2021-01-13 12:05:00,1857.7,1857.8,1857.3,1857.7,32
2021-01-13 12:10:00,1857.6,1857.8,1857.2,1857.3,36
2021-01-13 12:15:00,1857.3,1857.3,1855.5,1855.7,321
2021-01-13 12:20:00,1855.7,1856.4,1855.6,1855.8,232
2021-01-13 12:25:00,1856.0,1856.8,1855.9,1856.2,164
2021-01-13 12:30:00,1856.4,1856.8,1855.3,1855.5,176
2021-01-13 12:35:00,1855.7,1856.3,1854.6,1854.9,168
2021-01-13 12:40:00,1855.0,1855.0,1852.4,1853.1,357
2021-01-13 12:45:00,1853.6,1855.0,1853.6,1854.9,134
2021-01-13 12:50:00,1855.0,1855.8,1854.5,1855.4,180
2021-01-13 12:55:00,1855.6,1856.0,1855.1,1855.5,103
2021-01-13 13:00:00,1855.4,1858.1,1855.4,1857.8,381
2021-01-13 13:05:00,1857.8,1858.9,1857.8,1858.6,274
2021-01-13 13:10:00,1858.9,1859.2,1858.3,1859.0,232
2021-01-13 13:15:00,1859.0,1859.0,1857.0,1857.3,182
2021-01-13 13:20:00,1857.1,1857.6,1856.7,1856.8,107
2021-01-13 13:25:00,1856.7,1856.8,1854.5,1855.5,419
2021-01-13 13:30:00,1855.5,1856.6,1855.4,1856.3,113
2021-01-13 13:35:00,1856.4,1856.5,1855.3,1855.4,72
2021-01-13 13:40:00,1855.3,1855.3,1854.5,1855.1,108
2021-01-13 13:45:00,1855.2,1855.4,1854.4,1854.7,113
2021-01-13 13:50:00,1854.7,1855.3,1854.2,1854.9,122
2021-01-13 13:55:00,1855.0,1855.0,1854.2,1854.9,64
2021-01-13 14:00:00,1854.9,1854.9,1854.0,1854.6,146
2021-01-13 14:05:00,1854.4,1855.1,1853.7,1854.7,124
2021-01-13 14:10:00,1854.5,1856.0,1854.5,1855.9,136
2021-01-13 14:15:00,1855.9,1856.0,1854.9,1855.0,91
2021-01-13 14:20:00,1855.0,1855.0,1853.6,1854.7,182
2021-01-13 14:25:00,1854.6,1854.7,1853.7,1854.6,109
2021-01-13 14:30:00,1854.5,1854.9,1854.3,1854.5,74
2021-01-13 14:35:00,1854.5,1854.6,1853.9,1854.2,185
2021-01-13 14:40:00,1854.1,1854.3,1853.1,1853.6,147
2021-01-13 14:45:00,1853.7,1853.9,1853.4,1853.5,61
2021-01-13 14:50:00,1853.6,1854.1,1853.2,1853.8,117
2021-01-13 14:55:00,1853.5,1854.1,1853.3,1853.7,93
2021-01-13 15:00:00,1853.7,1854.4,1853.4,1853.4,99
2021-01-13 15:05:00,1853.6,1854.3,1853.6,1853.9,54
2021-01-13 15:10:00,1853.9,1854.2,1853.0,1853.6,101
2021-01-13 15:15:00,1853.4,1853.5,1852.5,1853.0,113
2021-01-13 15:20:00,1852.9,1853.3,1852.6,1853.2,43
2021-01-13 15:25:00,1853.3,1854.1,1853.3,1853.4,89
2021-01-13 15:30:00,1853.5,1853.9,1852.9,1853.0,58
2021-01-13 15:35:00,1853.1,1853.4,1852.6,1852.7,39
2021-01-13 15:40:00,1852.7,1852.8,1850.8,1852.4,444
2021-01-13 15:45:00,1852.4,1852.5,1850.4,1850.6,182
2021-01-13 15:50:00,1850.7,1851.1,1846.7,1848.8,815
2021-01-13 15:55:00,1848.9,1849.2,1845.7,1848.7,646
2021-01-13 16:00:00,1848.8,1849.3,1847.7,1847.7,181
2021-01-13 16:05:00,1847.7,1848.8,1847.3,1848.4,128
2021-01-13 16:10:00,1848.4,1849.0,1847.1,1848.6,135
2021-01-13 16:15:00,1848.8,1849.1,1847.9,1847.9,126
2021-01-13 16:20:00,1848.0,1849.2,1847.9,1849.1,64
2021-01-13 16:25:00,1849.1,1849.1,1848.5,1848.6,28
2021-01-13 16:30:00,1848.6,1848.6,1848.0,1848.5,48
2021-01-13 16:35:00,1848.4,1848.4,1847.5,1848.0,49
2021-01-13 16:40:00,1847.5,1848.0,1846.3,1846.9,116
2021-01-13 16:45:00,1846.8,1847.0,1841.5,1843.4,419
2021-01-13 16:50:00,1843.7,1845.4,1843.3,1844.5,165
2021-01-13 16:55:00,1843.9,1845.1,1843.6,1844.7,71
2021-01-13 18:00:00,1845.3,1847.5,1844.7,1847.0,236
2021-01-13 18:05:00,1847.1,1847.6,1847.0,1847.5,127
2021-01-13 18:10:00,1847.4,1847.9,1847.1,1847.9,103
2021-01-13 18:15:00,1847.8,1848.0,1847.7,1847.8,56
2021-01-13 18:20:00,1847.7,1847.7,1847.2,1847.2,39
2021-01-13 18:25:00,1847.2,1847.7,1846.4,1846.8,69
2021-01-13 18:30:00,1846.8,1847.9,1846.4,1847.7,84
2021-01-13 18:35:00,1847.8,1848.4,1847.5,1848.4,64
2021-01-13 18:40:00,1848.1,1848.5,1847.2,1847.8,91
2021-01-13 18:45:00,1847.8,1848.5,1847.8,1848.5,88
2021-01-13 18:50:00,1848.5,1848.6,1848.2,1848.3,54
2021-01-13 18:55:00,1848.2,1848.5,1847.8,1847.9,64
2021-02-10 00:00:00,1844.7,1845.2,1844.4,1844.9,108
2021-02-10 00:05:00,1844.7,1844.7,1844.1,1844.6,61
2021-02-10 00:10:00,1844.6,1844.9,1844.3,1844.3,54
2021-02-10 00:15:00,1844.3,1844.3,1843.6,1843.6,37
2021-02-10 00:20:00,1843.7,1843.8,1843.4,1843.7,84
2021-02-10 00:25:00,1843.7,1844.0,1843.6,1843.9,48
2021-02-10 00:30:00,1843.9,1845.1,1843.2,1844.7,120
2021-02-10 00:35:00,1844.7,1846.3,1844.7,1845.9,258
2021-02-10 00:40:00,1845.9,1845.9,1844.1,1844.1,137
2021-02-10 00:45:00,1844.1,1844.2,1843.1,1843.6,132
2021-02-10 00:50:00,1843.6,1844.2,1843.2,1843.2,61
2021-02-10 00:55:00,1843.3,1843.8,1843.0,1843.6,72
2021-02-10 01:00:00,1843.6,1844.0,1843.1,1843.9,60
2021-02-10 01:05:00,1843.8,1844.1,1843.5,1843.5,36
2021-02-10 01:10:00,1843.5,1843.5,1842.8,1843.1,93
2021-02-10 01:15:00,1843.2,1843.2,1841.7,1842.5,235
2021-02-10 01:20:00,1842.3,1843.1,1842.2,1842.8,70
2021-02-10 01:25:00,1842.8,1843.7,1842.3,1842.3,93
2021-02-10 01:30:00,1842.4,1843.4,1842.4,1843.1,50
2021-02-10 01:35:00,1843.1,1843.7,1843.1,1843.6,51
2021-02-10 01:40:00,1843.6,1844.1,1843.3,1843.3,65
2021-02-10 01:45:00,1843.3,1844.1,1842.9,1843.8,73
2021-02-10 01:50:00,1843.8,1844.0,1843.6,1844.0,57
2021-02-10 01:55:00,1844.1,1844.6,1844.0,1844.3,139
2021-02-10 02:00:00,1844.0,1844.8,1843.8,1844.6,93
2021-02-10 02:05:00,1844.6,1845.4,1844.6,1844.8,109
2021-02-10 02:10:00,1844.9,1845.0,1844.2,1844.8,69
2021-02-10 02:15:00,1844.8,1846.1,1844.5,1845.8,160
2021-02-10 02:20:00,1845.8,1846.7,1845.7,1846.6,222
2021-02-10 02:25:00,1846.6,1847.4,1846.5,1847.1,312
2021-02-10 02:30:00,1847.0,1847.6,1846.8,1846.8,173
2021-02-10 02:35:00,1846.8,1846.8,1845.9,1846.4,198
2021-02-10 02:40:00,1846.5,1846.9,1845.9,1846.1,180
2021-02-10 02:45:00,1845.9,1846.4,1845.4,1845.6,126
2021-02-10 02:50:00,1845.6,1845.8,1844.6,1845.6,202
2021-02-10 02:55:00,1845.7,1846.9,1845.7,1846.1,185
2021-02-10 03:00:00,1846.1,1846.9,1845.4,1845.7,204
2021-02-10 03:05:00,1845.9,1846.0,1842.7,1843.2,502
2021-02-10 03:10:00,1843.0,1844.2,1842.8,1843.8,215
2021-02-10 03:15:00,1843.8,1844.6,1843.5,1844.1,99
2021-02-10 03:20:00,1844.0,1844.8,1844.0,1844.5,52
2021-02-10 03:25:00,1844.6,1844.8,1843.5,1843.9,91
2021-02-10 03:30:00,1843.9,1844.6,1843.0,1844.6,102
2021-02-10 03:35:00,1844.6,1846.4,1844.6,1845.7,301
2021-02-10 03:40:00,1845.9,1846.2,1845.5,1846.1,139
2021-02-10 03:45:00,1846.1,1846.6,1845.8,1846.3,114
2021-02-10 03:50:00,1846.3,1846.8,1846.2,1846.4,197
2021-02-10 03:55:00,1846.3,1846.7,1845.5,1845.5,145
2021-02-10 04:00:00,1845.5,1845.6,1844.8,1845.0,155
2021-02-10 04:05:00,1845.2,1845.4,1844.8,1845.0,77
2021-02-10 04:10:00,1845.1,1845.6,1844.9,1845.0,96
2021-02-10 04:15:00,1845.0,1846.3,1844.9,1845.4,130
2021-02-10 04:20:00,1845.4,1845.4,1844.9,1845.3,69
2021-02-10 04:25:00,1845.0,1845.0,1844.1,1844.3,183
2021-02-10 04:30:00,1844.2,1844.6,1843.3,1843.7,235
2021-02-10 04:35:00,1843.8,1843.8,1841.7,1842.3,300
2021-02-10 04:40:00,1842.3,1842.4,1840.9,1841.7,389
2021-02-10 04:45:00,1841.8,1843.4,1841.8,1842.6,188
2021-02-10 04:50:00,1842.7,1843.3,1840.7,1840.9,226
2021-02-10 04:55:00,1841.0,1841.1,1839.4,1839.8,460
2021-02-10 05:00:00,1839.8,1841.8,1839.8,1841.8,284
2021-02-10 05:05:00,1841.8,1842.0,1841.2,1841.9,175
2021-02-10 05:10:00,1842.0,1842.4,1841.6,1841.8,129
2021-02-10 05:15:00,1841.9,1842.3,1841.3,1842.3,195
2021-02-10 05:20:00,1842.3,1843.2,1842.1,1842.9,182
2021-02-10 05:25:00,1842.9,1843.0,1842.4,1842.8,98
2021-02-10 05:30:00,1842.6,1844.3,1842.6,1843.7,350
2021-02-10 05:35:00,1843.6,1844.0,1843.3,1843.5,121
2021-02-10 05:40:00,1843.5,1843.6,1842.7,1843.1,91
2021-02-10 05:45:00,1843.0,1843.5,1842.4,1842.5,117
2021-02-10 05:50:00,1842.6,1842.7,1841.9,1842.6,189
2021-02-10 05:55:00,1842.7,1843.1,1842.2,1842.5,90
2021-02-10 06:00:00,1842.4,1842.8,1842.1,1842.2,81
2021-02-10 06:05:00,1842.2,1842.2,1840.7,1840.7,184
2021-02-10 06:10:00,1840.7,1841.3,1839.9,1841.2,266
2021-02-10 06:15:00,1841.3,1841.6,1840.6,1840.7,119
2021-02-10 06:20:00,1840.8,1841.5,1840.3,1841.4,115
2021-02-10 06:25:00,1841.6,1842.3,1841.4,1841.9,132
2021-02-10 06:30:00,1841.9,1842.2,1841.4,1841.7,96
2021-02-10 06:35:00,1842.0,1842.6,1841.7,1842.5,134
2021-02-10 06:40:00,1842.5,1842.9,1842.3,1842.8,75
2021-02-10 06:45:00,1843.0,1843.5,1842.7,1843.3,151
2021-02-10 06:50:00,1843.3,1843.7,1842.9,1843.3,117
2021-02-10 06:55:00,1843.0,1843.0,1841.4,1841.6,185
2021-02-10 07:00:00,1841.7,1842.1,1840.5,1840.6,232
2021-02-10 07:05:00,1840.7,1841.8,1839.9,1840.9,409
2021-02-10 07:10:00,1840.9,1841.4,1840.3,1841.2,199
2021-02-10 07:15:00,1841.2,1842.3,1841.1,1841.9,147
2021-02-10 07:20:00,1841.8,1842.1,1840.8,1840.9,160
2021-02-10 07:25:00,1840.9,1841.5,1840.4,1841.0,188
2021-02-10 07:30:00,1841.1,1841.2,1840.4,1841.1,102
2021-02-10 07:35:00,1841.1,1841.4,1840.4,1841.1,102
2021-02-10 07:40:00,1841.2,1841.3,1840.3,1841.3,106
2021-02-10 07:45:00,1841.3,1841.5,1838.3,1838.8,566
2021-02-10 07:50:00,1838.9,1840.1,1838.5,1839.0,395
2021-02-10 07:55:00,1839.1,1839.3,1838.5,1838.8,148
2021-02-10 08:00:00,1838.9,1843.3,1838.2,1843.3,780
2021-02-10 08:05:00,1843.2,1843.3,1842.3,1842.9,336
2021-02-10 08:10:00,1842.9,1845.8,1842.9,1844.8,953
2021-02-10 08:15:00,1844.8,1845.1,1843.7,1843.7,411
2021-02-10 08:20:00,1843.8,1844.6,1842.8,1844.1,414
2021-02-10 08:25:00,1844.1,1845.5,1842.3,1843.0,431
2021-02-10 08:30:00,1843.3,1853.8,1843.3,1851.6,3742
2021-02-10 08:35:00,1851.7,1855.9,1851.0,1853.7,2175
2021-02-10 08:40:00,1853.8,1856.5,1853.8,1854.7,1418
2021-02-10 08:45:00,1854.9,1856.0,1853.2,1853.4,1023
2021-02-10 08:50:00,1853.4,1854.5,1851.7,1853.3,947
2021-02-10 08:55:00,1853.5,1853.5,1851.5,1852.4,593
2021-02-10 09:00:00,1852.4,1853.1,1851.3,1851.7,603
2021-02-10 09:05:00,1851.8,1854.5,1851.2,1854.3,750
2021-02-10 09:10:00,1854.5,1855.0,1851.5,1852.6,672
2021-02-10 09:15:00,1852.6,1853.8,1852.3,1853.6,382
2021-02-10 09:20:00,1853.6,1854.0,1848.6,1849.3,1229
2021-02-10 09:25:00,1849.2,1849.4,1847.3,1848.0,684
2021-02-10 09:30:00,1848.0,1848.9,1843.3,1845.9,2099
2021-02-10 09:35:00,1846.1,1847.8,1846.0,1847.6,866
2021-02-10 09:40:00,1847.6,1848.7,1845.5,1846.6,761
2021-02-10 09:45:00,1846.9,1848.0,1844.4,1846.7,655
2021-02-10 09:50:00,1846.7,1846.7,1843.6,1845.2,726
2021-02-10 09:55:00,1845.0,1845.0,1841.3,1841.9,1192
2021-02-10 10:00:00,1842.0,1843.9,1841.7,1842.8,680
2021-02-10 10:05:00,1842.8,1844.8,1842.5,1844.6,509
2021-02-10 10:10:00,1844.8,1845.4,1844.3,1844.7,354
2021-02-10 10:15:00,1844.5,1846.1,1841.3,1845.8,1214
2021-02-10 10:20:00,1845.7,1845.8,1837.9,1838.6,2989
2021-02-10 10:25:00,1838.5,1844.2,1837.5,1841.9,1704
2021-02-10 10:30:00,1841.7,1843.2,1840.4,1840.6,870
2021-02-10 10:35:00,1840.8,1842.9,1840.8,1841.3,534
2021-02-10 10:40:00,1841.1,1841.9,1835.9,1836.8,1560
2021-02-10 10:45:00,1836.9,1840.0,1836.5,1839.3,973
2021-02-10 10:50:00,1839.5,1840.1,1838.2,1838.8,824
2021-02-10 10:55:00,1838.9,1841.7,1838.3,1841.7,841
2021-02-10 11:00:00,1841.6,1841.9,1840.2,1841.1,587
2021-02-10 11:05:00,1841.1,1841.7,1838.5,1838.9,618
2021-02-10 11:10:00,1838.8,1839.2,1836.4,1836.9,802
2021-02-10 11:15:00,1836.8,1837.4,1835.2,1835.5,755
2021-02-10 11:20:00,1835.4,1837.3,1835.2,1837.1,562
2021-02-10 11:25:00,1837.2,1839.5,1836.7,1839.0,558
2021-02-10 11:30:00,1839.0,1839.9,1838.3,1839.7,274
2021-02-10 11:35:00,1839.6,1840.0,1838.7,1839.4,229
2021-02-10 11:40:00,1839.4,1840.7,1839.4,1839.6,364
2021-02-10 11:45:00,1839.6,1840.9,1839.4,1840.8,232
2021-02-10 11:50:00,1840.7,1841.7,1840.2,1841.1,241
2021-02-10 11:55:00,1841.3,1842.3,1841.2,1841.8,257
2021-02-10 12:00:00,1841.7,1841.7,1838.8,1839.2,523
2021-02-10 12:05:00,1839.4,1839.9,1838.5,1839.7,281
2021-02-10 12:10:00,1839.8,1841.7,1839.7,1841.4,277
2021-02-10 12:15:00,1841.3,1841.5,1840.9,1841.3,78
2021-02-10 12:20:00,1841.4,1841.5,1840.6,1840.7,88
2021-02-10 12:25:00,1840.9,1841.8,1840.9,1840.9,160
2021-02-10 12:30:00,1840.8,1842.2,1840.5,1842.2,171
2021-02-10 12:35:00,1842.1,1842.2,1841.6,1841.9,125
2021-02-10 12:40:00,1841.9,1842.2,1841.3,1841.4,89
2021-02-10 12:45:00,1841.7,1843.0,1841.6,1842.6,196
2021-02-10 12:50:00,1842.6,1843.5,1842.5,1843.2,226
2021-02-10 12:55:00,1843.1,1843.6,1842.6,1842.9,142
2021-02-10 13:00:00,1843.0,1843.6,1842.5,1843.6,166
2021-02-10 13:05:00,1843.7,1843.9,1842.7,1843.0,147
2021-02-10 13:10:00,1842.9,1843.1,1842.5,1842.9,107
2021-02-10 13:15:00,1842.8,1843.5,1842.6,1843.5,130
2021-02-10 13:20:00,1843.2,1843.7,1842.5,1843.1,139
2021-02-10 13:25:00,1843.1,1843.2,1841.9,1842.6,209
2021-02-10 13:30:00,1842.5,1843.4,1842.1,1843.2,91
2021-02-10 13:35:00,1843.0,1843.1,1842.5,1842.7,77
2021-02-10 13:40:00,1842.7,1843.8,1842.7,1843.3,137
2021-02-10 13:45:00,1843.2,1843.4,1842.7,1842.7,86
2021-02-10 13:50:00,1842.7,1843.7,1842.7,1843.6,87
2021-02-10 13:55:00,1843.7,1844.2,1843.5,1843.8,165
2021-02-10 14:00:00,1843.5,1844.3,1843.2,1843.7,161
2021-02-10 14:05:00,1843.7,1843.8,1842.9,1843.7,143
2021-02-10 14:10:00,1843.6,1843.9,1843.3,1843.3,65
2021-02-10 14:15:00,1843.4,1843.8,1842.8,1843.4,64
2021-02-10 14:20:00,1843.5,1844.1,1843.3,1844.1,88
2021-02-10 14:25:00,1843.9,1844.6,1843.5,1844.6,160
2021-02-10 14:30:00,1844.6,1847.2,1844.2,1846.3,579
2021-02-10 14:35:00,1846.0,1846.2,1845.1,1845.1,132
2021-02-10 14:40:00,1845.2,1845.5,1845.1,1845.4,102
2021-02-10 14:45:00,1845.4,1845.4,1844.6,1845.0,146
2021-02-10 14:50:00,1845.0,1845.2,1844.7,1844.9,76
2021-02-10 14:55:00,1844.9,1844.9,1843.8,1843.8,128
2021-02-10 15:00:00,1843.8,1844.1,1842.0,1843.4,255
2021-02-10 15:05:00,1843.4,1843.4,1842.8,1842.9,93
2021-02-10 15:10:00,1842.7,1843.0,1842.3,1842.7,72
2021-02-10 15:15:00,1842.8,1842.8,1841.7,1841.9,173
2021-02-10 15:20:00,1842.1,1842.9,1841.9,1842.3,130
2021-02-10 15:25:00,1842.3,1842.8,1842.3,1842.8,46
2021-02-10 15:30:00,1842.8,1843.2,1842.4,1842.4,98
2021-02-10 15:35:00,1842.4,1843.1,1841.9,1842.8,131
2021-02-10 15:40:00,1842.7,1842.7,1841.6,1841.6,84
2021-02-10 15:45:00,1841.7,1842.1,1841.5,1841.8,91
2021-02-10 15:50:00,1842.0,1842.3,1841.6,1842.0,75
2021-02-10 15:55:00,1842.1,1843.4,1841.9,1843.4,131
2021-02-10 16:00:00,1843.4,1843.8,1843.1,1843.5,126
2021-02-10 16:05:00,1843.5,1843.8,1843.4,1843.7,36
2021-02-10 16:10:00,1843.8,1843.8,1843.2,1843.5,36
2021-02-10 16:15:00,1843.5,1843.6,1843.3,1843.4,8
2021-02-10 16:20:00,1843.4,1843.4,1843.1,1843.2,11
2021-02-10 16:25:00,1843.2,1843.3,1842.9,1843.2,28
2021-02-10 16:30:00,1843.2,1843.4,1842.9,1842.9,29
2021-02-10 16:35:00,1843.0,1843.5,1843.0,1843.5,30
2021-02-10 16:40:00,1843.4,1843.5,1843.2,1843.3,36
2021-02-10 16:45:00,1843.2,1843.5,1843.1,1843.2,44
2021-02-10 16:50:00,1843.2,1843.5,1843.2,1843.4,37
2021-02-10 16:55:00,1843.3,1844.5,1843.2,1844.3,61
2021-02-10 18:00:00,1845.3,1845.3,1843.0,1845.0,118
2021-02-10 18:05:00,1845.1,1845.3,1844.9,1845.3,33
2021-02-10 18:10:00,1845.3,1845.3,1844.6,1845.0,14
2021-02-10 18:15:00,1845.0,1845.3,1844.4,1844.4,61
2021-02-10 18:20:00,1844.6,1844.7,1844.2,1844.5,38
2021-02-10 18:25:00,1844.7,1844.8,1844.3,1844.6,24
2021-02-10 18:30:00,1844.5,1844.6,1843.8,1843.8,39
2021-02-10 18:35:00,1843.6,1843.7,1843.0,1843.2,56
2021-02-10 18:40:00,1843.3,1843.3,1842.7,1842.9,42
2021-02-10 18:45:00,1842.9,1843.1,1842.3,1842.5,49
2021-02-10 18:50:00,1842.5,1843.0,1842.3,1842.8,35
2021-02-10 18:55:00,1843.0,1843.5,1842.7,1842.7,39
2021-03-10 00:00:00,1711.1,1711.1,1709.6,1710.7,114
2021-03-10 00:05:00,1710.3,1710.7,1710.0,1710.5,38
2021-03-10 00:10:00,1710.6,1711.0,1710.3,1710.7,45
2021-03-10 00:15:00,1710.6,1711.2,1710.5,1710.8,26
2021-03-10 00:20:00,1710.9,1711.5,1710.9,1711.4,21
2021-03-10 00:25:00,1711.2,1711.4,1710.6,1710.6,34
2021-03-10 00:30:00,1710.6,1711.2,1709.5,1710.8,137
2021-03-10 00:35:00,1710.7,1711.8,1710.6,1711.7,46
2021-03-10 00:40:00,1711.6,1712.0,1710.8,1711.1,99
2021-03-10 00:45:00,1711.3,1711.3,1710.1,1710.1,35
2021-03-10 00:50:00,1710.0,1710.9,1709.8,1710.7,85
2021-03-10 00:55:00,1710.8,1710.9,1710.4,1710.8,29
2021-03-10 01:00:00,1710.8,1710.8,1708.3,1708.5,209
2021-03-10 01:05:00,1708.5,1708.9,1707.7,1708.5,182
2021-03-10 01:10:00,1708.5,1708.6,1707.2,1707.8,126
2021-03-10 01:15:00,1707.9,1708.9,1707.4,1708.9,95
2021-03-10 01:20:00,1708.6,1709.2,1708.4,1709.2,64
2021-03-10 01:25:00,1709.2,1709.6,1708.7,1709.3,86
2021-03-10 01:30:00,1709.2,1709.4,1707.9,1708.5,83
2021-03-10 01:35:00,1708.6,1709.7,1708.4,1709.4,66
2021-03-10 01:40:00,1709.5,1711.5,1709.5,1711.5,177
2021-03-10 01:45:00,1711.5,1711.7,1710.7,1710.7,80
2021-03-10 01:50:00,1710.7,1712.7,1710.7,1712.3,145
2021-03-10 01:55:00,1712.3,1712.7,1712.1,1712.6,89
2021-03-10 02:00:00,1712.3,1712.9,1711.6,1712.5,135
2021-03-10 02:05:00,1712.5,1713.5,1712.0,1713.2,147
2021-03-10 02:10:00,1713.5,1713.8,1712.7,1712.9,124
2021-03-10 02:15:00,1712.9,1713.1,1712.3,1712.7,55
2021-03-10 02:20:00,1712.8,1712.8,1712.4,1712.7,49
2021-03-10 02:25:00,1712.7,1713.2,1712.0,1713.2,93
2021-03-10 02:30:00,1713.2,1713.2,1712.4,1712.4,75
2021-03-10 02:35:00,1712.5,1712.5,1711.2,1712.3,139
2021-03-10 02:40:00,1712.5,1713.5,1712.5,1713.1,139
2021-03-10 02:45:00,1712.7,1714.1,1712.5,1713.1,126
2021-03-10 02:50:00,1713.1,1713.8,1712.9,1713.6,69
2021-03-10 02:55:00,1713.8,1714.3,1712.7,1713.0,115
2021-03-10 03:00:00,1712.9,1713.2,1710.4,1710.5,291
2021-03-10 03:05:00,1710.4,1710.5,1709.4,1710.0,275
2021-03-10 03:10:00,1709.9,1709.9,1708.0,1708.3,186
2021-03-10 03:15:00,1708.5,1709.4,1708.1,1708.3,134
2021-03-10 03:20:00,1708.5,1709.1,1707.8,1708.9,152
2021-03-10 03:25:00,1709.2,1709.9,1708.9,1709.1,128
2021-03-10 03:30:00,1709.1,1710.5,1709.1,1710.5,112
2021-03-10 03:35:00,1710.7,1710.9,1709.8,1710.7,76
2021-03-10 03:40:00,1710.7,1710.9,1710.3,1710.4,75
2021-03-10 03:45:00,1710.6,1711.4,1710.4,1711.4,75
2021-03-10 03:50:00,1711.4,1713.3,1710.6,1712.6,231
2021-03-10 03:55:00,1712.5,1713.0,1712.0,1712.5,97
2021-03-10 04:00:00,1712.4,1713.0,1710.8,1710.9,148
2021-03-10 04:05:00,1710.9,1712.0,1710.6,1712.0,80
2021-03-10 04:10:00,1712.1,1713.2,1711.9,1712.5,112
2021-03-10 04:15:00,1712.4,1713.0,1711.7,1712.8,68
2021-03-10 04:20:00,1712.8,1712.9,1712.1,1712.4,34
2021-03-10 04:25:00,1712.1,1712.1,1711.2,1711.4,46
2021-03-10 04:30:00,1711.5,1711.7,1711.1,1711.5,31
2021-03-10 04:35:00,1711.7,1712.4,1711.7,1712.2,36
2021-03-10 04:40:00,1712.1,1712.1,1711.1,1711.1,64
2021-03-10 04:45:00,1711.0,1711.0,1710.1,1710.5,99
2021-03-10 04:50:00,1710.3,1710.5,1710.1,1710.2,35
2021-03-10 04:55:00,1710.2,1711.8,1710.2,1711.7,105
2021-03-10 05:00:00,1711.8,1712.7,1711.6,1711.9,81
2021-03-10 05:05:00,1711.8,1712.3,1711.6,1712.1,73
2021-03-10 05:10:00,1712.1,1712.4,1711.9,1712.3,71
2021-03-10 05:15:00,1712.2,1712.9,1712.2,1712.9,48
2021-03-10 05:20:00,1712.7,1712.7,1711.8,1712.4,65
2021-03-10 05:25:00,1712.3,1712.8,1712.1,1712.6,73
2021-03-10 05:30:00,1712.5,1712.5,1709.5,1709.8,204
2021-03-10 05:35:00,1709.9,1710.7,1709.6,1710.6,97
2021-03-10 05:40:00,1710.6,1710.6,1709.7,1710.2,57
2021-03-10 05:45:00,1710.0,1710.5,1709.9,1710.1,77
2021-03-10 05:50:00,1710.1,1710.2,1708.8,1709.5,84
2021-03-10 05:55:00,1709.6,1710.0,1708.8,1708.8,82
2021-03-10 06:00:00,1708.9,1709.4,1708.8,1709.0,77
2021-03-10 06:05:00,1709.1,1709.1,1708.2,1708.5,110
2021-03-10 06:10:00,1708.4,1709.0,1707.2,1709.0,244
2021-03-10 06:15:00,1709.1,1709.5,1708.8,1708.9,113
2021-03-10 06:20:00,1708.6,1709.9,1708.3,1709.9,210
2021-03-10 06:25:00,1709.6,1709.6,1706.3,1706.4,348
2021-03-10 06:30:00,1706.6,1708.1,1706.1,1706.7,319
2021-03-10 06:35:00,1706.7,1707.0,1705.8,1705.9,149
2021-03-10 06:40:00,1705.9,1707.5,1705.8,1707.3,118
2021-03-10 06:45:00,1707.3,1708.3,1707.1,1708.0,97
2021-03-10 06:50:00,1708.0,1709.3,1708.0,1709.2,109
2021-03-10 06:55:00,1709.2,1709.7,1709.2,1709.4,100
2021-03-10 07:00:00,1709.5,1709.5,1708.2,1708.5,108
2021-03-10 07:05:00,1708.7,1709.5,1708.6,1708.6,96
2021-03-10 07:10:00,1708.7,1708.8,1708.2,1708.4,79
2021-03-10 07:15:00,1708.3,1711.1,1708.3,1710.5,477
2021-03-10 07:20:00,1710.4,1710.9,1709.8,1710.0,119
2021-03-10 07:25:00,1710.2,1710.8,1709.9,1710.6,90
2021-03-10 07:30:00,1710.6,1711.1,1709.7,1709.9,74
2021-03-10 07:35:00,1709.6,1710.2,1709.4,1709.5,66
2021-03-10 07:40:00,1709.5,1709.5,1708.9,1709.4,80
2021-03-10 07:45:00,1709.3,1710.4,1709.1,1710.0,90
2021-03-10 07:50:00,1709.8,1709.9,1708.6,1708.8,103
2021-03-10 07:55:00,1708.9,1710.5,1708.2,1710.3,159
2021-03-10 08:00:00,1710.1,1711.9,1709.9,1710.5,285
2021-03-10 08:05:00,1710.5,1712.2,1708.9,1711.5,414
2021-03-10 08:10:00,1711.6,1712.1,1710.8,1711.7,190
2021-03-10 08:15:00,1711.8,1713.0,1711.3,1711.4,272
2021-03-10 08:20:00,1711.5,1711.5,1709.3,1710.0,309
2021-03-10 08:25:00,1710.2,1710.3,1709.8,1709.8,52
2021-03-10 08:30:00,1709.5,1721.7,1709.5,1719.8,2431
2021-03-10 08:35:00,1719.6,1721.9,1715.1,1715.1,1393
2021-03-10 08:40:00,1715.2,1717.2,1712.9,1714.9,1115
2021-03-10 08:45:00,1715.1,1717.3,1714.9,1716.0,414
2021-03-10 08:50:00,1716.0,1718.2,1715.5,1715.7,570
2021-03-10 08:55:00,1715.7,1718.2,1715.0,1717.8,558
2021-03-10 09:00:00,1717.9,1718.3,1715.8,1718.3,512
2021-03-10 09:05:00,1718.4,1719.0,1715.3,1716.7,464
2021-03-10 09:10:00,1716.9,1719.5,1716.2,1719.2,474
2021-03-10 09:15:00,1719.5,1719.9,1717.4,1717.8,401
2021-03-10 09:20:00,1718.1,1718.8,1715.6,1715.8,305
2021-03-10 09:25:00,1715.6,1717.0,1715.4,1716.6,357
2021-03-10 09:30:00,1716.4,1716.4,1714.3,1714.5,563
2021-03-10 09:35:00,1714.5,1715.3,1713.0,1714.3,569
2021-03-10 09:40:00,1714.6,1718.4,1714.6,1717.6,469
2021-03-10 09:45:00,1717.8,1718.9,1716.5,1716.8,427
2021-03-10 09:50:00,1716.7,1719.2,1716.7,1716.9,442
2021-03-10 09:55:00,1717.6,1717.9,1716.0,1716.1,297
2021-03-10 10:00:00,1716.2,1716.2,1713.7,1714.8,697
2021-03-10 10:05:00,1714.9,1717.6,1714.8,1716.5,389
2021-03-10 10:10:00,1716.5,1718.1,1714.5,1715.1,459
2021-03-10 10:15:00,1715.0,1715.4,1714.2,1714.7,167
2021-03-10 10:20:00,1714.8,1716.3,1713.5,1715.5,351
2021-03-10 10:25:00,1715.4,1715.6,1712.0,1712.3,378
2021-03-10 10:30:00,1712.3,1714.3,1712.1,1713.6,356
2021-03-10 10:35:00,1713.6,1714.7,1713.2,1714.2,200
2021-03-10 10:40:00,1714.0,1716.0,1713.3,1715.6,255
2021-03-10 10:45:00,1715.4,1716.4,1715.4,1715.8,160
2021-03-10 10:50:00,1715.6,1715.7,1714.1,1714.6,160
2021-03-10 10:55:00,1714.6,1717.1,1714.4,1716.9,227
2021-03-10 11:00:00,1716.9,1718.0,1716.3,1716.6,281
2021-03-10 11:05:00,1716.6,1716.9,1713.9,1714.2,216
2021-03-10 11:10:00,1714.4,1715.4,1713.3,1715.0,271
2021-03-10 11:15:00,1714.8,1715.3,1712.4,1713.3,274
2021-03-10 11:20:00,1713.5,1715.0,1713.5,1713.9,200
2021-03-10 11:25:00,1713.9,1715.6,1713.9,1715.1,142
2021-03-10 11:30:00,1714.9,1715.3,1714.1,1714.4,95
2021-03-10 11:35:00,1714.5,1715.8,1714.2,1715.5,114
2021-03-10 11:40:00,1715.8,1716.0,1714.4,1714.7,89
2021-03-10 11:45:00,1714.5,1715.9,1713.9,1715.8,172
2021-03-10 11:50:00,1715.7,1717.0,1715.2,1716.8,216
2021-03-10 11:55:00,1716.9,1717.4,1716.0,1717.3,196
2021-03-10 12:00:00,1717.6,1717.7,1716.1,1716.4,120
2021-03-10 12:05:00,1716.7,1718.1,1716.5,1717.2,203
2021-03-10 12:10:00,1717.3,1717.9,1717.0,1717.1,131
2021-03-10 12:15:00,1717.2,1718.0,1716.8,1716.9,137
2021-03-10 12:20:00,1716.9,1717.5,1716.3,1716.9,226
2021-03-10 12:25:00,1716.9,1717.2,1716.1,1716.3,193
2021-03-10 12:30:00,1716.3,1716.6,1716.0,1716.6,95
2021-03-10 12:35:00,1716.8,1717.4,1716.5,1717.3,75
2021-03-10 12:40:00,1716.9,1717.9,1716.9,1717.6,78
2021-03-10 12:45:00,1717.6,1718.6,1717.6,1718.3,181
2021-03-10 12:50:00,1718.2,1718.3,1717.7,1718.3,90
2021-03-10 12:55:00,1718.1,1718.1,1717.4,1717.5,92
2021-03-10 13:00:00,1717.4,1718.0,1714.4,1717.3,592
2021-03-10 13:05:00,1717.2,1719.8,1716.9,1719.7,384
2021-03-10 13:10:00,1719.8,1721.0,1718.8,1719.0,419
2021-03-10 13:15:00,1719.1,1719.2,1716.0,1716.6,364
2021-03-10 13:20:00,1716.6,1719.7,1716.5,1719.2,351
2021-03-10 13:25:00,1719.1,1722.6,1719.0,1721.7,606
2021-03-10 13:30:00,1721.8,1722.4,1720.1,1720.4,249
2021-03-10 13:35:00,1720.2,1720.8,1718.5,1719.4,256
2021-03-10 13:40:00,1719.4,1721.5,1719.4,1721.3,107
2021-03-10 13:45:00,1721.4,1721.5,1720.3,1721.5,161
2021-03-10 13:50:00,1721.5,1721.6,1720.7,1721.1,118
2021-03-10 13:55:00,1721.1,1722.2,1720.5,1721.8,127
2021-03-10 14:00:00,1721.6,1722.0,1720.9,1722.0,129
2021-03-10 14:05:00,1722.0,1722.7,1721.6,1721.8,179
2021-03-10 14:10:00,1721.8,1724.0,1721.7,1723.4,269
2021-03-10 14:15:00,1723.3,1724.0,1723.2,1723.9,190
2021-03-10 14:20:00,1723.9,1724.3,1723.6,1724.0,129
2021-03-10 14:25:00,1723.7,1724.3,1723.0,1723.5,176
2021-03-10 14:30:00,1723.5,1723.5,1722.3,1722.3,71
2021-03-10 14:35:00,1722.4,1722.6,1721.8,1722.1,111
2021-03-10 14:40:00,1722.1,1722.8,1722.1,1722.4,88
2021-03-10 14:45:00,1722.3,1723.6,1722.0,1723.4,78
2021-03-10 14:50:00,1723.4,1723.5,1722.7,1723.0,68
2021-03-10 14:55:00,1722.9,1723.3,1722.2,1722.3,91
2021-03-10 15:00:00,1722.4,1723.4,1722.0,1722.0,80
2021-03-10 15:05:00,1721.9,1723.4,1721.9,1723.4,72
2021-03-10 15:10:00,1723.1,1723.2,1722.6,1722.9,45
2021-03-10 15:15:00,1723.0,1723.6,1722.7,1723.6,35
2021-03-10 15:20:00,1723.6,1723.7,1723.0,1723.2,47
2021-03-10 15:25:00,1723.1,1724.0,1723.1,1723.9,88
2021-03-10 15:30:00,1723.9,1724.2,1723.3,1723.8,83
2021-03-10 15:35:00,1723.7,1723.7,1722.0,1722.2,104
2021-03-10 15:40:00,1722.2,1724.1,1721.8,1723.8,166
2021-03-10 15:45:00,1723.7,1724.7,1723.6,1723.7,87
2021-03-10 15:50:00,1723.6,1723.9,1722.8,1723.6,60
2021-03-10 15:55:00,1723.6,1724.3,1723.2,1723.8,79
2021-03-10 16:00:00,1723.8,1723.9,1723.1,1723.1,31
2021-03-10 16:05:00,1723.0,1723.2,1722.8,1723.2,52
2021-03-10 16:10:00,1723.1,1723.4,1723.0,1723.4,48
2021-03-10 16:15:00,1723.5,1723.5,1723.2,1723.2,25
2021-03-10 16:20:00,1723.3,1723.7,1723.2,1723.6,13
2021-03-10 16:25:00,1723.5,1723.5,1723.3,1723.3,7
2021-03-10 16:30:00,1723.7,1723.8,1723.0,1723.4,24
2021-03-10 16:35:00,1723.6,1724.4,1723.4,1724.0,38
2021-03-10 16:40:00,1724.4,1724.4,1724.1,1724.3,23
2021-03-10 16:45:00,1724.2,1725.0,1724.2,1724.9,63
2021-03-10 16:50:00,1724.8,1725.1,1724.6,1724.8,73
2021-03-10 16:55:00,1724.7,1725.4,1724.6,1725.2,78
2021-03-10 18:00:00,1725.0,1725.5,1723.7,1725.2,107
2021-03-10 18:05:00,1725.1,1725.7,1724.9,1725.0,75
2021-03-10 18:10:00,1725.1,1725.7,1725.1,1725.4,34
2021-03-10 18:15:00,1725.4,1725.6,1725.2,1725.5,23
2021-03-10 18:20:00,1725.5,1725.6,1725.3,1725.4,23
2021-03-10 18:25:00,1725.3,1725.3,1724.9,1725.0,29
2021-03-10 18:30:00,1725.0,1725.3,1724.9,1725.0,27
2021-03-10 18:35:00,1725.3,1725.5,1725.2,1725.3,16
2021-03-10 18:40:00,1725.1,1725.1,1725.0,1725.1,28
2021-03-10 18:45:00,1725.1,1725.1,1725.0,1725.0,21
2021-03-10 18:50:00,1725.1,1725.2,1724.9,1725.0,20
2021-03-10 18:55:00,1724.9,1725.6,1724.9,1725.4,55
2021-04-13 00:00:00,1731.8,1732.3,1731.7,1732.1,134
2021-04-13 00:05:00,1732.0,1732.1,1731.3,1731.4,49
2021-04-13 00:10:00,1731.3,1731.5,1731.1,1731.3,55
2021-04-13 00:15:00,1731.5,1731.5,1731.0,1731.3,29
2021-04-13 00:20:00,1731.3,1731.5,1730.7,1731.1,50
2021-04-13 00:25:00,1730.9,1730.9,1729.9,1730.1,141
2021-04-13 00:30:00,1730.0,1730.0,1729.5,1729.5,87
2021-04-13 00:35:00,1729.6,1729.6,1728.7,1728.8,150
2021-04-13 00:40:00,1728.7,1729.4,1728.6,1729.0,93
2021-04-13 00:45:00,1729.3,1729.5,1728.8,1729.1,78
2021-04-13 00:50:00,1729.1,1730.5,1729.1,1729.7,144
2021-04-13 00:55:00,1729.7,1730.1,1729.2,1729.8,57
2021-04-13 01:00:00,1729.7,1730.5,1729.5,1730.2,80
2021-04-13 01:05:00,1730.0,1730.0,1729.5,1730.0,61
2021-04-13 01:10:00,1729.9,1730.2,1729.3,1730.1,38
2021-04-13 01:15:00,1730.0,1730.3,1729.4,1729.4,50
2021-04-13 01:20:00,1729.4,1729.4,1728.8,1728.9,47
2021-04-13 01:25:00,1728.9,1729.1,1728.7,1728.8,82
2021-04-13 01:30:00,1728.9,1729.1,1725.7,1726.2,884
2021-04-13 01:35:00,1726.2,1726.4,1724.7,1725.0,341
2021-04-13 01:40:00,1724.9,1726.1,1724.8,1725.6,135
2021-04-13 01:45:00,1725.3,1726.2,1725.1,1725.8,74
2021-04-13 01:50:00,1725.8,1726.3,1725.5,1726.2,133
2021-04-13 01:55:00,1726.2,1727.5,1725.9,1727.3,162
2021-04-13 02:00:00,1727.5,1727.5,1726.1,1726.9,167
2021-04-13 02:05:00,1726.9,1727.3,1726.5,1727.0,166
2021-04-13 02:10:00,1727.5,1727.5,1726.8,1727.3,66
2021-04-13 02:15:00,1727.4,1727.5,1726.1,1726.2,141
2021-04-13 02:20:00,1726.3,1726.5,1725.6,1726.2,96
2021-04-13 02:25:00,1726.5,1726.6,1725.1,1725.1,84
2021-04-13 02:30:00,1725.1,1725.5,1724.5,1724.7,186
2021-04-13 02:35:00,1724.6,1725.3,1724.2,1724.8,176
2021-04-13 02:40:00,1724.9,1725.6,1724.7,1724.8,93
2021-04-13 02:45:00,1725.0,1726.0,1724.7,1724.8,157
2021-04-13 02:50:00,1724.7,1724.8,1723.3,1724.5,295
2021-04-13 02:55:00,1724.3,1724.5,1723.6,1724.0,146
2021-04-13 03:00:00,1724.0,1725.3,1723.9,1724.1,175
2021-04-13 03:05:00,1724.0,1724.2,1723.4,1723.8,150
2021-04-13 03:10:00,1723.7,1725.0,1723.3,1724.7,142
2021-04-13 03:15:00,1724.6,1724.7,1724.1,1724.3,105
2021-04-13 03:20:00,1724.2,1725.6,1724.1,1725.4,126
2021-04-13 03:25:00,1725.4,1726.7,1725.1,1726.6,135
2021-04-13 03:30:00,1726.5,1727.4,1726.3,1727.4,167
2021-04-13 03:35:00,1727.1,1728.2,1727.1,1727.8,211
2021-04-13 03:40:00,1727.8,1727.9,1726.9,1727.0,113
2021-04-13 03:45:00,1726.9,1728.0,1726.7,1727.5,94
2021-04-13 03:50:00,1727.4,1728.3,1727.4,1727.6,95
2021-04-13 03:55:00,1727.6,1728.0,1727.2,1727.5,93
2021-04-13 04:00:00,1727.5,1727.8,1727.0,1727.2,72
2021-04-13 04:05:00,1727.1,1727.1,1725.7,1726.6,158
2021-04-13 04:10:00,1726.4,1728.5,1726.4,1728.5,109
2021-04-13 04:15:00,1728.5,1728.5,1727.5,1727.9,118
2021-04-13 04:20:00,1727.9,1728.7,1727.9,1728.4,88
2021-04-13 04:25:00,1728.3,1728.3,1727.6,1727.6,43
2021-04-13 04:30:00,1727.5,1727.5,1726.5,1726.6,113
2021-04-13 04:35:00,1726.8,1727.7,1726.8,1727.4,77
2021-04-13 04:40:00,1727.4,1728.3,1727.0,1727.7,121
2021-04-13 04:45:00,1727.9,1728.2,1727.4,1727.7,48
2021-04-13 04:50:00,1727.5,1728.1,1727.4,1727.7,56
2021-04-13 04:55:00,1727.9,1728.3,1727.7,1727.9,52
2021-04-13 05:00:00,1727.8,1727.9,1727.3,1727.5,82
2021-04-13 05:05:00,1727.6,1728.0,1727.5,1727.8,62
2021-04-13 05:10:00,1728.0,1729.0,1727.9,1728.8,170
2021-04-13 05:15:00,1728.9,1729.6,1728.1,1729.2,191
2021-04-13 05:20:00,1729.2,1729.8,1728.8,1728.8,126
2021-04-13 05:25:00,1728.8,1729.0,1728.5,1728.8,45
2021-04-13 05:30:00,1728.6,1728.6,1727.3,1727.3,151
2021-04-13 05:35:00,1727.3,1727.8,1727.2,1727.2,78
2021-04-13 05:40:00,1727.2,1727.5,1726.8,1727.5,57
2021-04-13 05:45:00,1727.2,1727.3,1726.8,1726.9,105
2021-04-13 05:50:00,1726.9,1727.0,1725.9,1726.0,136
2021-04-13 05:55:00,1725.9,1726.3,1725.5,1726.0,114
2021-04-13 06:00:00,1725.9,1726.9,1725.9,1726.9,138
2021-04-13 06:05:00,1726.7,1726.7,1725.7,1725.7,59
2021-04-13 06:10:00,1725.8,1726.9,1725.8,1726.8,66
2021-04-13 06:15:00,1726.9,1727.1,1726.6,1726.6,88
2021-04-13 06:20:00,1726.5,1726.9,1726.2,1726.9,52
2021-04-13 06:25:00,1726.8,1727.2,1725.9,1725.9,75
2021-04-13 06:30:00,1725.9,1726.0,1725.1,1725.1,164
2021-04-13 06:35:00,1725.0,1725.4,1724.9,1725.1,146
2021-04-13 06:40:00,1725.1,1725.5,1724.4,1724.4,152
2021-04-13 06:45:00,1724.4,1725.3,1724.4,1725.3,93
2021-04-13 06:50:00,1725.2,1725.5,1724.9,1725.5,67
2021-04-13 06:55:00,1725.2,1726.0,1724.9,1726.0,75
2021-04-13 07:00:00,1725.8,1730.0,1725.6,1729.1,795
2021-04-13 07:05:00,1729.2,1729.9,1727.5,1729.8,303
2021-04-13 07:10:00,1729.9,1730.3,1729.5,1730.0,242
2021-04-13 07:15:00,1730.1,1730.6,1728.8,1729.0,264
2021-04-13 07:20:00,1728.8,1729.3,1728.0,1728.0,174
2021-04-13 07:25:00,1728.1,1728.1,1727.3,1728.0,163
2021-04-13 07:30:00,1727.9,1728.3,1727.4,1728.0,112
2021-04-13 07:35:00,1728.0,1728.3,1727.1,1728.3,113
2021-04-13 07:40:00,1728.2,1728.3,1726.9,1727.5,169
2021-04-13 07:45:00,1727.7,1729.3,1727.4,1729.3,259
2021-04-13 07:50:00,1729.3,1730.3,1729.2,1729.6,177
2021-04-13 07:55:00,1729.7,1730.1,1729.3,1729.4,147
2021-04-13 08:00:00,1729.4,1730.6,1729.0,1729.6,212
2021-04-13 08:05:00,1729.6,1729.7,1728.8,1729.0,90
2021-04-13 08:10:00,1729.1,1732.6,1728.8,1732.4,513
2021-04-13 08:15:00,1732.3,1734.7,1732.0,1734.1,627
2021-04-13 08:20:00,1734.2,1734.6,1732.7,1733.1,341
2021-04-13 08:25:00,1733.2,1733.5,1732.4,1732.4,155
2021-04-13 08:30:00,1732.3,1735.7,1729.2,1734.8,1077
2021-04-13 08:35:00,1734.9,1737.3,1733.0,1736.7,905
2021-04-13 08:40:00,1736.8,1740.8,1736.2,1740.4,1125
2021-04-13 08:45:00,1740.4,1742.6,1739.5,1739.5,1323
2021-04-13 08:50:00,1739.5,1739.7,1737.9,1738.0,572
2021-04-13 08:55:00,1738.0,1738.6,1736.7,1736.8,454
2021-04-13 09:00:00,1736.8,1740.6,1736.7,1740.5,811
2021-04-13 09:05:00,1740.6,1742.3,1740.2,1741.9,658
2021-04-13 09:10:00,1741.8,1743.3,1741.6,1741.8,654
2021-04-13 09:15:00,1741.7,1743.0,1739.5,1741.5,522
2021-04-13 09:20:00,1741.5,1743.1,1741.4,1742.3,367
2021-04-13 09:25:00,1742.5,1743.3,1741.8,1742.4,385
2021-04-13 09:30:00,1742.5,1745.0,1742.2,1744.7,995
2021-04-13 09:35:00,1745.0,1748.2,1744.9,1748.2,1508
2021-04-13 09:40:00,1748.1,1749.6,1747.7,1747.9,864
2021-04-13 09:45:00,1748.0,1748.3,1747.0,1747.2,580
2021-04-13 09:50:00,1747.5,1748.9,1747.4,1748.3,374
2021-04-13 09:55:00,1748.6,1749.5,1748.1,1748.5,461
2021-04-13 10:00:00,1748.6,1749.3,1745.8,1746.5,771
2021-04-13 10:05:00,1746.4,1747.7,1746.2,1746.5,314
2021-04-13 10:10:00,1746.6,1746.7,1745.7,1746.1,278
2021-04-13 10:15:00,1746.1,1746.1,1742.9,1742.9,717
2021-04-13 10:20:00,1742.8,1743.3,1741.8,1743.0,772
2021-04-13 10:25:00,1743.0,1744.3,1742.8,1743.3,352
2021-04-13 10:30:00,1743.4,1744.5,1741.9,1743.1,302
2021-04-13 10:35:00,1742.9,1742.9,1740.5,1741.4,583
2021-04-13 10:40:00,1741.4,1742.6,1741.2,1742.2,343
2021-04-13 10:45:00,1742.2,1744.3,1742.2,1743.8,321
2021-04-13 10:50:00,1744.0,1744.3,1742.7,1742.7,213
2021-04-13 10:55:00,1742.5,1743.8,1742.4,1743.3,137
2021-04-13 11:00:00,1743.3,1743.3,1742.2,1742.6,141
2021-04-13 11:05:00,1742.6,1743.0,1741.4,1742.7,212
2021-04-13 11:10:00,1742.5,1743.5,1742.5,1742.7,146
2021-04-13 11:15:00,1742.7,1743.0,1741.2,1741.3,127
2021-04-13 11:20:00,1741.3,1743.5,1741.3,1743.4,152
2021-04-13 11:25:00,1743.5,1744.1,1743.1,1744.1,153
2021-04-13 11:30:00,1744.1,1744.5,1743.4,1744.0,135
2021-04-13 11:35:00,1743.9,1744.1,1742.5,1743.7,286
2021-04-13 11:40:00,1743.6,1744.3,1743.5,1744.1,101
2021-04-13 11:45:00,1743.8,1744.4,1743.8,1744.2,76
2021-04-13 11:50:00,1744.2,1744.3,1744.0,1744.3,52
2021-04-13 11:55:00,1744.2,1744.4,1743.3,1743.8,140
2021-04-13 12:00:00,1744.2,1744.7,1743.7,1743.8,92
2021-04-13 12:05:00,1743.8,1744.1,1743.5,1743.8,58
2021-04-13 12:10:00,1743.8,1744.6,1743.8,1744.5,75
2021-04-13 12:15:00,1744.8,1745.6,1744.6,1744.9,190
2021-04-13 12:20:00,1744.9,1745.1,1744.4,1744.8,66
2021-04-13 12:25:00,1744.8,1745.3,1744.8,1745.1,85
2021-04-13 12:30:00,1745.0,1745.1,1744.5,1744.9,82
2021-04-13 12:35:00,1744.9,1745.2,1743.4,1743.5,99
2021-04-13 12:40:00,1743.6,1743.6,1742.7,1743.2,139
2021-04-13 12:45:00,1743.2,1743.4,1742.6,1742.9,81
2021-04-13 12:50:00,1742.8,1742.8,1742.0,1742.5,131
2021-04-13 12:55:00,1742.4,1743.1,1742.3,1742.8,73
2021-04-13 13:00:00,1742.8,1746.0,1742.8,1745.9,646
2021-04-13 13:05:00,1746.0,1747.3,1745.9,1747.2,519
2021-04-13 13:10:00,1747.3,1747.5,1746.3,1747.1,155
2021-04-13 13:15:00,1747.0,1747.2,1746.3,1747.0,83
2021-04-13 13:20:00,1747.0,1747.5,1746.4,1746.4,114
2021-04-13 13:25:00,1746.4,1747.9,1745.7,1747.8,415
2021-04-13 13:30:00,1747.9,1748.0,1747.1,1748.0,155
2021-04-13 13:35:00,1748.1,1748.1,1746.9,1747.0,125
2021-04-13 13:40:00,1747.0,1747.0,1746.5,1746.6,87
2021-04-13 13:45:00,1746.5,1747.2,1746.0,1746.0,92
2021-04-13 13:50:00,1746.0,1746.3,1745.7,1746.0,101
2021-04-13 13:55:00,1745.9,1746.1,1745.3,1745.6,90
2021-04-13 14:00:00,1745.7,1745.8,1744.8,1745.4,206
2021-04-13 14:05:00,1745.4,1745.4,1744.6,1744.8,65
2021-04-13 14:10:00,1745.0,1746.5,1745.0,1746.3,136
2021-04-13 14:15:00,1746.3,1746.7,1745.9,1746.6,94
2021-04-13 14:20:00,1746.5,1746.8,1746.2,1746.5,59
2021-04-13 14:25:00,1746.7,1747.0,1746.4,1746.9,63
2021-04-13 14:30:00,1747.0,1747.2,1746.8,1746.9,66
2021-04-13 14:35:00,1746.7,1746.7,1745.5,1745.7,228
2021-04-13 14:40:00,1745.5,1745.8,1745.3,1745.8,28
2021-04-13 14:45:00,1745.9,1746.0,1745.4,1745.8,48
2021-04-13 14:50:00,1745.8,1746.5,1745.8,1746.5,56
2021-04-13 14:55:00,1746.7,1746.8,1745.7,1745.8,116
2021-04-13 15:00:00,1745.8,1746.5,1745.6,1745.7,83
2021-04-13 15:05:00,1745.4,1746.4,1745.2,1746.1,90
2021-04-13 15:10:00,1745.9,1746.4,1745.8,1746.0,65
2021-04-13 15:15:00,1745.8,1746.0,1745.1,1745.2,64
2021-04-13 15:20:00,1745.2,1745.3,1744.5,1744.5,80
2021-04-13 15:25:00,1744.6,1745.2,1744.6,1745.2,38
2021-04-13 15:30:00,1745.3,1745.5,1745.1,1745.4,57
2021-04-13 15:35:00,1745.4,1745.5,1745.1,1745.3,30
2021-04-13 15:40:00,1745.3,1745.5,1745.2,1745.5,44
2021-04-13 15:45:00,1745.4,1745.6,1745.1,1745.4,50
2021-04-13 15:50:00,1745.6,1745.6,1745.0,1745.4,39
2021-04-13 15:55:00,1745.4,1745.8,1745.2,1745.6,103
2021-04-13 16:00:00,1745.4,1745.6,1745.3,1745.5,49
2021-04-13 16:05:00,1745.5,1746.0,1745.5,1745.8,38
2021-04-13 16:10:00,1745.9,1745.9,1745.3,1745.7,40
2021-04-13 16:15:00,1745.7,1746.0,1745.3,1745.9,19
2021-04-13 16:20:00,1746.0,1746.0,1745.7,1745.7,4
2021-04-13 16:25:00,1745.8,1745.9,1745.8,1745.8,5
2021-04-13 16:30:00,1746.0,1746.6,1746.0,1746.4,23
2021-04-13 16:35:00,1746.4,1746.5,1746.2,1746.2,25
2021-04-13 16:40:00,1746.3,1746.4,1745.7,1745.9,33
2021-04-13 16:45:00,1745.8,1746.0,1745.7,1745.8,48
2021-04-13 16:50:00,1745.8,1746.1,1745.8,1746.1,21
2021-04-13 16:55:00,1746.0,1746.2,1746.0,1746.2,28
2021-04-13 18:00:00,1746.1,1746.8,1745.5,1746.6,76
2021-04-13 18:05:00,1746.2,1746.4,1746.1,1746.4,12
2021-04-13 18:10:00,1746.4,1746.4,1745.9,1746.1,16
2021-04-13 18:15:00,1746.3,1746.7,1745.7,1745.7,28
2021-04-13 18:20:00,1745.6,1745.6,1745.2,1745.5,27
2021-04-13 18:25:00,1745.8,1746.1,1745.2,1745.2,24
2021-04-13 18:30:00,1745.2,1746.0,1745.1,1746.0,15
2021-04-13 18:35:00,1746.0,1746.0,1745.6,1745.9,4
2021-04-13 18:40:00,1745.4,1746.2,1745.3,1746.2,5
2021-04-13 18:45:00,1746.0,1746.5,1745.9,1746.5,16
2021-04-13 18:50:00,1746.5,1747.0,1746.5,1746.8,31
2021-04-13 18:55:00,1746.8,1746.8,1745.8,1745.8,28
2021-04-13 19:00:00,1745.7,1746.2,1745.7,1746.0,9
2021-04-13 19:05:00,1745.8,1746.5,1745.8,1746.4,10
2021-04-13 19:10:00,1746.2,1746.6,1746.1,1746.1,9
2021-04-13 19:15:00,1746.2,1746.2,1746.1,1746.2,4
2021-04-13 19:20:00,1745.9,1745.9,1745.9,1745.9,2
2021-04-13 19:25:00,1746.3,1746.3,1745.8,1746.1,10
2021-04-13 19:30:00,1746.2,1746.5,1746.2,1746.4,13
2021-04-13 19:35:00,1746.4,1746.5,1746.1,1746.1,8
2021-04-13 19:40:00,1746.3,1746.7,1746.3,1746.6,33
2021-04-13 19:45:00,1746.5,1747.3,1746.5,1746.6,41
2021-04-13 19:50:00,1747.1,1747.4,1747.0,1747.2,29
2021-04-13 19:55:00,1747.2,1747.4,1746.3,1747.0,33
2021-05-12 00:00:00,1827.2,1827.9,1827.2,1827.7,107
2021-05-12 00:05:00,1827.6,1827.6,1827.1,1827.3,22
2021-05-12 00:10:00,1827.6,1828.8,1827.5,1828.7,40
2021-05-12 00:15:00,1828.7,1829.2,1828.4,1828.5,39
2021-05-12 00:20:00,1828.6,1828.7,1828.2,1828.7,19
2021-05-12 00:25:00,1828.6,1828.8,1828.4,1828.4,35
2021-05-12 00:30:00,1828.4,1829.6,1828.4,1829.5,110
2021-05-12 00:35:00,1829.5,1829.7,1829.3,1829.7,105
2021-05-12 00:40:00,1829.6,1830.3,1829.5,1830.3,56
2021-05-12 00:45:00,1830.2,1830.6,1830.1,1830.6,67
2021-05-12 00:50:00,1830.4,1830.6,1830.0,1830.3,47
2021-05-12 00:55:00,1830.3,1830.5,1830.2,1830.2,20
2021-05-12 01:00:00,1830.1,1830.6,1830.1,1830.5,42
2021-05-12 01:05:00,1830.5,1830.5,1830.3,1830.4,82
2021-05-12 01:10:00,1830.5,1830.5,1829.6,1830.2,85
2021-05-12 01:15:00,1830.5,1831.7,1830.5,1831.5,150
2021-05-12 01:20:00,1831.4,1831.5,1830.8,1830.8,76
2021-05-12 01:25:00,1830.8,1830.9,1830.3,1830.5,76
2021-05-12 01:30:00,1830.5,1831.1,1830.2,1830.4,105
2021-05-12 01:35:00,1830.7,1830.7,1829.2,1829.7,112
2021-05-12 01:40:00,1829.8,1830.0,1829.3,1829.4,37
2021-05-12 01:45:00,1829.6,1829.9,1828.9,1829.3,65
2021-05-12 01:50:00,1829.6,1830.0,1829.3,1829.8,80
2021-05-12 01:55:00,1829.5,1830.2,1829.4,1830.2,45
2021-05-12 02:00:00,1830.0,1831.0,1829.0,1831.0,93
2021-05-12 02:05:00,1831.0,1831.2,1830.5,1830.7,87
2021-05-12 02:10:00,1831.0,1831.1,1830.7,1830.8,80
2021-05-12 02:15:00,1830.7,1832.2,1830.7,1831.8,186
2021-05-12 02:20:00,1831.8,1833.0,1831.7,1832.2,229
2021-05-12 02:25:00,1832.2,1832.8,1832.1,1832.6,101
2021-05-12 02:30:00,1832.8,1833.7,1832.8,1833.3,109
2021-05-12 02:35:00,1833.3,1834.4,1833.3,1833.7,194
2021-05-12 02:40:00,1833.9,1833.9,1832.9,1832.9,86
2021-05-12 02:45:00,1833.0,1833.5,1832.8,1833.3,104
2021-05-12 02:50:00,1833.3,1834.3,1833.3,1834.0,69
2021-05-12 02:55:00,1834.3,1835.0,1833.9,1834.9,115
2021-05-12 03:00:00,1835.1,1836.2,1834.5,1834.8,295
2021-05-12 03:05:00,1834.9,1834.9,1833.3,1833.5,148
2021-05-12 03:10:00,1833.5,1834.8,1833.4,1833.7,81
2021-05-12 03:15:00,1833.7,1834.7,1833.6,1834.5,44
2021-05-12 03:20:00,1834.5,1835.0,1833.8,1833.8,79
2021-05-12 03:25:00,1833.8,1834.5,1833.8,1834.2,75
2021-05-12 03:30:00,1834.4,1835.8,1834.4,1835.6,92
2021-05-12 03:35:00,1835.6,1835.9,1834.7,1834.7,66
2021-05-12 03:40:00,1834.7,1835.0,1834.2,1834.3,73
2021-05-12 03:45:00,1834.3,1834.7,1833.1,1833.6,163
2021-05-12 03:50:00,1833.8,1834.6,1833.7,1834.0,38
2021-05-12 03:55:00,1834.0,1834.1,1833.5,1833.6,46
2021-05-12 04:00:00,1833.8,1833.8,1832.4,1832.8,132
2021-05-12 04:05:00,1832.9,1832.9,1831.6,1831.6,110
2021-05-12 04:10:00,1831.9,1831.9,1831.1,1831.3,74
2021-05-12 04:15:00,1831.3,1832.1,1831.3,1831.9,113
2021-05-12 04:20:00,1831.8,1831.8,1831.1,1831.4,79
2021-05-12 04:25:00,1831.8,1831.8,1830.9,1831.4,69
2021-05-12 04:30:00,1831.4,1831.4,1830.5,1831.0,54
2021-05-12 04:35:00,1831.2,1831.7,1830.6,1831.3,115
2021-05-12 04:40:00,1831.0,1831.8,1830.9,1831.3,55
2021-05-12 04:45:00,1831.7,1832.5,1831.7,1832.4,64
2021-05-12 04:50:00,1832.4,1833.4,1832.1,1833.2,92
2021-05-12 04:55:00,1833.3,1834.0,1833.2,1833.9,118
2021-05-12 05:00:00,1833.8,1834.4,1833.5,1833.6,73
2021-05-12 05:05:00,1833.6,1834.0,1833.6,1833.9,47
2021-05-12 05:10:00,1834.0,1834.0,1833.4,1833.4,37
2021-05-12 05:15:00,1833.1,1834.0,1833.1,1833.7,75
2021-05-12 05:20:00,1833.5,1834.0,1833.5,1833.9,24
2021-05-12 05:25:00,1833.9,1834.3,1833.9,1834.0,74
2021-05-12 05:30:00,1834.1,1834.1,1833.4,1833.6,45
2021-05-12 05:35:00,1833.3,1833.8,1833.2,1833.6,68
2021-05-12 05:40:00,1833.6,1834.3,1833.2,1834.2,38
2021-05-12 05:45:00,1834.2,1834.6,1834.2,1834.4,88
2021-05-12 05:50:00,1834.4,1834.9,1833.8,1834.8,71
2021-05-12 05:55:00,1834.8,1835.7,1834.6,1835.7,89
2021-05-12 06:00:00,1835.4,1835.6,1834.4,1834.5,64
2021-05-12 06:05:00,1834.7,1835.7,1834.7,1835.5,79
2021-05-12 06:10:00,1835.6,1836.2,1835.0,1835.4,86
2021-05-12 06:15:00,1835.5,1836.0,1835.3,1835.9,70
2021-05-12 06:20:00,1835.8,1835.8,1835.0,1835.3,50
2021-05-12 06:25:00,1835.3,1835.3,1834.7,1834.8,53
2021-05-12 06:30:00,1834.8,1835.4,1834.6,1835.0,76
2021-05-12 06:35:00,1835.1,1835.6,1835.1,1835.1,42
2021-05-12 06:40:00,1835.1,1835.3,1834.8,1835.0,41
2021-05-12 06:45:00,1835.2,1835.4,1835.0,1835.1,39
2021-05-12 06:50:00,1835.0,1835.0,1833.9,1834.8,147
2021-05-12 06:55:00,1834.7,1835.2,1834.6,1835.1,70
2021-05-12 07:00:00,1835.0,1835.2,1834.5,1834.5,68
2021-05-12 07:05:00,1834.3,1834.6,1833.8,1833.9,63
2021-05-12 07:10:00,1833.8,1834.3,1833.6,1833.8,52
2021-05-12 07:15:00,1834.2,1835.1,1834.1,1834.9,84
2021-05-12 07:20:00,1834.7,1835.6,1834.3,1835.2,80
2021-05-12 07:25:00,1835.1,1835.2,1834.5,1834.9,50
2021-05-12 07:30:00,1834.7,1835.2,1834.0,1834.1,89
2021-05-12 07:35:00,1834.1,1834.3,1833.4,1833.8,90
2021-05-12 07:40:00,1833.8,1834.2,1833.3,1833.4,84
2021-05-12 07:45:00,1833.4,1833.8,1833.3,1833.7,48
2021-05-12 07:50:00,1833.5,1833.6,1833.3,1833.5,49
2021-05-12 07:55:00,1833.5,1834.5,1833.5,1834.1,115
2021-05-12 08:00:00,1833.9,1835.9,1833.8,1835.8,267
2021-05-12 08:05:00,1835.6,1836.2,1834.7,1834.8,168
2021-05-12 08:10:00,1834.8,1834.8,1833.2,1833.4,269
2021-05-12 08:15:00,1833.2,1834.1,1832.6,1833.9,405
2021-05-12 08:20:00,1833.9,1835.4,1833.4,1835.0,357
2021-05-12 08:25:00,1834.9,1835.3,1830.8,1832.0,208
2021-05-12 08:30:00,1830.7,1833.7,1821.5,1827.6,2962
2021-05-12 08:35:00,1827.6,1832.8,1826.6,1832.6,1876
2021-05-12 08:40:00,1832.5,1836.2,1831.6,1836.0,1653
2021-05-12 08:45:00,1835.8,1840.1,1835.4,1837.5,2298
2021-05-12 08:50:00,1837.5,1841.5,1837.3,1841.4,1374
2021-05-12 08:55:00,1841.3,1841.6,1838.2,1840.5,1140
2021-05-12 09:00:00,1840.4,1844.7,1838.9,1843.9,1925
2021-05-12 09:05:00,1844.0,1844.3,1841.6,1842.5,972
2021-05-12 09:10:00,1842.4,1843.3,1837.9,1838.3,1253
2021-05-12 09:15:00,1838.4,1839.9,1832.1,1834.0,2257
2021-05-12 09:20:00,1834.0,1834.4,1830.9,1831.2,1185
2021-05-12 09:25:00,1831.0,1831.3,1827.9,1830.5,1552
2021-05-12 09:30:00,1830.7,1834.0,1830.2,1833.0,1089
2021-05-12 09:35:00,1832.7,1834.6,1831.5,1833.2,748
2021-05-12 09:40:00,1833.0,1834.9,1832.1,1833.0,557
2021-05-12 09:45:00,1833.1,1834.7,1831.1,1831.9,568
2021-05-12 09:50:00,1831.5,1832.7,1831.0,1832.3,440
2021-05-12 09:55:00,1832.1,1834.3,1831.7,1833.7,504
2021-05-12 10:00:00,1833.9,1834.2,1829.2,1831.9,1301
2021-05-12 10:05:00,1832.0,1832.9,1829.5,1831.1,929
2021-05-12 10:10:00,1831.1,1831.7,1828.5,1830.2,842
2021-05-12 10:15:00,1830.1,1831.9,1829.1,1831.5,399
2021-05-12 10:20:00,1831.3,1833.0,1830.7,1832.1,393
2021-05-12 10:25:00,1832.1,1832.2,1830.2,1830.7,356
2021-05-12 10:30:00,1830.5,1830.5,1822.8,1823.5,2434
2021-05-12 10:35:00,1823.7,1827.2,1823.5,1826.6,1143
2021-05-12 10:40:00,1826.0,1826.5,1824.1,1824.5,705
2021-05-12 10:45:00,1824.3,1826.1,1823.7,1824.2,605
2021-05-12 10:50:00,1824.3,1824.8,1822.6,1823.1,669
2021-05-12 10:55:00,1823.1,1827.3,1822.8,1827.2,888
2021-05-12 11:00:00,1827.2,1827.3,1824.9,1825.0,484
2021-05-12 11:05:00,1825.1,1826.3,1823.3,1824.7,576
2021-05-12 11:10:00,1824.5,1825.6,1823.6,1825.1,299
2021-05-12 11:15:00,1825.1,1825.3,1823.0,1824.6,450
2021-05-12 11:20:00,1824.6,1824.6,1822.2,1822.4,662
2021-05-12 11:25:00,1822.4,1823.7,1821.7,1823.3,727
2021-05-12 11:30:00,1823.3,1823.3,1820.6,1820.9,1014
2021-05-12 11:35:00,1820.9,1824.0,1820.7,1823.7,710
2021-05-12 11:40:00,1823.7,1824.1,1822.7,1823.9,294
2021-05-12 11:45:00,1823.8,1824.3,1823.1,1823.5,361
2021-05-12 11:50:00,1823.4,1823.8,1821.9,1822.4,314
2021-05-12 11:55:00,1822.4,1824.2,1822.4,1824.2,403
2021-05-12 12:00:00,1824.1,1824.2,1822.8,1823.1,211
2021-05-12 12:05:00,1823.0,1823.0,1822.0,1822.4,223
2021-05-12 12:10:00,1822.3,1822.3,1819.1,1819.6,870
2021-05-12 12:15:00,1819.5,1822.8,1818.5,1822.4,1093
2021-05-12 12:20:00,1822.6,1823.6,1822.0,1822.6,293
2021-05-12 12:25:00,1822.5,1823.8,1822.5,1823.4,441
2021-05-12 12:30:00,1823.2,1823.4,1822.3,1822.9,234
2021-05-12 12:35:00,1822.9,1823.0,1821.6,1821.9,237
2021-05-12 12:40:00,1821.9,1822.3,1820.4,1820.6,496
2021-05-12 12:45:00,1820.5,1821.9,1820.1,1821.0,306
2021-05-12 12:50:00,1821.0,1821.7,1820.4,1820.8,198
2021-05-12 12:55:00,1820.6,1821.2,1820.1,1820.4,292
2021-05-12 13:00:00,1820.3,1823.7,1820.1,1823.4,1077
2021-05-12 13:05:00,1823.5,1825.5,1822.5,1822.7,1263
2021-05-12 13:10:00,1822.7,1823.0,1821.4,1821.7,369
2021-05-12 13:15:00,1821.6,1822.0,1820.5,1820.6,512
2021-05-12 13:20:00,1820.7,1822.1,1820.2,1821.5,448
2021-05-12 13:25:00,1821.7,1823.4,1821.7,1823.4,340
2021-05-12 13:30:00,1823.3,1823.9,1822.5,1823.1,288
2021-05-12 13:35:00,1823.3,1824.9,1822.8,1824.2,272
2021-05-12 13:40:00,1824.0,1824.6,1823.6,1824.4,179
2021-05-12 13:45:00,1824.3,1824.3,1823.1,1823.2,145
2021-05-12 13:50:00,1823.2,1823.5,1823.0,1823.1,81
2021-05-12 13:55:00,1823.2,1823.4,1821.6,1822.4,232
2021-05-12 14:00:00,1822.4,1822.7,1820.4,1820.5,427
2021-05-12 14:05:00,1820.6,1821.4,1820.3,1821.0,285
2021-05-12 14:10:00,1821.0,1821.9,1820.1,1821.8,245
2021-05-12 14:15:00,1821.7,1822.1,1821.1,1821.4,126
2021-05-12 14:20:00,1821.8,1821.9,1820.6,1821.7,154
2021-05-12 14:25:00,1821.5,1821.7,1820.9,1821.3,279
2021-05-12 14:30:00,1821.2,1821.4,1819.7,1821.1,275
2021-05-12 14:35:00,1821.0,1821.9,1820.4,1821.7,169
2021-05-12 14:40:00,1821.7,1822.0,1820.9,1821.2,161
2021-05-12 14:45:00,1821.1,1821.6,1820.6,1821.6,167
2021-05-12 14:50:00,1821.5,1822.3,1821.2,1821.5,102
2021-05-12 14:55:00,1821.6,1822.0,1820.3,1820.8,107
2021-05-12 15:00:00,1820.4,1821.1,1820.3,1820.7,152
2021-05-12 15:05:00,1820.8,1820.8,1819.5,1820.6,233
2021-05-12 15:10:00,1820.7,1820.9,1819.9,1820.3,89
2021-05-12 15:15:00,1820.1,1820.9,1819.8,1820.7,139
2021-05-12 15:20:00,1820.9,1821.1,1820.3,1820.5,135
2021-05-12 15:25:00,1820.4,1820.5,1819.2,1819.8,171
2021-05-12 15:30:00,1819.8,1820.1,1818.9,1819.0,208
2021-05-12 15:35:00,1819.0,1819.9,1818.9,1819.6,142
2021-05-12 15:40:00,1819.7,1820.1,1819.6,1819.7,76
2021-05-12 15:45:00,1819.7,1820.4,1819.6,1820.1,96
2021-05-12 15:50:00,1820.1,1821.5,1820.1,1821.1,141
2021-05-12 15:55:00,1821.2,1821.3,1819.6,1819.8,329
2021-05-12 16:00:00,1819.7,1820.4,1819.7,1820.0,88
2021-05-12 16:05:00,1819.8,1820.0,1815.9,1817.2,739
2021-05-12 16:10:00,1817.3,1817.7,1816.0,1817.5,166
2021-05-12 16:15:00,1817.5,1817.5,1816.3,1816.3,70
2021-05-12 16:20:00,1816.5,1816.9,1815.0,1815.4,216
2021-05-12 16:25:00,1815.2,1815.7,1813.0,1815.5,332
2021-05-12 16:30:00,1815.6,1815.6,1814.7,1814.7,36
2021-05-12 16:35:00,1814.6,1814.8,1813.5,1813.7,104
2021-05-12 16:40:00,1814.0,1814.5,1813.4,1814.3,54
2021-05-12 16:45:00,1814.3,1815.3,1814.0,1815.1,63
2021-05-12 16:50:00,1815.1,1816.0,1814.9,1816.0,58
2021-05-12 16:55:00,1815.8,1815.8,1814.3,1815.7,68
2021-05-12 18:00:00,1817.2,1817.2,1814.7,1815.0,122
2021-05-12 18:05:00,1815.3,1816.1,1815.1,1815.8,38
2021-05-12 18:10:00,1815.7,1815.9,1815.0,1815.6,111
2021-05-12 18:15:00,1815.2,1815.8,1815.1,1815.4,20
2021-05-12 18:20:00,1815.5,1816.6,1815.4,1816.5,52
2021-05-12 18:25:00,1816.3,1817.1,1816.3,1816.8,42
2021-05-12 18:30:00,1816.7,1817.1,1816.7,1817.1,39
2021-05-12 18:35:00,1817.1,1817.1,1816.7,1817.0,19
2021-05-12 18:40:00,1816.8,1816.8,1815.7,1816.3,36
2021-05-12 18:45:00,1816.3,1816.3,1816.1,1816.3,55
2021-05-12 18:50:00,1816.1,1816.5,1815.9,1816.5,21
2021-05-12 18:55:00,1816.1,1816.9,1816.1,1816.9,13
2021-05-12 19:00:00,1816.8,1817.0,1816.3,1816.5,36
2021-05-12 19:05:00,1816.6,1817.1,1816.6,1817.1,9
2021-05-12 19:10:00,1817.3,1817.3,1816.5,1816.7,27
2021-05-12 19:15:00,1816.7,1817.3,1816.7,1816.9,28
2021-05-12 19:20:00,1816.8,1817.2,1816.8,1817.2,15
2021-05-12 19:25:00,1817.5,1817.7,1817.2,1817.4,40
2021-05-12 19:30:00,1817.3,1817.3,1816.7,1816.7,35
2021-05-12 19:35:00,1817.1,1817.1,1816.7,1817.0,27
2021-05-12 19:40:00,1817.0,1817.8,1816.6,1817.7,155
2021-05-12 19:45:00,1817.8,1817.8,1817.1,1817.1,13
2021-05-12 19:50:00,1816.9,1817.8,1816.9,1817.8,12
2021-05-12 19:55:00,1817.9,1818.0,1817.3,1817.5,33
2021-06-10 00:00:00,1889.1,1889.1,1888.9,1889.0,24
2021-06-10 00:05:00,1888.9,1888.9,1888.6,1888.7,26
2021-06-10 00:10:00,1888.7,1888.8,1888.3,1888.8,27
2021-06-10 00:15:00,1888.7,1888.7,1887.9,1888.1,69
2021-06-10 00:20:00,1888.0,1888.0,1887.7,1887.9,27
2021-06-10 00:25:00,1887.9,1887.9,1887.5,1887.6,31
2021-06-10 00:30:00,1887.6,1888.1,1887.2,1888.1,68
2021-06-10 00:35:00,1888.0,1888.4,1887.9,1888.4,29
2021-06-10 00:40:00,1888.2,1888.2,1887.5,1887.6,20
2021-06-10 00:45:00,1887.6,1887.6,1887.4,1887.6,22
2021-06-10 00:50:00,1887.7,1887.7,1887.2,1887.4,46
2021-06-10 00:55:00,1887.4,1887.5,1887.2,1887.5,21
2021-06-10 01:00:00,1887.3,1888.1,1887.2,1888.1,47
2021-06-10 01:05:00,1888.1,1888.5,1888.1,1888.3,34
2021-06-10 01:10:00,1888.4,1888.7,1888.2,1888.6,21
2021-06-10 01:15:00,1888.7,1889.3,1888.7,1888.9,106
2021-06-10 01:20:00,1888.9,1889.1,1888.7,1888.7,52
2021-06-10 01:25:00,1888.7,1889.3,1888.7,1889.2,19
2021-06-10 01:30:00,1889.4,1889.9,1888.1,1888.1,156
2021-06-10 01:35:00,1888.2,1888.5,1887.3,1888.0,89
2021-06-10 01:40:00,1887.9,1887.9,1884.8,1885.8,702
2021-06-10 01:45:00,1885.7,1886.6,1885.4,1886.6,153
2021-06-10 01:50:00,1886.6,1886.7,1885.8,1886.1,71
2021-06-10 01:55:00,1885.9,1886.3,1885.8,1886.0,51
2021-06-10 02:00:00,1885.9,1886.3,1885.2,1885.9,138
2021-06-10 02:05:00,1885.7,1886.4,1885.5,1886.4,75
2021-06-10 02:10:00,1886.2,1888.5,1886.2,1888.5,217
2021-06-10 02:15:00,1888.5,1890.0,1888.4,1889.2,418
2021-06-10 02:20:00,1889.3,1889.8,1888.8,1889.1,149
2021-06-10 02:25:00,1889.2,1889.6,1889.0,1889.1,91
2021-06-10 02:30:00,1889.2,1889.2,1887.7,1887.8,120
2021-06-10 02:35:00,1887.8,1888.2,1887.0,1887.4,120
2021-06-10 02:40:00,1887.1,1887.6,1886.9,1887.5,67
2021-06-10 02:45:00,1887.4,1888.4,1887.3,1887.8,119
2021-06-10 02:50:00,1887.7,1887.7,1887.0,1887.3,34
2021-06-10 02:55:00,1887.2,1887.7,1885.9,1886.0,250
2021-06-10 03:00:00,1886.0,1887.4,1886.0,1886.7,151
2021-06-10 03:05:00,1886.8,1887.2,1885.6,1885.9,155
2021-06-10 03:10:00,1886.3,1886.6,1884.1,1885.2,406
2021-06-10 03:15:00,1885.1,1886.3,1885.1,1885.2,187
2021-06-10 03:20:00,1885.2,1885.5,1882.5,1883.6,519
2021-06-10 03:25:00,1883.6,1884.5,1882.5,1883.4,252
2021-06-10 03:30:00,1883.1,1883.2,1881.2,1881.5,486
2021-06-10 03:35:00,1881.2,1882.4,1879.2,1881.9,917
2021-06-10 03:40:00,1882.0,1882.8,1881.8,1881.9,189
2021-06-10 03:45:00,1881.8,1882.0,1880.4,1881.4,260
2021-06-10 03:50:00,1881.6,1881.6,1880.7,1881.0,114
2021-06-10 03:55:00,1881.0,1881.2,1878.1,1879.5,403
2021-06-10 04:00:00,1879.4,1880.7,1878.8,1880.7,231
2021-06-10 04:05:00,1880.6,1881.1,1880.1,1880.7,163
2021-06-10 04:10:00,1880.7,1881.7,1880.7,1881.6,164
2021-06-10 04:15:00,1881.6,1881.9,1880.3,1881.7,119
2021-06-10 04:20:00,1881.7,1881.9,1881.3,1881.5,93
2021-06-10 04:25:00,1881.4,1882.1,1881.4,1882.0,149
2021-06-10 04:30:00,1882.0,1882.3,1881.6,1882.3,87
2021-06-10 04:35:00,1882.2,1882.4,1881.6,1882.4,135
2021-06-10 04:40:00,1882.4,1883.2,1882.0,1883.1,163
2021-06-10 04:45:00,1883.0,1883.5,1882.5,1883.3,186
2021-06-10 04:50:00,1883.1,1883.3,1882.3,1883.3,85
2021-06-10 04:55:00,1883.1,1884.1,1882.9,1883.9,177
2021-06-10 05:00:00,1884.0,1884.5,1883.8,1884.4,163
2021-06-10 05:05:00,1884.6,1885.3,1884.4,1885.2,165
2021-06-10 05:10:00,1884.9,1885.4,1884.8,1885.3,91
2021-06-10 05:15:00,1885.4,1885.6,1883.9,1884.5,173
2021-06-10 05:20:00,1884.4,1884.5,1883.6,1883.8,75
2021-06-10 05:25:00,1883.8,1885.3,1883.8,1884.6,197
2021-06-10 05:30:00,1884.6,1884.7,1883.9,1884.1,95
2021-06-10 05:35:00,1883.9,1884.0,1883.2,1883.2,86
2021-06-10 05:40:00,1883.2,1883.4,1882.3,1882.5,156
2021-06-10 05:45:00,1882.5,1882.8,1882.3,1882.4,136
2021-06-10 05:50:00,1882.3,1882.3,1881.6,1882.3,165
2021-06-10 05:55:00,1882.3,1883.9,1882.3,1882.6,323
2021-06-10 06:00:00,1882.6,1882.6,1881.2,1881.5,258
2021-06-10 06:05:00,1881.7,1882.0,1881.5,1881.5,95
2021-06-10 06:10:00,1881.6,1881.8,1881.4,1881.5,36
2021-06-10 06:15:00,1881.7,1883.1,1881.4,1882.1,143
2021-06-10 06:20:00,1882.0,1882.3,1881.6,1881.9,88
2021-06-10 06:25:00,1882.2,1883.0,1882.2,1882.8,76
2021-06-10 06:30:00,1882.7,1882.8,1882.0,1882.1,63
2021-06-10 06:35:00,1882.4,1882.6,1881.7,1882.6,112
2021-06-10 06:40:00,1882.7,1882.9,1881.8,1882.0,104
2021-06-10 06:45:00,1882.0,1882.0,1881.4,1881.4,33
2021-06-10 06:50:00,1881.6,1882.0,1881.4,1881.6,93
2021-06-10 06:55:00,1881.7,1882.7,1881.6,1881.8,102
2021-06-10 07:00:00,1881.9,1881.9,1880.6,1880.7,107
2021-06-10 07:05:00,1880.5,1881.2,1880.4,1881.0,99
2021-06-10 07:10:00,1881.0,1881.4,1880.5,1880.5,96
2021-06-10 07:15:00,1880.6,1880.8,1879.2,1879.7,212
2021-06-10 07:20:00,1879.7,1881.0,1879.7,1880.1,204
2021-06-10 07:25:00,1880.1,1880.5,1879.4,1880.3,105
2021-06-10 07:30:00,1880.4,1880.5,1879.7,1879.8,101
2021-06-10 07:35:00,1879.9,1880.6,1879.8,1880.0,77
2021-06-10 07:40:00,1880.0,1880.2,1879.6,1879.8,83
2021-06-10 07:45:00,1880.0,1881.2,1879.8,1879.9,231
2021-06-10 07:50:00,1880.1,1880.4,1878.9,1879.1,176
2021-06-10 07:55:00,1879.0,1879.8,1877.9,1878.1,366
2021-06-10 08:00:00,1877.9,1877.9,1874.2,1876.3,1675
2021-06-10 08:05:00,1876.2,1877.2,1875.5,1876.3,463
2021-06-10 08:10:00,1876.5,1878.9,1875.8,1878.5,460
2021-06-10 08:15:00,1878.6,1879.9,1877.1,1877.7,531
2021-06-10 08:20:00,1877.8,1879.4,1877.3,1879.4,265
2021-06-10 08:25:00,1879.2,1879.3,1876.9,1878.5,171
2021-06-10 08:30:00,1877.8,1885.2,1871.7,1884.7,2809
2021-06-10 08:35:00,1884.4,1890.0,1884.0,1889.3,2783
2021-06-10 08:40:00,1889.3,1891.5,1887.5,1887.9,1711
2021-06-10 08:45:00,1888.1,1890.1,1886.4,1889.8,1221
2021-06-10 08:50:00,1889.9,1893.8,1889.6,1892.5,1935
2021-06-10 08:55:00,1892.8,1894.1,1892.3,1893.5,1002
2021-06-10 09:00:00,1893.5,1895.7,1892.7,1892.8,1244
2021-06-10 09:05:00,1893.0,1895.5,1893.0,1894.0,603
2021-06-10 09:10:00,1894.1,1896.7,1892.7,1895.1,1050
2021-06-10 09:15:00,1895.1,1896.4,1893.6,1895.3,619
2021-06-10 09:20:00,1895.1,1895.6,1893.6,1893.6,376
2021-06-10 09:25:00,1893.6,1894.1,1889.1,1889.4,1144
2021-06-10 09:30:00,1889.7,1891.4,1887.3,1891.3,1334
2021-06-10 09:35:00,1891.3,1892.3,1889.7,1891.6,781
2021-06-10 09:40:00,1891.8,1893.8,1890.5,1893.1,764
2021-06-10 09:45:00,1893.4,1895.6,1893.1,1895.4,868
2021-06-10 09:50:00,1895.5,1896.3,1894.7,1894.7,797
2021-06-10 09:55:00,1894.9,1895.0,1891.2,1891.2,759
2021-06-10 10:00:00,1891.2,1892.8,1891.0,1892.7,657
2021-06-10 10:05:00,1892.8,1894.4,1891.2,1892.0,486
2021-06-10 10:10:00,1892.1,1893.3,1891.8,1893.2,387
2021-06-10 10:15:00,1893.2,1894.2,1892.8,1894.1,276
2021-06-10 10:20:00,1893.9,1895.3,1893.0,1894.4,577
2021-06-10 10:25:00,1894.4,1895.1,1893.3,1894.2,431
2021-06-10 10:30:00,1894.4,1895.5,1892.7,1893.0,401
2021-06-10 10:35:00,1892.9,1893.5,1891.5,1891.5,292
2021-06-10 10:40:00,1891.6,1893.2,1891.3,1892.9,276
2021-06-10 10:45:00,1893.0,1893.2,1891.3,1891.9,228
2021-06-10 10:50:00,1892.0,1892.2,1890.4,1890.8,353
2021-06-10 10:55:00,1890.5,1891.6,1889.8,1891.1,459
2021-06-10 11:00:00,1891.2,1892.7,1891.0,1892.4,246
2021-06-10 11:05:00,1892.4,1893.5,1892.4,1893.2,193
2021-06-10 11:10:00,1893.4,1893.8,1892.2,1893.0,174
2021-06-10 11:15:00,1893.0,1893.3,1892.4,1893.1,139
2021-06-10 11:20:00,1892.9,1894.4,1892.9,1894.4,304
2021-06-10 11:25:00,1894.3,1894.6,1893.8,1894.2,166
2021-06-10 11:30:00,1894.3,1894.8,1894.1,1894.1,131
2021-06-10 11:35:00,1894.2,1895.6,1894.2,1895.5,313
2021-06-10 11:40:00,1895.5,1895.7,1893.9,1895.0,340
2021-06-10 11:45:00,1895.1,1896.2,1895.1,1895.6,231
2021-06-10 11:50:00,1895.7,1896.9,1895.7,1896.5,342
2021-06-10 11:55:00,1896.5,1896.8,1896.0,1896.5,175
2021-06-10 12:00:00,1896.7,1897.6,1896.1,1896.1,486
2021-06-10 12:05:00,1896.3,1897.4,1895.5,1895.8,175
2021-06-10 12:10:00,1896.0,1896.4,1894.6,1895.4,238
2021-06-10 12:15:00,1895.5,1896.4,1895.4,1895.7,129
2021-06-10 12:20:00,1895.8,1896.1,1894.8,1895.5,176
2021-06-10 12:25:00,1895.4,1895.5,1894.6,1895.0,119
2021-06-10 12:30:00,1895.0,1895.7,1895.0,1895.3,117
2021-06-10 12:35:00,1895.4,1896.6,1895.4,1896.5,92
2021-06-10 12:40:00,1896.5,1897.1,1895.7,1896.1,128
2021-06-10 12:45:00,1896.2,1896.6,1896.0,1896.4,66
2021-06-10 12:50:00,1896.6,1897.0,1896.0,1896.4,102
2021-06-10 12:55:00,1896.3,1896.5,1895.8,1896.4,138
2021-06-10 13:00:00,1896.6,1897.3,1895.9,1896.6,309
2021-06-10 13:05:00,1896.7,1897.9,1896.7,1897.1,179
2021-06-10 13:10:00,1897.1,1897.6,1896.8,1897.2,141
2021-06-10 13:15:00,1897.3,1897.5,1896.4,1896.6,128
2021-06-10 13:20:00,1896.7,1896.8,1895.8,1896.2,110
2021-06-10 13:25:00,1896.2,1896.7,1895.5,1896.4,226
2021-06-10 13:30:00,1896.7,1896.7,1896.3,1896.5,147
2021-06-10 13:35:00,1896.5,1897.4,1896.5,1896.9,135
2021-06-10 13:40:00,1896.9,1897.0,1896.4,1896.8,72
2021-06-10 13:45:00,1896.8,1897.3,1896.7,1897.3,87
2021-06-10 13:50:00,1897.4,1897.5,1897.1,1897.5,54
2021-06-10 13:55:00,1897.6,1897.9,1897.5,1897.5,72
2021-06-10 14:00:00,1897.5,1897.6,1897.2,1897.2,55
2021-06-10 14:05:00,1897.4,1898.0,1897.3,1897.4,95
2021-06-10 14:10:00,1897.4,1898.4,1897.4,1897.6,217
2021-06-10 14:15:00,1898.0,1898.2,1897.6,1898.1,62
2021-06-10 14:20:00,1898.1,1898.3,1897.6,1897.8,101
2021-06-10 14:25:00,1897.8,1898.1,1897.8,1898.1,58
2021-06-10 14:30:00,1898.1,1898.2,1897.9,1898.1,56
2021-06-10 14:35:00,1898.0,1898.1,1897.6,1897.6,66
2021-06-10 14:40:00,1897.6,1898.3,1897.4,1898.3,60
2021-06-10 14:45:00,1898.3,1899.0,1898.0,1898.5,165
2021-06-10 14:50:00,1898.5,1898.8,1897.9,1898.6,75
2021-06-10 14:55:00,1898.7,1899.1,1898.6,1898.9,73
2021-06-10 15:00:00,1899.0,1899.1,1898.6,1898.9,73
2021-06-10 15:05:00,1899.0,1899.4,1898.8,1899.1,108
2021-06-10 15:10:00,1899.4,1900.4,1899.3,1900.2,238
2021-06-10 15:15:00,1900.3,1903.0,1900.2,1900.7,451
2021-06-10 15:20:00,1900.8,1902.4,1900.8,1902.2,285
2021-06-10 15:25:00,1902.1,1902.5,1901.1,1901.8,118
2021-06-10 15:30:00,1901.8,1902.4,1900.1,1900.8,369
2021-06-10 15:35:00,1900.7,1900.9,1900.3,1900.6,76
2021-06-10 15:40:00,1900.9,1901.0,1900.3,1900.4,60
2021-06-10 15:45:00,1900.5,1900.9,1900.3,1900.5,79
2021-06-10 15:50:00,1900.5,1901.1,1900.4,1900.8,147
2021-06-10 15:55:00,1900.8,1901.5,1900.6,1901.2,112
2021-06-10 16:00:00,1901.3,1901.7,1901.0,1901.4,85
2021-06-10 16:05:00,1901.5,1901.5,1901.1,1901.3,37
2021-06-10 16:10:00,1901.4,1902.3,1901.4,1901.7,81
2021-06-10 16:15:00,1901.5,1901.6,1901.1,1901.4,38
2021-06-10 16:20:00,1901.3,1901.5,1901.3,1901.5,12
2021-06-10 16:25:00,1901.4,1901.6,1901.3,1901.3,27
2021-06-10 16:30:00,1901.5,1901.9,1901.4,1901.8,28
2021-06-10 16:35:00,1901.8,1902.0,1901.6,1901.9,20
2021-06-10 16:40:00,1902.1,1902.8,1902.0,1902.6,40
2021-06-10 16:45:00,1902.6,1903.0,1902.4,1903.0,54
2021-06-10 16:50:00,1903.0,1903.0,1902.7,1902.7,44
2021-06-10 16:55:00,1902.8,1902.8,1901.3,1901.3,85
2021-06-10 18:00:00,1901.0,1902.3,1901.0,1901.5,52
2021-06-10 18:05:00,1901.5,1901.5,1901.1,1901.5,26
2021-06-10 18:10:00,1901.5,1901.5,1901.0,1901.0,29
2021-06-10 18:15:00,1901.1,1901.4,1901.1,1901.3,18
2021-06-10 18:20:00,1901.2,1901.2,1900.5,1900.9,69
2021-06-10 18:25:00,1900.8,1901.7,1900.8,1901.6,32
2021-06-10 18:30:00,1901.4,1902.3,1901.4,1902.3,78
2021-06-10 18:35:00,1902.3,1902.5,1901.3,1901.5,60
2021-06-10 18:40:00,1901.3,1901.3,1901.0,1901.0,25
2021-06-10 18:45:00,1901.1,1901.9,1901.1,1901.8,57
2021-06-10 18:50:00,1901.8,1902.0,1901.4,1901.4,25
2021-06-10 18:55:00,1901.4,1901.6,1901.3,1901.6,10
2021-06-10 19:00:00,1901.8,1901.9,1901.7,1901.8,7
2021-06-10 19:05:00,1901.7,1901.7,1901.6,1901.7,11
2021-06-10 19:10:00,1901.8,1901.8,1901.5,1901.5,17
2021-06-10 19:15:00,1901.7,1901.7,1901.5,1901.6,27
2021-06-10 19:20:00,1901.5,1901.6,1901.1,1901.3,29
2021-06-10 19:25:00,1901.4,1901.4,1901.3,1901.3,41
2021-06-10 19:30:00,1901.3,1901.3,1901.1,1901.2,18
2021-06-10 19:35:00,1901.4,1901.5,1901.0,1901.1,25
2021-06-10 19:40:00,1901.0,1901.2,1900.9,1900.9,34
2021-06-10 19:45:00,1900.8,1901.0,1900.5,1901.0,39
2021-06-10 19:50:00,1900.9,1901.8,1900.9,1901.7,51
2021-06-10 19:55:00,1901.8,1901.9,1900.8,1901.3,30
2021-07-13 00:00:00,1809.9,1809.9,1809.5,1809.5,47
2021-07-13 00:05:00,1809.5,1809.5,1808.9,1809.1,89
2021-07-13 00:10:00,1809.0,1810.2,1809.0,1810.1,85
2021-07-13 00:15:00,1810.2,1810.8,1810.1,1810.4,110
2021-07-13 00:20:00,1810.4,1810.5,1810.1,1810.3,28
2021-07-13 00:25:00,1810.3,1810.3,1809.9,1810.2,53
2021-07-13 00:30:00,1810.2,1810.5,1810.2,1810.4,11
2021-07-13 00:35:00,1810.2,1810.2,1809.9,1809.9,18
2021-07-13 00:40:00,1810.1,1810.4,1809.7,1810.3,34
2021-07-13 00:45:00,1810.3,1810.5,1810.2,1810.2,69
2021-07-13 00:50:00,1810.2,1810.6,1810.2,1810.3,40
2021-07-13 00:55:00,1810.3,1810.4,1810.1,1810.1,25
2021-07-13 01:00:00,1810.1,1810.2,1809.8,1810.0,33
2021-07-13 01:05:00,1810.1,1810.2,1809.8,1809.9,26
2021-07-13 01:10:00,1809.9,1810.1,1809.8,1810.0,18
2021-07-13 01:15:00,1810.0,1810.0,1809.1,1809.1,107
2021-07-13 01:20:00,1809.1,1809.2,1808.5,1808.7,175
2021-07-13 01:25:00,1808.7,1809.0,1808.1,1809.0,166
2021-07-13 01:30:00,1808.9,1809.2,1807.6,1807.8,199
2021-07-13 01:35:00,1807.7,1808.2,1806.7,1808.0,334
2021-07-13 01:40:00,1808.0,1808.2,1807.7,1807.9,61
2021-07-13 01:45:00,1808.0,1808.3,1807.3,1807.3,132
2021-07-13 01:50:00,1807.2,1807.4,1807.1,1807.1,51
2021-07-13 01:55:00,1807.1,1807.2,1806.4,1806.7,113
2021-07-13 02:00:00,1807.0,1807.9,1806.8,1807.9,112
2021-07-13 02:05:00,1807.9,1809.3,1807.9,1809.2,274
2021-07-13 02:10:00,1809.2,1809.8,1808.9,1809.7,151
2021-07-13 02:15:00,1809.8,1810.2,1808.5,1809.0,196
2021-07-13 02:20:00,1809.2,1811.3,1809.0,1811.2,288
2021-07-13 02:25:00,1811.1,1811.6,1811.0,1811.2,143
2021-07-13 02:30:00,1811.5,1811.7,1811.1,1811.6,150
2021-07-13 02:35:00,1811.6,1812.2,1811.1,1811.6,105
2021-07-13 02:40:00,1811.7,1812.3,1811.6,1812.2,119
2021-07-13 02:45:00,1812.3,1812.8,1811.7,1811.8,215
2021-07-13 02:50:00,1811.8,1812.5,1811.3,1811.5,176
2021-07-13 02:55:00,1811.6,1811.8,1811.1,1811.1,65
2021-07-13 03:00:00,1811.1,1811.8,1810.1,1811.7,169
2021-07-13 03:05:00,1811.7,1812.4,1811.0,1811.3,123
2021-07-13 03:10:00,1811.2,1811.9,1811.0,1811.8,82
2021-07-13 03:15:00,1812.0,1812.6,1811.5,1812.2,152
2021-07-13 03:20:00,1811.9,1811.9,1810.8,1810.9,61
2021-07-13 03:25:00,1811.4,1811.6,1811.0,1811.3,61
2021-07-13 03:30:00,1811.3,1811.7,1810.4,1810.9,163
2021-07-13 03:35:00,1810.9,1812.1,1810.9,1811.8,64
2021-07-13 03:40:00,1811.9,1812.2,1811.4,1811.4,84
2021-07-13 03:45:00,1811.4,1812.0,1811.2,1811.6,59
2021-07-13 03:50:00,1811.8,1811.8,1810.7,1810.9,59
2021-07-13 03:55:00,1810.9,1811.1,1810.4,1810.4,69
2021-07-13 04:00:00,1810.4,1810.4,1808.2,1808.6,210
2021-07-13 04:05:00,1808.5,1808.6,1807.1,1807.8,240
2021-07-13 04:10:00,1807.8,1808.1,1806.8,1807.1,174
2021-07-13 04:15:00,1807.2,1807.6,1806.1,1807.3,281
2021-07-13 04:20:00,1807.2,1808.1,1806.7,1807.6,185
2021-07-13 04:25:00,1807.6,1807.9,1807.4,1807.4,69
2021-07-13 04:30:00,1807.3,1807.6,1807.1,1807.2,82
2021-07-13 04:35:00,1807.1,1807.8,1806.9,1807.7,69
2021-07-13 04:40:00,1807.8,1809.0,1807.8,1808.8,166
2021-07-13 04:45:00,1808.9,1809.6,1808.4,1809.6,161
2021-07-13 04:50:00,1809.4,1809.5,1809.0,1809.3,75
2021-07-13 04:55:00,1809.3,1809.4,1809.1,1809.3,41
2021-07-13 05:00:00,1809.2,1809.3,1808.6,1808.8,108
2021-07-13 05:05:00,1808.6,1808.7,1808.2,1808.7,58
2021-07-13 05:10:00,1808.7,1808.9,1807.5,1807.5,99
2021-07-13 05:15:00,1807.6,1808.8,1807.6,1808.8,90
2021-07-13 05:20:00,1808.7,1809.9,1808.5,1808.6,171
2021-07-13 05:25:00,1808.5,1808.7,1807.9,1808.1,73
2021-07-13 05:30:00,1808.0,1808.4,1807.7,1808.2,81
2021-07-13 05:35:00,1808.4,1808.6,1807.4,1807.5,108
2021-07-13 05:40:00,1807.5,1808.1,1807.0,1808.1,106
2021-07-13 05:45:00,1808.1,1808.3,1807.5,1807.6,125
2021-07-13 05:50:00,1807.7,1808.6,1807.5,1808.5,63
2021-07-13 05:55:00,1808.5,1809.0,1808.4,1808.9,68
2021-07-13 06:00:00,1808.9,1808.9,1808.3,1808.7,43
2021-07-13 06:05:00,1808.9,1809.0,1807.8,1808.2,153
2021-07-13 06:10:00,1808.3,1808.8,1808.3,1808.3,38
2021-07-13 06:15:00,1808.2,1809.5,1808.0,1809.4,84
2021-07-13 06:20:00,1809.4,1809.8,1809.4,1809.8,121
2021-07-13 06:25:00,1809.8,1810.0,1809.5,1810.0,107
2021-07-13 06:30:00,1810.0,1810.6,1809.8,1810.1,194
2021-07-13 06:35:00,1810.1,1810.1,1809.4,1809.5,125
2021-07-13 06:40:00,1809.3,1809.4,1808.7,1808.7,66
2021-07-13 06:45:00,1808.6,1809.9,1808.3,1809.9,130
2021-07-13 06:50:00,1809.8,1810.3,1809.5,1810.0,49
2021-07-13 06:55:00,1809.9,1810.0,1809.0,1809.1,44
2021-07-13 07:00:00,1809.1,1809.3,1808.4,1808.4,80
2021-07-13 07:05:00,1808.3,1808.6,1808.0,1808.0,45
2021-07-13 07:10:00,1808.1,1808.7,1807.7,1808.6,84
2021-07-13 07:15:00,1808.7,1809.0,1808.4,1808.9,32
2021-07-13 07:20:00,1808.8,1808.8,1808.5,1808.7,25
2021-07-13 07:25:00,1808.6,1808.6,1807.7,1808.0,83
2021-07-13 07:30:00,1808.2,1808.8,1807.7,1807.9,106
2021-07-13 07:35:00,1807.8,1808.6,1807.4,1808.3,87
2021-07-13 07:40:00,1808.7,1809.2,1808.7,1809.1,76
2021-07-13 07:45:00,1809.1,1809.4,1809.1,1809.2,65
2021-07-13 07:50:00,1809.3,1809.4,1808.8,1809.0,80
2021-07-13 07:55:00,1809.3,1810.2,1809.3,1809.9,92
2021-07-13 08:00:00,1809.9,1813.2,1809.9,1812.7,611
2021-07-13 08:05:00,1812.9,1813.3,1812.2,1813.1,354
2021-07-13 08:10:00,1813.3,1813.4,1812.4,1812.7,272
2021-07-13 08:15:00,1812.7,1815.0,1812.7,1813.9,734
2021-07-13 08:20:00,1814.0,1815.7,1813.9,1814.6,613
2021-07-13 08:25:00,1814.6,1815.3,1813.6,1813.9,188
2021-07-13 08:30:00,1814.4,1814.4,1803.1,1810.5,2923
2021-07-13 08:35:00,1810.6,1813.2,1808.7,1813.2,1416
2021-07-13 08:40:00,1813.4,1818.0,1812.4,1814.0,2855
2021-07-13 08:45:00,1814.2,1815.8,1811.6,1811.8,1308
2021-07-13 08:50:00,1812.0,1812.1,1806.3,1808.4,2087
2021-07-13 08:55:00,1808.2,1808.3,1798.7,1800.3,2949
2021-07-13 09:00:00,1800.3,1806.7,1798.8,1805.4,2401
2021-07-13 09:05:00,1805.3,1806.9,1803.6,1806.3,1026
2021-07-13 09:10:00,1806.4,1810.6,1805.7,1810.4,1337
2021-07-13 09:15:00,1810.2,1810.5,1806.7,1807.4,1041
2021-07-13 09:20:00,1807.4,1808.9,1805.4,1808.9,882
2021-07-13 09:25:00,1808.9,1811.8,1808.9,1811.8,1093
2021-07-13 09:30:00,1811.8,1813.8,1811.2,1812.8,1123
2021-07-13 09:35:00,1812.7,1814.6,1812.4,1813.0,1011
2021-07-13 09:40:00,1813.2,1814.4,1810.5,1811.3,762
2021-07-13 09:45:00,1811.3,1814.8,1811.2,1814.7,680
2021-07-13 09:50:00,1814.8,1816.0,1814.2,1814.8,914
2021-07-13 09:55:00,1814.8,1815.6,1814.2,1814.6,305
2021-07-13 10:00:00,1814.5,1814.9,1812.2,1813.7,581
2021-07-13 10:05:00,1813.7,1814.5,1809.6,1810.6,742
2021-07-13 10:10:00,1810.7,1811.2,1809.1,1809.7,569
2021-07-13 10:15:00,1809.8,1812.8,1809.7,1812.8,300
2021-07-13 10:20:00,1812.8,1813.7,1812.4,1812.8,300
2021-07-13 10:25:00,1812.7,1815.1,1812.6,1814.9,377
2021-07-13 10:30:00,1814.9,1815.1,1813.0,1813.3,344
2021-07-13 10:35:00,1813.3,1813.6,1811.7,1813.0,259
2021-07-13 10:40:00,1813.1,1813.1,1811.4,1812.0,230
2021-07-13 10:45:00,1812.3,1812.9,1811.6,1812.5,171
2021-07-13 10:50:00,1812.5,1813.1,1811.5,1812.0,142
2021-07-13 10:55:00,1812.1,1813.5,1812.0,1813.4,190
2021-07-13 11:00:00,1813.5,1814.1,1812.6,1812.8,197
2021-07-13 11:05:00,1813.0,1814.2,1813.0,1814.1,117
2021-07-13 11:10:00,1814.1,1814.2,1813.1,1813.1,107
2021-07-13 11:15:00,1813.0,1813.2,1811.6,1811.6,188
2021-07-13 11:20:00,1811.5,1812.5,1811.1,1812.4,205
2021-07-13 11:25:00,1812.5,1813.2,1812.1,1813.1,200
2021-07-13 11:30:00,1813.0,1813.7,1813.0,1813.7,109
2021-07-13 11:35:00,1813.7,1814.5,1813.7,1814.4,152
2021-07-13 11:40:00,1814.4,1814.9,1814.0,1814.9,152
2021-07-13 11:45:00,1814.7,1815.6,1814.7,1814.8,274
2021-07-13 11:50:00,1814.9,1815.2,1813.9,1814.0,218
2021-07-13 11:55:00,1814.0,1814.0,1813.0,1813.9,160
2021-07-13 12:00:00,1814.0,1814.5,1813.5,1814.1,141
2021-07-13 12:05:00,1814.2,1814.6,1813.7,1813.9,73
2021-07-13 12:10:00,1813.9,1814.7,1813.9,1814.1,78
2021-07-13 12:15:00,1814.1,1814.5,1813.9,1814.5,185
2021-07-13 12:20:00,1814.6,1814.6,1813.8,1814.4,86
2021-07-13 12:25:00,1814.4,1814.4,1813.4,1813.7,65
2021-07-13 12:30:00,1813.9,1813.9,1813.0,1813.0,101
2021-07-13 12:35:00,1813.0,1813.1,1812.3,1812.5,188
2021-07-13 12:40:00,1812.6,1812.8,1812.5,1812.6,53
2021-07-13 12:45:00,1812.6,1812.6,1812.1,1812.3,83
2021-07-13 12:50:00,1812.1,1812.7,1811.9,1812.6,109
2021-07-13 12:55:00,1812.5,1812.5,1811.8,1812.2,60
2021-07-13 13:00:00,1812.1,1812.2,1810.1,1810.1,378
2021-07-13 13:05:00,1810.2,1811.4,1810.0,1811.4,211
2021-07-13 13:10:00,1811.4,1811.8,1809.3,1809.4,243
2021-07-13 13:15:00,1809.4,1810.3,1808.6,1808.7,334
2021-07-13 13:20:00,1808.8,1810.1,1808.3,1809.3,178
2021-07-13 13:25:00,1809.2,1810.4,1808.9,1810.2,230
2021-07-13 13:30:00,1810.0,1810.0,1808.6,1809.0,151
2021-07-13 13:35:00,1809.1,1809.4,1807.9,1809.0,191
2021-07-13 13:40:00,1809.3,1809.3,1807.4,1808.1,255
2021-07-13 13:45:00,1808.2,1808.8,1807.3,1808.1,177
2021-07-13 13:50:00,1808.1,1808.5,1807.6,1807.9,101
2021-07-13 13:55:00,1807.6,1808.1,1807.3,1807.5,101
2021-07-13 14:00:00,1807.6,1807.6,1805.4,1806.3,463
2021-07-13 14:05:00,1806.2,1807.6,1806.1,1807.2,239
2021-07-13 14:10:00,1807.2,1807.5,1806.7,1806.9,159
2021-07-13 14:15:00,1806.7,1807.4,1806.5,1807.2,72
2021-07-13 14:20:00,1807.4,1807.8,1807.2,1807.7,96
2021-07-13 14:25:00,1807.8,1809.8,1807.7,1809.3,345
2021-07-13 14:30:00,1809.3,1809.4,1808.7,1809.3,63
2021-07-13 14:35:00,1809.1,1809.4,1808.8,1809.4,57
2021-07-13 14:40:00,1809.5,1809.5,1808.5,1808.6,84
2021-07-13 14:45:00,1808.5,1808.6,1808.0,1808.6,104
2021-07-13 14:50:00,1808.3,1808.5,1807.6,1807.8,72
2021-07-13 14:55:00,1807.6,1807.9,1807.4,1807.5,103
2021-07-13 15:00:00,1807.4,1807.7,1806.9,1807.4,105
2021-07-13 15:05:00,1807.5,1809.0,1807.5,1808.6,195
2021-07-13 15:10:00,1808.4,1808.8,1808.0,1808.8,92
2021-07-13 15:15:00,1808.9,1809.1,1808.4,1808.6,89
2021-07-13 15:20:00,1808.4,1808.5,1808.0,1808.0,60
2021-07-13 15:25:00,1808.1,1808.1,1807.5,1807.9,129
2021-07-13 15:30:00,1807.9,1807.9,1806.5,1807.0,111
2021-07-13 15:35:00,1807.1,1807.2,1806.7,1807.2,56
2021-07-13 15:40:00,1807.2,1807.9,1807.2,1807.7,31
2021-07-13 15:45:00,1807.5,1807.5,1807.1,1807.3,17
2021-07-13 15:50:00,1807.4,1808.2,1807.4,1808.1,39
2021-07-13 15:55:00,1808.1,1809.7,1807.9,1808.7,383
2021-07-13 16:00:00,1808.7,1809.0,1808.7,1808.8,50
2021-07-13 16:05:00,1808.8,1808.8,1808.1,1808.1,33
2021-07-13 16:10:00,1808.2,1808.4,1808.1,1808.2,41
2021-07-13 16:15:00,1808.2,1808.4,1808.2,1808.3,19
2021-07-13 16:20:00,1808.3,1808.4,1807.8,1808.1,32
2021-07-13 16:25:00,1808.1,1808.1,1807.8,1807.8,20
2021-07-13 16:30:00,1807.7,1807.8,1807.5,1807.6,34
2021-07-13 16:35:00,1808.0,1808.1,1807.9,1808.0,10
2021-07-13 16:40:00,1807.8,1807.8,1807.6,1807.8,8
2021-07-13 16:45:00,1807.9,1808.0,1807.4,1807.4,60
2021-07-13 16:50:00,1807.6,1807.8,1807.4,1807.4,35
2021-07-13 16:55:00,1807.5,1808.0,1807.5,1807.8,37
2021-07-13 18:00:00,1808.2,1809.4,1807.8,1807.9,72
2021-07-13 18:05:00,1808.1,1808.5,1808.1,1808.1,47
2021-07-13 18:10:00,1808.1,1808.4,1807.9,1808.2,24
2021-07-13 18:15:00,1807.9,1808.4,1807.8,1808.1,29
2021-07-13 18:20:00,1808.1,1808.5,1808.0,1808.5,23
2021-07-13 18:25:00,1808.4,1808.4,1808.2,1808.2,7
2021-07-13 18:30:00,1808.2,1808.3,1808.1,1808.3,21
2021-07-13 18:35:00,1808.3,1808.3,1808.1,1808.2,10
2021-07-13 18:40:00,1808.3,1808.5,1808.2,1808.4,14
2021-07-13 18:45:00,1808.3,1808.3,1808.1,1808.3,9
2021-07-13 18:50:00,1808.3,1808.3,1808.0,1808.0,16
2021-07-13 18:55:00,1808.0,1808.1,1807.9,1808.0,32
2021-07-13 19:00:00,1807.8,1807.8,1807.1,1807.1,62
2021-07-13 19:05:00,1807.2,1807.7,1807.2,1807.6,34
2021-07-13 19:10:00,1807.9,1808.0,1807.4,1807.5,30
2021-07-13 19:15:00,1807.5,1807.6,1807.1,1807.2,47
2021-07-13 19:20:00,1807.1,1807.2,1807.0,1807.2,21
2021-07-13 19:25:00,1807.3,1807.5,1807.0,1807.0,14
2021-07-13 19:30:00,1807.0,1807.2,1806.8,1807.2,32
2021-07-13 19:35:00,1807.3,1807.6,1807.2,1807.3,22
2021-07-13 19:40:00,1807.3,1807.3,1806.4,1806.6,93
2021-07-13 19:45:00,1806.5,1806.5,1806.1,1806.4,50
2021-07-13 19:50:00,1806.4,1807.0,1806.0,1806.1,71
2021-07-13 19:55:00,1806.3,1806.5,1806.3,1806.5,56
2021-08-11 00:00:00,1734.7,1734.7,1734.1,1734.1,72
2021-08-11 00:05:00,1734.3,1734.4,1734.0,1734.3,60
2021-08-11 00:10:00,1734.4,1735.0,1734.2,1734.9,103
2021-08-11 00:15:00,1735.0,1735.4,1734.6,1735.3,97
2021-08-11 00:20:00,1735.1,1735.3,1734.7,1735.1,85
2021-08-11 00:25:00,1735.1,1735.3,1735.1,1735.3,30
2021-08-11 00:30:00,1735.3,1735.3,1733.9,1733.9,225
2021-08-11 00:35:00,1733.9,1734.0,1733.7,1733.7,124
2021-08-11 00:40:00,1733.7,1734.0,1733.6,1733.7,78
2021-08-11 00:45:00,1733.6,1733.8,1733.0,1733.1,144
2021-08-11 00:50:00,1733.2,1733.7,1732.7,1733.4,149
2021-08-11 00:55:00,1733.5,1733.5,1732.8,1733.2,45
2021-08-11 01:00:00,1733.2,1733.5,1733.0,1733.4,41
2021-08-11 01:05:00,1733.4,1733.4,1733.0,1733.1,38
2021-08-11 01:10:00,1733.0,1733.3,1732.5,1732.7,52
2021-08-11 01:15:00,1732.9,1733.8,1732.8,1732.8,100
2021-08-11 01:20:00,1732.7,1734.1,1732.6,1734.0,107
2021-08-11 01:25:00,1734.0,1734.1,1733.5,1733.7,38
2021-08-11 01:30:00,1733.8,1734.5,1733.6,1734.4,162
2021-08-11 01:35:00,1734.4,1734.4,1733.0,1733.2,117
2021-08-11 01:40:00,1733.2,1733.5,1733.2,1733.5,33
2021-08-11 01:45:00,1733.6,1734.1,1733.4,1734.1,45
2021-08-11 01:50:00,1734.0,1734.9,1733.9,1734.3,112
2021-08-11 01:55:00,1734.4,1734.9,1734.3,1734.9,106
2021-08-11 02:00:00,1734.8,1735.2,1733.9,1733.9,204
2021-08-11 02:05:00,1734.1,1734.2,1732.4,1732.6,133
2021-08-11 02:10:00,1732.6,1733.4,1732.3,1732.8,122
2021-08-11 02:15:00,1732.6,1733.6,1732.6,1733.4,68
2021-08-11 02:20:00,1733.3,1733.7,1732.4,1732.5,111
2021-08-11 02:25:00,1732.6,1732.9,1730.9,1731.0,257
2021-08-11 02:30:00,1730.9,1732.2,1730.6,1731.8,205
2021-08-11 02:35:00,1731.6,1732.0,1731.0,1731.0,63
2021-08-11 02:40:00,1731.1,1732.0,1731.1,1731.6,61
2021-08-11 02:45:00,1731.5,1733.1,1731.2,1733.0,145
2021-08-11 02:50:00,1733.0,1733.4,1732.3,1732.4,120
2021-08-11 02:55:00,1732.5,1733.0,1732.4,1732.7,74
2021-08-11 03:00:00,1732.7,1732.7,1729.4,1731.4,366
2021-08-11 03:05:00,1731.5,1731.9,1731.0,1731.4,128
2021-08-11 03:10:00,1731.5,1732.6,1731.5,1732.2,102
2021-08-11 03:15:00,1732.2,1732.6,1732.0,1732.1,52
2021-08-11 03:20:00,1732.4,1732.4,1730.5,1730.8,86
2021-08-11 03:25:00,1730.7,1731.9,1730.2,1731.9,186
2021-08-11 03:30:00,1731.9,1734.1,1731.1,1734.1,277
2021-08-11 03:35:00,1734.0,1734.4,1733.3,1733.4,129
2021-08-11 03:40:00,1733.3,1734.0,1732.9,1733.7,85
2021-08-11 03:45:00,1733.4,1734.0,1733.1,1733.4,81
2021-08-11 03:50:00,1733.5,1734.3,1733.5,1734.0,77
2021-08-11 03:55:00,1734.0,1734.0,1733.4,1733.4,31
2021-08-11 04:00:00,1733.4,1733.9,1733.1,1733.9,58
2021-08-11 04:05:00,1734.0,1734.0,1733.0,1733.3,86
2021-08-11 04:10:00,1733.2,1733.2,1732.5,1733.1,66
2021-08-11 04:15:00,1733.0,1733.4,1732.0,1732.2,79
2021-08-11 04:20:00,1732.3,1732.9,1731.8,1732.9,108
2021-08-11 04:25:00,1733.0,1733.3,1732.7,1732.9,60
2021-08-11 04:30:00,1733.0,1733.6,1732.7,1733.4,65
2021-08-11 04:35:00,1733.7,1734.1,1733.4,1733.8,94
2021-08-11 04:40:00,1733.8,1734.3,1733.2,1733.5,63
2021-08-11 04:45:00,1733.5,1734.2,1733.5,1734.2,69
2021-08-11 04:50:00,1734.2,1734.6,1734.0,1734.0,74
2021-08-11 04:55:00,1734.1,1734.7,1733.8,1734.0,67
2021-08-11 05:00:00,1734.4,1735.0,1734.0,1734.0,135
2021-08-11 05:05:00,1733.9,1734.0,1733.4,1733.9,91
2021-08-11 05:10:00,1733.8,1734.1,1733.5,1734.1,65
2021-08-11 05:15:00,1734.0,1734.0,1733.3,1733.9,66
2021-08-11 05:20:00,1734.0,1735.4,1733.9,1734.8,209
2021-08-11 05:25:00,1734.4,1734.6,1734.0,1734.1,67
2021-08-11 05:30:00,1734.3,1734.6,1733.7,1733.7,77
2021-08-11 05:35:00,1733.8,1734.1,1733.7,1734.0,34
2021-08-11 05:40:00,1734.1,1734.7,1734.1,1734.2,56
2021-08-11 05:45:00,1734.3,1734.9,1734.2,1734.7,37
2021-08-11 05:50:00,1734.4,1734.6,1733.7,1734.1,65
2021-08-11 05:55:00,1734.0,1734.4,1733.7,1734.4,46
2021-08-11 06:00:00,1734.2,1734.5,1734.1,1734.4,55
2021-08-11 06:05:00,1734.5,1735.0,1734.5,1734.6,73
2021-08-11 06:10:00,1734.8,1734.8,1734.7,1734.7,29
2021-08-11 06:15:00,1734.8,1736.6,1734.6,1735.8,426
2021-08-11 06:20:00,1735.7,1736.6,1735.3,1736.0,135
2021-08-11 06:25:00,1736.2,1737.2,1735.5,1737.1,198
2021-08-11 06:30:00,1737.0,1737.0,1736.2,1736.4,69
2021-08-11 06:35:00,1736.4,1737.6,1736.4,1737.0,122
2021-08-11 06:40:00,1737.0,1737.4,1736.9,1737.2,75
2021-08-11 06:45:00,1737.2,1737.2,1736.8,1737.1,71
2021-08-11 06:50:00,1737.2,1738.0,1737.1,1737.8,158
2021-08-11 06:55:00,1737.8,1739.6,1736.7,1738.7,473
2021-08-11 07:00:00,1738.8,1738.9,1737.9,1738.1,122
2021-08-11 07:05:00,1738.1,1738.5,1737.7,1738.0,149
2021-08-11 07:10:00,1738.2,1738.5,1737.8,1737.8,82
2021-08-11 07:15:00,1737.9,1738.7,1737.8,1737.8,66
2021-08-11 07:20:00,1737.7,1738.6,1737.7,1738.5,39
2021-08-11 07:25:00,1738.4,1738.8,1738.1,1738.2,75
2021-08-11 07:30:00,1738.2,1738.4,1737.5,1737.7,151
2021-08-11 07:35:00,1737.5,1739.2,1737.5,1738.8,168
2021-08-11 07:40:00,1738.7,1738.8,1738.2,1738.7,101
2021-08-11 07:45:00,1739.0,1739.3,1738.8,1739.0,83
2021-08-11 07:50:00,1738.8,1739.2,1738.6,1738.6,61
2021-08-11 07:55:00,1738.8,1738.8,1738.3,1738.3,49
2021-08-11 08:00:00,1738.4,1740.9,1738.4,1740.8,603
2021-08-11 08:05:00,1740.8,1741.6,1739.6,1739.6,437
2021-08-11 08:10:00,1739.7,1739.9,1737.8,1739.7,356
2021-08-11 08:15:00,1739.8,1740.1,1738.9,1739.6,197
2021-08-11 08:20:00,1739.4,1739.4,1735.4,1736.1,683
2021-08-11 08:25:00,1736.2,1737.6,1735.8,1737.3,249
2021-08-11 08:30:00,1736.0,1746.0,1735.3,1740.0,1938
2021-08-11 08:35:00,1740.1,1747.6,1740.1,1746.1,2574
2021-08-11 08:40:00,1746.2,1748.6,1745.3,1746.9,1335
2021-08-11 08:45:00,1747.2,1749.0,1746.6,1747.8,672
2021-08-11 08:50:00,1748.0,1748.3,1741.8,1741.8,1310
2021-08-11 08:55:00,1741.7,1746.8,1741.3,1746.2,885
2021-08-11 09:00:00,1746.1,1746.2,1743.6,1744.0,719
2021-08-11 09:05:00,1743.9,1744.2,1739.9,1742.2,1120
2021-08-11 09:10:00,1742.0,1743.9,1740.7,1742.6,663
2021-08-11 09:15:00,1742.7,1744.9,1742.2,1744.7,466
2021-08-11 09:20:00,1744.7,1746.3,1744.2,1744.4,562
2021-08-11 09:25:00,1744.3,1746.2,1744.3,1745.5,348
2021-08-11 09:30:00,1745.3,1748.1,1744.3,1746.7,788
2021-08-11 09:35:00,1746.7,1747.3,1745.7,1746.3,473
2021-08-11 09:40:00,1746.1,1747.4,1741.0,1743.5,952
2021-08-11 09:45:00,1743.4,1743.4,1740.0,1740.0,955
2021-08-11 09:50:00,1740.4,1742.3,1740.0,1741.7,702
2021-08-11 09:55:00,1741.7,1742.0,1740.6,1741.2,311
2021-08-11 10:00:00,1741.0,1744.1,1740.8,1743.8,572
2021-08-11 10:05:00,1744.0,1744.9,1743.0,1744.6,398
2021-08-11 10:10:00,1744.6,1744.9,1742.9,1743.3,291
2021-08-11 10:15:00,1743.4,1745.6,1743.2,1744.9,405
2021-08-11 10:20:00,1744.8,1745.7,1742.9,1744.4,301
2021-08-11 10:25:00,1744.4,1745.0,1743.8,1744.5,161
2021-08-11 10:30:00,1744.4,1745.0,1742.9,1744.0,168
2021-08-11 10:35:00,1744.2,1745.3,1744.2,1744.7,136
2021-08-11 10:40:00,1744.9,1746.0,1744.7,1744.7,242
2021-08-11 10:45:00,1745.0,1747.1,1745.0,1746.9,277
2021-08-11 10:50:00,1747.0,1747.4,1746.4,1747.1,270
2021-08-11 10:55:00,1747.2,1747.4,1746.4,1747.2,210
2021-08-11 11:00:00,1747.2,1748.7,1747.2,1748.0,341
2021-08-11 11:05:00,1747.9,1750.3,1747.9,1749.9,595
2021-08-11 11:10:00,1750.1,1751.4,1749.7,1750.9,668
2021-08-11 11:15:00,1751.0,1751.0,1749.2,1749.7,346
2021-08-11 11:20:00,1749.6,1750.5,1748.6,1750.1,334
2021-08-11 11:25:00,1750.3,1750.9,1749.6,1750.7,247
2021-08-11 11:30:00,1750.7,1751.4,1750.0,1751.4,271
2021-08-11 11:35:00,1751.4,1751.7,1750.4,1750.9,248
2021-08-11 11:40:00,1751.0,1751.9,1750.5,1751.5,242
2021-08-11 11:45:00,1751.5,1752.3,1751.3,1752.2,256
2021-08-11 11:50:00,1752.2,1753.7,1752.2,1753.4,331
2021-08-11 11:55:00,1753.3,1753.8,1752.6,1753.1,224
2021-08-11 12:00:00,1753.3,1753.3,1751.2,1751.3,415
2021-08-11 12:05:00,1751.3,1751.4,1749.7,1749.8,311
2021-08-11 12:10:00,1749.8,1749.8,1749.2,1749.6,183
2021-08-11 12:15:00,1749.6,1750.7,1749.5,1750.2,175
2021-08-11 12:20:00,1750.1,1750.7,1749.8,1750.1,129
2021-08-11 12:25:00,1750.2,1750.5,1749.6,1750.1,148
2021-08-11 12:30:00,1750.2,1750.6,1749.9,1750.2,70
2021-08-11 12:35:00,1750.2,1750.5,1750.0,1750.0,47
2021-08-11 12:40:00,1750.0,1751.5,1750.0,1751.5,155
2021-08-11 12:45:00,1751.5,1752.0,1751.4,1752.0,80
2021-08-11 12:50:00,1752.0,1752.0,1751.5,1751.7,76
2021-08-11 12:55:00,1751.8,1752.2,1751.1,1751.5,152
2021-08-11 13:00:00,1751.7,1756.5,1750.4,1754.5,1914
2021-08-11 13:05:00,1754.5,1754.6,1753.1,1754.2,509
2021-08-11 13:10:00,1754.3,1755.9,1753.5,1753.6,548
2021-08-11 13:15:00,1753.8,1753.8,1752.4,1753.0,296
2021-08-11 13:20:00,1753.0,1754.2,1752.8,1754.0,194
2021-08-11 13:25:00,1753.9,1754.2,1752.8,1753.1,479
2021-08-11 13:30:00,1753.2,1754.5,1752.8,1753.8,252
2021-08-11 13:35:00,1753.7,1754.2,1753.1,1753.5,113
2021-08-11 13:40:00,1753.5,1754.0,1752.9,1753.3,177
2021-08-11 13:45:00,1753.4,1754.1,1753.2,1753.9,59
2021-08-11 13:50:00,1753.9,1754.4,1753.4,1754.4,119
2021-08-11 13:55:00,1754.4,1754.7,1754.0,1754.5,89
2021-08-11 14:00:00,1754.3,1754.3,1753.5,1753.8,135
2021-08-11 14:05:00,1754.0,1754.8,1754.0,1754.7,59
2021-08-11 14:10:00,1754.6,1754.9,1754.3,1754.3,54
2021-08-11 14:15:00,1754.4,1754.8,1753.6,1754.0,113
2021-08-11 14:20:00,1754.1,1754.8,1754.0,1754.8,89
2021-08-11 14:25:00,1754.7,1755.2,1754.6,1755.2,137
2021-08-11 14:30:00,1755.3,1756.5,1755.0,1755.2,327
2021-08-11 14:35:00,1755.1,1755.2,1754.6,1754.6,74
2021-08-11 14:40:00,1754.6,1755.3,1754.6,1755.1,56
2021-08-11 14:45:00,1755.1,1755.4,1754.7,1754.7,95
2021-08-11 14:50:00,1754.8,1754.8,1753.4,1754.0,204
2021-08-11 14:55:00,1754.2,1754.3,1752.9,1753.0,141
2021-08-11 15:00:00,1753.2,1753.4,1752.8,1753.1,99
2021-08-11 15:05:00,1753.2,1753.4,1753.1,1753.4,43
2021-08-11 15:10:00,1753.4,1753.8,1753.4,1753.7,52
2021-08-11 15:15:00,1753.8,1754.0,1753.1,1753.1,62
2021-08-11 15:20:00,1753.2,1753.4,1752.7,1753.4,72
2021-08-11 15:25:00,1753.4,1753.5,1753.0,1753.2,49
2021-08-11 15:30:00,1753.1,1753.2,1752.9,1753.1,20
2021-08-11 15:35:00,1753.1,1753.1,1752.8,1752.9,34
2021-08-11 15:40:00,1753.0,1753.5,1752.9,1753.5,81
2021-08-11 15:45:00,1753.4,1754.3,1753.4,1753.8,100
2021-08-11 15:50:00,1753.7,1754.0,1753.5,1753.7,52
2021-08-11 15:55:00,1753.7,1754.6,1753.6,1754.3,187
2021-08-11 16:00:00,1754.2,1754.5,1753.9,1754.2,84
2021-08-11 16:05:00,1754.2,1754.2,1754.0,1754.1,18
2021-08-11 16:10:00,1754.1,1754.1,1753.8,1753.9,14
2021-08-11 16:15:00,1753.6,1753.8,1753.5,1753.8,29
2021-08-11 16:20:00,1753.9,1754.1,1753.6,1753.6,33
2021-08-11 16:25:00,1753.5,1753.7,1753.4,1753.6,21
2021-08-11 16:30:00,1753.5,1754.2,1753.5,1754.2,29
2021-08-11 16:35:00,1754.0,1754.0,1753.9,1753.9,4
2021-08-11 16:40:00,1754.0,1754.3,1754.0,1754.1,41
2021-08-11 16:45:00,1753.9,1753.9,1752.9,1753.1,68
2021-08-11 16:50:00,1753.1,1753.4,1753.1,1753.2,42
2021-08-11 16:55:00,1753.0,1753.3,1752.8,1753.2,44
2021-08-11 18:00:00,1753.2,1753.4,1752.3,1752.9,81
2021-08-11 18:05:00,1752.9,1753.3,1752.9,1753.0,12
2021-08-11 18:10:00,1753.2,1753.2,1752.6,1752.6,15
2021-08-11 18:15:00,1752.5,1752.9,1752.5,1752.9,17
2021-08-11 18:20:00,1752.8,1753.1,1752.8,1753.0,19
2021-08-11 18:25:00,1753.0,1753.0,1752.6,1752.7,15
2021-08-11 18:30:00,1752.9,1752.9,1752.3,1752.4,20
2021-08-11 18:35:00,1752.4,1752.6,1752.4,1752.5,18
2021-08-11 18:40:00,1752.5,1752.7,1752.4,1752.5,23
2021-08-11 18:45:00,1752.5,1752.5,1752.3,1752.4,4
2021-08-11 18:50:00,1752.5,1752.6,1752.4,1752.5,24
2021-08-11 18:55:00,1752.5,1752.8,1752.4,1752.5,51
2021-08-11 19:00:00,1752.8,1753.1,1752.7,1752.8,37
2021-08-11 19:05:00,1752.8,1753.1,1752.8,1753.1,13
2021-08-11 19:10:00,1752.9,1753.0,1752.7,1752.7,21
2021-08-11 19:15:00,1752.7,1752.9,1752.7,1752.8,15
2021-08-11 19:20:00,1752.8,1752.8,1752.6,1752.7,9
2021-08-11 19:25:00,1752.7,1752.8,1752.7,1752.8,28
2021-08-11 19:30:00,1752.7,1753.0,1752.7,1753.0,15
2021-08-11 19:35:00,1753.0,1754.0,1753.0,1753.5,54
2021-08-11 19:40:00,1753.5,1753.6,1753.3,1753.5,20
2021-08-11 19:45:00,1753.3,1753.5,1753.2,1753.5,57
2021-08-11 19:50:00,1753.4,1753.4,1752.6,1752.8,12
2021-08-11 19:55:00,1752.8,1754.0,1752.8,1753.8,47
2021-09-14 00:00:00,1792.3,1792.8,1792.2,1792.8,33
2021-09-14 00:05:00,1792.7,1793.3,1792.7,1793.3,32
2021-09-14 00:10:00,1793.3,1793.3,1793.1,1793.2,21
2021-09-14 00:15:00,1793.3,1793.4,1793.0,1793.0,23
2021-09-14 00:20:00,1793.1,1793.1,1792.9,1793.1,14
2021-09-14 00:25:00,1793.0,1793.2,1793.0,1793.2,6
2021-09-14 00:30:00,1793.2,1793.4,1793.2,1793.4,6
2021-09-14 00:35:00,1793.2,1793.4,1793.2,1793.4,5
2021-09-14 00:40:00,1793.2,1793.2,1792.9,1793.0,13
2021-09-14 00:45:00,1793.0,1793.0,1792.4,1792.5,29
2021-09-14 00:50:00,1792.4,1792.4,1792.0,1792.1,29
2021-09-14 00:55:00,1792.0,1792.2,1791.9,1792.1,22
2021-09-14 01:00:00,1792.1,1792.5,1792.1,1792.5,39
2021-09-14 01:05:00,1792.3,1792.5,1792.1,1792.2,22
2021-09-14 01:10:00,1792.0,1793.0,1791.8,1792.8,34
2021-09-14 01:15:00,1792.9,1792.9,1792.6,1792.7,22
2021-09-14 01:20:00,1792.7,1793.2,1792.7,1792.9,29
2021-09-14 01:25:00,1793.0,1793.4,1792.9,1793.0,24
2021-09-14 01:30:00,1792.8,1793.4,1792.5,1793.4,37
2021-09-14 01:35:00,1793.5,1793.8,1793.5,1793.7,45
2021-09-14 01:40:00,1793.7,1794.5,1793.6,1794.5,127
2021-09-14 01:45:00,1794.5,1794.8,1794.1,1794.2,64
2021-09-14 01:50:00,1794.2,1794.6,1794.0,1794.3,26
2021-09-14 01:55:00,1794.3,1794.3,1794.1,1794.3,22
2021-09-14 02:00:00,1794.2,1794.4,1793.4,1793.5,78
2021-09-14 02:05:00,1793.6,1793.8,1793.4,1793.5,34
2021-09-14 02:10:00,1793.6,1794.2,1793.3,1794.0,42
2021-09-14 02:15:00,1793.9,1794.5,1793.9,1794.3,27
2021-09-14 02:20:00,1794.1,1794.1,1793.5,1793.8,41
2021-09-14 02:25:00,1793.6,1793.8,1793.2,1793.8,59
2021-09-14 02:30:00,1793.5,1793.7,1793.1,1793.6,38
2021-09-14 02:35:00,1793.4,1793.5,1792.8,1793.4,81
2021-09-14 02:40:00,1793.4,1794.5,1793.4,1794.4,53
2021-09-14 02:45:00,1794.0,1794.1,1793.4,1793.9,59
2021-09-14 02:50:00,1794.0,1794.1,1793.6,1793.6,37
2021-09-14 02:55:00,1793.7,1794.1,1793.7,1793.8,20
2021-09-14 03:00:00,1793.8,1793.9,1792.8,1793.5,80
2021-09-14 03:05:00,1793.6,1794.9,1793.6,1794.6,106
2021-09-14 03:10:00,1794.4,1794.4,1793.7,1794.0,64
2021-09-14 03:15:00,1794.1,1794.4,1793.6,1794.3,38
2021-09-14 03:20:00,1794.6,1796.2,1794.6,1795.4,311
2021-09-14 03:25:00,1795.3,1795.3,1794.5,1794.8,79
2021-09-14 03:30:00,1795.0,1795.1,1793.0,1793.2,125
2021-09-14 03:35:00,1793.0,1793.6,1792.6,1793.0,135
2021-09-14 03:40:00,1793.1,1793.1,1791.2,1791.7,247
2021-09-14 03:45:00,1791.7,1792.2,1791.4,1791.6,87
2021-09-14 03:50:00,1791.6,1792.5,1791.3,1792.3,95
2021-09-14 03:55:00,1792.2,1792.7,1791.6,1791.7,100
2021-09-14 04:00:00,1791.7,1791.7,1790.1,1790.4,318
2021-09-14 04:05:00,1790.4,1790.5,1789.4,1789.6,241
2021-09-14 04:10:00,1789.5,1790.2,1789.0,1790.0,205
2021-09-14 04:15:00,1790.0,1790.9,1789.4,1790.8,263
2021-09-14 04:20:00,1790.8,1791.4,1790.8,1791.4,83
2021-09-14 04:25:00,1791.4,1791.7,1791.2,1791.6,64
2021-09-14 04:30:00,1791.6,1791.6,1790.9,1791.3,66
2021-09-14 04:35:00,1791.3,1791.4,1790.6,1790.8,43
2021-09-14 04:40:00,1790.7,1791.2,1790.3,1790.9,60
2021-09-14 04:45:00,1790.9,1791.0,1790.5,1790.7,65
2021-09-14 04:50:00,1790.7,1790.7,1790.3,1790.3,48
2021-09-14 04:55:00,1790.3,1790.6,1789.9,1790.2,83
2021-09-14 05:00:00,1790.2,1790.2,1789.7,1789.8,57
2021-09-14 05:05:00,1789.8,1789.9,1789.6,1789.6,68
2021-09-14 05:10:00,1789.6,1790.3,1789.0,1789.6,133
2021-09-14 05:15:00,1789.6,1790.0,1789.4,1789.4,76
2021-09-14 05:20:00,1789.4,1789.4,1788.6,1789.0,144
2021-09-14 05:25:00,1789.1,1789.1,1788.3,1788.7,93
2021-09-14 05:30:00,1788.8,1790.2,1788.7,1789.9,141
2021-09-14 05:35:00,1789.8,1789.8,1789.2,1789.6,65
2021-09-14 05:40:00,1789.7,1789.9,1789.5,1789.7,46
2021-09-14 05:45:00,1789.6,1789.6,1788.6,1789.0,51
2021-09-14 05:50:00,1789.1,1789.4,1788.6,1788.7,55
2021-09-14 05:55:00,1788.7,1789.2,1788.6,1789.1,73
2021-09-14 06:00:00,1789.0,1789.1,1788.3,1788.3,121
2021-09-14 06:05:00,1788.3,1788.8,1787.1,1788.0,258
2021-09-14 06:10:00,1787.9,1788.3,1787.4,1788.0,132
2021-09-14 06:15:00,1787.8,1787.9,1787.4,1787.6,56
2021-09-14 06:20:00,1787.6,1788.1,1787.5,1787.6,58
2021-09-14 06:25:00,1787.7,1789.0,1787.6,1788.7,94
2021-09-14 06:30:00,1788.6,1788.6,1788.0,1788.1,65
2021-09-14 06:35:00,1788.1,1788.2,1787.7,1787.9,36
2021-09-14 06:40:00,1787.9,1788.0,1787.5,1787.6,66
2021-09-14 06:45:00,1787.5,1787.5,1786.0,1786.9,340
2021-09-14 06:50:00,1786.9,1788.0,1786.7,1788.0,196
2021-09-14 06:55:00,1787.9,1788.3,1787.8,1787.8,62
2021-09-14 07:00:00,1787.7,1788.9,1787.4,1788.7,138
2021-09-14 07:05:00,1788.6,1788.9,1788.3,1788.5,82
2021-09-14 07:10:00,1788.6,1789.0,1788.4,1788.9,43
2021-09-14 07:15:00,1788.8,1789.1,1788.4,1788.5,78
2021-09-14 07:20:00,1788.6,1788.7,1788.0,1788.4,64
2021-09-14 07:25:00,1788.2,1789.3,1788.2,1788.9,65
2021-09-14 07:30:00,1788.9,1789.4,1788.7,1788.7,56
2021-09-14 07:35:00,1788.9,1788.9,1788.3,1788.3,47
2021-09-14 07:40:00,1788.3,1788.6,1788.0,1788.3,81
2021-09-14 07:45:00,1788.3,1788.6,1786.4,1786.5,473
2021-09-14 07:50:00,1786.5,1786.6,1782.7,1783.7,2066
2021-09-14 07:55:00,1783.6,1785.5,1783.4,1785.2,476
2021-09-14 08:00:00,1785.3,1786.2,1783.8,1785.8,478
2021-09-14 08:05:00,1786.0,1786.0,1785.0,1785.7,177
2021-09-14 08:10:00,1785.6,1787.5,1785.0,1787.2,278
2021-09-14 08:15:00,1787.2,1787.5,1785.5,1786.7,224
2021-09-14 08:20:00,1786.6,1786.6,1784.3,1784.4,303
2021-09-14 08:25:00,1784.3,1787.0,1783.4,1785.0,353
2021-09-14 08:30:00,1785.1,1793.3,1776.0,1792.9,2504
2021-09-14 08:35:00,1793.2,1795.1,1791.1,1792.5,1365
2021-09-14 08:40:00,1792.3,1794.6,1791.4,1791.9,685
2021-09-14 08:45:00,1791.6,1791.9,1790.5,1791.3,499
2021-09-14 08:50:00,1791.3,1796.4,1790.0,1796.4,805
2021-09-14 08:55:00,1796.4,1800.8,1796.0,1798.8,2090
2021-09-14 09:00:00,1798.9,1801.0,1798.3,1799.9,1001
2021-09-14 09:05:00,1799.9,1800.7,1798.3,1800.2,469
2021-09-14 09:10:00,1800.3,1801.3,1798.8,1799.3,447
2021-09-14 09:15:00,1799.4,1801.7,1798.9,1799.6,481
2021-09-14 09:20:00,1799.6,1800.3,1798.6,1799.1,343
2021-09-14 09:25:00,1799.3,1800.8,1798.5,1800.3,354
2021-09-14 09:30:00,1800.4,1802.1,1795.7,1795.9,1120
2021-09-14 09:35:00,1795.8,1797.8,1792.5,1792.5,1018
2021-09-14 09:40:00,1792.5,1795.0,1791.9,1793.8,963
2021-09-14 09:45:00,1793.7,1795.0,1792.2,1794.3,601
2021-09-14 09:50:00,1794.3,1796.1,1793.7,1795.6,358
2021-09-14 09:55:00,1795.4,1796.0,1794.2,1795.5,361
2021-09-14 10:00:00,1795.2,1795.7,1793.6,1793.8,506
2021-09-14 10:05:00,1793.9,1795.4,1793.3,1794.8,315
2021-09-14 10:10:00,1794.7,1798.9,1794.7,1798.9,696
2021-09-14 10:15:00,1799.0,1800.9,1798.2,1798.5,787
2021-09-14 10:20:00,1798.6,1801.5,1798.5,1801.4,453
2021-09-14 10:25:00,1801.4,1801.8,1799.7,1800.9,471
2021-09-14 10:30:00,1801.0,1801.6,1799.9,1800.3,448
2021-09-14 10:35:00,1800.3,1808.6,1800.3,1805.2,2503
2021-09-14 10:40:00,1805.3,1809.0,1805.2,1808.2,1393
2021-09-14 10:45:00,1808.2,1810.1,1807.6,1807.8,1007
2021-09-14 10:50:00,1808.0,1809.5,1806.7,1807.0,687
2021-09-14 10:55:00,1807.1,1808.3,1806.2,1806.4,410
2021-09-14 11:00:00,1806.4,1808.4,1806.2,1807.7,344
2021-09-14 11:05:00,1807.7,1809.1,1807.7,1808.7,296
2021-09-14 11:10:00,1808.6,1809.7,1808.2,1809.6,283
2021-09-14 11:15:00,1809.5,1810.7,1809.3,1810.2,432
2021-09-14 11:20:00,1810.4,1810.5,1809.3,1809.9,284
2021-09-14 11:25:00,1809.7,1810.0,1807.7,1808.0,304
2021-09-14 11:30:00,1808.1,1808.6,1807.3,1807.4,226
2021-09-14 11:35:00,1807.3,1808.5,1807.3,1807.8,165
2021-09-14 11:40:00,1807.7,1808.2,1807.0,1808.0,154
2021-09-14 11:45:00,1807.8,1808.5,1807.5,1808.1,123
2021-09-14 11:50:00,1808.2,1808.3,1807.7,1807.9,77
2021-09-14 11:55:00,1808.0,1808.5,1807.6,1807.7,87
2021-09-14 12:00:00,1807.8,1808.4,1807.6,1808.0,79
2021-09-14 12:05:00,1807.8,1808.0,1806.3,1806.5,224
2021-09-14 12:10:00,1806.6,1806.8,1806.1,1806.3,148
2021-09-14 12:15:00,1806.3,1806.4,1805.9,1806.2,133
2021-09-14 12:20:00,1806.2,1806.7,1806.1,1806.5,98
2021-09-14 12:25:00,1806.5,1806.5,1805.5,1805.6,104
2021-09-14 12:30:00,1805.6,1806.3,1805.6,1806.1,102
2021-09-14 12:35:00,1806.2,1806.3,1805.9,1806.3,41
2021-09-14 12:40:00,1806.3,1806.7,1806.0,1806.7,70
2021-09-14 12:45:00,1806.7,1806.7,1805.5,1805.7,107
2021-09-14 12:50:00,1805.8,1806.0,1805.2,1805.5,63
2021-09-14 12:55:00,1805.5,1805.6,1805.1,1805.6,109
2021-09-14 13:00:00,1805.4,1806.0,1805.3,1805.7,89
2021-09-14 13:05:00,1805.7,1805.8,1805.3,1805.3,65
2021-09-14 13:10:00,1805.3,1805.8,1805.2,1805.5,63
2021-09-14 13:15:00,1805.6,1806.2,1804.6,1806.0,114
2021-09-14 13:20:00,1805.9,1807.2,1805.9,1806.6,215
2021-09-14 13:25:00,1807.0,1807.2,1806.8,1807.2,104
2021-09-14 13:30:00,1807.3,1807.6,1806.0,1806.4,109
2021-09-14 13:35:00,1806.3,1806.3,1805.9,1806.0,47
2021-09-14 13:40:00,1806.0,1806.2,1805.9,1806.0,34
2021-09-14 13:45:00,1806.1,1806.7,1805.9,1806.6,36
2021-09-14 13:50:00,1806.6,1806.8,1806.4,1806.5,35
2021-09-14 13:55:00,1806.5,1807.9,1806.5,1807.6,84
2021-09-14 14:00:00,1807.6,1808.1,1807.5,1807.9,76
2021-09-14 14:05:00,1808.0,1808.5,1807.8,1808.2,95
2021-09-14 14:10:00,1808.2,1808.4,1808.0,1808.2,62
2021-09-14 14:15:00,1808.2,1808.4,1808.2,1808.2,30
2021-09-14 14:20:00,1808.3,1808.3,1807.5,1807.9,87
2021-09-14 14:25:00,1807.7,1807.7,1807.1,1807.3,73
2021-09-14 14:30:00,1807.3,1807.3,1805.9,1805.9,135
2021-09-14 14:35:00,1805.9,1805.9,1805.1,1805.3,109
2021-09-14 14:40:00,1805.3,1806.1,1805.3,1806.0,81
2021-09-14 14:45:00,1805.8,1805.9,1805.0,1805.0,66
2021-09-14 14:50:00,1805.0,1805.4,1804.9,1805.0,80
2021-09-14 14:55:00,1805.0,1806.0,1804.9,1805.0,95
2021-09-14 15:00:00,1805.2,1805.2,1804.8,1805.2,63
2021-09-14 15:05:00,1805.0,1805.3,1805.0,1805.3,40
2021-09-14 15:10:00,1805.3,1805.5,1805.3,1805.5,30
2021-09-14 15:15:00,1805.6,1805.8,1805.1,1805.3,43
2021-09-14 15:20:00,1805.2,1805.3,1804.9,1804.9,24
2021-09-14 15:25:00,1805.0,1805.1,1804.9,1805.0,31
2021-09-14 15:30:00,1805.1,1805.4,1805.1,1805.2,29
2021-09-14 15:35:00,1805.2,1805.8,1805.2,1805.7,53
2021-09-14 15:40:00,1805.9,1806.1,1805.8,1806.1,33
2021-09-14 15:45:00,1806.0,1806.5,1806.0,1806.4,37
2021-09-14 15:50:00,1806.5,1807.2,1806.4,1807.2,63
2021-09-14 15:55:00,1807.2,1807.5,1806.8,1807.4,90
2021-09-14 16:00:00,1807.4,1807.5,1807.0,1807.0,55
2021-09-14 16:05:00,1807.1,1807.1,1806.4,1806.4,48
2021-09-14 16:10:00,1806.5,1806.9,1806.5,1806.9,10
2021-09-14 16:15:00,1806.9,1807.1,1806.8,1807.0,17
2021-09-14 16:20:00,1807.1,1807.1,1806.9,1806.9,6
2021-09-14 16:25:00,1806.8,1807.0,1806.8,1806.9,12
2021-09-14 16:30:00,1807.0,1807.4,1807.0,1807.2,37
2021-09-14 16:35:00,1807.2,1807.3,1807.2,1807.3,16
2021-09-14 16:40:00,1807.4,1807.4,1807.0,1807.0,14
2021-09-14 16:45:00,1807.1,1807.4,1807.0,1807.3,35
2021-09-14 16:50:00,1807.0,1807.2,1806.8,1806.8,26
2021-09-14 16:55:00,1806.7,1806.9,1806.3,1806.5,76
2021-09-14 18:00:00,1806.5,1806.7,1805.3,1805.9,62
2021-09-14 18:05:00,1805.9,1806.1,1805.5,1805.9,17
2021-09-14 18:10:00,1806.2,1806.2,1806.0,1806.0,6
2021-09-14 18:15:00,1806.0,1806.2,1805.4,1805.9,47
2021-09-14 18:20:00,1805.7,1805.8,1805.5,1805.7,17
2021-09-14 18:25:00,1806.1,1806.2,1805.8,1805.8,12
2021-09-14 18:30:00,1806.0,1806.0,1805.5,1805.6,27
2021-09-14 18:35:00,1805.8,1806.1,1805.7,1806.0,9
2021-09-14 18:40:00,1805.7,1806.1,1805.7,1805.7,7
2021-09-14 18:45:00,1805.4,1805.4,1805.4,1805.4,5
2021-09-14 18:50:00,1805.6,1805.8,1805.3,1805.8,14
2021-09-14 18:55:00,1805.8,1805.8,1805.7,1805.7,5
2021-09-14 19:00:00,1805.7,1805.9,1805.6,1805.9,17
2021-09-14 19:05:00,1806.0,1806.5,1805.9,1806.0,22
2021-09-14 19:10:00,1806.1,1806.2,1805.8,1805.9,22
2021-09-14 19:15:00,1805.7,1805.9,1805.6,1805.6,8
2021-09-14 19:20:00,1805.6,1805.9,1805.6,1805.8,5
2021-09-14 19:25:00,1806.0,1806.0,1805.8,1806.0,8
2021-09-14 19:30:00,1806.0,1806.2,1805.9,1805.9,10
2021-09-14 19:35:00,1806.0,1806.0,1805.7,1805.8,10
2021-09-14 19:40:00,1805.9,1806.2,1805.9,1806.2,12
2021-09-14 19:45:00,1806.0,1806.1,1805.8,1805.9,10
2021-09-14 19:50:00,1805.8,1805.8,1805.6,1805.6,4
2021-09-14 19:55:00,1805.7,1805.7,1805.6,1805.7,6
2021-10-13 00:00:00,1762.2,1762.2,1761.9,1762.0,34
2021-10-13 00:05:00,1762.0,1762.3,1762.0,1762.2,10
2021-10-13 00:10:00,1762.0,1762.4,1761.8,1762.3,49
2021-10-13 00:15:00,1762.3,1762.7,1762.1,1762.6,27
2021-10-13 00:20:00,1762.6,1762.9,1762.6,1762.8,59
2021-10-13 00:25:00,1762.9,1763.4,1762.9,1763.2,166
2021-10-13 00:30:00,1763.2,1763.3,1762.5,1762.5,113
2021-10-13 00:35:00,1762.7,1763.1,1762.5,1762.5,47
2021-10-13 00:40:00,1762.5,1762.5,1762.2,1762.3,48
2021-10-13 00:45:00,1762.3,1762.4,1762.2,1762.3,29
2021-10-13 00:50:00,1762.4,1762.5,1762.3,1762.3,22
2021-10-13 00:55:00,1762.3,1762.3,1762.0,1762.0,29
2021-10-13 01:00:00,1762.0,1762.1,1761.7,1761.8,112
2021-10-13 01:05:00,1761.8,1762.1,1761.6,1761.6,48
2021-10-13 01:10:00,1761.6,1761.6,1761.3,1761.4,67
2021-10-13 01:15:00,1761.4,1761.6,1761.0,1761.6,60
2021-10-13 01:20:00,1761.6,1761.6,1761.3,1761.3,43
2021-10-13 01:25:00,1761.2,1761.6,1761.2,1761.5,36
2021-10-13 01:30:00,1761.3,1762.7,1761.1,1762.2,173
2021-10-13 01:35:00,1762.3,1762.6,1761.8,1761.8,42
2021-10-13 01:40:00,1761.8,1762.4,1761.8,1762.3,42
2021-10-13 01:45:00,1762.4,1762.7,1762.1,1762.7,39
2021-10-13 01:50:00,1762.8,1762.9,1762.6,1762.6,96
2021-10-13 01:55:00,1762.6,1763.0,1762.6,1762.9,37
2021-10-13 02:00:00,1762.8,1763.5,1762.5,1762.7,241
2021-10-13 02:05:00,1762.8,1762.8,1761.7,1762.6,75
2021-10-13 02:10:00,1762.3,1762.7,1762.1,1762.5,38
2021-10-13 02:15:00,1762.4,1763.6,1762.0,1763.1,177
2021-10-13 02:20:00,1762.9,1763.3,1762.7,1762.9,46
2021-10-13 02:25:00,1763.2,1763.4,1762.4,1762.4,86
2021-10-13 02:30:00,1762.3,1763.1,1762.2,1763.1,48
2021-10-13 02:35:00,1763.2,1763.2,1762.1,1762.4,86
2021-10-13 02:40:00,1762.4,1762.6,1762.0,1762.3,92
2021-10-13 02:45:00,1762.2,1763.5,1762.1,1763.3,83
2021-10-13 02:50:00,1763.4,1763.9,1763.0,1763.2,139
2021-10-13 02:55:00,1763.1,1763.1,1762.5,1762.7,79
2021-10-13 03:00:00,1762.7,1763.5,1761.8,1763.2,142
2021-10-13 03:05:00,1763.4,1763.6,1762.9,1763.2,90
2021-10-13 03:10:00,1762.9,1762.9,1762.0,1762.4,78
2021-10-13 03:15:00,1762.6,1763.1,1762.4,1762.6,120
2021-10-13 03:20:00,1762.7,1762.9,1762.5,1762.5,38
2021-10-13 03:25:00,1762.6,1762.9,1762.5,1762.7,37
2021-10-13 03:30:00,1762.5,1764.5,1762.5,1764.4,153
2021-10-13 03:35:00,1764.2,1765.4,1763.8,1764.9,190
2021-10-13 03:40:00,1764.9,1765.9,1764.8,1765.8,125
2021-10-13 03:45:00,1765.8,1766.0,1765.2,1765.6,203
2021-10-13 03:50:00,1765.7,1766.0,1765.2,1765.4,127
2021-10-13 03:55:00,1765.2,1765.8,1764.9,1765.4,81
2021-10-13 04:00:00,1765.3,1767.6,1765.3,1767.5,324
2021-10-13 04:05:00,1767.5,1768.3,1767.2,1767.9,331
2021-10-13 04:10:00,1768.1,1768.4,1768.0,1768.3,169
2021-10-13 04:15:00,1768.3,1769.3,1768.2,1768.9,359
2021-10-13 04:20:00,1768.9,1768.9,1767.8,1768.5,181
2021-10-13 04:25:00,1768.6,1768.6,1768.0,1768.0,80
2021-10-13 04:30:00,1768.0,1769.0,1767.8,1768.5,144
2021-10-13 04:35:00,1768.5,1769.6,1768.3,1768.4,284
2021-10-13 04:40:00,1768.3,1768.3,1767.3,1767.7,167
2021-10-13 04:45:00,1767.7,1768.0,1767.5,1767.7,108
2021-10-13 04:50:00,1767.6,1767.7,1767.1,1767.5,81
2021-10-13 04:55:00,1767.6,1767.7,1767.1,1767.5,69
2021-10-13 05:00:00,1767.3,1767.6,1766.8,1767.1,113
2021-10-13 05:05:00,1767.2,1768.4,1767.2,1768.2,102
2021-10-13 05:10:00,1768.2,1768.3,1767.8,1768.2,60
2021-10-13 05:15:00,1768.3,1768.6,1767.9,1768.5,86
2021-10-13 05:20:00,1768.6,1768.8,1768.2,1768.3,79
2021-10-13 05:25:00,1768.4,1768.6,1767.8,1767.9,70
2021-10-13 05:30:00,1768.0,1769.1,1767.9,1768.8,123
2021-10-13 05:35:00,1768.8,1769.0,1768.4,1768.6,75
2021-10-13 05:40:00,1768.8,1769.0,1768.0,1768.0,61
2021-10-13 05:45:00,1768.2,1768.3,1767.9,1768.1,40
2021-10-13 05:50:00,1768.1,1768.7,1768.1,1768.5,34
2021-10-13 05:55:00,1768.6,1768.7,1768.3,1768.3,52
2021-10-13 06:00:00,1768.2,1768.9,1768.1,1768.7,114
2021-10-13 06:05:00,1768.7,1770.4,1768.7,1770.0,399
2021-10-13 06:10:00,1770.0,1770.7,1769.9,1770.4,209
2021-10-13 06:15:00,1770.4,1771.7,1770.3,1771.0,382
2021-10-13 06:20:00,1770.9,1771.0,1770.4,1770.4,77
2021-10-13 06:25:00,1770.5,1771.4,1770.5,1771.1,118
2021-10-13 06:30:00,1771.0,1771.1,1770.6,1771.1,113
2021-10-13 06:35:00,1771.0,1771.1,1770.5,1771.0,100
2021-10-13 06:40:00,1771.0,1771.3,1770.8,1771.0,90
2021-10-13 06:45:00,1771.0,1771.9,1770.9,1771.8,200
2021-10-13 06:50:00,1771.9,1774.1,1771.8,1773.4,652
2021-10-13 06:55:00,1773.4,1774.0,1773.4,1773.8,167
2021-10-13 07:00:00,1773.9,1774.1,1773.3,1773.3,230
2021-10-13 07:05:00,1773.4,1773.9,1772.3,1772.5,205
2021-10-13 07:10:00,1772.5,1772.5,1771.2,1771.2,245
2021-10-13 07:15:00,1771.4,1772.3,1771.4,1772.1,154
2021-10-13 07:20:00,1771.8,1772.1,1771.6,1771.8,137
2021-10-13 07:25:00,1771.9,1772.5,1771.7,1772.4,117
2021-10-13 07:30:00,1772.5,1772.7,1772.2,1772.6,79
2021-10-13 07:35:00,1772.7,1773.9,1772.6,1773.7,181
2021-10-13 07:40:00,1773.7,1774.0,1772.9,1772.9,114
2021-10-13 07:45:00,1772.9,1773.4,1772.8,1773.0,190
2021-10-13 07:50:00,1773.1,1775.0,1773.0,1774.6,426
2021-10-13 07:55:00,1774.6,1775.0,1774.0,1774.1,425
2021-10-13 08:00:00,1774.1,1776.4,1774.1,1776.2,467
2021-10-13 08:05:00,1776.1,1777.2,1775.6,1777.0,533
2021-10-13 08:10:00,1777.1,1777.6,1776.5,1776.5,358
2021-10-13 08:15:00,1776.7,1777.7,1776.0,1776.6,465
2021-10-13 08:20:00,1776.3,1777.8,1776.1,1776.4,638
2021-10-13 08:25:00,1776.4,1777.0,1775.2,1777.0,305
2021-10-13 08:30:00,1777.0,1778.4,1767.9,1768.3,2410
2021-10-13 08:35:00,1768.2,1768.3,1761.2,1762.2,3535
2021-10-13 08:40:00,1762.3,1762.3,1758.4,1760.5,2640
2021-10-13 08:45:00,1760.3,1761.4,1758.9,1760.5,1342
2021-10-13 08:50:00,1760.6,1763.6,1758.7,1763.2,1428
2021-10-13 08:55:00,1763.2,1763.3,1760.2,1761.6,717
2021-10-13 09:00:00,1761.6,1761.9,1759.5,1760.3,757
2021-10-13 09:05:00,1760.1,1760.9,1757.9,1759.4,1152
2021-10-13 09:10:00,1759.2,1764.6,1759.2,1764.6,855
2021-10-13 09:15:00,1764.5,1768.2,1763.8,1766.4,1787
2021-10-13 09:20:00,1766.5,1769.3,1766.4,1769.1,923
2021-10-13 09:25:00,1769.1,1769.8,1768.2,1768.5,723
2021-10-13 09:30:00,1768.6,1774.0,1768.6,1772.5,2308
2021-10-13 09:35:00,1772.5,1780.9,1772.5,1780.8,2631
2021-10-13 09:40:00,1780.8,1781.0,1778.7,1779.6,2066
2021-10-13 09:45:00,1779.9,1781.0,1779.0,1779.4,1269
2021-10-13 09:50:00,1779.5,1781.0,1779.2,1780.3,968
2021-10-13 09:55:00,1780.3,1784.0,1779.8,1782.7,1866
2021-10-13 10:00:00,1782.6,1786.3,1782.6,1786.0,2240
2021-10-13 10:05:00,1786.1,1786.3,1785.0,1786.3,977
2021-10-13 10:10:00,1786.4,1788.2,1783.6,1783.6,1635
2021-10-13 10:15:00,1783.7,1786.7,1783.7,1786.4,809
2021-10-13 10:20:00,1786.4,1789.7,1786.3,1789.2,1471
2021-10-13 10:25:00,1789.2,1789.6,1787.9,1788.2,745
2021-10-13 10:30:00,1788.2,1791.6,1787.6,1791.5,1211
2021-10-13 10:35:00,1791.5,1793.9,1791.4,1792.9,1455
2021-10-13 10:40:00,1793.0,1794.6,1792.3,1794.5,938
2021-10-13 10:45:00,1794.6,1795.9,1794.1,1795.8,1271
2021-10-13 10:50:00,1795.9,1796.8,1792.6,1793.0,1556
2021-10-13 10:55:00,1793.1,1795.4,1792.9,1794.0,878
2021-10-13 11:00:00,1794.0,1796.7,1794.0,1796.3,616
2021-10-13 11:05:00,1796.2,1797.3,1795.9,1797.0,693
2021-10-13 11:10:00,1796.9,1797.3,1793.5,1793.8,692
2021-10-13 11:15:00,1793.8,1794.6,1792.4,1794.2,637
2021-10-13 11:20:00,1793.9,1794.8,1793.7,1794.0,269
2021-10-13 11:25:00,1794.1,1794.2,1792.7,1793.3,335
2021-10-13 11:30:00,1793.3,1794.6,1793.3,1794.0,280
2021-10-13 11:35:00,1793.7,1794.2,1792.5,1794.2,387
2021-10-13 11:40:00,1794.2,1796.4,1794.2,1795.5,535
2021-10-13 11:45:00,1795.5,1796.2,1794.4,1795.1,188
2021-10-13 11:50:00,1795.2,1795.8,1794.8,1795.5,132
2021-10-13 11:55:00,1795.4,1795.7,1795.0,1795.6,171
2021-10-13 12:00:00,1795.6,1795.7,1794.3,1794.7,228
2021-10-13 12:05:00,1794.6,1795.4,1794.4,1795.4,175
2021-10-13 12:10:00,1795.3,1796.8,1795.3,1796.0,290
2021-10-13 12:15:00,1796.0,1796.2,1795.1,1795.5,160
2021-10-13 12:20:00,1795.5,1795.7,1794.8,1795.4,157
2021-10-13 12:25:00,1795.2,1795.5,1794.9,1795.5,138
2021-10-13 12:30:00,1795.5,1796.2,1794.3,1795.7,278
2021-10-13 12:35:00,1795.7,1795.8,1795.1,1795.4,89
2021-10-13 12:40:00,1795.4,1795.7,1795.0,1795.5,103
2021-10-13 12:45:00,1795.3,1795.3,1794.1,1794.1,122
2021-10-13 12:50:00,1794.3,1794.3,1793.4,1793.7,157
2021-10-13 12:55:00,1793.8,1794.2,1793.5,1793.7,134
2021-10-13 13:00:00,1793.6,1795.9,1793.5,1794.9,434
2021-10-13 13:05:00,1795.0,1796.0,1794.9,1795.7,145
2021-10-13 13:10:00,1795.7,1796.3,1795.2,1796.1,144
2021-10-13 13:15:00,1796.0,1796.0,1795.0,1795.0,125
2021-10-13 13:20:00,1795.1,1795.4,1794.6,1794.9,127
2021-10-13 13:25:00,1794.8,1795.0,1794.1,1794.9,196
2021-10-13 13:30:00,1795.0,1795.0,1793.5,1793.6,268
2021-10-13 13:35:00,1793.7,1794.4,1793.5,1793.9,109
2021-10-13 13:40:00,1794.0,1794.3,1793.2,1793.5,142
2021-10-13 13:45:00,1793.4,1793.5,1792.9,1793.5,144
2021-10-13 13:50:00,1793.5,1793.6,1792.6,1792.6,149
2021-10-13 13:55:00,1792.6,1793.5,1791.7,1793.5,356
2021-10-13 14:00:00,1792.2,1795.2,1791.0,1793.0,451
2021-10-13 14:05:00,1793.1,1793.8,1792.5,1793.1,151
2021-10-13 14:10:00,1793.0,1793.4,1792.4,1792.6,139
2021-10-13 14:15:00,1792.7,1793.1,1792.4,1792.9,82
2021-10-13 14:20:00,1793.0,1793.4,1792.6,1792.6,68
2021-10-13 14:25:00,1792.5,1792.6,1791.8,1792.1,159
2021-10-13 14:30:00,1792.1,1793.0,1791.9,1792.1,104
2021-10-13 14:35:00,1792.2,1793.3,1792.1,1793.3,107
2021-10-13 14:40:00,1793.4,1794.4,1793.1,1793.6,278
2021-10-13 14:45:00,1793.8,1794.0,1793.3,1793.5,87
2021-10-13 14:50:00,1793.6,1793.6,1793.3,1793.3,73
2021-10-13 14:55:00,1793.4,1794.8,1793.1,1794.8,215
2021-10-13 15:00:00,1794.9,1794.9,1793.0,1793.0,97
2021-10-13 15:05:00,1793.0,1793.0,1792.5,1792.7,85
2021-10-13 15:10:00,1792.7,1792.7,1792.3,1792.4,55
2021-10-13 15:15:00,1792.3,1793.1,1792.3,1793.0,79
2021-10-13 15:20:00,1793.0,1793.3,1792.9,1793.2,51
2021-10-13 15:25:00,1793.4,1793.5,1793.1,1793.3,45
2021-10-13 15:30:00,1793.2,1794.4,1792.8,1792.9,122
2021-10-13 15:35:00,1792.9,1793.0,1791.9,1792.1,139
2021-10-13 15:40:00,1792.4,1793.2,1792.4,1793.1,52
2021-10-13 15:45:00,1793.3,1793.8,1793.0,1793.0,96
2021-10-13 15:50:00,1793.1,1793.2,1792.6,1793.2,72
2021-10-13 15:55:00,1793.3,1793.3,1792.6,1792.9,77
2021-10-13 16:00:00,1793.1,1794.2,1793.1,1793.2,104
2021-10-13 16:05:00,1793.3,1793.5,1793.2,1793.2,22
2021-10-13 16:10:00,1793.4,1793.7,1793.0,1793.6,32
2021-10-13 16:15:00,1793.3,1793.9,1793.3,1793.8,29
2021-10-13 16:20:00,1793.9,1794.1,1793.6,1794.0,49
2021-10-13 16:25:00,1794.1,1794.2,1794.0,1794.2,17
2021-10-13 16:30:00,1794.1,1794.7,1794.0,1794.2,38
2021-10-13 16:35:00,1794.1,1794.4,1793.7,1794.0,58
2021-10-13 16:40:00,1794.0,1794.1,1793.6,1793.8,26
2021-10-13 16:45:00,1793.8,1794.1,1793.7,1794.1,31
2021-10-13 16:50:00,1794.1,1794.3,1793.8,1794.0,44
2021-10-13 16:55:00,1793.9,1794.5,1793.8,1794.1,81
2021-10-13 18:00:00,1794.8,1794.9,1793.0,1794.2,104
2021-10-13 18:05:00,1794.1,1794.2,1793.9,1794.0,39
2021-10-13 18:10:00,1793.9,1793.9,1793.7,1793.8,5
2021-10-13 18:15:00,1793.8,1794.3,1793.3,1793.6,56
2021-10-13 18:20:00,1793.6,1793.7,1793.5,1793.6,18
2021-10-13 18:25:00,1793.6,1793.6,1793.3,1793.3,30
2021-10-13 18:30:00,1793.4,1794.1,1793.3,1794.1,43
2021-10-13 18:35:00,1793.9,1794.1,1793.8,1794.1,17
2021-10-13 18:40:00,1794.1,1794.5,1794.0,1794.4,37
2021-10-13 18:45:00,1794.4,1794.6,1794.3,1794.5,25
2021-10-13 18:50:00,1794.6,1795.1,1794.1,1794.3,51
2021-10-13 18:55:00,1794.3,1794.3,1793.7,1793.7,21
2021-10-13 19:00:00,1793.8,1794.0,1793.6,1794.0,35
2021-10-13 19:05:00,1794.0,1794.1,1793.8,1793.8,23
2021-10-13 19:10:00,1793.8,1794.1,1793.8,1793.9,13
2021-10-13 19:15:00,1793.8,1793.9,1793.7,1793.7,11
2021-10-13 19:20:00,1793.7,1793.7,1793.5,1793.5,22
2021-10-13 19:25:00,1793.4,1793.4,1793.0,1793.1,47
2021-10-13 19:30:00,1793.1,1793.2,1792.5,1792.7,77
2021-10-13 19:35:00,1792.7,1792.9,1792.5,1792.6,55
2021-10-13 19:40:00,1792.7,1793.0,1792.7,1792.7,62
2021-10-13 19:45:00,1792.7,1793.4,1792.7,1793.0,47
2021-10-13 19:50:00,1793.0,1793.3,1792.9,1792.9,42
2021-10-13 19:55:00,1792.9,1792.9,1792.6,1792.7,29
2021-11-10 00:00:00,1828.2,1829.0,1828.0,1828.8,123
2021-11-10 00:05:00,1828.9,1828.9,1828.5,1828.6,53
2021-11-10 00:10:00,1828.6,1828.6,1828.4,1828.6,20
2021-11-10 00:15:00,1828.4,1828.6,1828.3,1828.5,15
2021-11-10 00:20:00,1828.6,1828.6,1828.4,1828.4,13
2021-11-10 00:25:00,1828.4,1828.6,1828.4,1828.5,6
2021-11-10 00:30:00,1828.7,1828.9,1828.1,1828.1,105
2021-11-10 00:35:00,1827.9,1828.0,1827.6,1827.8,93
2021-11-10 00:40:00,1827.8,1827.8,1826.6,1826.8,254
2021-11-10 00:45:00,1826.8,1826.9,1826.1,1826.1,124
2021-11-10 00:50:00,1826.1,1827.2,1826.0,1827.0,110
2021-11-10 00:55:00,1827.0,1827.7,1826.9,1827.4,67
2021-11-10 01:00:00,1827.4,1828.1,1827.1,1827.9,63
2021-11-10 01:05:00,1827.8,1828.1,1827.3,1827.6,78
2021-11-10 01:10:00,1827.7,1827.8,1827.3,1827.3,49
2021-11-10 01:15:00,1827.4,1827.5,1827.1,1827.4,48
2021-11-10 01:20:00,1827.3,1827.6,1827.1,1827.2,41
2021-11-10 01:25:00,1827.2,1828.4,1826.7,1828.1,79
2021-11-10 01:30:00,1828.1,1828.1,1827.1,1827.2,43
2021-11-10 01:35:00,1827.1,1827.1,1826.1,1826.3,68
2021-11-10 01:40:00,1826.2,1826.7,1825.8,1826.6,112
2021-11-10 01:45:00,1826.6,1827.1,1826.6,1827.1,42
2021-11-10 01:50:00,1827.0,1828.0,1826.8,1827.6,103
2021-11-10 01:55:00,1827.5,1828.7,1827.5,1828.1,142
2021-11-10 02:00:00,1828.1,1828.2,1827.4,1827.8,115
2021-11-10 02:05:00,1827.9,1827.9,1826.7,1826.8,65
2021-11-10 02:10:00,1826.7,1827.3,1826.3,1827.1,132
2021-11-10 02:15:00,1827.2,1827.4,1826.2,1826.7,82
2021-11-10 02:20:00,1826.4,1827.6,1826.3,1827.2,141
2021-11-10 02:25:00,1827.1,1827.8,1827.0,1827.4,49
2021-11-10 02:30:00,1827.4,1827.4,1826.0,1826.2,92
2021-11-10 02:35:00,1826.0,1826.9,1824.9,1825.0,369
2021-11-10 02:40:00,1825.0,1826.1,1824.7,1825.4,128
2021-11-10 02:45:00,1825.4,1826.2,1824.9,1826.2,77
2021-11-10 02:50:00,1826.3,1826.3,1824.5,1824.9,194
2021-11-10 02:55:00,1824.9,1825.8,1824.8,1825.8,122
2021-11-10 03:00:00,1825.7,1827.2,1824.6,1826.8,250
2021-11-10 03:05:00,1826.7,1827.5,1825.9,1827.3,165
2021-11-10 03:10:00,1827.2,1827.5,1826.6,1826.9,114
2021-11-10 03:15:00,1827.0,1827.0,1826.5,1826.9,49
2021-11-10 03:20:00,1826.9,1828.4,1826.8,1828.3,108
2021-11-10 03:25:00,1828.4,1828.7,1827.5,1828.0,140
2021-11-10 03:30:00,1827.9,1828.8,1827.9,1828.0,95
2021-11-10 03:35:00,1827.9,1828.2,1827.3,1828.0,68
2021-11-10 03:40:00,1828.0,1828.5,1828.0,1828.0,85
2021-11-10 03:45:00,1828.3,1828.4,1827.7,1827.8,67
2021-11-10 03:50:00,1827.8,1827.8,1827.3,1827.5,65
2021-11-10 03:55:00,1827.2,1827.5,1826.9,1827.1,98
2021-11-10 04:00:00,1827.0,1828.2,1827.0,1828.0,63
2021-11-10 04:05:00,1828.0,1828.2,1827.7,1827.8,72
2021-11-10 04:10:00,1827.8,1828.0,1827.4,1827.7,47
2021-11-10 04:15:00,1827.9,1828.0,1827.5,1828.0,37
2021-11-10 04:20:00,1827.9,1828.0,1827.7,1827.8,23
2021-11-10 04:25:00,1827.9,1828.3,1827.9,1828.3,33
2021-11-10 04:30:00,1828.3,1828.5,1826.4,1826.5,148
2021-11-10 04:35:00,1826.7,1827.5,1826.4,1826.9,99
2021-11-10 04:40:00,1826.8,1827.3,1826.5,1827.0,75
2021-11-10 04:45:00,1826.8,1827.2,1826.4,1826.7,75
2021-11-10 04:50:00,1826.7,1826.7,1826.5,1826.7,53
2021-11-10 04:55:00,1826.7,1827.0,1826.4,1826.7,50
2021-11-10 05:00:00,1826.7,1826.9,1826.5,1826.6,51
2021-11-10 05:05:00,1826.4,1826.8,1826.4,1826.7,55
2021-11-10 05:10:00,1826.7,1827.6,1826.5,1827.2,53
2021-11-10 05:15:00,1827.1,1828.1,1827.0,1828.0,48
2021-11-10 05:20:00,1827.8,1827.9,1827.4,1827.5,46
2021-11-10 05:25:00,1827.7,1827.7,1826.6,1826.6,89
2021-11-10 05:30:00,1826.6,1827.2,1826.4,1827.1,98
2021-11-10 05:35:00,1827.1,1827.2,1826.3,1826.3,102
2021-11-10 05:40:00,1826.7,1827.0,1826.0,1826.6,128
2021-11-10 05:45:00,1826.6,1826.6,1826.3,1826.4,38
2021-11-10 05:50:00,1826.4,1826.7,1826.3,1826.5,31
2021-11-10 05:55:00,1826.7,1827.0,1826.4,1826.5,45
2021-11-10 06:00:00,1826.3,1826.8,1825.7,1826.5,125
2021-11-10 06:05:00,1826.4,1826.4,1825.4,1825.7,105
2021-11-10 06:10:00,1825.6,1825.6,1824.7,1825.0,188
2021-11-10 06:15:00,1825.0,1825.5,1824.8,1825.2,108
2021-11-10 06:20:00,1825.3,1825.3,1824.1,1824.8,138
2021-11-10 06:25:00,1824.9,1825.6,1824.6,1825.6,74
2021-11-10 06:30:00,1825.5,1827.6,1825.0,1826.1,333
2021-11-10 06:35:00,1826.0,1826.9,1825.5,1826.8,147
2021-11-10 06:40:00,1827.0,1827.0,1826.3,1826.5,63
2021-11-10 06:45:00,1826.4,1826.5,1825.6,1825.7,79
2021-11-10 06:50:00,1825.8,1826.2,1825.6,1826.2,52
2021-11-10 06:55:00,1826.2,1826.4,1825.6,1826.0,58
2021-11-10 07:00:00,1826.1,1826.7,1825.8,1826.5,107
2021-11-10 07:05:00,1826.8,1826.9,1826.3,1826.9,58
2021-11-10 07:10:00,1826.7,1827.9,1826.6,1827.3,167
2021-11-10 07:15:00,1827.3,1827.7,1826.6,1827.1,81
2021-11-10 07:20:00,1827.0,1828.0,1826.6,1827.8,138
2021-11-10 07:25:00,1827.8,1827.9,1826.9,1827.0,70
2021-11-10 07:30:00,1827.3,1827.3,1826.5,1827.3,95
2021-11-10 07:35:00,1827.3,1827.7,1827.3,1827.5,58
2021-11-10 07:40:00,1827.4,1827.9,1826.7,1827.9,87
2021-11-10 07:45:00,1827.7,1827.8,1826.9,1827.3,105
2021-11-10 07:50:00,1827.2,1827.7,1827.1,1827.7,38
2021-11-10 07:55:00,1827.7,1828.2,1827.2,1828.0,103
2021-11-10 08:00:00,1828.1,1828.6,1827.3,1827.4,235
2021-11-10 08:05:00,1827.3,1828.8,1827.3,1828.6,140
2021-11-10 08:10:00,1828.5,1829.0,1827.7,1828.8,268
2021-11-10 08:15:00,1828.7,1828.9,1827.7,1828.0,229
2021-11-10 08:20:00,1828.1,1829.8,1828.0,1829.4,500
2021-11-10 08:25:00,1829.5,1829.8,1825.0,1827.6,308
2021-11-10 08:30:00,1829.3,1844.7,1822.0,1841.9,4922
2021-11-10 08:35:00,1841.9,1849.8,1840.9,1846.9,4242
2021-11-10 08:40:00,1846.9,1853.8,1846.4,1853.3,2474
2021-11-10 08:45:00,1853.2,1853.4,1850.2,1850.2,1727
2021-11-10 08:50:00,1850.2,1851.0,1847.5,1849.4,1482
2021-11-10 08:55:00,1849.4,1852.1,1849.4,1852.0,1366
2021-11-10 09:00:00,1851.8,1857.2,1851.3,1856.2,2715
2021-11-10 09:05:00,1856.1,1856.2,1853.8,1854.5,1169
2021-11-10 09:10:00,1854.5,1856.2,1854.2,1855.7,1020
2021-11-10 09:15:00,1855.8,1859.4,1855.7,1858.7,1639
2021-11-10 09:20:00,1859.0,1859.5,1856.8,1858.6,988
2021-11-10 09:25:00,1858.6,1860.8,1857.9,1860.0,1015
2021-11-10 09:30:00,1859.7,1864.2,1859.3,1863.1,2071
2021-11-10 09:35:00,1863.2,1868.9,1862.6,1868.7,2326
2021-11-10 09:40:00,1868.9,1870.6,1864.5,1866.4,2367
2021-11-10 09:45:00,1866.5,1868.2,1864.8,1866.2,1428
2021-11-10 09:50:00,1866.3,1867.1,1863.3,1866.5,1086
2021-11-10 09:55:00,1866.4,1866.5,1863.7,1863.8,808
2021-11-10 10:00:00,1863.8,1864.6,1860.8,1862.8,2087
2021-11-10 10:05:00,1862.8,1862.8,1861.1,1862.2,909
2021-11-10 10:10:00,1862.1,1862.1,1858.7,1860.7,1213
2021-11-10 10:15:00,1860.6,1862.6,1860.3,1861.7,568
2021-11-10 10:20:00,1861.6,1863.0,1860.0,1860.8,572
2021-11-10 10:25:00,1860.7,1862.1,1860.0,1862.0,444
2021-11-10 10:30:00,1862.0,1862.4,1859.8,1859.9,530
2021-11-10 10:35:00,1860.1,1860.5,1858.5,1859.5,545
2021-11-10 10:40:00,1859.5,1859.7,1857.5,1857.6,616
2021-11-10 10:45:00,1857.6,1857.8,1853.7,1854.2,914
2021-11-10 10:50:00,1854.3,1856.7,1853.2,1854.3,867
2021-11-10 10:55:00,1854.1,1855.6,1853.7,1853.7,368
2021-11-10 11:00:00,1853.8,1857.7,1853.8,1857.6,816
2021-11-10 11:05:00,1857.7,1858.8,1856.4,1856.8,475
2021-11-10 11:10:00,1856.9,1857.8,1856.0,1856.4,250
2021-11-10 11:15:00,1856.4,1858.4,1855.8,1858.1,316
2021-11-10 11:20:00,1858.0,1860.1,1857.0,1860.0,518
2021-11-10 11:25:00,1859.8,1859.9,1858.7,1859.8,300
2021-11-10 11:30:00,1859.8,1860.7,1858.5,1859.2,357
2021-11-10 11:35:00,1859.4,1860.1,1858.6,1858.7,208
2021-11-10 11:40:00,1858.6,1859.2,1857.8,1859.2,305
2021-11-10 11:45:00,1859.1,1859.4,1857.7,1858.7,264
2021-11-10 11:50:00,1858.8,1859.1,1858.0,1858.1,141
2021-11-10 11:55:00,1858.0,1858.1,1856.8,1857.1,265
2021-11-10 12:00:00,1857.1,1857.4,1855.5,1856.2,382
2021-11-10 12:05:00,1856.0,1857.0,1855.7,1857.0,200
2021-11-10 12:10:00,1857.0,1857.1,1854.1,1854.3,315
2021-11-10 12:15:00,1854.1,1854.9,1853.4,1854.2,343
2021-11-10 12:20:00,1854.2,1855.8,1854.1,1854.4,298
2021-11-10 12:25:00,1854.4,1854.9,1853.7,1854.4,211
2021-11-10 12:30:00,1854.6,1855.1,1854.5,1855.1,136
2021-11-10 12:35:00,1855.4,1856.1,1855.2,1855.5,185
2021-11-10 12:40:00,1855.5,1856.1,1853.8,1854.0,183
2021-11-10 12:45:00,1853.9,1854.2,1851.5,1851.9,506
2021-11-10 12:50:00,1852.0,1852.9,1851.2,1851.3,209
2021-11-10 12:55:00,1851.4,1852.2,1850.5,1851.9,327
2021-11-10 13:00:00,1851.9,1853.0,1848.1,1848.1,897
2021-11-10 13:05:00,1848.1,1848.5,1846.0,1847.1,1147
2021-11-10 13:10:00,1847.0,1850.5,1846.4,1848.8,829
2021-11-10 13:15:00,1849.1,1850.9,1847.4,1849.4,390
2021-11-10 13:20:00,1849.5,1849.8,1847.1,1847.4,388
2021-11-10 13:25:00,1847.2,1848.9,1847.0,1848.6,465
2021-11-10 13:30:00,1848.4,1848.5,1846.4,1847.2,232
2021-11-10 13:35:00,1847.3,1847.4,1843.5,1843.6,433
2021-11-10 13:40:00,1843.4,1845.8,1843.4,1845.6,272
2021-11-10 13:45:00,1845.4,1847.0,1844.6,1846.2,180
2021-11-10 13:50:00,1846.3,1847.2,1846.1,1846.9,143
2021-11-10 13:55:00,1846.8,1848.4,1846.7,1848.4,203
2021-11-10 14:00:00,1848.2,1848.2,1846.2,1846.8,211
2021-11-10 14:05:00,1846.8,1847.4,1846.6,1846.8,91
2021-11-10 14:10:00,1846.9,1847.7,1846.4,1847.4,83
2021-11-10 14:15:00,1847.5,1848.4,1847.5,1848.3,72
2021-11-10 14:20:00,1848.3,1848.6,1847.7,1848.5,108
2021-11-10 14:25:00,1848.4,1849.5,1848.2,1849.4,218
2021-11-10 14:30:00,1849.4,1849.6,1848.7,1849.1,175
2021-11-10 14:35:00,1849.1,1851.6,1848.6,1850.7,365
2021-11-10 14:40:00,1850.4,1851.7,1850.2,1851.4,100
2021-11-10 14:45:00,1851.4,1851.9,1850.2,1850.5,225
2021-11-10 14:50:00,1850.5,1850.9,1849.9,1849.9,126
2021-11-10 14:55:00,1849.9,1850.1,1848.2,1848.9,140
2021-11-10 15:00:00,1848.8,1850.2,1848.4,1848.6,199
2021-11-10 15:05:00,1848.5,1848.8,1848.4,1848.8,108
2021-11-10 15:10:00,1848.6,1848.9,1847.2,1847.6,148
2021-11-10 15:15:00,1847.6,1848.6,1847.5,1848.1,95
2021-11-10 15:20:00,1848.1,1848.3,1847.4,1847.7,57
2021-11-10 15:25:00,1847.6,1848.1,1847.6,1848.1,69
2021-11-10 15:30:00,1848.3,1849.2,1848.2,1849.1,133
2021-11-10 15:35:00,1849.2,1850.5,1849.1,1850.5,101
2021-11-10 15:40:00,1850.5,1851.1,1850.3,1850.8,113
2021-11-10 15:45:00,1850.9,1852.3,1850.7,1852.2,160
2021-11-10 15:50:00,1852.1,1853.4,1852.1,1853.2,163
2021-11-10 15:55:00,1853.3,1854.8,1853.3,1854.6,221
2021-11-10 16:00:00,1854.5,1854.8,1853.5,1853.7,88
2021-11-10 16:05:00,1853.8,1854.1,1853.4,1853.8,63
2021-11-10 16:10:00,1854.1,1854.5,1854.0,1854.0,28
2021-11-10 16:15:00,1854.0,1854.2,1853.8,1854.1,34
2021-11-10 16:20:00,1854.1,1854.2,1853.7,1853.7,20
2021-11-10 16:25:00,1853.8,1854.0,1853.1,1853.2,46
2021-11-10 16:30:00,1853.1,1853.8,1853.0,1853.7,39
2021-11-10 16:35:00,1853.7,1854.5,1853.7,1854.2,36
2021-11-10 16:40:00,1854.3,1854.4,1852.9,1852.9,51
2021-11-10 16:45:00,1852.8,1852.9,1852.0,1852.1,62
2021-11-10 16:50:00,1852.3,1852.3,1851.1,1851.2,82
2021-11-10 16:55:00,1850.9,1851.5,1850.8,1851.2,87
2021-11-10 18:00:00,1852.6,1852.8,1850.0,1851.3,165
2021-11-10 18:05:00,1851.0,1851.0,1850.5,1851.0,33
2021-11-10 18:10:00,1850.7,1851.1,1850.6,1850.6,27
2021-11-10 18:15:00,1850.6,1850.8,1850.4,1850.7,32
2021-11-10 18:20:00,1850.6,1850.7,1850.4,1850.5,17
2021-11-10 18:25:00,1850.5,1850.7,1850.5,1850.6,9
2021-11-10 18:30:00,1850.5,1851.5,1850.5,1851.3,69
2021-11-10 18:35:00,1851.3,1851.5,1851.3,1851.5,24
2021-11-10 18:40:00,1851.5,1851.5,1850.8,1850.8,40
2021-11-10 18:45:00,1850.6,1851.1,1850.6,1850.9,58
2021-11-10 18:50:00,1850.9,1851.1,1850.7,1851.1,30
2021-11-10 18:55:00,1851.0,1851.0,1850.6,1850.8,12
2021-12-10 00:00:00,1778.6,1778.6,1778.1,1778.2,30
2021-12-10 00:05:00,1778.2,1778.3,1778.0,1778.0,28
2021-12-10 00:10:00,1778.0,1778.3,1777.9,1777.9,21
2021-12-10 00:15:00,1777.9,1778.0,1777.8,1777.8,26
2021-12-10 00:20:00,1778.0,1778.1,1777.9,1777.9,15
2021-12-10 00:25:00,1778.1,1778.2,1777.5,1777.7,36
2021-12-10 00:30:00,1777.7,1778.9,1777.7,1778.4,70
2021-12-10 00:35:00,1778.4,1778.4,1778.0,1778.1,22
2021-12-10 00:40:00,1778.1,1778.1,1777.5,1777.5,40
2021-12-10 00:45:00,1777.7,1778.4,1777.7,1778.1,47
2021-12-10 00:50:00,1778.0,1778.4,1777.6,1778.4,42
2021-12-10 00:55:00,1778.2,1778.2,1777.3,1777.4,48
2021-12-10 01:00:00,1777.2,1777.8,1775.7,1775.9,295
2021-12-10 01:05:00,1775.8,1776.1,1774.6,1775.0,331
2021-12-10 01:10:00,1775.1,1775.2,1773.7,1774.6,226
2021-12-10 01:15:00,1774.7,1774.7,1772.8,1773.0,306
2021-12-10 01:20:00,1773.1,1773.4,1771.5,1772.9,473
2021-12-10 01:25:00,1773.0,1773.0,1772.0,1772.0,106
2021-12-10 01:30:00,1772.0,1772.4,1771.5,1772.3,208
2021-12-10 01:35:00,1772.3,1773.0,1772.2,1772.9,125
2021-12-10 01:40:00,1773.0,1773.1,1772.7,1773.1,79
2021-12-10 01:45:00,1773.0,1773.6,1772.9,1773.6,103
2021-12-10 01:50:00,1773.3,1773.6,1773.0,1773.0,83
2021-12-10 01:55:00,1773.0,1774.1,1772.9,1773.9,84
2021-12-10 02:00:00,1773.9,1774.3,1773.0,1774.2,100
2021-12-10 02:05:00,1774.1,1774.1,1773.5,1773.5,36
2021-12-10 02:10:00,1773.8,1774.6,1773.8,1774.1,46
2021-12-10 02:15:00,1774.0,1774.3,1773.2,1773.5,54
2021-12-10 02:20:00,1773.3,1773.6,1772.8,1772.9,44
2021-12-10 02:25:00,1772.8,1772.8,1771.9,1772.6,104
2021-12-10 02:30:00,1772.4,1773.0,1772.2,1772.2,69
2021-12-10 02:35:00,1772.1,1773.2,1771.8,1773.2,71
2021-12-10 02:40:00,1773.1,1773.8,1773.1,1773.3,58
2021-12-10 02:45:00,1773.1,1773.2,1772.7,1772.7,32
2021-12-10 02:50:00,1772.5,1773.5,1772.5,1773.0,32
2021-12-10 02:55:00,1772.9,1773.6,1772.8,1773.4,43
2021-12-10 03:00:00,1773.3,1773.7,1772.5,1773.7,138
2021-12-10 03:05:00,1773.7,1773.9,1773.4,1773.6,80
2021-12-10 03:10:00,1773.1,1773.5,1772.6,1772.6,54
2021-12-10 03:15:00,1772.5,1772.5,1770.9,1771.0,301
2021-12-10 03:20:00,1771.2,1772.7,1771.1,1772.1,97
2021-12-10 03:25:00,1772.1,1772.7,1771.0,1772.5,75
2021-12-10 03:30:00,1772.5,1772.9,1772.2,1772.5,64
2021-12-10 03:35:00,1772.7,1773.8,1772.2,1772.3,191
2021-12-10 03:40:00,1772.5,1773.0,1771.7,1772.8,74
2021-12-10 03:45:00,1772.8,1773.0,1772.2,1772.2,45
2021-12-10 03:50:00,1772.0,1772.3,1771.7,1772.0,44
2021-12-10 03:55:00,1772.1,1772.1,1771.6,1772.0,54
2021-12-10 04:00:00,1771.8,1772.4,1771.7,1772.0,53
2021-12-10 04:05:00,1772.1,1772.3,1771.1,1771.3,68
2021-12-10 04:10:00,1771.4,1771.6,1770.6,1771.6,122
2021-12-10 04:15:00,1771.7,1771.8,1770.9,1770.9,73
2021-12-10 04:20:00,1771.0,1771.9,1770.3,1771.8,150
2021-12-10 04:25:00,1771.5,1771.5,1771.0,1771.1,32
2021-12-10 04:30:00,1771.1,1771.2,1770.7,1771.0,57
2021-12-10 04:35:00,1771.4,1771.6,1771.0,1771.5,45
2021-12-10 04:40:00,1771.7,1771.9,1770.9,1771.4,39
2021-12-10 04:45:00,1771.4,1771.7,1770.9,1771.0,31
2021-12-10 04:50:00,1771.2,1772.3,1771.1,1771.5,62
2021-12-10 04:55:00,1771.7,1771.7,1770.5,1771.1,90
2021-12-10 05:00:00,1771.2,1771.7,1771.0,1771.2,51
2021-12-10 05:05:00,1771.1,1771.4,1770.9,1771.2,32
2021-12-10 05:10:00,1771.2,1771.5,1770.9,1771.4,44
2021-12-10 05:15:00,1771.2,1771.5,1771.1,1771.2,21
2021-12-10 05:20:00,1771.6,1771.9,1771.6,1771.8,57
2021-12-10 05:25:00,1771.9,1771.9,1770.8,1770.8,102
2021-12-10 05:30:00,1770.9,1772.0,1770.9,1771.5,84
2021-12-10 05:35:00,1771.4,1771.4,1770.9,1771.1,35
2021-12-10 05:40:00,1771.1,1771.5,1771.1,1771.5,21
2021-12-10 05:45:00,1771.5,1771.5,1770.6,1770.7,77
2021-12-10 05:50:00,1770.7,1771.3,1770.7,1771.3,33
2021-12-10 05:55:00,1771.2,1771.8,1770.9,1771.3,74
2021-12-10 06:00:00,1771.4,1771.5,1770.9,1771.0,37
2021-12-10 06:05:00,1770.9,1771.4,1770.8,1771.0,39
2021-12-10 06:10:00,1771.0,1771.0,1770.8,1770.9,40
2021-12-10 06:15:00,1770.9,1772.1,1770.9,1772.0,57
2021-12-10 06:20:00,1772.0,1772.5,1771.0,1771.3,170
2021-12-10 06:25:00,1771.3,1772.0,1771.3,1771.6,58
2021-12-10 06:30:00,1771.7,1771.7,1771.2,1771.3,47
2021-12-10 06:35:00,1771.5,1771.6,1771.4,1771.5,13
2021-12-10 06:40:00,1771.8,1773.0,1771.8,1772.4,149
2021-12-10 06:45:00,1772.5,1772.7,1772.2,1772.6,51
2021-12-10 06:50:00,1772.5,1773.0,1772.5,1772.6,82
2021-12-10 06:55:00,1772.6,1772.9,1772.2,1772.5,125
2021-12-10 07:00:00,1772.4,1773.3,1772.0,1773.3,101
2021-12-10 07:05:00,1773.1,1774.1,1772.8,1773.1,187
2021-12-10 07:10:00,1773.3,1773.4,1773.0,1773.0,55
2021-12-10 07:15:00,1772.8,1773.0,1772.4,1772.7,71
2021-12-10 07:20:00,1772.5,1772.6,1772.2,1772.3,32
2021-12-10 07:25:00,1772.3,1773.1,1772.2,1772.7,47
2021-12-10 07:30:00,1772.8,1773.3,1772.5,1773.1,41
2021-12-10 07:35:00,1773.2,1773.3,1772.5,1772.8,97
2021-12-10 07:40:00,1773.2,1773.2,1772.6,1772.8,32
2021-12-10 07:45:00,1772.8,1773.4,1772.8,1773.1,31
2021-12-10 07:50:00,1773.2,1773.9,1773.0,1773.4,132
2021-12-10 07:55:00,1773.6,1774.5,1773.5,1774.1,139
2021-12-10 08:00:00,1774.0,1774.2,1772.8,1773.8,191
2021-12-10 08:05:00,1773.8,1775.4,1773.8,1775.2,284
2021-12-10 08:10:00,1775.2,1776.8,1775.2,1776.2,386
2021-12-10 08:15:00,1776.3,1778.3,1776.3,1778.1,393
2021-12-10 08:20:00,1778.1,1778.4,1774.2,1774.9,593
2021-12-10 08:25:00,1774.8,1775.5,1773.1,1775.0,279
2021-12-10 08:30:00,1774.9,1783.7,1774.7,1781.4,2486
2021-12-10 08:35:00,1781.5,1783.3,1778.4,1778.6,1336
2021-12-10 08:40:00,1778.8,1781.9,1777.6,1778.7,985
2021-12-10 08:45:00,1778.9,1780.2,1776.9,1779.4,787
2021-12-10 08:50:00,1779.5,1782.1,1779.4,1781.8,499
2021-12-10 08:55:00,1781.8,1786.3,1781.2,1785.1,1596
2021-12-10 09:00:00,1785.2,1790.8,1785.2,1786.9,1974
2021-12-10 09:05:00,1787.0,1788.0,1785.1,1785.3,662
2021-12-10 09:10:00,1785.4,1786.7,1785.0,1785.4,417
2021-12-10 09:15:00,1785.3,1785.5,1782.6,1784.0,539
2021-12-10 09:20:00,1783.8,1785.0,1783.0,1784.7,308
2021-12-10 09:25:00,1785.1,1786.0,1784.0,1785.6,237
2021-12-10 09:30:00,1785.5,1785.9,1782.2,1782.6,480
2021-12-10 09:35:00,1782.7,1783.1,1779.5,1781.8,960
2021-12-10 09:40:00,1781.8,1782.8,1779.3,1780.6,406
2021-12-10 09:45:00,1780.7,1782.1,1780.3,1781.0,308
2021-12-10 09:50:00,1780.9,1782.0,1779.7,1781.7,320
2021-12-10 09:55:00,1781.6,1781.7,1780.4,1780.8,314
2021-12-10 10:00:00,1780.6,1781.6,1780.1,1781.4,487
2021-12-10 10:05:00,1781.3,1781.6,1779.6,1781.4,265
2021-12-10 10:10:00,1781.4,1782.3,1780.1,1782.1,249
2021-12-10 10:15:00,1782.1,1783.0,1781.3,1782.8,260
2021-12-10 10:20:00,1783.0,1783.1,1782.0,1782.1,236
2021-12-10 10:25:00,1782.3,1784.1,1782.3,1783.7,398
2021-12-10 10:30:00,1783.6,1783.9,1783.2,1783.9,146
2021-12-10 10:35:00,1783.9,1784.5,1783.6,1784.4,218
2021-12-10 10:40:00,1784.4,1785.2,1783.8,1785.1,225
2021-12-10 10:45:00,1785.0,1785.4,1784.2,1784.8,133
2021-12-10 10:50:00,1784.8,1785.0,1783.4,1784.1,147
2021-12-10 10:55:00,1784.3,1784.5,1783.9,1784.0,103
2021-12-10 11:00:00,1784.1,1784.9,1784.0,1784.3,102
2021-12-10 11:05:00,1784.3,1785.7,1784.3,1785.6,148
2021-12-10 11:10:00,1785.6,1786.0,1785.2,1785.6,198
2021-12-10 11:15:00,1785.6,1785.9,1785.0,1785.4,224
2021-12-10 11:20:00,1785.7,1786.8,1785.6,1786.3,202
2021-12-10 11:25:00,1786.4,1787.0,1786.3,1786.3,173
2021-12-10 11:30:00,1786.4,1787.0,1786.1,1786.9,159
2021-12-10 11:35:00,1786.9,1786.9,1786.4,1786.8,119
2021-12-10 11:40:00,1786.8,1787.1,1786.6,1787.0,86
2021-12-10 11:45:00,1787.0,1787.2,1786.7,1787.1,103
2021-12-10 11:50:00,1787.2,1787.4,1786.5,1786.7,130
2021-12-10 11:55:00,1786.7,1786.7,1785.2,1785.5,211
2021-12-10 12:00:00,1785.6,1785.8,1784.2,1785.1,156
2021-12-10 12:05:00,1785.2,1786.1,1785.0,1785.4,104
2021-12-10 12:10:00,1785.4,1785.6,1784.7,1785.1,62
2021-12-10 12:15:00,1785.0,1785.6,1785.0,1785.3,42
2021-12-10 12:20:00,1785.2,1785.6,1785.2,1785.5,26
2021-12-10 12:25:00,1785.5,1785.8,1785.1,1785.3,25
2021-12-10 12:30:00,1785.3,1786.0,1785.1,1785.8,58
2021-12-10 12:35:00,1785.9,1785.9,1785.0,1785.0,63
2021-12-10 12:40:00,1784.9,1785.0,1784.1,1784.1,77
2021-12-10 12:45:00,1784.0,1784.4,1783.7,1784.2,159
2021-12-10 12:50:00,1784.3,1784.6,1784.0,1784.4,45
2021-12-10 12:55:00,1784.3,1784.4,1784.1,1784.3,51
2021-12-10 13:00:00,1784.2,1784.9,1784.0,1784.4,65
2021-12-10 13:05:00,1784.3,1785.1,1784.1,1785.1,43
2021-12-10 13:10:00,1784.9,1785.5,1784.8,1785.2,66
2021-12-10 13:15:00,1785.4,1785.8,1785.0,1785.2,35
2021-12-10 13:20:00,1785.1,1785.1,1784.4,1784.8,47
2021-12-10 13:25:00,1785.0,1785.4,1784.3,1784.7,380
2021-12-10 13:30:00,1784.8,1784.8,1783.8,1784.0,109
2021-12-10 13:35:00,1783.9,1783.9,1783.3,1783.4,105
2021-12-10 13:40:00,1783.4,1784.0,1783.3,1783.9,39
2021-12-10 13:45:00,1783.8,1784.1,1783.7,1783.7,43
2021-12-10 13:50:00,1783.5,1783.6,1783.3,1783.6,34
2021-12-10 13:55:00,1783.7,1783.7,1783.2,1783.3,39
2021-12-10 14:00:00,1783.3,1783.9,1782.8,1782.8,90
2021-12-10 14:05:00,1782.8,1783.0,1782.6,1782.7,50
2021-12-10 14:10:00,1782.6,1782.9,1782.4,1782.7,52
2021-12-10 14:15:00,1782.7,1782.9,1782.4,1782.5,40
2021-12-10 14:20:00,1782.5,1782.6,1782.2,1782.4,28
2021-12-10 14:25:00,1782.5,1782.5,1781.9,1782.3,122
2021-12-10 14:30:00,1782.2,1782.9,1782.2,1782.6,36
2021-12-10 14:35:00,1782.7,1783.0,1782.6,1782.8,37
2021-12-10 14:40:00,1782.8,1783.0,1782.8,1782.8,25
2021-12-10 14:45:00,1782.7,1782.7,1782.3,1782.4,48
2021-12-10 14:50:00,1782.3,1783.3,1782.3,1783.3,78
2021-12-10 14:55:00,1783.3,1783.4,1782.8,1782.8,55
2021-12-10 15:00:00,1782.9,1783.0,1782.2,1782.9,460
2021-12-10 15:05:00,1782.9,1782.9,1782.6,1782.7,34
2021-12-10 15:10:00,1782.9,1782.9,1782.5,1782.6,24
2021-12-10 15:15:00,1782.6,1782.9,1782.1,1782.7,81
2021-12-10 15:20:00,1782.7,1782.9,1782.7,1782.8,25
2021-12-10 15:25:00,1782.8,1783.0,1782.8,1782.8,27
2021-12-10 15:30:00,1782.9,1783.0,1782.4,1782.9,124
2021-12-10 15:35:00,1782.8,1783.1,1782.8,1782.8,38
2021-12-10 15:40:00,1782.8,1783.1,1782.7,1783.0,54
2021-12-10 15:45:00,1782.9,1783.5,1782.8,1783.1,45
2021-12-10 15:50:00,1783.1,1783.1,1782.8,1783.0,41
2021-12-10 15:55:00,1783.0,1783.6,1783.0,1783.2,50
2021-12-10 16:00:00,1783.2,1783.2,1782.6,1782.7,42
2021-12-10 16:05:00,1782.7,1782.8,1782.4,1782.6,32
2021-12-10 16:10:00,1782.6,1782.8,1782.6,1782.6,10
2021-12-10 16:15:00,1782.7,1782.8,1782.6,1782.8,22
2021-12-10 16:20:00,1782.6,1782.7,1782.5,1782.7,7
2021-12-10 16:25:00,1782.8,1783.1,1782.8,1783.1,12
2021-12-10 16:30:00,1782.9,1783.5,1782.9,1783.2,26
2021-12-10 16:35:00,1783.0,1783.3,1783.0,1783.3,7
2021-12-10 16:40:00,1783.1,1783.3,1783.1,1783.1,10
2021-12-10 16:45:00,1783.0,1783.5,1782.9,1783.5,15
2021-12-10 16:50:00,1783.1,1783.6,1783.1,1783.5,13
2021-12-10 16:55:00,1783.3,1783.5,1783.1,1783.3,47
2022-01-12 00:00:00,1818.0,1818.7,1817.9,1818.4,72
2022-01-12 00:05:00,1818.4,1819.0,1818.3,1819.0,32
2022-01-12 00:10:00,1819.1,1819.3,1819.0,1819.0,11
2022-01-12 00:15:00,1819.0,1819.3,1819.0,1819.2,12
2022-01-12 00:20:00,1819.3,1819.5,1819.3,1819.5,11
2022-01-12 00:25:00,1819.6,1819.6,1819.4,1819.5,15
2022-01-12 00:30:00,1819.6,1820.2,1819.4,1820.1,104
2022-01-12 00:35:00,1820.0,1820.7,1819.9,1820.7,83
2022-01-12 00:40:00,1820.7,1821.0,1820.6,1820.9,41
2022-01-12 00:45:00,1820.9,1821.2,1820.6,1821.0,65
2022-01-12 00:50:00,1820.9,1821.6,1820.9,1821.1,131
2022-01-12 00:55:00,1820.9,1821.0,1820.3,1820.5,51
2022-01-12 01:00:00,1820.3,1820.9,1820.3,1820.9,62
2022-01-12 01:05:00,1820.9,1821.0,1820.4,1820.5,19
2022-01-12 01:10:00,1820.5,1820.5,1820.3,1820.5,23
2022-01-12 01:15:00,1820.9,1821.3,1820.9,1821.2,30
2022-01-12 01:20:00,1821.2,1821.3,1821.0,1821.2,29
2022-01-12 01:25:00,1821.0,1821.1,1820.1,1820.3,60
2022-01-12 01:30:00,1820.3,1820.4,1820.1,1820.1,19
2022-01-12 01:35:00,1820.1,1820.3,1820.0,1820.2,26
2022-01-12 01:40:00,1820.2,1820.6,1820.2,1820.2,43
2022-01-12 01:45:00,1820.4,1820.4,1819.7,1819.7,38
2022-01-12 01:50:00,1819.7,1820.1,1819.7,1819.9,28
2022-01-12 01:55:00,1819.9,1819.9,1819.7,1819.9,32
2022-01-12 02:00:00,1819.9,1820.1,1819.2,1819.3,91
2022-01-12 02:05:00,1819.4,1819.7,1819.1,1819.5,47
2022-01-12 02:10:00,1819.5,1819.8,1818.3,1818.3,79
2022-01-12 02:15:00,1818.4,1819.6,1818.1,1818.8,98
2022-01-12 02:20:00,1818.7,1819.0,1818.6,1818.6,27
2022-01-12 02:25:00,1818.6,1818.6,1817.3,1817.6,110
2022-01-12 02:30:00,1817.5,1817.7,1816.7,1817.3,182
2022-01-12 02:35:00,1817.2,1817.2,1816.4,1817.0,118
2022-01-12 02:40:00,1817.0,1817.0,1815.9,1816.0,173
2022-01-12 02:45:00,1816.0,1816.5,1815.3,1815.7,186
2022-01-12 02:50:00,1816.2,1816.7,1816.0,1816.6,60
2022-01-12 02:55:00,1816.6,1816.9,1816.4,1816.9,49
2022-01-12 03:00:00,1817.0,1817.1,1815.0,1816.3,190
2022-01-12 03:05:00,1816.3,1816.8,1815.8,1816.8,77
2022-01-12 03:10:00,1816.7,1817.7,1816.7,1817.1,110
2022-01-12 03:15:00,1817.1,1817.9,1817.1,1817.7,67
2022-01-12 03:20:00,1817.3,1817.7,1817.2,1817.6,53
2022-01-12 03:25:00,1817.6,1817.7,1816.9,1817.1,40
2022-01-12 03:30:00,1816.9,1817.0,1816.6,1817.0,19
2022-01-12 03:35:00,1816.7,1816.7,1816.1,1816.1,59
2022-01-12 03:40:00,1816.1,1816.3,1815.5,1815.5,59
2022-01-12 03:45:00,1815.7,1816.0,1814.4,1815.9,124
2022-01-12 03:50:00,1815.8,1816.3,1815.4,1816.1,84
2022-01-12 03:55:00,1816.2,1816.8,1816.2,1816.6,44
2022-01-12 04:00:00,1816.5,1816.8,1816.4,1816.4,32
2022-01-12 04:05:00,1816.3,1816.5,1815.5,1815.6,60
2022-01-12 04:10:00,1815.7,1815.8,1814.8,1815.1,80
2022-01-12 04:15:00,1815.0,1815.2,1814.6,1815.2,69
2022-01-12 04:20:00,1815.1,1815.4,1814.7,1815.4,77
2022-01-12 04:25:00,1815.4,1815.9,1815.4,1815.9,34
2022-01-12 04:30:00,1815.8,1816.1,1815.1,1815.4,33
2022-01-12 04:35:00,1815.5,1815.7,1815.3,1815.3,43
2022-01-12 04:40:00,1815.4,1815.7,1815.1,1815.4,49
2022-01-12 04:45:00,1815.4,1815.7,1815.2,1815.6,52
2022-01-12 04:50:00,1815.5,1816.1,1815.5,1815.8,93
2022-01-12 04:55:00,1815.7,1816.0,1815.3,1815.9,43
2022-01-12 05:00:00,1815.9,1817.7,1815.8,1817.5,159
2022-01-12 05:05:00,1817.5,1817.8,1817.2,1817.8,66
2022-01-12 05:10:00,1817.7,1817.8,1817.4,1817.5,52
2022-01-12 05:15:00,1817.6,1817.6,1816.7,1816.9,80
2022-01-12 05:20:00,1816.8,1817.1,1816.6,1816.7,57
2022-01-12 05:25:00,1816.6,1816.9,1816.6,1816.7,28
2022-01-12 05:30:00,1816.7,1816.8,1815.6,1816.5,187
2022-01-12 05:35:00,1816.3,1817.8,1816.2,1817.4,58
2022-01-12 05:40:00,1817.2,1817.2,1816.8,1817.1,37
2022-01-12 05:45:00,1817.1,1817.5,1817.1,1817.5,23
2022-01-12 05:50:00,1817.6,1817.9,1817.3,1817.8,45
2022-01-12 05:55:00,1817.8,1817.8,1817.1,1817.1,34
2022-01-12 06:00:00,1817.1,1817.8,1817.0,1817.8,50
2022-01-12 06:05:00,1817.4,1817.9,1817.4,1817.8,37
2022-01-12 06:10:00,1817.7,1817.8,1817.5,1817.5,35
2022-01-12 06:15:00,1817.4,1817.7,1817.3,1817.6,45
2022-01-12 06:20:00,1817.4,1817.9,1817.4,1817.9,45
2022-01-12 06:25:00,1817.8,1818.3,1817.7,1818.0,93
2022-01-12 06:30:00,1818.0,1818.4,1817.4,1817.6,70
2022-01-12 06:35:00,1817.5,1817.6,1817.0,1817.1,41
2022-01-12 06:40:00,1817.0,1817.5,1817.0,1817.2,47
2022-01-12 06:45:00,1817.4,1817.5,1816.6,1816.7,38
2022-01-12 06:50:00,1816.6,1817.1,1816.0,1816.1,102
2022-01-12 06:55:00,1816.2,1817.3,1816.2,1817.1,65
2022-01-12 07:00:00,1817.0,1817.3,1816.8,1816.9,54
2022-01-12 07:05:00,1816.9,1816.9,1816.5,1816.5,35
2022-01-12 07:10:00,1816.4,1816.8,1816.1,1816.8,63
2022-01-12 07:15:00,1816.8,1816.9,1816.6,1816.8,23
2022-01-12 07:20:00,1816.7,1817.0,1816.7,1817.0,26
2022-01-12 07:25:00,1817.0,1817.5,1816.9,1817.5,60
2022-01-12 07:30:00,1817.7,1818.4,1817.7,1817.7,106
2022-01-12 07:35:00,1817.9,1818.9,1817.9,1818.7,203
2022-01-12 07:40:00,1818.7,1819.0,1818.3,1818.5,73
2022-01-12 07:45:00,1818.4,1818.7,1817.9,1818.0,81
2022-01-12 07:50:00,1818.2,1819.1,1817.9,1818.8,99
2022-01-12 07:55:00,1818.7,1819.3,1818.4,1819.2,99
2022-01-12 08:00:00,1819.2,1819.9,1818.6,1819.0,241
2022-01-12 08:05:00,1819.0,1819.6,1817.9,1819.6,109
2022-01-12 08:10:00,1819.5,1819.8,1818.9,1819.0,152
2022-01-12 08:15:00,1819.0,1820.3,1818.7,1820.1,142
2022-01-12 08:20:00,1820.0,1820.7,1818.0,1820.2,470
2022-01-12 08:25:00,1820.0,1820.9,1818.0,1819.4,299
2022-01-12 08:30:00,1818.2,1821.0,1814.0,1818.7,1069
2022-01-12 08:35:00,1818.6,1821.7,1818.1,1821.3,858
2022-01-12 08:40:00,1821.4,1825.5,1821.1,1824.0,1456
2022-01-12 08:45:00,1823.8,1824.1,1820.9,1823.1,711
2022-01-12 08:50:00,1823.2,1823.2,1820.8,1822.3,502
2022-01-12 08:55:00,1822.2,1822.3,1820.5,1820.9,249
2022-01-12 09:00:00,1821.2,1821.9,1819.3,1821.2,559
2022-01-12 09:05:00,1821.1,1821.9,1820.3,1821.9,207
2022-01-12 09:10:00,1821.8,1821.9,1818.5,1820.3,412
2022-01-12 09:15:00,1820.1,1820.5,1819.3,1820.0,183
2022-01-12 09:20:00,1820.1,1821.5,1820.1,1820.9,176
2022-01-12 09:25:00,1820.6,1822.4,1820.6,1822.1,237
2022-01-12 09:30:00,1822.0,1822.8,1820.9,1821.2,436
2022-01-12 09:35:00,1821.1,1822.6,1821.1,1822.1,246
2022-01-12 09:40:00,1822.0,1824.5,1821.9,1823.8,539
2022-01-12 09:45:00,1823.8,1824.1,1822.1,1823.5,368
2022-01-12 09:50:00,1823.6,1824.3,1822.8,1824.2,257
2022-01-12 09:55:00,1824.2,1824.2,1821.2,1821.7,319
2022-01-12 10:00:00,1821.8,1822.4,1821.0,1822.1,388
2022-01-12 10:05:00,1821.8,1823.3,1821.6,1822.7,170
2022-01-12 10:10:00,1823.1,1823.8,1822.9,1823.8,143
2022-01-12 10:15:00,1823.8,1824.2,1823.0,1823.9,203
2022-01-12 10:20:00,1823.9,1824.6,1823.8,1824.4,265
2022-01-12 10:25:00,1824.4,1824.5,1823.7,1823.9,210
2022-01-12 10:30:00,1824.0,1824.1,1820.8,1822.1,511
2022-01-12 10:35:00,1822.3,1823.0,1822.1,1822.2,192
2022-01-12 10:40:00,1822.2,1822.5,1821.4,1821.7,212
2022-01-12 10:45:00,1821.7,1824.0,1821.7,1824.0,292
2022-01-12 10:50:00,1824.0,1824.5,1823.5,1824.0,258
2022-01-12 10:55:00,1824.0,1824.6,1823.5,1823.7,201
2022-01-12 11:00:00,1823.7,1824.4,1822.7,1822.7,171
2022-01-12 11:05:00,1822.6,1823.4,1821.8,1822.3,128
2022-01-12 11:10:00,1822.4,1822.7,1821.6,1821.6,145
2022-01-12 11:15:00,1821.6,1822.4,1820.9,1820.9,198
2022-01-12 11:20:00,1820.8,1821.8,1820.1,1821.1,267
2022-01-12 11:25:00,1821.0,1821.6,1820.0,1821.6,177
2022-01-12 11:30:00,1821.5,1822.8,1821.5,1822.7,181
2022-01-12 11:35:00,1822.6,1823.2,1822.5,1823.0,93
2022-01-12 11:40:00,1823.1,1824.5,1823.0,1823.8,152
2022-01-12 11:45:00,1823.8,1824.4,1823.7,1823.9,60
2022-01-12 11:50:00,1824.1,1824.3,1823.7,1823.9,78
2022-01-12 11:55:00,1824.0,1824.8,1823.9,1824.8,140
2022-01-12 12:00:00,1824.6,1824.7,1824.0,1824.7,101
2022-01-12 12:05:00,1824.7,1825.0,1823.8,1824.4,139
2022-01-12 12:10:00,1824.4,1825.1,1824.1,1824.7,136
2022-01-12 12:15:00,1824.8,1825.3,1824.7,1825.2,132
2022-01-12 12:20:00,1825.0,1825.4,1824.8,1824.9,82
2022-01-12 12:25:00,1824.7,1825.1,1824.3,1825.0,82
2022-01-12 12:30:00,1825.0,1825.6,1825.0,1825.3,182
2022-01-12 12:35:00,1825.3,1826.9,1825.1,1826.6,385
2022-01-12 12:40:00,1826.6,1826.9,1826.4,1826.9,128
2022-01-12 12:45:00,1826.8,1826.9,1826.4,1826.8,132
2022-01-12 12:50:00,1826.8,1826.9,1826.0,1826.3,130
2022-01-12 12:55:00,1826.4,1826.6,1825.9,1826.1,105
2022-01-12 13:00:00,1826.1,1826.5,1825.6,1826.5,181
2022-01-12 13:05:00,1826.5,1827.0,1826.1,1826.3,165
2022-01-12 13:10:00,1826.2,1826.6,1826.1,1826.4,59
2022-01-12 13:15:00,1826.5,1827.0,1826.2,1826.9,105
2022-01-12 13:20:00,1826.8,1827.3,1826.4,1826.6,170
2022-01-12 13:25:00,1826.5,1827.6,1826.5,1827.4,734
2022-01-12 13:30:00,1827.4,1827.8,1827.0,1827.7,334
2022-01-12 13:35:00,1827.8,1828.0,1827.1,1827.4,165
2022-01-12 13:40:00,1827.4,1827.4,1826.6,1827.0,76
2022-01-12 13:45:00,1827.0,1827.3,1827.0,1827.0,35
2022-01-12 13:50:00,1827.1,1827.1,1826.2,1826.2,91
2022-01-12 13:55:00,1826.3,1826.4,1825.8,1826.1,107
2022-01-12 14:00:00,1826.0,1826.1,1825.8,1826.0,36
2022-01-12 14:05:00,1826.0,1826.3,1825.7,1825.9,65
2022-01-12 14:10:00,1826.0,1826.8,1826.0,1826.8,30
2022-01-12 14:15:00,1826.8,1827.7,1826.8,1827.7,98
2022-01-12 14:20:00,1827.3,1827.4,1826.9,1826.9,40
2022-01-12 14:25:00,1826.8,1827.0,1826.6,1826.8,32
2022-01-12 14:30:00,1826.7,1827.1,1826.6,1827.0,61
2022-01-12 14:35:00,1827.0,1827.9,1827.0,1827.6,209
2022-01-12 14:40:00,1827.4,1827.9,1827.4,1827.8,69
2022-01-12 14:45:00,1827.8,1828.0,1827.5,1827.8,52
2022-01-12 14:50:00,1827.8,1828.0,1827.5,1827.5,82
2022-01-12 14:55:00,1827.7,1828.0,1827.6,1828.0,95
2022-01-12 15:00:00,1828.0,1828.1,1827.4,1827.4,110
2022-01-12 15:05:00,1827.3,1827.4,1826.7,1826.7,72
2022-01-12 15:10:00,1826.9,1827.1,1826.4,1826.5,39
2022-01-12 15:15:00,1826.4,1826.8,1826.2,1826.2,41
2022-01-12 15:20:00,1826.2,1826.6,1826.2,1826.4,25
2022-01-12 15:25:00,1826.1,1826.3,1825.9,1825.9,57
2022-01-12 15:30:00,1825.9,1826.6,1825.8,1826.6,53
2022-01-12 15:35:00,1826.6,1827.0,1826.6,1826.9,45
2022-01-12 15:40:00,1826.9,1827.3,1826.8,1827.3,50
2022-01-12 15:45:00,1827.1,1827.2,1826.9,1827.1,50
2022-01-12 15:50:00,1827.1,1827.1,1826.8,1826.8,37
2022-01-12 15:55:00,1826.9,1827.3,1826.8,1827.3,73
2022-01-12 16:00:00,1827.4,1827.5,1826.8,1827.2,83
2022-01-12 16:05:00,1827.1,1827.1,1826.9,1826.9,12
2022-01-12 16:10:00,1827.0,1827.2,1826.8,1827.0,23
2022-01-12 16:15:00,1827.2,1827.2,1826.9,1826.9,25
2022-01-12 16:20:00,1826.9,1827.1,1826.7,1826.7,10
2022-01-12 16:25:00,1826.7,1826.8,1826.7,1826.7,17
2022-01-12 16:30:00,1826.9,1827.0,1826.5,1826.7,46
2022-01-12 16:35:00,1826.6,1826.6,1825.3,1825.6,70
2022-01-12 16:40:00,1825.4,1826.1,1825.2,1825.4,54
2022-01-12 16:45:00,1825.4,1825.6,1825.3,1825.6,38
2022-01-12 16:50:00,1825.6,1825.9,1825.5,1825.8,34
2022-01-12 16:55:00,1825.7,1826.0,1825.7,1825.8,34
2022-01-12 18:00:00,1825.7,1826.4,1825.2,1825.8,63
2022-01-12 18:05:00,1825.8,1826.0,1825.4,1826.0,48
2022-01-12 18:10:00,1825.7,1825.8,1825.6,1825.6,12
2022-01-12 18:15:00,1825.7,1825.9,1825.6,1825.9,30
2022-01-12 18:20:00,1825.9,1826.0,1825.8,1825.8,17
2022-01-12 18:25:00,1825.7,1826.0,1825.7,1826.0,20
2022-01-12 18:30:00,1825.9,1826.0,1825.5,1825.5,18
2022-01-12 18:35:00,1825.6,1825.7,1825.2,1825.4,27
2022-01-12 18:40:00,1825.3,1825.4,1824.8,1824.8,40
2022-01-12 18:45:00,1825.0,1825.4,1824.6,1824.9,73
2022-01-12 18:50:00,1824.7,1825.4,1824.7,1825.4,28
2022-01-12 18:55:00,1825.3,1825.5,1825.0,1825.0,25
2022-02-10 00:00:00,1835.1,1835.2,1834.9,1834.9,40
2022-02-10 00:05:00,1834.8,1834.9,1834.8,1834.8,23
2022-02-10 00:10:00,1834.7,1834.9,1834.5,1834.9,33
2022-02-10 00:15:00,1834.9,1834.9,1834.5,1834.7,37
2022-02-10 00:20:00,1834.7,1835.0,1834.7,1834.9,26
2022-02-10 00:25:00,1834.9,1835.0,1834.9,1835.0,20
2022-02-10 00:30:00,1834.8,1835.1,1834.5,1834.6,52
2022-02-10 00:35:00,1834.6,1835.2,1834.4,1835.2,26
2022-02-10 00:40:00,1835.1,1835.5,1835.1,1835.4,48
2022-02-10 00:45:00,1835.5,1835.8,1835.4,1835.4,65
2022-02-10 00:50:00,1835.4,1835.5,1835.2,1835.2,11
2022-02-10 00:55:00,1835.2,1835.8,1835.2,1835.5,77
2022-02-10 01:00:00,1835.5,1835.8,1835.4,1835.4,37
2022-02-10 01:05:00,1835.3,1835.4,1834.9,1835.4,82
2022-02-10 01:10:00,1835.4,1836.0,1835.1,1835.7,91
2022-02-10 01:15:00,1835.7,1835.8,1835.5,1835.5,33
2022-02-10 01:20:00,1835.6,1835.6,1835.2,1835.2,20
2022-02-10 01:25:00,1835.1,1835.1,1834.8,1835.0,36
2022-02-10 01:30:00,1835.1,1835.6,1835.1,1835.4,38
2022-02-10 01:35:00,1835.6,1835.8,1835.6,1835.8,21
2022-02-10 01:40:00,1835.8,1835.9,1835.6,1835.7,27
2022-02-10 01:45:00,1835.7,1835.9,1835.6,1835.7,32
2022-02-10 01:50:00,1835.8,1836.1,1835.8,1835.8,37
2022-02-10 01:55:00,1835.7,1835.7,1835.2,1835.2,19
2022-02-10 02:00:00,1835.3,1835.7,1834.9,1835.2,75
2022-02-10 02:05:00,1835.0,1835.2,1834.8,1834.8,25
2022-02-10 02:10:00,1835.0,1835.5,1835.0,1835.5,30
2022-02-10 02:15:00,1835.5,1835.9,1835.5,1835.6,34
2022-02-10 02:20:00,1835.4,1835.7,1835.2,1835.7,33
2022-02-10 02:25:00,1835.7,1836.2,1835.6,1835.8,74
2022-02-10 02:30:00,1835.6,1836.8,1835.6,1836.7,138
2022-02-10 02:35:00,1836.6,1836.9,1836.4,1836.8,74
2022-02-10 02:40:00,1836.8,1837.3,1836.3,1836.3,125
2022-02-10 02:45:00,1836.4,1836.5,1836.1,1836.3,54
2022-02-10 02:50:00,1836.3,1836.3,1835.4,1835.4,41
2022-02-10 02:55:00,1835.4,1835.8,1834.9,1835.6,90
2022-02-10 03:00:00,1835.9,1835.9,1834.0,1834.4,188
2022-02-10 03:05:00,1834.3,1834.3,1833.4,1834.1,188
2022-02-10 03:10:00,1834.1,1834.3,1833.7,1833.9,57
2022-02-10 03:15:00,1833.8,1834.5,1833.5,1833.8,128
2022-02-10 03:20:00,1834.1,1834.1,1833.3,1833.4,55
2022-02-10 03:25:00,1833.3,1833.6,1832.6,1832.7,148
2022-02-10 03:30:00,1832.7,1832.9,1831.3,1831.5,390
2022-02-10 03:35:00,1831.6,1832.6,1831.4,1832.3,108
2022-02-10 03:40:00,1832.3,1832.6,1831.8,1831.8,66
2022-02-10 03:45:00,1831.8,1832.7,1831.8,1832.6,65
2022-02-10 03:50:00,1832.7,1833.5,1832.6,1832.8,58
2022-02-10 03:55:00,1832.9,1833.0,1832.6,1832.9,53
2022-02-10 04:00:00,1832.9,1833.8,1832.6,1833.6,83
2022-02-10 04:05:00,1833.6,1833.7,1832.3,1832.7,86
2022-02-10 04:10:00,1832.9,1832.9,1831.9,1832.4,32
2022-02-10 04:15:00,1832.5,1832.8,1832.4,1832.4,31
2022-02-10 04:20:00,1832.3,1832.4,1831.8,1831.8,37
2022-02-10 04:25:00,1832.0,1832.7,1832.0,1832.2,33
2022-02-10 04:30:00,1832.2,1832.3,1831.8,1832.2,73
2022-02-10 04:35:00,1832.1,1832.6,1831.7,1832.4,37
2022-02-10 04:40:00,1832.7,1832.9,1832.2,1832.2,23
2022-02-10 04:45:00,1832.4,1832.7,1832.4,1832.7,26
2022-02-10 04:50:00,1833.0,1833.2,1832.9,1833.0,39
2022-02-10 04:55:00,1833.4,1833.8,1833.0,1833.6,59
2022-02-10 05:00:00,1833.0,1833.6,1833.0,1833.6,36
2022-02-10 05:05:00,1833.7,1834.0,1833.5,1833.5,36
2022-02-10 05:10:00,1833.3,1833.6,1833.0,1833.5,50
2022-02-10 05:15:00,1833.7,1834.0,1833.5,1833.5,61
2022-02-10 05:20:00,1833.6,1833.8,1833.3,1833.5,34
2022-02-10 05:25:00,1833.5,1833.6,1833.0,1833.4,28
2022-02-10 05:30:00,1833.2,1833.8,1833.1,1833.5,50
2022-02-10 05:35:00,1833.4,1834.1,1833.4,1833.9,63
2022-02-10 05:40:00,1833.9,1834.2,1833.9,1834.2,51
2022-02-10 05:45:00,1834.2,1834.3,1833.4,1833.5,53
2022-02-10 05:50:00,1833.6,1834.1,1833.6,1834.0,30
2022-02-10 05:55:00,1834.0,1834.2,1834.0,1834.1,42
2022-02-10 06:00:00,1834.0,1834.7,1833.9,1834.4,57
2022-02-10 06:05:00,1834.3,1834.4,1834.0,1834.2,32
2022-02-10 06:10:00,1834.0,1834.1,1833.6,1833.7,28
2022-02-10 06:15:00,1833.9,1834.1,1833.8,1834.1,11
2022-02-10 06:20:00,1834.1,1834.2,1834.1,1834.2,18
2022-02-10 06:25:00,1834.4,1834.4,1833.9,1834.1,74
2022-02-10 06:30:00,1834.1,1834.2,1834.0,1834.1,26
2022-02-10 06:35:00,1834.2,1834.3,1833.9,1833.9,13
2022-02-10 06:40:00,1833.8,1833.9,1833.6,1833.8,53
2022-02-10 06:45:00,1834.0,1834.1,1833.8,1833.9,44
2022-02-10 06:50:00,1833.9,1834.1,1833.8,1834.1,11
2022-02-10 06:55:00,1833.6,1833.6,1833.3,1833.3,22
2022-02-10 07:00:00,1833.5,1833.8,1833.4,1833.4,55
2022-02-10 07:05:00,1833.8,1833.8,1833.6,1833.7,32
2022-02-10 07:10:00,1833.8,1833.8,1833.6,1833.6,8
2022-02-10 07:15:00,1833.6,1833.6,1833.3,1833.3,69
2022-02-10 07:20:00,1833.5,1833.5,1832.0,1832.4,216
2022-02-10 07:25:00,1832.5,1833.0,1832.1,1832.1,97
2022-02-10 07:30:00,1832.1,1832.4,1831.7,1832.3,146
2022-02-10 07:35:00,1832.1,1832.6,1832.1,1832.6,96
2022-02-10 07:40:00,1832.5,1832.9,1832.3,1832.7,113
2022-02-10 07:45:00,1832.7,1832.9,1832.6,1832.9,54
2022-02-10 07:50:00,1832.8,1833.0,1832.3,1832.6,76
2022-02-10 07:55:00,1832.5,1832.7,1832.3,1832.6,37
2022-02-10 08:00:00,1832.7,1833.7,1832.6,1833.4,116
2022-02-10 08:05:00,1833.2,1833.6,1832.3,1832.4,99
2022-02-10 08:10:00,1832.4,1832.6,1831.8,1831.8,150
2022-02-10 08:15:00,1831.8,1832.3,1831.2,1832.2,219
2022-02-10 08:20:00,1832.3,1832.4,1831.1,1831.1,165
2022-02-10 08:25:00,1831.3,1832.0,1830.9,1831.7,190
2022-02-10 08:30:00,1830.8,1832.3,1821.9,1824.8,2539
2022-02-10 08:35:00,1824.7,1830.0,1823.4,1829.8,1546
2022-02-10 08:40:00,1829.8,1838.8,1829.2,1832.2,2879
2022-02-10 08:45:00,1832.0,1833.3,1828.3,1829.2,1128
2022-02-10 08:50:00,1828.8,1832.2,1828.2,1830.5,669
2022-02-10 08:55:00,1830.3,1833.4,1829.9,1831.7,631
2022-02-10 09:00:00,1831.5,1831.5,1828.4,1829.9,875
2022-02-10 09:05:00,1829.9,1830.6,1827.8,1829.0,488
2022-02-10 09:10:00,1828.8,1831.1,1827.7,1830.9,396
2022-02-10 09:15:00,1830.8,1830.9,1828.6,1829.0,342
2022-02-10 09:20:00,1828.8,1830.2,1828.6,1829.0,226
2022-02-10 09:25:00,1829.1,1830.3,1826.2,1827.1,652
2022-02-10 09:30:00,1827.1,1829.6,1826.5,1829.6,394
2022-02-10 09:35:00,1829.5,1832.3,1829.5,1832.0,520
2022-02-10 09:40:00,1831.9,1833.4,1831.5,1832.9,482
2022-02-10 09:45:00,1832.9,1835.3,1832.8,1833.5,650
2022-02-10 09:50:00,1833.6,1835.2,1832.8,1833.1,357
2022-02-10 09:55:00,1833.1,1834.5,1831.8,1832.7,327
2022-02-10 10:00:00,1832.7,1834.7,1831.3,1834.5,1037
2022-02-10 10:05:00,1834.5,1837.5,1833.9,1837.0,651
2022-02-10 10:10:00,1837.0,1837.1,1835.3,1835.8,410
2022-02-10 10:15:00,1835.7,1835.7,1833.7,1834.4,389
2022-02-10 10:20:00,1834.7,1835.8,1833.5,1835.0,204
2022-02-10 10:25:00,1835.0,1837.1,1834.7,1836.8,246
2022-02-10 10:30:00,1836.9,1838.3,1836.8,1837.1,519
2022-02-10 10:35:00,1837.2,1840.9,1837.2,1840.0,1159
2022-02-10 10:40:00,1840.3,1841.9,1839.9,1841.7,551
2022-02-10 10:45:00,1841.7,1841.7,1839.8,1841.0,307
2022-02-10 10:50:00,1841.1,1841.1,1837.6,1838.0,310
2022-02-10 10:55:00,1838.0,1838.4,1836.6,1836.7,302
2022-02-10 11:00:00,1836.8,1838.3,1836.6,1838.3,233
2022-02-10 11:05:00,1838.4,1839.8,1838.3,1839.6,258
2022-02-10 11:10:00,1839.6,1841.2,1839.3,1840.1,263
2022-02-10 11:15:00,1839.9,1841.5,1839.2,1840.6,205
2022-02-10 11:20:00,1840.6,1841.0,1839.6,1840.7,131
2022-02-10 11:25:00,1840.8,1841.0,1840.0,1840.9,197
2022-02-10 11:30:00,1841.0,1841.5,1840.0,1840.4,223
2022-02-10 11:35:00,1840.6,1840.7,1839.4,1839.6,161
2022-02-10 11:40:00,1839.7,1841.5,1838.8,1841.4,172
2022-02-10 11:45:00,1841.5,1841.9,1841.1,1841.5,174
2022-02-10 11:50:00,1841.6,1842.6,1840.8,1842.3,230
2022-02-10 11:55:00,1842.4,1843.2,1842.4,1842.9,273
2022-02-10 12:00:00,1843.0,1843.1,1841.5,1841.6,261
2022-02-10 12:05:00,1841.6,1841.7,1841.0,1841.0,101
2022-02-10 12:10:00,1840.9,1841.4,1840.9,1841.0,100
2022-02-10 12:15:00,1840.7,1841.5,1840.6,1841.2,58
2022-02-10 12:20:00,1841.3,1841.5,1839.9,1840.1,174
2022-02-10 12:25:00,1840.2,1840.5,1839.9,1840.2,68
2022-02-10 12:30:00,1840.0,1840.5,1839.3,1840.0,188
2022-02-10 12:35:00,1839.9,1840.3,1839.7,1840.1,122
2022-02-10 12:40:00,1840.0,1840.6,1840.0,1840.3,51
2022-02-10 12:45:00,1840.2,1840.2,1834.0,1834.8,1597
2022-02-10 12:50:00,1834.7,1835.7,1832.8,1834.7,746
2022-02-10 12:55:00,1834.5,1836.3,1834.1,1836.3,342
2022-02-10 13:00:00,1836.2,1837.7,1834.5,1837.7,448
2022-02-10 13:05:00,1837.6,1838.7,1836.0,1836.6,292
2022-02-10 13:10:00,1836.7,1837.5,1836.1,1836.2,219
2022-02-10 13:15:00,1836.1,1837.0,1835.5,1837.0,257
2022-02-10 13:20:00,1836.7,1838.2,1836.5,1837.9,213
2022-02-10 13:25:00,1837.7,1838.0,1836.9,1837.2,210
2022-02-10 13:30:00,1837.1,1837.8,1836.3,1836.7,184
2022-02-10 13:35:00,1836.5,1837.0,1835.7,1836.8,117
2022-02-10 13:40:00,1837.1,1837.4,1836.7,1836.9,63
2022-02-10 13:45:00,1836.8,1836.8,1835.9,1836.1,84
2022-02-10 13:50:00,1836.1,1836.8,1835.6,1836.7,94
2022-02-10 13:55:00,1836.9,1837.0,1835.9,1836.3,65
2022-02-10 14:00:00,1836.3,1836.8,1836.2,1836.3,55
2022-02-10 14:05:00,1836.0,1836.4,1835.6,1836.3,96
2022-02-10 14:10:00,1836.3,1836.3,1834.3,1834.6,118
2022-02-10 14:15:00,1834.6,1834.7,1832.7,1833.1,274
2022-02-10 14:20:00,1833.2,1833.7,1832.6,1833.1,142
2022-02-10 14:25:00,1833.1,1833.8,1833.1,1833.5,97
2022-02-10 14:30:00,1833.3,1833.5,1832.8,1833.0,89
2022-02-10 14:35:00,1833.2,1833.5,1832.3,1832.7,118
2022-02-10 14:40:00,1832.8,1832.8,1830.8,1831.0,231
2022-02-10 14:45:00,1831.1,1831.9,1831.0,1831.3,157
2022-02-10 14:50:00,1831.2,1831.2,1830.4,1830.6,111
2022-02-10 14:55:00,1830.6,1830.8,1829.4,1830.4,222
2022-02-10 15:00:00,1830.3,1830.3,1828.9,1829.7,249
2022-02-10 15:05:00,1829.7,1830.0,1829.2,1829.4,101
2022-02-10 15:10:00,1829.2,1830.6,1829.1,1830.3,116
2022-02-10 15:15:00,1830.4,1830.9,1830.2,1830.2,76
2022-02-10 15:20:00,1830.2,1830.7,1830.1,1830.3,55
2022-02-10 15:25:00,1830.2,1830.5,1829.6,1829.9,91
2022-02-10 15:30:00,1829.9,1830.6,1829.4,1829.7,159
2022-02-10 15:35:00,1829.7,1829.7,1828.8,1829.0,91
2022-02-10 15:40:00,1829.0,1829.0,1827.3,1827.8,193
2022-02-10 15:45:00,1827.8,1828.2,1827.5,1827.5,91
2022-02-10 15:50:00,1827.6,1828.3,1827.4,1827.8,102
2022-02-10 15:55:00,1827.9,1828.1,1827.3,1827.6,123
2022-02-10 16:00:00,1827.8,1828.1,1827.2,1827.6,101
2022-02-10 16:05:00,1827.6,1828.3,1827.5,1828.0,77
2022-02-10 16:10:00,1828.1,1828.1,1827.3,1827.3,43
2022-02-10 16:15:00,1827.5,1827.5,1827.0,1827.1,86
2022-02-10 16:20:00,1827.3,1827.3,1826.7,1827.0,61
2022-02-10 16:25:00,1826.8,1827.0,1826.0,1826.7,99
2022-02-10 16:30:00,1826.8,1827.0,1826.6,1826.8,43
2022-02-10 16:35:00,1826.9,1827.3,1826.8,1827.1,26
2022-02-10 16:40:00,1827.2,1827.9,1827.1,1827.5,51
2022-02-10 16:45:00,1827.4,1828.2,1827.4,1827.8,66
2022-02-10 16:50:00,1827.9,1828.0,1827.5,1827.5,51
2022-02-10 16:55:00,1827.4,1827.6,1827.2,1827.2,79
2022-02-10 18:00:00,1827.0,1828.4,1826.6,1827.5,106
2022-02-10 18:05:00,1827.5,1828.3,1827.5,1828.0,60
2022-02-10 18:10:00,1827.8,1828.4,1827.6,1827.7,75
2022-02-10 18:15:00,1827.8,1828.2,1827.5,1827.5,42
2022-02-10 18:20:00,1827.5,1827.9,1827.0,1827.9,45
2022-02-10 18:25:00,1827.9,1827.9,1827.3,1827.4,35
2022-02-10 18:30:00,1827.4,1827.4,1826.7,1827.0,39
2022-02-10 18:35:00,1827.0,1827.4,1827.0,1827.2,27
2022-02-10 18:40:00,1827.4,1828.0,1827.4,1828.0,30
2022-02-10 18:45:00,1827.9,1828.2,1827.5,1827.9,59
2022-02-10 18:50:00,1828.1,1828.2,1827.8,1827.8,17
2022-02-10 18:55:00,1827.8,1827.9,1827.3,1827.3,47
2022-03-10 00:00:00,1984.5,1985.8,1984.1,1985.7,124
2022-03-10 00:05:00,1986.1,1986.1,1984.4,1985.3,173
2022-03-10 00:10:00,1985.3,1985.4,1984.8,1985.4,74
2022-03-10 00:15:00,1985.2,1985.2,1983.9,1984.5,138
2022-03-10 00:20:00,1984.5,1985.1,1984.4,1984.4,90
2022-03-10 00:25:00,1984.6,1985.1,1984.3,1984.7,56
2022-03-10 00:30:00,1984.6,1988.4,1984.5,1987.9,511
2022-03-10 00:35:00,1987.8,1987.9,1986.1,1987.1,173
2022-03-10 00:40:00,1987.1,1988.5,1986.6,1987.1,154
2022-03-10 00:45:00,1987.1,1989.5,1987.0,1989.0,335
2022-03-10 00:50:00,1989.0,1990.2,1988.1,1988.4,257
2022-03-10 00:55:00,1988.2,1988.3,1986.6,1987.3,220
2022-03-10 01:00:00,1987.1,1988.4,1986.8,1987.6,118
2022-03-10 01:05:00,1987.9,1989.6,1987.9,1989.5,108
2022-03-10 01:10:00,1989.5,1990.4,1988.2,1988.5,281
2022-03-10 01:15:00,1988.4,1989.7,1988.4,1989.4,91
2022-03-10 01:20:00,1989.9,1992.2,1989.8,1992.1,318
2022-03-10 01:25:00,1991.9,1993.9,1991.3,1993.8,215
2022-03-10 01:30:00,1993.7,1995.1,1993.4,1994.6,257
2022-03-10 01:35:00,1994.6,1994.7,1991.5,1992.6,329
2022-03-10 01:40:00,1992.6,1992.8,1990.8,1991.1,128
2022-03-10 01:45:00,1991.2,1991.4,1990.2,1990.2,129
2022-03-10 01:50:00,1990.1,1991.2,1989.8,1990.8,176
2022-03-10 01:55:00,1990.6,1991.3,1989.1,1989.3,184
2022-03-10 02:00:00,1989.2,1989.2,1985.6,1987.1,658
2022-03-10 02:05:00,1987.1,1987.3,1984.0,1986.0,397
2022-03-10 02:10:00,1986.0,1987.5,1984.9,1986.5,293
2022-03-10 02:15:00,1986.6,1986.8,1984.4,1985.2,269
2022-03-10 02:20:00,1985.1,1988.1,1985.1,1987.9,437
2022-03-10 02:25:00,1987.8,1988.2,1986.7,1987.8,184
2022-03-10 02:30:00,1987.6,1987.7,1984.6,1985.5,265
2022-03-10 02:35:00,1985.6,1987.0,1982.9,1983.6,458
2022-03-10 02:40:00,1983.9,1985.4,1982.7,1985.4,244
2022-03-10 02:45:00,1985.4,1987.2,1984.6,1986.9,272
2022-03-10 02:50:00,1986.8,1987.5,1984.5,1985.1,236
2022-03-10 02:55:00,1984.9,1984.9,1980.4,1981.4,536
2022-03-10 03:00:00,1981.6,1988.2,1980.9,1987.8,579
2022-03-10 03:05:00,1988.1,1989.4,1985.7,1986.3,484
2022-03-10 03:10:00,1986.8,1990.1,1986.7,1988.8,452
2022-03-10 03:15:00,1988.7,1988.7,1987.3,1987.8,351
2022-03-10 03:20:00,1987.6,1990.7,1986.6,1990.3,451
2022-03-10 03:25:00,1990.4,1991.9,1989.7,1990.8,450
2022-03-10 03:30:00,1990.9,1992.9,1990.9,1992.2,286
2022-03-10 03:35:00,1992.0,1992.0,1990.1,1991.9,273
2022-03-10 03:40:00,1992.0,1993.6,1991.7,1992.2,340
2022-03-10 03:45:00,1992.3,1993.1,1988.5,1989.8,554
2022-03-10 03:50:00,1989.7,1993.0,1989.5,1990.9,611
2022-03-10 03:55:00,1990.7,1991.3,1989.0,1989.1,353
2022-03-10 04:00:00,1988.9,1989.4,1982.1,1984.6,1669
2022-03-10 04:05:00,1984.7,1987.2,1982.2,1983.9,677
2022-03-10 04:10:00,1983.8,1986.2,1982.0,1985.9,386
2022-03-10 04:15:00,1986.0,1986.5,1984.9,1985.2,256
2022-03-10 04:20:00,1985.4,1986.7,1983.7,1985.4,329
2022-03-10 04:25:00,1985.7,1987.6,1985.1,1987.5,257
2022-03-10 04:30:00,1987.5,1988.4,1986.6,1987.5,239
2022-03-10 04:35:00,1987.4,1988.2,1985.2,1987.5,307
2022-03-10 04:40:00,1987.4,1987.7,1984.9,1984.9,224
2022-03-10 04:45:00,1984.9,1986.6,1984.8,1985.6,140
2022-03-10 04:50:00,1985.3,1989.9,1984.1,1989.4,1340
2022-03-10 04:55:00,1989.6,1992.9,1987.8,1991.2,1685
2022-03-10 05:00:00,1991.3,1993.1,1989.0,1991.5,697
2022-03-10 05:05:00,1991.7,1994.3,1991.0,1993.8,575
2022-03-10 05:10:00,1993.6,2005.4,1993.1,2000.7,2000
2022-03-10 05:15:00,2000.7,2002.2,1998.6,2000.1,1186
2022-03-10 05:20:00,2000.3,2001.7,1997.9,1998.5,1066
2022-03-10 05:25:00,1998.5,1999.3,1996.9,1997.3,351
2022-03-10 05:30:00,1997.4,2001.4,1997.4,1999.9,503
2022-03-10 05:35:00,1999.9,2004.6,1999.9,2003.1,751
2022-03-10 05:40:00,2003.0,2004.3,2000.7,2002.0,459
2022-03-10 05:45:00,2002.0,2003.4,1999.8,2000.0,431
2022-03-10 05:50:00,1999.9,2001.6,1999.7,2000.2,311
2022-03-10 05:55:00,2000.2,2005.6,2000.2,2005.2,728
2022-03-10 06:00:00,2005.3,2007.5,2004.9,2005.7,845
2022-03-10 06:05:00,2005.6,2012.3,2004.1,2012.0,1156
2022-03-10 06:10:00,2011.9,2012.9,2008.0,2008.4,865
2022-03-10 06:15:00,2008.2,2009.2,2006.5,2007.2,518
2022-03-10 06:20:00,2007.5,2008.8,2006.7,2008.6,322
2022-03-10 06:25:00,2008.8,2011.5,2007.7,2011.4,360
2022-03-10 06:30:00,2011.4,2011.9,2008.3,2009.9,378
2022-03-10 06:35:00,2009.9,2010.6,2008.5,2010.5,251
2022-03-10 06:40:00,2010.3,2013.3,2010.1,2011.7,439
2022-03-10 06:45:00,2011.6,2012.7,2010.2,2012.0,225
2022-03-10 06:50:00,2011.5,2013.1,2010.8,2012.5,265
2022-03-10 06:55:00,2012.8,2013.1,2010.5,2010.6,231
2022-03-10 07:00:00,2010.6,2011.8,2009.8,2010.8,392
2022-03-10 07:05:00,2011.0,2011.4,2008.3,2009.5,476
2022-03-10 07:10:00,2009.6,2009.8,2007.8,2007.8,325
2022-03-10 07:15:00,2007.9,2008.4,2004.1,2006.3,960
2022-03-10 07:20:00,2006.5,2008.9,2006.5,2006.6,406
2022-03-10 07:25:00,2006.7,2009.8,2006.6,2008.7,526
2022-03-10 07:30:00,2008.7,2012.4,2008.6,2011.6,635
2022-03-10 07:35:00,2011.5,2014.4,2011.2,2014.1,522
2022-03-10 07:40:00,2014.4,2015.1,2010.8,2011.7,526
2022-03-10 07:45:00,2011.6,2012.2,2004.9,2006.4,1061
2022-03-10 07:50:00,2006.0,2011.7,2005.9,2010.0,688
2022-03-10 07:55:00,2010.2,2011.8,2008.1,2008.8,500
2022-03-10 08:00:00,2008.8,2013.8,2008.0,2012.6,770
2022-03-10 08:05:00,2012.7,2012.8,2009.2,2011.3,520
2022-03-10 08:10:00,2011.3,2012.0,2008.3,2011.2,545
2022-03-10 08:15:00,2011.0,2013.2,2009.9,2012.1,570
2022-03-10 08:20:00,2012.0,2012.3,2007.5,2008.4,679
2022-03-10 08:25:00,2008.6,2009.0,2006.2,2007.2,363
2022-03-10 08:30:00,2007.2,2010.4,2005.9,2008.4,702
2022-03-10 08:35:00,2008.6,2012.0,2007.1,2011.8,857
2022-03-10 08:40:00,2011.7,2014.4,2010.9,2013.3,804
2022-03-10 08:45:00,2013.2,2013.9,2007.6,2008.0,668
2022-03-10 08:50:00,2008.2,2008.3,1997.1,2004.6,2616
2022-03-10 08:55:00,2004.4,2005.1,2001.4,2001.8,794
2022-03-10 09:00:00,2001.7,2003.7,2000.6,2002.2,709
2022-03-10 09:05:00,2002.1,2003.3,2000.4,2001.4,685
2022-03-10 09:10:00,2001.6,2005.5,2001.0,2005.0,753
2022-03-10 09:15:00,2005.1,2010.3,2005.1,2005.7,1244
2022-03-10 09:20:00,2005.5,2007.8,2005.2,2005.9,708
2022-03-10 09:25:00,2005.8,2008.6,2004.6,2007.5,593
2022-03-10 09:30:00,2007.2,2011.0,2006.4,2009.4,1427
2022-03-10 09:35:00,2009.0,2012.0,2008.5,2011.8,1041
2022-03-10 09:40:00,2011.7,2011.8,2005.5,2006.9,1525
2022-03-10 09:45:00,2007.0,2011.9,2007.0,2011.7,1330
2022-03-10 09:50:00,2011.6,2012.0,2006.9,2007.2,760
2022-03-10 09:55:00,2007.6,2008.2,2001.5,2002.2,1512
2022-03-10 10:00:00,2002.1,2005.3,2001.8,2003.9,1750
2022-03-10 10:05:00,2003.6,2003.7,1999.3,2000.0,1015
2022-03-10 10:10:00,2000.1,2000.2,1995.8,1999.6,1317
2022-03-10 10:15:00,1999.4,1999.8,1986.8,1991.9,2339
2022-03-10 10:20:00,1991.5,1998.4,1991.5,1997.3,1285
2022-03-10 10:25:00,1997.2,2000.9,1996.3,2000.0,971
2022-03-10 10:30:00,1999.9,1999.9,1996.9,1999.5,756
2022-03-10 10:35:00,1999.7,2001.9,1996.4,1996.8,943
2022-03-10 10:40:00,1996.5,1998.6,1995.0,1998.5,541
2022-03-10 10:45:00,1998.5,1999.1,1995.8,1997.5,418
2022-03-10 10:50:00,1997.7,2000.3,1996.8,1999.8,607
2022-03-10 10:55:00,2000.0,2001.9,1999.5,2000.4,461
2022-03-10 11:00:00,2000.8,2004.7,2000.8,2004.6,670
2022-03-10 11:05:00,2004.6,2005.0,2002.8,2003.0,482
2022-03-10 11:10:00,2002.9,2003.9,2001.0,2001.8,413
2022-03-10 11:15:00,2001.6,2003.2,1999.5,2000.4,416
2022-03-10 11:20:00,2000.4,2003.2,1999.9,2000.8,362
2022-03-10 11:25:00,2001.0,2003.5,2000.3,2001.8,371
2022-03-10 11:30:00,2001.4,2001.4,1996.7,1996.7,477
2022-03-10 11:35:00,1996.9,1999.3,1995.6,1999.3,711
2022-03-10 11:40:00,1999.2,2002.0,1999.0,2002.0,439
2022-03-10 11:45:00,2001.9,2003.0,2000.8,2001.0,330
2022-03-10 11:50:00,2001.1,2001.6,1998.9,1999.9,304
2022-03-10 11:55:00,1999.9,2001.5,1999.6,2000.0,253
2022-03-10 12:00:00,2000.1,2003.3,1999.9,2002.3,341
2022-03-10 12:05:00,2002.3,2004.6,2000.2,2004.5,391
2022-03-10 12:10:00,2004.6,2004.8,2001.4,2001.8,206
2022-03-10 12:15:00,2001.8,2005.3,2000.8,2003.3,423
2022-03-10 12:20:00,2003.4,2006.5,2002.5,2004.3,495
2022-03-10 12:25:00,2004.2,2005.8,2003.8,2004.8,250
2022-03-10 12:30:00,2004.6,2005.8,2003.9,2005.4,352
2022-03-10 12:35:00,2005.2,2006.0,2003.5,2004.3,287
2022-03-10 12:40:00,2004.3,2009.5,2004.3,2009.5,1057
2022-03-10 12:45:00,2009.5,2009.8,2007.8,2009.1,445
2022-03-10 12:50:00,2009.0,2010.7,2008.7,2009.6,517
2022-03-10 12:55:00,2009.8,2010.8,2008.3,2009.0,452
2022-03-10 13:00:00,2008.8,2011.0,2007.6,2009.2,572
2022-03-10 13:05:00,2008.8,2008.8,2006.2,2006.9,398
2022-03-10 13:10:00,2006.9,2007.2,2004.5,2004.5,309
2022-03-10 13:15:00,2004.5,2005.8,1999.8,2000.7,734
2022-03-10 13:20:00,2001.3,2003.6,1998.3,2001.3,767
2022-03-10 13:25:00,2001.1,2004.1,1999.6,2000.9,1129
2022-03-10 13:30:00,2000.9,2002.8,1998.9,2002.0,339
2022-03-10 13:35:00,2001.9,2001.9,1999.1,2001.6,268
2022-03-10 13:40:00,2001.8,2001.9,2000.9,2001.6,148
2022-03-10 13:45:00,2001.8,2002.2,2000.0,2000.3,245
2022-03-10 13:50:00,2000.5,2002.6,1999.4,2002.4,257
2022-03-10 13:55:00,2002.6,2003.0,2001.8,2002.5,121
2022-03-10 14:00:00,2002.8,2003.2,2001.0,2001.3,133
2022-03-10 14:05:00,2001.0,2003.0,2000.4,2002.7,175
2022-03-10 14:10:00,2002.4,2002.9,2001.5,2001.7,96
2022-03-10 14:15:00,2001.6,2001.7,1999.9,2001.0,206
2022-03-10 14:20:00,2000.8,2001.2,1999.4,2000.5,187
2022-03-10 14:25:00,2000.8,2001.3,2000.1,2000.3,99
2022-03-10 14:30:00,2000.4,2001.2,1998.9,2000.9,224
2022-03-10 14:35:00,2001.0,2001.9,1999.6,1999.6,143
2022-03-10 14:40:00,1999.5,2000.6,1999.0,2000.4,217
2022-03-10 14:45:00,2000.5,2000.5,1999.7,2000.0,166
2022-03-10 14:50:00,2000.2,2001.5,2000.1,2000.9,127
2022-03-10 14:55:00,2001.1,2001.4,2000.3,2000.9,101
2022-03-10 15:00:00,2001.0,2002.4,2000.8,2002.2,158
2022-03-10 15:05:00,2002.3,2003.6,2002.1,2003.0,186
2022-03-10 15:10:00,2003.1,2005.4,2002.6,2004.4,239
2022-03-10 15:15:00,2004.5,2006.8,2004.4,2006.3,216
2022-03-10 15:20:00,2006.4,2007.2,2006.0,2007.2,138
2022-03-10 15:25:00,2007.2,2007.2,2005.3,2006.4,181
2022-03-10 15:30:00,2006.5,2007.8,2006.2,2007.4,173
2022-03-10 15:35:00,2007.3,2007.8,2007.0,2007.8,115
2022-03-10 15:40:00,2007.8,2007.8,2004.7,2005.5,285
2022-03-10 15:45:00,2005.5,2005.7,2003.7,2004.6,178
2022-03-10 15:50:00,2004.3,2004.3,2001.6,2002.1,357
2022-03-10 15:55:00,2002.2,2003.5,2000.9,2002.4,270
2022-03-10 16:00:00,2002.7,2003.8,2001.9,2002.4,126
2022-03-10 16:05:00,2002.1,2002.1,2001.2,2001.5,57
2022-03-10 16:10:00,2001.0,2001.3,1999.8,2001.0,142
2022-03-10 16:15:00,2001.0,2001.1,2000.0,2000.9,47
2022-03-10 16:20:00,2001.2,2001.3,2000.6,2000.8,36
2022-03-10 16:25:00,2000.9,2001.0,2000.7,2000.7,18
2022-03-10 16:30:00,2000.9,2001.0,2000.7,2000.8,28
2022-03-10 16:35:00,2000.7,2001.5,2000.3,2000.7,49
2022-03-10 16:40:00,2000.6,2000.8,2000.5,2000.6,23
2022-03-10 16:45:00,2000.8,2001.3,2000.7,2000.9,47
2022-03-10 16:50:00,2000.9,2001.3,2000.7,2001.1,32
2022-03-10 16:55:00,2001.0,2002.4,2000.9,2001.9,54
2022-03-10 18:00:00,2001.6,2002.4,1999.8,2002.4,110
2022-03-10 18:05:00,2002.4,2004.0,2002.0,2003.6,68
2022-03-10 18:10:00,2003.6,2003.7,2002.4,2002.7,58
2022-03-10 18:15:00,2002.8,2003.3,2002.1,2003.2,53
2022-03-10 18:20:00,2003.1,2003.4,2001.5,2001.8,64
2022-03-10 18:25:00,2002.0,2003.8,2001.9,2003.5,70
2022-03-10 18:30:00,2003.2,2003.4,2001.8,2002.1,70
2022-03-10 18:35:00,2001.8,2002.4,2001.4,2002.0,49
2022-03-10 18:40:00,2001.9,2001.9,1999.4,1999.9,183
2022-03-10 18:45:00,2000.1,2001.6,1998.7,2000.4,201
2022-03-10 18:50:00,2000.3,2001.4,1999.9,1999.9,74
2022-03-10 18:55:00,2000.2,2001.4,1999.9,2000.7,67
2022-04-12 00:00:00,1963.2,1964.0,1962.8,1962.8,216
2022-04-12 00:05:00,1962.8,1963.4,1962.7,1963.3,99
2022-04-12 00:10:00,1963.2,1963.7,1963.2,1963.7,54
2022-04-12 00:15:00,1963.8,1963.9,1963.0,1963.2,68
2022-04-12 00:20:00,1963.5,1963.6,1962.6,1963.6,71
2022-04-12 00:25:00,1963.6,1964.4,1963.6,1964.4,129
2022-04-12 00:30:00,1964.5,1964.7,1963.7,1964.0,125
2022-04-12 00:35:00,1964.0,1964.1,1963.6,1963.8,40
2022-04-12 00:40:00,1963.5,1963.5,1963.0,1963.1,57
2022-04-12 00:45:00,1963.2,1963.3,1962.6,1962.7,118
2022-04-12 00:50:00,1962.8,1962.9,1962.0,1962.3,135
2022-04-12 00:55:00,1962.4,1962.4,1962.0,1962.1,51
2022-04-12 01:00:00,1962.1,1962.2,1961.3,1961.6,114
2022-04-12 01:05:00,1961.5,1962.2,1961.5,1961.8,67
2022-04-12 01:10:00,1961.4,1962.4,1961.3,1962.3,73
2022-04-12 01:15:00,1962.6,1963.1,1962.5,1962.9,88
2022-04-12 01:20:00,1963.1,1964.0,1963.1,1964.0,99
2022-04-12 01:25:00,1964.0,1964.1,1962.9,1963.0,80
2022-04-12 01:30:00,1963.1,1964.5,1963.1,1964.2,170
2022-04-12 01:35:00,1964.0,1964.1,1962.9,1963.4,123
2022-04-12 01:40:00,1963.1,1963.3,1962.2,1962.6,104
2022-04-12 01:45:00,1962.5,1962.5,1960.7,1961.3,215
2022-04-12 01:50:00,1961.3,1961.3,1960.4,1960.7,127
2022-04-12 01:55:00,1960.6,1960.6,1959.8,1960.5,110
2022-04-12 02:00:00,1960.6,1961.3,1960.4,1961.3,79
2022-04-12 02:05:00,1961.2,1962.0,1961.0,1961.7,76
2022-04-12 02:10:00,1961.6,1961.6,1959.9,1960.6,83
2022-04-12 02:15:00,1960.9,1961.8,1960.2,1961.3,67
2022-04-12 02:20:00,1961.2,1961.3,1960.4,1960.7,33
2022-04-12 02:25:00,1960.9,1961.4,1960.2,1961.2,75
2022-04-12 02:30:00,1961.1,1961.8,1960.6,1961.2,79
2022-04-12 02:35:00,1961.2,1961.8,1961.2,1961.5,57
2022-04-12 02:40:00,1961.3,1962.6,1961.2,1962.3,110
2022-04-12 02:45:00,1962.4,1962.7,1962.0,1962.3,73
2022-04-12 02:50:00,1962.1,1962.7,1961.5,1962.5,85
2022-04-12 02:55:00,1962.5,1962.5,1961.8,1962.3,70
2022-04-12 03:00:00,1961.9,1963.4,1961.8,1962.7,124
2022-04-12 03:05:00,1962.8,1963.1,1958.8,1960.1,562
2022-04-12 03:10:00,1960.1,1961.1,1959.1,1960.6,312
2022-04-12 03:15:00,1960.6,1961.4,1960.4,1961.0,214
2022-04-12 03:20:00,1960.6,1961.7,1960.6,1960.9,237
2022-04-12 03:25:00,1960.8,1961.0,1958.4,1959.5,252
2022-04-12 03:30:00,1959.6,1960.5,1958.2,1959.8,319
2022-04-12 03:35:00,1959.9,1960.3,1959.2,1959.5,94
2022-04-12 03:40:00,1959.5,1959.6,1958.0,1958.2,200
2022-04-12 03:45:00,1958.2,1958.4,1957.2,1958.0,195
2022-04-12 03:50:00,1958.0,1959.0,1957.6,1957.8,134
2022-04-12 03:55:00,1957.8,1958.2,1956.5,1956.6,268
2022-04-12 04:00:00,1957.0,1958.2,1956.8,1958.2,150
2022-04-12 04:05:00,1958.2,1958.8,1957.7,1957.8,104
2022-04-12 04:10:00,1958.0,1958.3,1956.6,1956.7,118
2022-04-12 04:15:00,1956.7,1956.8,1955.7,1956.2,263
2022-04-12 04:20:00,1956.2,1956.8,1955.2,1955.4,162
2022-04-12 04:25:00,1955.4,1957.7,1955.4,1957.7,195
2022-04-12 04:30:00,1957.7,1958.5,1957.4,1957.9,116
2022-04-12 04:35:00,1957.8,1957.9,1956.8,1956.8,91
2022-04-12 04:40:00,1956.9,1957.5,1956.0,1956.4,110
2022-04-12 04:45:00,1956.3,1956.5,1954.9,1955.8,205
2022-04-12 04:50:00,1955.7,1955.7,1954.7,1955.5,111
2022-04-12 04:55:00,1955.7,1955.9,1954.4,1955.0,127
2022-04-12 05:00:00,1955.2,1955.2,1953.8,1953.9,114
2022-04-12 05:05:00,1953.9,1954.2,1953.4,1954.0,173
2022-04-12 05:10:00,1954.0,1955.6,1954.0,1955.3,129
2022-04-12 05:15:00,1955.3,1955.5,1953.8,1953.9,109
2022-04-12 05:20:00,1953.7,1954.2,1952.8,1954.1,138
2022-04-12 05:25:00,1954.1,1955.6,1954.1,1955.2,202
2022-04-12 05:30:00,1955.3,1955.7,1954.6,1955.2,222
2022-04-12 05:35:00,1955.5,1955.8,1955.3,1955.7,77
2022-04-12 05:40:00,1955.8,1956.3,1955.4,1955.9,125
2022-04-12 05:45:00,1955.8,1956.2,1955.2,1955.5,111
2022-04-12 05:50:00,1955.4,1955.6,1954.8,1955.3,44
2022-04-12 05:55:00,1955.5,1957.6,1955.5,1956.5,182
2022-04-12 06:00:00,1956.5,1958.2,1956.5,1958.1,294
2022-04-12 06:05:00,1958.2,1959.1,1958.0,1958.6,158
2022-04-12 06:10:00,1958.7,1958.9,1958.2,1958.5,81
2022-04-12 06:15:00,1958.8,1959.0,1958.5,1958.9,77
2022-04-12 06:20:00,1958.8,1959.4,1958.6,1959.1,151
2022-04-12 06:25:00,1959.0,1959.8,1958.8,1959.4,117
2022-04-12 06:30:00,1959.5,1960.9,1959.4,1959.6,176
2022-04-12 06:35:00,1959.7,1960.2,1959.2,1959.2,125
2022-04-12 06:40:00,1959.2,1959.6,1959.2,1959.4,71
2022-04-12 06:45:00,1959.5,1960.1,1959.5,1959.8,55
2022-04-12 06:50:00,1959.7,1960.1,1958.9,1958.9,92
2022-04-12 06:55:00,1958.8,1959.2,1958.2,1958.7,184
2022-04-12 07:00:00,1958.5,1959.5,1958.3,1958.8,72
2022-04-12 07:05:00,1958.6,1959.1,1958.3,1958.9,61
2022-04-12 07:10:00,1958.9,1960.0,1958.6,1959.7,132
2022-04-12 07:15:00,1959.7,1960.1,1959.3,1960.0,81
2022-04-12 07:20:00,1960.0,1960.7,1958.3,1958.5,177
2022-04-12 07:25:00,1958.6,1959.1,1956.9,1958.3,415
2022-04-12 07:30:00,1958.3,1959.3,1958.2,1958.9,73
2022-04-12 07:35:00,1958.9,1959.6,1957.4,1957.6,168
2022-04-12 07:40:00,1957.6,1957.6,1955.7,1956.4,230
2022-04-12 07:45:00,1956.3,1959.7,1956.1,1959.2,264
2022-04-12 07:50:00,1958.9,1960.0,1958.6,1960.0,137
2022-04-12 07:55:00,1959.8,1960.3,1959.2,1959.8,118
2022-04-12 08:00:00,1960.2,1961.8,1959.4,1960.8,386
2022-04-12 08:05:00,1960.7,1962.3,1960.5,1962.1,236
2022-04-12 08:10:00,1962.2,1964.5,1962.1,1962.9,389
2022-04-12 08:15:00,1962.9,1963.5,1962.4,1963.3,168
2022-04-12 08:20:00,1963.4,1964.7,1961.5,1961.9,426
2022-04-12 08:25:00,1961.7,1961.9,1956.9,1960.0,511
2022-04-12 08:30:00,1960.3,1972.4,1958.6,1969.5,2675
2022-04-12 08:35:00,1969.9,1969.9,1964.8,1965.3,1068
2022-04-12 08:40:00,1965.5,1969.9,1965.2,1969.4,682
2022-04-12 08:45:00,1969.4,1973.4,1969.0,1971.8,1324
2022-04-12 08:50:00,1971.7,1976.0,1971.0,1975.3,1653
2022-04-12 08:55:00,1975.2,1976.3,1972.2,1974.9,1092
2022-04-12 09:00:00,1974.6,1977.1,1974.6,1977.1,759
2022-04-12 09:05:00,1976.8,1977.5,1975.5,1976.0,865
2022-04-12 09:10:00,1976.3,1977.3,1972.9,1973.8,630
2022-04-12 09:15:00,1973.7,1974.0,1971.7,1973.3,584
2022-04-12 09:20:00,1973.5,1976.7,1972.4,1976.0,536
2022-04-12 09:25:00,1975.9,1976.7,1975.1,1976.1,333
2022-04-12 09:30:00,1976.3,1976.7,1971.6,1972.4,850
2022-04-12 09:35:00,1972.3,1974.0,1969.6,1971.0,829
2022-04-12 09:40:00,1970.9,1972.4,1969.5,1971.5,621
2022-04-12 09:45:00,1971.3,1971.7,1967.6,1968.4,697
2022-04-12 09:50:00,1968.3,1969.9,1967.3,1967.6,610
2022-04-12 09:55:00,1967.7,1968.4,1964.3,1965.2,884
2022-04-12 10:00:00,1965.3,1967.2,1964.7,1966.1,578
2022-04-12 10:05:00,1966.3,1967.8,1965.9,1966.5,362
2022-04-12 10:10:00,1966.4,1967.6,1964.6,1967.0,365
2022-04-12 10:15:00,1967.0,1971.1,1966.3,1971.0,651
2022-04-12 10:20:00,1971.0,1973.3,1970.0,1971.7,1017
2022-04-12 10:25:00,1971.6,1971.6,1969.1,1970.7,388
2022-04-12 10:30:00,1970.8,1973.2,1970.7,1972.4,351
2022-04-12 10:35:00,1972.3,1974.7,1972.1,1974.5,426
2022-04-12 10:40:00,1974.5,1975.8,1972.9,1974.6,472
2022-04-12 10:45:00,1974.5,1978.1,1974.3,1977.7,607
2022-04-12 10:50:00,1977.7,1982.7,1977.6,1982.4,1154
2022-04-12 10:55:00,1982.5,1982.7,1979.5,1979.9,788
2022-04-12 11:00:00,1980.0,1980.6,1978.2,1979.3,390
2022-04-12 11:05:00,1979.5,1982.3,1979.4,1982.3,283
2022-04-12 11:10:00,1982.1,1982.4,1977.7,1978.1,382
2022-04-12 11:15:00,1978.1,1978.1,1975.6,1976.8,459
2022-04-12 11:20:00,1976.8,1978.5,1976.8,1977.8,182
2022-04-12 11:25:00,1978.0,1978.5,1976.6,1978.0,178
2022-04-12 11:30:00,1978.0,1978.8,1975.6,1976.9,299
2022-04-12 11:35:00,1977.0,1977.8,1976.5,1977.8,115
2022-04-12 11:40:00,1977.6,1978.5,1977.5,1978.1,90
2022-04-12 11:45:00,1978.3,1978.3,1975.1,1975.2,270
2022-04-12 11:50:00,1975.3,1976.4,1974.4,1974.8,224
2022-04-12 11:55:00,1975.0,1975.6,1974.2,1974.3,142
2022-04-12 12:00:00,1974.3,1975.0,1973.2,1974.9,286
2022-04-12 12:05:00,1974.8,1976.7,1974.8,1976.6,172
2022-04-12 12:10:00,1976.7,1977.7,1976.4,1977.7,161
2022-04-12 12:15:00,1977.9,1979.7,1977.7,1979.0,365
2022-04-12 12:20:00,1978.8,1979.9,1978.1,1978.9,178
2022-04-12 12:25:00,1978.8,1979.1,1977.1,1977.7,299
2022-04-12 12:30:00,1977.7,1979.1,1977.1,1977.1,212
2022-04-12 12:35:00,1977.1,1978.1,1976.8,1977.5,71
2022-04-12 12:40:00,1977.5,1977.8,1976.0,1976.0,147
2022-04-12 12:45:00,1976.0,1977.3,1975.7,1977.3,126
2022-04-12 12:50:00,1977.2,1977.9,1976.9,1977.9,138
2022-04-12 12:55:00,1977.7,1978.6,1977.5,1977.8,81
2022-04-12 13:00:00,1978.0,1979.1,1976.0,1976.4,456
2022-04-12 13:05:00,1976.7,1977.6,1975.0,1975.7,249
2022-04-12 13:10:00,1975.6,1975.9,1974.1,1975.6,141
2022-04-12 13:15:00,1975.8,1976.7,1975.4,1976.1,75
2022-04-12 13:20:00,1976.1,1976.9,1975.1,1976.6,121
2022-04-12 13:25:00,1976.6,1976.6,1975.5,1976.3,78
2022-04-12 13:30:00,1976.2,1976.7,1975.0,1976.7,74
2022-04-12 13:35:00,1976.6,1976.6,1975.5,1975.7,53
2022-04-12 13:40:00,1975.5,1975.5,1974.6,1975.2,90
2022-04-12 13:45:00,1975.2,1975.8,1974.9,1975.6,84
2022-04-12 13:50:00,1975.5,1976.1,1974.2,1974.5,116
2022-04-12 13:55:00,1974.4,1974.7,1973.1,1973.2,137
2022-04-12 14:00:00,1973.2,1973.5,1971.5,1972.3,343
2022-04-12 14:05:00,1972.1,1973.4,1972.1,1972.4,127
2022-04-12 14:10:00,1972.4,1972.8,1971.7,1972.1,68
2022-04-12 14:15:00,1972.0,1973.3,1972.0,1972.7,110
2022-04-12 14:20:00,1972.5,1973.6,1972.5,1972.5,92
2022-04-12 14:25:00,1972.6,1973.1,1972.3,1972.7,46
2022-04-12 14:30:00,1972.4,1972.8,1972.0,1972.5,47
2022-04-12 14:35:00,1972.2,1972.3,1971.2,1971.3,183
2022-04-12 14:40:00,1971.1,1971.5,1970.4,1970.8,132
2022-04-12 14:45:00,1970.8,1971.4,1969.7,1970.1,168
2022-04-12 14:50:00,1970.2,1970.9,1969.6,1969.7,119
2022-04-12 14:55:00,1969.7,1970.0,1968.5,1968.7,192
2022-04-12 15:00:00,1968.7,1972.6,1968.6,1972.1,270
2022-04-12 15:05:00,1972.0,1972.5,1971.8,1972.1,72
2022-04-12 15:10:00,1972.1,1973.6,1971.8,1973.1,96
2022-04-12 15:15:00,1973.0,1973.0,1971.6,1971.8,84
2022-04-12 15:20:00,1971.7,1972.5,1971.6,1971.7,34
2022-04-12 15:25:00,1971.3,1971.6,1969.9,1970.8,120
2022-04-12 15:30:00,1970.4,1970.8,1969.9,1970.1,88
2022-04-12 15:35:00,1970.3,1972.2,1970.0,1972.2,99
2022-04-12 15:40:00,1972.3,1972.5,1971.4,1971.7,69
2022-04-12 15:45:00,1971.7,1972.7,1971.6,1972.3,65
2022-04-12 15:50:00,1972.3,1972.7,1971.4,1972.2,52
2022-04-12 15:55:00,1972.2,1972.9,1971.7,1972.4,93
2022-04-12 16:00:00,1972.7,1972.7,1969.8,1970.3,127
2022-04-12 16:05:00,1970.4,1970.8,1970.1,1970.3,31
2022-04-12 16:10:00,1970.2,1970.3,1969.5,1970.1,80
2022-04-12 16:15:00,1969.9,1969.9,1969.3,1969.3,34
2022-04-12 16:20:00,1969.2,1969.7,1969.2,1969.4,26
2022-04-12 16:25:00,1969.3,1969.4,1968.7,1968.7,46
2022-04-12 16:30:00,1968.9,1968.9,1968.2,1968.4,83
2022-04-12 16:35:00,1968.3,1968.9,1968.2,1968.8,69
2022-04-12 16:40:00,1968.5,1968.9,1968.4,1968.6,32
2022-04-12 16:45:00,1968.4,1969.3,1968.3,1969.2,58
2022-04-12 16:50:00,1969.3,1970.0,1969.1,1970.0,46
2022-04-12 16:55:00,1969.9,1970.6,1969.6,1970.6,121
2022-04-12 18:00:00,1971.8,1971.8,1969.7,1970.6,111
2022-04-12 18:05:00,1970.6,1970.8,1970.2,1970.3,34
2022-04-12 18:10:00,1970.4,1970.6,1970.3,1970.4,31
2022-04-12 18:15:00,1970.6,1970.8,1970.0,1970.0,27
2022-04-12 18:20:00,1970.0,1971.5,1970.0,1971.4,63
2022-04-12 18:25:00,1971.3,1971.3,1971.1,1971.3,26
2022-04-12 18:30:00,1971.3,1971.5,1971.1,1971.1,46
2022-04-12 18:35:00,1971.0,1971.0,1970.5,1970.9,34
2022-04-12 18:40:00,1970.7,1970.9,1970.6,1970.8,14
2022-04-12 18:45:00,1970.3,1970.6,1969.8,1969.8,79
2022-04-12 18:50:00,1970.0,1970.1,1969.7,1970.0,23
2022-04-12 18:55:00,1969.9,1970.4,1969.6,1970.4,43
2022-04-12 19:00:00,1970.5,1970.6,1969.4,1969.6,61
2022-04-12 19:05:00,1969.8,1969.8,1968.8,1968.9,66
2022-04-12 19:10:00,1968.9,1969.0,1968.7,1968.8,30
2022-04-12 19:15:00,1968.7,1968.9,1968.5,1968.7,74
2022-04-12 19:20:00,1968.7,1968.7,1968.5,1968.7,26
2022-04-12 19:25:00,1968.8,1968.9,1968.6,1968.7,26
2022-04-12 19:30:00,1968.7,1968.9,1968.6,1968.8,50
2022-04-12 19:35:00,1968.9,1969.3,1968.9,1969.0,47
2022-04-12 19:40:00,1969.1,1969.8,1969.0,1969.8,87
2022-04-12 19:45:00,1969.9,1970.1,1969.6,1970.0,78
2022-04-12 19:50:00,1970.1,1970.1,1969.1,1969.5,41
2022-04-12 19:55:00,1969.4,1969.7,1969.2,1969.5,35
2022-05-11 00:00:00,1835.1,1835.1,1834.5,1834.9,153
2022-05-11 00:05:00,1834.8,1835.1,1834.5,1835.0,117
2022-05-11 00:10:00,1835.0,1835.1,1834.7,1834.9,149
2022-05-11 00:15:00,1834.8,1835.8,1834.8,1835.6,105
2022-05-11 00:20:00,1835.5,1835.8,1835.5,1835.7,39
2022-05-11 00:25:00,1835.5,1837.6,1835.1,1837.5,182
2022-05-11 00:30:00,1837.5,1837.5,1836.2,1836.2,50
2022-05-11 00:35:00,1836.1,1836.7,1836.1,1836.3,75
2022-05-11 00:40:00,1836.4,1837.7,1836.1,1837.3,125
2022-05-11 00:45:00,1837.5,1837.6,1837.0,1837.6,40
2022-05-11 00:50:00,1837.7,1837.7,1837.1,1837.4,29
2022-05-11 00:55:00,1837.4,1837.7,1837.3,1837.5,81
2022-05-11 01:00:00,1837.5,1838.0,1837.0,1837.1,78
2022-05-11 01:05:00,1837.0,1837.4,1836.6,1836.7,38
2022-05-11 01:10:00,1836.6,1837.4,1835.8,1836.1,172
2022-05-11 01:15:00,1836.2,1837.4,1836.2,1837.0,56
2022-05-11 01:20:00,1837.3,1837.7,1837.0,1837.4,37
2022-05-11 01:25:00,1837.6,1837.8,1837.3,1837.6,48
2022-05-11 01:30:00,1837.8,1838.2,1836.9,1837.2,181
2022-05-11 01:35:00,1837.0,1837.1,1836.2,1836.4,91
2022-05-11 01:40:00,1836.3,1837.3,1835.8,1837.2,106
2022-05-11 01:45:00,1837.2,1837.4,1836.9,1836.9,99
2022-05-11 01:50:00,1836.9,1837.4,1836.7,1836.9,65
2022-05-11 01:55:00,1837.0,1837.0,1836.1,1836.6,73
2022-05-11 02:00:00,1836.4,1836.7,1836.0,1836.4,98
2022-05-11 02:05:00,1836.5,1837.2,1836.3,1837.2,52
2022-05-11 02:10:00,1837.2,1838.2,1836.9,1838.0,155
2022-05-11 02:15:00,1837.9,1838.9,1837.5,1838.8,135
2022-05-11 02:20:00,1838.8,1841.8,1838.8,1841.4,437
2022-05-11 02:25:00,1841.7,1842.8,1840.5,1840.6,341
2022-05-11 02:30:00,1840.5,1843.4,1840.4,1843.0,312
2022-05-11 02:35:00,1842.9,1842.9,1841.2,1841.2,92
2022-05-11 02:40:00,1841.2,1843.4,1841.2,1843.3,83
2022-05-11 02:45:00,1843.4,1843.7,1842.7,1843.7,116
2022-05-11 02:50:00,1843.6,1844.0,1843.0,1843.0,129
2022-05-11 02:55:00,1842.9,1843.0,1842.3,1842.6,65
2022-05-11 03:00:00,1842.7,1843.9,1842.3,1843.0,135
2022-05-11 03:05:00,1843.0,1843.5,1841.7,1842.8,81
2022-05-11 03:10:00,1842.8,1848.5,1842.8,1847.7,886
2022-05-11 03:15:00,1847.6,1849.9,1845.8,1846.9,573
2022-05-11 03:20:00,1846.7,1849.6,1845.4,1849.0,339
2022-05-11 03:25:00,1849.0,1849.2,1846.2,1846.2,240
2022-05-11 03:30:00,1846.2,1847.3,1845.8,1846.2,153
2022-05-11 03:35:00,1846.3,1848.2,1846.3,1848.1,108
2022-05-11 03:40:00,1847.8,1848.9,1847.5,1848.7,116
2022-05-11 03:45:00,1848.7,1849.5,1848.0,1848.0,125
2022-05-11 03:50:00,1848.0,1848.9,1847.5,1848.2,89
2022-05-11 03:55:00,1848.3,1848.5,1847.4,1847.9,111
2022-05-11 04:00:00,1847.8,1849.1,1847.2,1848.7,144
2022-05-11 04:05:00,1848.6,1848.9,1847.9,1848.4,54
2022-05-11 04:10:00,1848.9,1850.1,1848.8,1849.9,151
2022-05-11 04:15:00,1849.9,1849.9,1848.4,1848.5,207
2022-05-11 04:20:00,1848.5,1848.5,1847.5,1847.8,156
2022-05-11 04:25:00,1847.8,1848.4,1847.0,1847.1,163
2022-05-11 04:30:00,1847.0,1847.5,1845.8,1847.5,186
2022-05-11 04:35:00,1847.3,1848.0,1845.6,1847.7,162
2022-05-11 04:40:00,1847.9,1847.9,1846.8,1847.5,72
2022-05-11 04:45:00,1847.7,1848.8,1847.0,1848.8,122
2022-05-11 04:50:00,1848.7,1849.2,1848.4,1849.1,71
2022-05-11 04:55:00,1849.3,1851.9,1849.1,1850.6,378
2022-05-11 05:00:00,1850.9,1851.2,1849.7,1850.3,137
2022-05-11 05:05:00,1850.4,1851.1,1849.8,1851.1,106
2022-05-11 05:10:00,1851.0,1853.5,1850.9,1853.5,355
2022-05-11 05:15:00,1853.3,1853.3,1850.7,1851.2,195
2022-05-11 05:20:00,1851.3,1851.5,1849.8,1850.2,111
2022-05-11 05:25:00,1850.1,1851.0,1850.0,1850.5,68
2022-05-11 05:30:00,1850.5,1851.0,1850.0,1850.1,81
2022-05-11 05:35:00,1850.0,1850.7,1849.9,1850.6,103
2022-05-11 05:40:00,1850.9,1850.9,1850.1,1850.2,79
2022-05-11 05:45:00,1850.2,1851.2,1850.1,1850.7,39
2022-05-11 05:50:00,1850.8,1851.6,1850.8,1851.6,70
2022-05-11 05:55:00,1851.7,1852.3,1851.3,1851.5,93
2022-05-11 06:00:00,1851.6,1851.9,1850.8,1851.2,97
2022-05-11 06:05:00,1851.4,1851.6,1850.7,1850.8,39
2022-05-11 06:10:00,1851.0,1852.5,1851.0,1852.0,142
2022-05-11 06:15:00,1851.9,1852.0,1850.5,1850.6,68
2022-05-11 06:20:00,1850.6,1850.8,1850.0,1850.6,78
2022-05-11 06:25:00,1850.6,1852.2,1850.1,1851.9,179
2022-05-11 06:30:00,1852.0,1852.4,1851.7,1852.0,79
2022-05-11 06:35:00,1852.2,1852.2,1851.1,1851.4,67
2022-05-11 06:40:00,1851.4,1853.0,1851.3,1852.9,126
2022-05-11 06:45:00,1852.8,1852.9,1852.0,1852.3,94
2022-05-11 06:50:00,1852.3,1852.5,1851.6,1851.6,53
2022-05-11 06:55:00,1851.6,1851.9,1851.1,1851.5,88
2022-05-11 07:00:00,1851.5,1852.1,1851.4,1851.7,67
2022-05-11 07:05:00,1851.5,1853.1,1851.1,1852.6,76
2022-05-11 07:10:00,1852.4,1852.6,1852.1,1852.1,26
2022-05-11 07:15:00,1852.2,1852.4,1851.6,1852.3,158
2022-05-11 07:20:00,1852.3,1853.1,1852.3,1852.7,52
2022-05-11 07:25:00,1852.5,1853.3,1851.7,1851.9,104
2022-05-11 07:30:00,1851.9,1852.9,1851.0,1851.1,94
2022-05-11 07:35:00,1851.0,1851.2,1850.3,1850.7,126
2022-05-11 07:40:00,1850.6,1851.3,1850.3,1850.4,112
2022-05-11 07:45:00,1850.3,1851.7,1850.2,1851.6,126
2022-05-11 07:50:00,1851.7,1852.1,1851.3,1851.3,72
2022-05-11 07:55:00,1851.2,1851.3,1849.2,1849.3,210
2022-05-11 08:00:00,1849.3,1850.4,1848.7,1849.6,232
2022-05-11 08:05:00,1849.6,1850.7,1848.4,1850.7,203
2022-05-11 08:10:00,1850.7,1851.2,1849.3,1849.5,148
2022-05-11 08:15:00,1849.5,1849.8,1848.3,1849.4,139
2022-05-11 08:20:00,1849.4,1849.7,1846.8,1847.7,486
2022-05-11 08:25:00,1847.4,1849.7,1847.1,1849.7,228
2022-05-11 08:30:00,1848.0,1848.0,1841.1,1844.2,1637
2022-05-11 08:35:00,1843.9,1844.1,1834.6,1837.7,1564
2022-05-11 08:40:00,1837.6,1840.0,1833.4,1839.7,1328
2022-05-11 08:45:00,1839.7,1842.5,1837.2,1837.6,1116
2022-05-11 08:50:00,1837.7,1838.0,1835.2,1835.3,653
2022-05-11 08:55:00,1835.6,1838.9,1834.0,1838.3,588
2022-05-11 09:00:00,1838.1,1841.5,1836.4,1840.8,979
2022-05-11 09:05:00,1840.3,1844.0,1840.3,1843.4,788
2022-05-11 09:10:00,1843.5,1846.3,1842.9,1845.3,832
2022-05-11 09:15:00,1845.2,1848.2,1843.3,1847.2,721
2022-05-11 09:20:00,1847.0,1850.3,1846.0,1850.3,902
2022-05-11 09:25:00,1850.4,1850.7,1846.7,1848.9,1020
2022-05-11 09:30:00,1848.8,1850.6,1846.3,1846.7,777
2022-05-11 09:35:00,1846.8,1850.8,1846.5,1850.4,724
2022-05-11 09:40:00,1850.2,1855.7,1849.5,1854.1,1539
2022-05-11 09:45:00,1854.1,1857.4,1852.8,1857.1,1018
2022-05-11 09:50:00,1857.2,1857.8,1852.2,1853.5,771
2022-05-11 09:55:00,1853.8,1853.8,1850.1,1852.5,622
2022-05-11 10:00:00,1852.5,1852.8,1849.8,1852.3,477
2022-05-11 10:05:00,1852.4,1852.4,1848.5,1849.7,395
2022-05-11 10:10:00,1849.5,1849.6,1845.5,1848.2,906
2022-05-11 10:15:00,1848.1,1848.1,1845.8,1847.7,287
2022-05-11 10:20:00,1847.9,1850.8,1847.0,1849.4,438
2022-05-11 10:25:00,1848.8,1849.7,1846.8,1848.3,363
2022-05-11 10:30:00,1847.5,1849.2,1847.1,1847.7,279
2022-05-11 10:35:00,1848.6,1850.7,1846.8,1850.4,350
2022-05-11 10:40:00,1850.6,1852.1,1850.1,1851.4,295
2022-05-11 10:45:00,1851.4,1852.0,1849.8,1851.8,232
2022-05-11 10:50:00,1851.3,1852.2,1850.5,1851.2,214
2022-05-11 10:55:00,1851.2,1852.0,1850.1,1850.6,171
2022-05-11 11:00:00,1850.7,1850.9,1846.7,1847.1,412
2022-05-11 11:05:00,1847.2,1849.4,1847.1,1847.5,204
2022-05-11 11:10:00,1847.9,1850.8,1847.8,1849.9,190
2022-05-11 11:15:00,1849.9,1850.7,1847.9,1849.0,130
2022-05-11 11:20:00,1848.7,1851.9,1848.7,1851.0,204
2022-05-11 11:25:00,1851.2,1853.5,1850.3,1853.1,294
2022-05-11 11:30:00,1852.9,1853.6,1852.2,1852.7,201
2022-05-11 11:35:00,1853.0,1854.4,1852.4,1853.0,196
2022-05-11 11:40:00,1853.2,1853.8,1852.6,1853.4,133
2022-05-11 11:45:00,1853.7,1854.1,1851.6,1851.7,170
2022-05-11 11:50:00,1852.1,1852.6,1851.3,1851.4,141
2022-05-11 11:55:00,1851.5,1851.9,1850.2,1851.7,169
2022-05-11 12:00:00,1851.6,1852.1,1851.1,1851.9,119
2022-05-11 12:05:00,1851.9,1852.8,1851.9,1852.1,96
2022-05-11 12:10:00,1852.1,1852.9,1850.8,1852.8,109
2022-05-11 12:15:00,1852.6,1854.1,1852.1,1852.2,123
2022-05-11 12:20:00,1851.9,1853.4,1851.8,1852.5,74
2022-05-11 12:25:00,1852.5,1852.9,1850.8,1850.9,125
2022-05-11 12:30:00,1851.1,1851.6,1849.5,1850.6,269
2022-05-11 12:35:00,1850.1,1852.1,1850.1,1851.0,127
2022-05-11 12:40:00,1850.9,1852.7,1850.9,1852.6,141
2022-05-11 12:45:00,1852.6,1853.3,1852.4,1853.1,82
2022-05-11 12:50:00,1853.2,1853.3,1852.5,1852.7,60
2022-05-11 12:55:00,1852.7,1852.7,1851.2,1851.8,97
2022-05-11 13:00:00,1851.8,1852.6,1850.4,1852.4,392
2022-05-11 13:05:00,1852.0,1852.0,1851.1,1851.4,149
2022-05-11 13:10:00,1852.2,1854.0,1852.2,1853.2,270
2022-05-11 13:15:00,1853.4,1856.4,1853.1,1855.8,416
2022-05-11 13:20:00,1855.9,1856.0,1853.9,1854.2,134
2022-05-11 13:25:00,1854.3,1854.4,1853.2,1853.7,195
2022-05-11 13:30:00,1853.7,1853.8,1851.8,1852.8,205
2022-05-11 13:35:00,1852.9,1853.7,1852.1,1853.4,83
2022-05-11 13:40:00,1853.4,1854.4,1853.4,1853.6,67
2022-05-11 13:45:00,1853.2,1853.3,1851.3,1851.4,146
2022-05-11 13:50:00,1851.5,1853.2,1851.5,1852.5,50
2022-05-11 13:55:00,1852.6,1852.8,1851.2,1851.7,88
2022-05-11 14:00:00,1851.9,1855.4,1851.9,1855.3,164
2022-05-11 14:05:00,1855.1,1855.1,1851.9,1852.0,141
2022-05-11 14:10:00,1851.9,1852.8,1851.7,1852.5,62
2022-05-11 14:15:00,1852.7,1852.7,1851.4,1851.7,94
2022-05-11 14:20:00,1851.7,1853.0,1851.0,1852.7,160
2022-05-11 14:25:00,1852.7,1852.9,1851.8,1851.8,68
2022-05-11 14:30:00,1851.7,1852.1,1850.5,1852.1,80
2022-05-11 14:35:00,1851.9,1852.0,1850.6,1851.0,71
2022-05-11 14:40:00,1850.8,1851.9,1850.5,1851.7,63
2022-05-11 14:45:00,1851.7,1852.1,1850.8,1851.1,57
2022-05-11 14:50:00,1851.1,1851.4,1850.3,1851.1,92
2022-05-11 14:55:00,1851.3,1853.1,1851.3,1852.5,145
2022-05-11 15:00:00,1852.6,1853.7,1851.9,1851.9,133
2022-05-11 15:05:00,1852.2,1852.3,1851.0,1851.0,78
2022-05-11 15:10:00,1851.2,1852.3,1850.9,1852.2,105
2022-05-11 15:15:00,1852.2,1853.7,1851.7,1853.2,118
2022-05-11 15:20:00,1853.1,1853.8,1853.1,1853.2,36
2022-05-11 15:25:00,1853.6,1853.8,1853.3,1853.4,46
2022-05-11 15:30:00,1853.4,1854.2,1853.3,1853.8,70
2022-05-11 15:35:00,1853.7,1854.0,1853.5,1853.6,64
2022-05-11 15:40:00,1853.7,1854.0,1853.5,1853.6,74
2022-05-11 15:45:00,1853.5,1854.1,1853.4,1854.0,86
2022-05-11 15:50:00,1854.0,1854.2,1853.5,1854.0,87
2022-05-11 15:55:00,1853.7,1853.9,1852.2,1852.9,111
2022-05-11 16:00:00,1852.8,1852.9,1852.1,1852.9,73
2022-05-11 16:05:00,1852.9,1853.1,1852.6,1853.0,12
2022-05-11 16:10:00,1852.9,1852.9,1852.4,1852.4,33
2022-05-11 16:15:00,1852.3,1852.7,1852.1,1852.5,32
2022-05-11 16:20:00,1852.6,1852.6,1851.9,1852.1,38
2022-05-11 16:25:00,1851.8,1852.0,1851.5,1851.5,67
2022-05-11 16:30:00,1851.7,1852.3,1851.5,1852.3,30
2022-05-11 16:35:00,1852.1,1852.4,1851.9,1851.9,31
2022-05-11 16:40:00,1852.1,1852.2,1851.9,1852.2,9
2022-05-11 16:45:00,1852.0,1852.6,1852.0,1852.5,43
2022-05-11 16:50:00,1852.5,1852.5,1852.2,1852.3,28
2022-05-11 16:55:00,1852.3,1852.5,1852.0,1852.4,37
2022-05-11 18:00:00,1852.4,1852.5,1851.2,1851.4,56
2022-05-11 18:05:00,1851.4,1851.5,1851.0,1851.3,71
2022-05-11 18:10:00,1851.1,1851.4,1851.1,1851.1,21
2022-05-11 18:15:00,1850.9,1851.5,1850.7,1851.5,22
2022-05-11 18:20:00,1851.8,1851.8,1851.3,1851.4,15
2022-05-11 18:25:00,1851.4,1851.7,1851.4,1851.7,14
2022-05-11 18:30:00,1851.6,1851.9,1851.4,1851.7,25
2022-05-11 18:35:00,1851.7,1852.3,1851.7,1852.2,11
2022-05-11 18:40:00,1852.3,1852.9,1852.3,1852.9,63
2022-05-11 18:45:00,1852.7,1852.8,1852.6,1852.6,11
2022-05-11 18:50:00,1852.6,1852.9,1852.5,1852.8,25
2022-05-11 18:55:00,1852.6,1852.9,1852.3,1852.6,23
2022-05-11 19:00:00,1852.6,1853.3,1852.5,1853.1,43
2022-05-11 19:05:00,1852.9,1853.2,1852.6,1853.2,19
2022-05-11 19:10:00,1853.2,1853.2,1852.9,1852.9,23
2022-05-11 19:15:00,1852.9,1853.2,1852.8,1853.1,16
2022-05-11 19:20:00,1853.4,1853.4,1853.0,1853.0,29
2022-05-11 19:25:00,1853.3,1853.4,1853.1,1853.3,14
2022-05-11 19:30:00,1853.3,1854.2,1853.3,1854.0,20
2022-05-11 19:35:00,1854.3,1854.4,1854.1,1854.3,26
2022-05-11 19:40:00,1854.3,1854.5,1854.3,1854.4,32
2022-05-11 19:45:00,1854.4,1856.0,1854.3,1856.0,154
2022-05-11 19:50:00,1855.7,1855.9,1854.7,1854.7,56
2022-05-11 19:55:00,1855.0,1855.1,1853.5,1853.6,83
2022-06-10 00:00:00,1847.0,1847.1,1846.4,1846.7,62
2022-06-10 00:05:00,1846.8,1847.9,1846.8,1847.4,76
2022-06-10 00:10:00,1847.5,1848.0,1847.5,1848.0,45
2022-06-10 00:15:00,1848.1,1848.2,1847.6,1847.8,23
2022-06-10 00:20:00,1847.6,1847.8,1847.6,1847.7,18
2022-06-10 00:25:00,1847.6,1847.6,1847.4,1847.6,17
2022-06-10 00:30:00,1847.4,1847.4,1846.6,1846.8,54
2022-06-10 00:35:00,1846.7,1846.7,1846.2,1846.5,37
2022-06-10 00:40:00,1846.4,1846.5,1846.0,1846.2,42
2022-06-10 00:45:00,1846.4,1846.6,1845.6,1845.7,77
2022-06-10 00:50:00,1845.8,1846.0,1845.6,1845.8,30
2022-06-10 00:55:00,1845.8,1845.8,1845.3,1845.4,43
2022-06-10 01:00:00,1845.4,1846.6,1845.2,1846.5,88
2022-06-10 01:05:00,1846.5,1847.0,1846.3,1846.7,20
2022-06-10 01:10:00,1846.4,1846.8,1845.8,1845.9,32
2022-06-10 01:15:00,1846.6,1847.3,1846.6,1846.6,51
2022-06-10 01:20:00,1846.5,1847.0,1846.5,1847.0,24
2022-06-10 01:25:00,1846.8,1846.9,1846.5,1846.9,22
2022-06-10 01:30:00,1846.8,1847.2,1846.3,1846.5,31
2022-06-10 01:35:00,1846.2,1846.8,1846.1,1846.8,22
2022-06-10 01:40:00,1846.2,1847.0,1846.0,1846.9,31
2022-06-10 01:45:00,1847.0,1847.0,1846.2,1846.9,30
2022-06-10 01:50:00,1847.5,1847.6,1847.0,1847.0,40
2022-06-10 01:55:00,1847.2,1847.3,1847.0,1847.0,34
2022-06-10 02:00:00,1846.9,1848.3,1846.9,1847.9,105
2022-06-10 02:05:00,1847.5,1848.2,1847.4,1847.7,40
2022-06-10 02:10:00,1847.8,1847.8,1847.0,1847.4,35
2022-06-10 02:15:00,1847.4,1847.6,1846.6,1846.6,20
2022-06-10 02:20:00,1846.6,1846.7,1845.9,1846.7,93
2022-06-10 02:25:00,1846.4,1847.0,1846.4,1847.0,31
2022-06-10 02:30:00,1846.8,1847.0,1846.4,1847.0,38
2022-06-10 02:35:00,1846.8,1847.0,1846.3,1847.0,9
2022-06-10 02:40:00,1847.0,1847.7,1847.0,1847.6,32
2022-06-10 02:45:00,1847.5,1847.5,1846.8,1846.8,38
2022-06-10 02:50:00,1847.0,1847.0,1846.3,1846.6,45
2022-06-10 02:55:00,1846.5,1846.9,1846.4,1846.8,16
2022-06-10 03:00:00,1846.8,1848.4,1846.8,1847.4,87
2022-06-10 03:05:00,1847.4,1847.9,1846.7,1847.2,66
2022-06-10 03:10:00,1847.1,1847.5,1846.9,1847.0,45
2022-06-10 03:15:00,1847.2,1847.3,1845.9,1846.1,150
2022-06-10 03:20:00,1846.2,1848.1,1846.2,1847.6,89
2022-06-10 03:25:00,1847.6,1849.5,1847.5,1849.4,246
2022-06-10 03:30:00,1849.0,1850.0,1848.7,1849.0,101
2022-06-10 03:35:00,1849.2,1849.9,1849.0,1849.4,83
2022-06-10 03:40:00,1849.4,1849.7,1849.0,1849.3,54
2022-06-10 03:45:00,1849.3,1849.5,1847.0,1847.2,139
2022-06-10 03:50:00,1847.0,1847.4,1846.5,1847.4,127
2022-06-10 03:55:00,1847.4,1847.7,1847.2,1847.7,54
2022-06-10 04:00:00,1847.6,1848.9,1847.6,1848.6,80
2022-06-10 04:05:00,1848.2,1849.1,1848.2,1848.9,48
2022-06-10 04:10:00,1849.0,1849.2,1847.7,1847.8,54
2022-06-10 04:15:00,1847.8,1848.6,1847.7,1848.1,53
2022-06-10 04:20:00,1848.1,1848.1,1846.6,1846.6,59
2022-06-10 04:25:00,1846.7,1847.6,1846.5,1847.3,77
2022-06-10 04:30:00,1847.3,1848.3,1846.9,1846.9,44
2022-06-10 04:35:00,1846.6,1847.7,1846.4,1847.7,46
2022-06-10 04:40:00,1847.6,1848.2,1847.5,1848.1,28
2022-06-10 04:45:00,1848.2,1848.4,1848.0,1848.1,24
2022-06-10 04:50:00,1847.7,1848.2,1847.6,1847.6,59
2022-06-10 04:55:00,1847.6,1848.3,1847.0,1847.2,39
2022-06-10 05:00:00,1847.1,1847.3,1846.7,1847.0,86
2022-06-10 05:05:00,1846.7,1847.2,1846.6,1846.8,31
2022-06-10 05:10:00,1846.8,1847.6,1846.6,1847.6,65
2022-06-10 05:15:00,1847.3,1847.3,1846.6,1847.1,28
2022-06-10 05:20:00,1847.0,1847.0,1846.5,1846.6,27
2022-06-10 05:25:00,1846.6,1846.7,1844.7,1845.2,168
2022-06-10 05:30:00,1845.1,1845.9,1844.5,1845.9,156
2022-06-10 05:35:00,1845.7,1846.0,1845.4,1845.8,51
2022-06-10 05:40:00,1845.7,1846.0,1845.4,1845.6,32
2022-06-10 05:45:00,1845.8,1845.8,1844.9,1845.2,48
2022-06-10 05:50:00,1845.0,1845.4,1845.0,1845.3,36
2022-06-10 05:55:00,1845.3,1845.7,1844.6,1845.2,61
2022-06-10 06:00:00,1844.7,1845.3,1844.0,1845.2,109
2022-06-10 06:05:00,1845.0,1846.0,1844.9,1845.3,68
2022-06-10 06:10:00,1845.3,1845.3,1844.0,1844.0,71
2022-06-10 06:15:00,1843.8,1845.0,1843.8,1844.7,79
2022-06-10 06:20:00,1844.7,1844.8,1844.4,1844.8,39
2022-06-10 06:25:00,1844.6,1844.7,1844.2,1844.6,23
2022-06-10 06:30:00,1844.6,1845.4,1844.4,1845.4,18
2022-06-10 06:35:00,1845.2,1845.8,1845.1,1845.5,73
2022-06-10 06:40:00,1845.5,1845.6,1845.1,1845.1,42
2022-06-10 06:45:00,1845.1,1845.2,1844.6,1844.6,37
2022-06-10 06:50:00,1844.7,1844.8,1844.6,1844.6,37
2022-06-10 06:55:00,1844.5,1844.9,1844.2,1844.8,48
2022-06-10 07:00:00,1844.9,1845.4,1844.6,1844.6,42
2022-06-10 07:05:00,1844.5,1845.1,1844.2,1845.0,34
2022-06-10 07:10:00,1844.9,1845.5,1844.8,1845.3,48
2022-06-10 07:15:00,1845.6,1845.6,1843.1,1843.1,215
2022-06-10 07:20:00,1843.1,1843.1,1841.5,1842.3,496
2022-06-10 07:25:00,1842.2,1843.4,1842.2,1842.8,141
2022-06-10 07:30:00,1842.6,1842.9,1841.6,1841.9,128
2022-06-10 07:35:00,1841.8,1842.4,1839.5,1839.7,454
2022-06-10 07:40:00,1839.6,1839.6,1837.4,1838.0,653
2022-06-10 07:45:00,1837.9,1838.4,1836.5,1837.0,325
2022-06-10 07:50:00,1836.9,1837.1,1835.8,1836.1,351
2022-06-10 07:55:00,1836.1,1836.8,1835.5,1836.5,228
2022-06-10 08:00:00,1836.5,1836.6,1833.7,1835.0,753
2022-06-10 08:05:00,1835.1,1835.7,1834.0,1835.2,325
2022-06-10 08:10:00,1835.5,1836.3,1834.5,1834.9,227
2022-06-10 08:15:00,1835.2,1835.7,1834.3,1835.7,200
2022-06-10 08:20:00,1835.7,1836.2,1833.4,1833.9,382
2022-06-10 08:25:00,1833.8,1835.6,1833.4,1835.5,323
2022-06-10 08:30:00,1835.5,1836.9,1826.5,1830.4,2551
2022-06-10 08:35:00,1830.3,1844.4,1829.9,1844.4,2246
2022-06-10 08:40:00,1844.4,1848.3,1843.9,1846.1,2288
2022-06-10 08:45:00,1846.3,1847.4,1844.9,1845.6,824
2022-06-10 08:50:00,1845.8,1846.6,1843.7,1845.2,655
2022-06-10 08:55:00,1844.8,1845.0,1840.4,1840.7,640
2022-06-10 09:00:00,1840.6,1846.0,1840.4,1845.0,815
2022-06-10 09:05:00,1845.0,1846.0,1842.3,1842.7,496
2022-06-10 09:10:00,1842.4,1842.6,1839.2,1840.1,537
2022-06-10 09:15:00,1840.3,1840.4,1835.0,1836.3,849
2022-06-10 09:20:00,1836.4,1836.6,1833.5,1835.2,720
2022-06-10 09:25:00,1835.1,1835.7,1834.0,1834.5,417
2022-06-10 09:30:00,1834.4,1835.6,1832.4,1834.0,711
2022-06-10 09:35:00,1834.0,1837.6,1831.3,1832.1,930
2022-06-10 09:40:00,1831.8,1833.8,1829.9,1833.1,986
2022-06-10 09:45:00,1833.0,1833.9,1831.6,1832.1,390
2022-06-10 09:50:00,1832.1,1833.2,1830.9,1832.3,415
2022-06-10 09:55:00,1832.3,1835.4,1832.3,1835.4,417
2022-06-10 10:00:00,1835.3,1835.3,1831.8,1831.9,568
2022-06-10 10:05:00,1831.9,1834.5,1830.5,1834.5,533
2022-06-10 10:10:00,1834.2,1836.6,1833.4,1836.6,650
2022-06-10 10:15:00,1836.5,1838.2,1836.2,1838.2,476
2022-06-10 10:20:00,1838.3,1839.6,1837.2,1839.0,430
2022-06-10 10:25:00,1839.0,1845.0,1838.7,1843.5,960
2022-06-10 10:30:00,1843.7,1851.9,1843.0,1850.2,2336
2022-06-10 10:35:00,1850.2,1852.9,1848.9,1850.9,1135
2022-06-10 10:40:00,1850.8,1852.8,1850.1,1850.9,644
2022-06-10 10:45:00,1850.8,1858.0,1850.7,1857.3,1953
2022-06-10 10:50:00,1857.6,1860.6,1857.4,1859.8,2286
2022-06-10 10:55:00,1859.8,1862.6,1858.6,1858.7,1949
2022-06-10 11:00:00,1858.8,1860.3,1858.1,1859.3,1607
2022-06-10 11:05:00,1859.6,1861.7,1859.0,1861.5,459
2022-06-10 11:10:00,1861.4,1861.7,1859.7,1861.3,400
2022-06-10 11:15:00,1861.5,1862.7,1861.2,1862.3,454
2022-06-10 11:20:00,1862.5,1864.6,1862.3,1864.1,855
2022-06-10 11:25:00,1864.3,1866.4,1864.1,1866.0,770
2022-06-10 11:30:00,1866.1,1868.4,1865.9,1867.9,785
2022-06-10 11:35:00,1867.7,1867.9,1865.4,1865.9,704
2022-06-10 11:40:00,1866.0,1867.0,1864.4,1866.7,573
2022-06-10 11:45:00,1866.8,1868.2,1866.2,1868.0,339
2022-06-10 11:50:00,1867.9,1868.7,1867.6,1868.3,381
2022-06-10 11:55:00,1868.3,1871.4,1868.2,1870.5,773
2022-06-10 12:00:00,1870.8,1872.9,1869.3,1872.7,790
2022-06-10 12:05:00,1872.7,1873.6,1872.5,1873.2,457
2022-06-10 12:10:00,1873.0,1874.1,1872.7,1873.1,478
2022-06-10 12:15:00,1873.2,1873.5,1872.0,1873.2,576
2022-06-10 12:20:00,1873.2,1876.8,1872.9,1876.8,1052
2022-06-10 12:25:00,1876.7,1879.4,1876.4,1878.4,1057
2022-06-10 12:30:00,1878.4,1879.6,1878.1,1878.5,613
2022-06-10 12:35:00,1878.2,1878.5,1876.1,1876.4,615
2022-06-10 12:40:00,1876.6,1877.7,1875.4,1875.4,533
2022-06-10 12:45:00,1875.6,1877.3,1875.5,1876.8,211
2022-06-10 12:50:00,1876.8,1876.8,1874.3,1874.5,392
2022-06-10 12:55:00,1874.3,1876.0,1873.2,1875.5,438
2022-06-10 13:00:00,1875.7,1877.5,1875.2,1876.8,321
2022-06-10 13:05:00,1876.7,1877.1,1875.8,1876.3,235
2022-06-10 13:10:00,1876.3,1876.5,1874.8,1875.1,185
2022-06-10 13:15:00,1874.9,1876.0,1874.3,1875.8,249
2022-06-10 13:20:00,1875.7,1875.9,1874.9,1875.6,128
2022-06-10 13:25:00,1875.6,1875.8,1874.9,1875.4,323
2022-06-10 13:30:00,1875.3,1876.0,1874.9,1875.8,322
2022-06-10 13:35:00,1875.8,1876.1,1875.2,1875.3,164
2022-06-10 13:40:00,1875.3,1876.0,1874.8,1875.1,159
2022-06-10 13:45:00,1875.0,1875.9,1874.9,1875.3,192
2022-06-10 13:50:00,1875.3,1875.3,1873.2,1873.6,254
2022-06-10 13:55:00,1873.5,1874.2,1873.2,1873.6,286
2022-06-10 14:00:00,1873.6,1873.7,1872.3,1873.1,364
2022-06-10 14:05:00,1873.1,1875.6,1873.1,1875.3,246
2022-06-10 14:10:00,1875.4,1875.4,1874.8,1875.0,75
2022-06-10 14:15:00,1875.0,1876.5,1874.6,1876.3,176
2022-06-10 14:20:00,1876.4,1877.0,1876.1,1876.3,252
2022-06-10 14:25:00,1876.2,1877.2,1876.0,1877.2,200
2022-06-10 14:30:00,1877.3,1878.1,1877.0,1877.7,129
2022-06-10 14:35:00,1877.7,1878.2,1877.5,1877.6,134
2022-06-10 14:40:00,1877.5,1878.4,1877.1,1878.2,121
2022-06-10 14:45:00,1878.1,1879.0,1878.1,1878.7,211
2022-06-10 14:50:00,1878.7,1878.7,1877.0,1877.2,161
2022-06-10 14:55:00,1877.1,1877.5,1876.7,1877.1,174
2022-06-10 15:00:00,1877.1,1877.8,1876.0,1876.7,961
2022-06-10 15:05:00,1876.8,1878.2,1876.8,1878.0,137
2022-06-10 15:10:00,1877.9,1878.1,1876.7,1876.7,94
2022-06-10 15:15:00,1876.7,1877.0,1876.5,1876.5,57
2022-06-10 15:20:00,1876.6,1876.8,1875.9,1876.2,70
2022-06-10 15:25:00,1876.3,1877.1,1876.2,1876.6,102
2022-06-10 15:30:00,1876.6,1876.6,1875.4,1875.4,180
2022-06-10 15:35:00,1875.3,1876.1,1875.1,1875.4,313
2022-06-10 15:40:00,1875.4,1875.6,1874.8,1875.0,176
2022-06-10 15:45:00,1874.9,1876.9,1874.9,1876.9,160
2022-06-10 15:50:00,1876.7,1876.7,1875.6,1876.3,112
2022-06-10 15:55:00,1876.3,1876.5,1875.6,1876.0,174
2022-06-10 16:00:00,1876.2,1876.3,1875.5,1875.7,180
2022-06-10 16:05:00,1876.1,1876.2,1875.4,1875.4,38
2022-06-10 16:10:00,1875.3,1875.6,1874.7,1874.7,105
2022-06-10 16:15:00,1874.8,1875.0,1874.3,1875.0,78
2022-06-10 16:20:00,1874.9,1875.7,1874.7,1875.6,56
2022-06-10 16:25:00,1875.6,1875.7,1875.0,1875.0,38
2022-06-10 16:30:00,1875.2,1875.5,1874.8,1875.5,46
2022-06-10 16:35:00,1875.3,1875.8,1875.3,1875.5,33
2022-06-10 16:40:00,1875.6,1875.8,1875.1,1875.3,35
2022-06-10 16:45:00,1875.3,1875.5,1874.6,1874.7,54
2022-06-10 16:50:00,1874.6,1875.7,1874.5,1875.4,54
2022-06-10 16:55:00,1875.2,1875.8,1874.5,1875.2,66
2022-07-13 00:00:00,1725.3,1725.3,1724.6,1724.6,10
2022-07-13 00:05:00,1724.7,1724.8,1724.5,1724.7,10
2022-07-13 00:10:00,1724.4,1724.9,1724.4,1724.6,11
2022-07-13 00:15:00,1724.7,1725.0,1724.6,1724.6,9
2022-07-13 00:20:00,1724.5,1724.9,1724.3,1724.9,24
2022-07-13 00:25:00,1724.9,1725.2,1724.9,1725.1,12
2022-07-13 00:30:00,1724.7,1724.7,1723.6,1723.8,120
2022-07-13 00:35:00,1723.6,1724.0,1723.4,1723.8,31
2022-07-13 00:40:00,1723.7,1723.9,1723.5,1723.8,17
2022-07-13 00:45:00,1723.5,1723.8,1723.3,1723.8,24
2022-07-13 00:50:00,1723.6,1724.0,1723.6,1723.6,11
2022-07-13 00:55:00,1723.3,1723.9,1722.8,1723.6,61
2022-07-13 01:00:00,1723.5,1723.5,1723.1,1723.5,21
2022-07-13 01:05:00,1723.5,1723.6,1722.9,1722.9,12
2022-07-13 01:10:00,1723.1,1723.3,1722.4,1722.7,58
2022-07-13 01:15:00,1722.6,1722.9,1722.2,1722.8,49
2022-07-13 01:20:00,1722.8,1723.0,1722.7,1722.8,25
2022-07-13 01:25:00,1722.8,1723.5,1722.7,1723.5,27
2022-07-13 01:30:00,1722.9,1722.9,1721.5,1722.5,143
2022-07-13 01:35:00,1722.7,1724.3,1721.9,1724.3,117
2022-07-13 01:40:00,1724.0,1724.3,1723.1,1724.3,49
2022-07-13 01:45:00,1724.1,1724.5,1723.6,1723.6,29
2022-07-13 01:50:00,1723.6,1723.8,1723.2,1723.8,24
2022-07-13 01:55:00,1723.6,1723.6,1723.2,1723.4,37
2022-07-13 02:00:00,1723.2,1724.6,1723.0,1723.3,86
2022-07-13 02:05:00,1723.0,1723.3,1722.4,1722.8,66
2022-07-13 02:10:00,1722.7,1723.7,1722.1,1722.1,76
2022-07-13 02:15:00,1722.3,1722.3,1721.0,1721.3,146
2022-07-13 02:20:00,1721.2,1721.7,1719.9,1720.4,275
2022-07-13 02:25:00,1720.5,1721.4,1720.1,1721.3,103
2022-07-13 02:30:00,1721.4,1722.5,1720.8,1722.5,163
2022-07-13 02:35:00,1722.6,1723.7,1722.2,1722.2,69
2022-07-13 02:40:00,1722.4,1723.0,1722.2,1723.0,49
2022-07-13 02:45:00,1723.1,1725.3,1722.9,1724.7,284
2022-07-13 02:50:00,1724.7,1725.2,1723.8,1723.8,68
2022-07-13 02:55:00,1724.0,1724.2,1723.2,1723.2,49
2022-07-13 03:00:00,1723.3,1724.1,1723.2,1723.6,76
2022-07-13 03:05:00,1723.5,1724.7,1723.5,1724.3,54
2022-07-13 03:10:00,1724.5,1724.5,1723.6,1723.7,40
2022-07-13 03:15:00,1723.7,1723.9,1723.3,1723.7,47
2022-07-13 03:20:00,1723.9,1723.9,1722.8,1723.3,88
2022-07-13 03:25:00,1723.4,1723.5,1722.2,1723.1,89
2022-07-13 03:30:00,1722.7,1723.5,1722.6,1723.3,45
2022-07-13 03:35:00,1723.4,1723.7,1722.8,1723.2,53
2022-07-13 03:40:00,1722.5,1723.9,1722.2,1723.6,42
2022-07-13 03:45:00,1723.3,1724.1,1722.6,1723.6,72
2022-07-13 03:50:00,1723.4,1726.1,1723.4,1726.1,174
2022-07-13 03:55:00,1725.9,1726.5,1725.0,1725.1,128
2022-07-13 04:00:00,1725.1,1726.1,1725.1,1725.1,64
2022-07-13 04:05:00,1725.3,1725.3,1724.7,1725.0,34
2022-07-13 04:10:00,1725.0,1725.3,1724.0,1724.1,51
2022-07-13 04:15:00,1724.2,1724.8,1724.1,1724.3,48
2022-07-13 04:20:00,1724.1,1724.6,1723.4,1723.8,65
2022-07-13 04:25:00,1724.1,1724.3,1723.7,1724.3,30
2022-07-13 04:30:00,1724.6,1725.2,1724.1,1724.8,72
2022-07-13 04:35:00,1724.8,1724.8,1724.1,1724.3,29
2022-07-13 04:40:00,1724.3,1724.6,1724.2,1724.4,34
2022-07-13 04:45:00,1724.3,1724.6,1723.6,1724.5,36
2022-07-13 04:50:00,1724.5,1725.0,1724.1,1724.1,65
2022-07-13 04:55:00,1724.1,1726.0,1724.0,1725.8,61
2022-07-13 05:00:00,1725.9,1726.0,1724.8,1725.2,60
2022-07-13 05:05:00,1725.0,1726.2,1724.8,1726.0,46
2022-07-13 05:10:00,1726.1,1728.2,1725.9,1727.8,464
2022-07-13 05:15:00,1727.9,1727.9,1726.5,1727.1,86
2022-07-13 05:20:00,1727.1,1727.3,1726.8,1727.0,29
2022-07-13 05:25:00,1727.0,1727.1,1726.5,1726.8,39
2022-07-13 05:30:00,1726.7,1727.7,1726.7,1727.6,51
2022-07-13 05:35:00,1727.7,1728.0,1727.5,1727.5,117
2022-07-13 05:40:00,1727.5,1727.5,1726.7,1726.9,103
2022-07-13 05:45:00,1726.8,1726.8,1726.4,1726.7,32
2022-07-13 05:50:00,1726.5,1726.9,1726.3,1726.3,85
2022-07-13 05:55:00,1726.3,1726.6,1725.9,1726.2,48
2022-07-13 06:00:00,1726.3,1727.2,1726.3,1726.8,49
2022-07-13 06:05:00,1726.7,1726.8,1726.3,1726.3,44
2022-07-13 06:10:00,1726.3,1726.4,1725.2,1726.3,105
2022-07-13 06:15:00,1725.9,1726.5,1725.5,1726.3,34
2022-07-13 06:20:00,1726.2,1726.8,1725.9,1726.6,59
2022-07-13 06:25:00,1726.4,1726.8,1726.0,1726.1,35
2022-07-13 06:30:00,1725.9,1727.0,1725.5,1726.8,54
2022-07-13 06:35:00,1726.8,1727.8,1726.6,1727.8,103
2022-07-13 06:40:00,1727.8,1727.9,1727.2,1727.5,66
2022-07-13 06:45:00,1727.5,1727.6,1727.0,1727.6,43
2022-07-13 06:50:00,1727.5,1727.8,1727.4,1727.7,39
2022-07-13 06:55:00,1727.6,1727.8,1727.3,1727.8,55
2022-07-13 07:00:00,1727.7,1728.9,1727.7,1728.3,234
2022-07-13 07:05:00,1728.3,1728.6,1728.1,1728.2,113
2022-07-13 07:10:00,1728.3,1729.5,1728.2,1729.0,158
2022-07-13 07:15:00,1729.0,1729.6,1728.5,1729.6,97
2022-07-13 07:20:00,1729.5,1729.7,1728.7,1729.3,95
2022-07-13 07:25:00,1728.9,1728.9,1727.7,1728.1,134
2022-07-13 07:30:00,1728.1,1728.3,1727.6,1728.3,91
2022-07-13 07:35:00,1728.3,1728.3,1727.6,1727.7,59
2022-07-13 07:40:00,1727.7,1728.1,1727.6,1727.7,70
2022-07-13 07:45:00,1727.5,1727.6,1726.7,1727.1,103
2022-07-13 07:50:00,1727.0,1727.2,1726.4,1726.4,100
2022-07-13 07:55:00,1726.5,1727.8,1726.5,1727.3,85
2022-07-13 08:00:00,1727.4,1728.0,1727.0,1727.3,110
2022-07-13 08:05:00,1727.1,1727.9,1727.0,1727.4,92
2022-07-13 08:10:00,1727.6,1727.8,1726.0,1727.3,135
2022-07-13 08:15:00,1727.4,1728.2,1727.2,1727.4,94
2022-07-13 08:20:00,1727.3,1727.7,1726.3,1727.1,137
2022-07-13 08:25:00,1727.2,1728.6,1726.4,1727.8,224
2022-07-13 08:30:00,1727.7,1727.7,1709.9,1713.7,3160
2022-07-13 08:35:00,1713.3,1713.3,1708.4,1711.8,1294
2022-07-13 08:40:00,1711.5,1711.5,1704.7,1706.5,1028
2022-07-13 08:45:00,1706.3,1711.7,1704.7,1711.7,694
2022-07-13 08:50:00,1711.5,1717.6,1709.5,1709.7,1277
2022-07-13 08:55:00,1709.8,1711.6,1709.1,1710.8,407
2022-07-13 09:00:00,1710.6,1714.9,1708.6,1714.7,630
2022-07-13 09:05:00,1714.6,1716.8,1711.6,1715.9,765
2022-07-13 09:10:00,1715.9,1718.6,1714.5,1716.8,878
2022-07-13 09:15:00,1717.1,1718.2,1713.4,1713.8,498
2022-07-13 09:20:00,1713.7,1714.8,1711.7,1714.8,366
2022-07-13 09:25:00,1714.7,1715.8,1713.8,1715.5,202
2022-07-13 09:30:00,1715.9,1718.9,1715.2,1717.8,489
2022-07-13 09:35:00,1717.6,1723.9,1717.3,1722.6,1255
2022-07-13 09:40:00,1722.6,1727.0,1721.9,1722.7,1490
2022-07-13 09:45:00,1722.9,1726.7,1722.2,1726.1,583
2022-07-13 09:50:00,1725.8,1727.6,1724.1,1724.1,384
2022-07-13 09:55:00,1724.4,1724.7,1721.7,1721.7,415
2022-07-13 10:00:00,1721.8,1724.3,1718.8,1723.4,877
2022-07-13 10:05:00,1723.4,1724.2,1719.9,1720.7,317
2022-07-13 10:10:00,1720.3,1723.1,1720.3,1721.4,203
2022-07-13 10:15:00,1721.1,1724.8,1720.3,1724.6,272
2022-07-13 10:20:00,1724.4,1725.0,1723.5,1724.3,187
2022-07-13 10:25:00,1724.5,1725.7,1724.4,1725.7,194
2022-07-13 10:30:00,1725.7,1727.4,1724.5,1726.8,481
2022-07-13 10:35:00,1726.9,1728.8,1726.2,1728.3,490
2022-07-13 10:40:00,1728.6,1734.1,1728.6,1733.8,1496
2022-07-13 10:45:00,1734.1,1736.8,1732.2,1735.3,932
2022-07-13 10:50:00,1735.9,1738.7,1735.8,1736.9,977
2022-07-13 10:55:00,1737.0,1743.0,1737.0,1741.3,1391
2022-07-13 11:00:00,1741.3,1743.0,1740.6,1741.1,670
2022-07-13 11:05:00,1741.6,1743.9,1740.9,1741.1,623
2022-07-13 11:10:00,1741.1,1744.3,1740.9,1743.6,406
2022-07-13 11:15:00,1743.7,1744.0,1741.1,1741.4,582
2022-07-13 11:20:00,1741.6,1742.3,1739.4,1739.7,508
2022-07-13 11:25:00,1739.9,1740.2,1737.3,1737.4,434
2022-07-13 11:30:00,1737.7,1739.3,1737.7,1738.6,274
2022-07-13 11:35:00,1738.7,1738.7,1736.4,1736.5,299
2022-07-13 11:40:00,1736.6,1737.8,1736.0,1736.2,201
2022-07-13 11:45:00,1736.0,1737.6,1735.1,1737.0,328
2022-07-13 11:50:00,1737.0,1738.4,1736.5,1737.1,181
2022-07-13 11:55:00,1737.0,1738.0,1736.1,1736.3,190
2022-07-13 12:00:00,1736.3,1736.7,1734.9,1736.2,224
2022-07-13 12:05:00,1736.3,1737.7,1736.0,1737.2,158
2022-07-13 12:10:00,1737.2,1737.8,1736.3,1737.1,156
2022-07-13 12:15:00,1736.8,1737.5,1735.9,1737.5,96
2022-07-13 12:20:00,1737.7,1737.9,1736.6,1736.9,114
2022-07-13 12:25:00,1737.2,1737.5,1736.8,1736.9,39
2022-07-13 12:30:00,1737.0,1737.9,1736.6,1737.6,47
2022-07-13 12:35:00,1737.5,1737.8,1736.7,1737.1,68
2022-07-13 12:40:00,1737.1,1737.1,1734.2,1735.5,276
2022-07-13 12:45:00,1735.2,1736.2,1734.6,1736.2,107
2022-07-13 12:50:00,1736.1,1736.2,1735.4,1735.6,91
2022-07-13 12:55:00,1735.7,1736.7,1735.6,1736.5,143
2022-07-13 13:00:00,1736.6,1737.2,1735.3,1736.1,246
2022-07-13 13:05:00,1735.8,1736.6,1735.5,1735.9,47
2022-07-13 13:10:00,1736.0,1738.3,1736.0,1738.3,148
2022-07-13 13:15:00,1738.3,1738.7,1737.3,1737.3,118
2022-07-13 13:20:00,1737.5,1738.2,1736.9,1737.3,77
2022-07-13 13:25:00,1737.5,1737.9,1735.1,1735.3,278
2022-07-13 13:30:00,1735.4,1736.2,1734.5,1735.6,132
2022-07-13 13:35:00,1735.8,1737.1,1735.4,1737.1,63
2022-07-13 13:40:00,1737.1,1737.4,1736.6,1737.2,57
2022-07-13 13:45:00,1737.7,1738.0,1737.2,1737.4,44
2022-07-13 13:50:00,1737.3,1737.5,1737.0,1737.2,59
2022-07-13 13:55:00,1737.3,1738.6,1737.3,1738.3,83
2022-07-13 14:00:00,1738.0,1738.0,1734.1,1734.3,255
2022-07-13 14:05:00,1734.0,1736.0,1733.3,1733.9,287
2022-07-13 14:10:00,1733.9,1735.0,1733.6,1734.9,57
2022-07-13 14:15:00,1735.0,1735.1,1734.1,1734.7,58
2022-07-13 14:20:00,1734.6,1735.0,1733.8,1734.6,57
2022-07-13 14:25:00,1734.6,1735.6,1734.2,1735.5,103
2022-07-13 14:30:00,1735.4,1736.0,1735.2,1736.0,96
2022-07-13 14:35:00,1735.7,1736.0,1735.3,1736.0,19
2022-07-13 14:40:00,1736.0,1736.1,1734.4,1734.6,54
2022-07-13 14:45:00,1734.7,1736.5,1734.6,1735.8,139
2022-07-13 14:50:00,1735.7,1735.9,1734.1,1734.5,57
2022-07-13 14:55:00,1734.6,1734.6,1732.3,1733.1,259
2022-07-13 15:00:00,1733.2,1733.4,1732.1,1732.8,93
2022-07-13 15:05:00,1733.1,1733.2,1731.9,1732.5,76
2022-07-13 15:10:00,1732.4,1733.1,1732.2,1733.1,84
2022-07-13 15:15:00,1733.0,1733.2,1732.7,1732.8,22
2022-07-13 15:20:00,1732.8,1732.8,1732.3,1732.6,41
2022-07-13 15:25:00,1732.3,1732.5,1731.5,1731.6,127
2022-07-13 15:30:00,1731.7,1731.7,1730.8,1731.3,88
2022-07-13 15:35:00,1731.1,1732.0,1730.9,1732.0,38
2022-07-13 15:40:00,1731.7,1732.0,1730.9,1731.1,100
2022-07-13 15:45:00,1731.0,1732.0,1730.9,1731.0,40
2022-07-13 15:50:00,1731.0,1732.0,1730.9,1731.7,40
2022-07-13 15:55:00,1731.6,1732.2,1731.2,1731.3,62
2022-07-13 16:00:00,1731.6,1731.7,1730.7,1731.3,44
2022-07-13 16:05:00,1731.4,1731.5,1730.5,1730.5,25
2022-07-13 16:10:00,1730.6,1731.4,1730.2,1731.4,60
2022-07-13 16:15:00,1731.2,1731.6,1731.2,1731.6,16
2022-07-13 16:20:00,1731.5,1733.5,1731.4,1733.2,49
2022-07-13 16:25:00,1733.3,1733.7,1732.9,1733.7,50
2022-07-13 16:30:00,1733.4,1733.8,1732.4,1732.9,48
2022-07-13 16:35:00,1732.8,1733.1,1732.6,1732.6,17
2022-07-13 16:40:00,1732.5,1732.5,1732.1,1732.2,13
2022-07-13 16:45:00,1732.1,1732.9,1731.7,1732.9,34
2022-07-13 16:50:00,1732.9,1734.0,1732.8,1733.8,52
2022-07-13 16:55:00,1734.0,1734.0,1733.6,1733.9,32
2022-07-13 18:00:00,1734.8,1734.8,1733.2,1734.4,65
2022-07-13 18:05:00,1734.6,1734.6,1734.4,1734.4,6
2022-07-13 18:10:00,1734.5,1734.9,1734.5,1734.6,21
2022-07-13 18:15:00,1734.6,1734.8,1734.2,1734.3,18
2022-07-13 18:20:00,1734.1,1734.3,1733.8,1734.0,22
2022-07-13 18:25:00,1734.1,1734.1,1733.5,1733.9,28
2022-07-13 18:30:00,1733.8,1734.0,1733.3,1733.3,30
2022-07-13 18:35:00,1733.0,1733.0,1732.6,1733.0,46
2022-07-13 18:40:00,1733.1,1733.2,1732.6,1733.2,36
2022-07-13 18:45:00,1732.8,1732.8,1732.2,1732.2,47
2022-07-13 18:50:00,1732.6,1733.1,1732.5,1733.0,15
2022-07-13 18:55:00,1732.8,1732.9,1732.5,1732.9,25
2022-07-13 19:00:00,1732.5,1732.6,1732.3,1732.5,25
2022-07-13 19:05:00,1732.5,1732.8,1732.2,1732.2,27
2022-07-13 19:10:00,1732.0,1732.1,1731.4,1731.4,46
2022-07-13 19:15:00,1731.3,1731.5,1731.2,1731.4,40
2022-07-13 19:20:00,1731.5,1731.5,1730.9,1731.1,36
2022-07-13 19:25:00,1731.3,1731.3,1730.8,1731.1,27
2022-07-13 19:30:00,1731.1,1731.2,1730.8,1731.1,23
2022-07-13 19:35:00,1730.8,1730.8,1729.6,1729.9,61
2022-07-13 19:40:00,1729.9,1730.0,1729.1,1729.3,94
2022-07-13 19:45:00,1729.2,1729.7,1728.5,1729.5,129
2022-07-13 19:50:00,1729.5,1730.2,1729.4,1729.9,82
2022-07-13 19:55:00,1730.0,1730.3,1729.5,1730.3,61
2022-08-10 00:00:00,1807.3,1807.5,1806.8,1807.5,83
2022-08-10 00:05:00,1807.5,1807.6,1807.1,1807.1,52
2022-08-10 00:10:00,1807.1,1807.3,1807.0,1807.1,43
2022-08-10 00:15:00,1807.1,1807.3,1807.1,1807.3,24
2022-08-10 00:20:00,1807.3,1807.3,1806.6,1806.8,63
2022-08-10 00:25:00,1806.8,1807.1,1806.7,1807.0,36
2022-08-10 00:30:00,1807.0,1807.0,1806.6,1806.6,39
2022-08-10 00:35:00,1806.5,1806.8,1805.9,1805.9,93
2022-08-10 00:40:00,1806.1,1806.5,1806.1,1806.5,56
2022-08-10 00:45:00,1806.6,1806.8,1806.4,1806.4,43
2022-08-10 00:50:00,1806.5,1806.6,1806.3,1806.5,29
2022-08-10 00:55:00,1806.5,1806.5,1806.2,1806.5,47
2022-08-10 01:00:00,1806.5,1806.5,1805.8,1805.9,74
2022-08-10 01:05:00,1805.9,1806.1,1805.7,1805.7,45
2022-08-10 01:10:00,1805.8,1805.8,1805.4,1805.5,104
2022-08-10 01:15:00,1805.6,1805.6,1804.3,1804.9,234
2022-08-10 01:20:00,1804.9,1805.1,1804.6,1804.9,66
2022-08-10 01:25:00,1804.9,1805.1,1804.7,1804.8,77
2022-08-10 01:30:00,1805.0,1806.0,1805.0,1805.9,175
2022-08-10 01:35:00,1806.0,1806.4,1805.8,1806.4,111
2022-08-10 01:40:00,1806.3,1806.5,1806.1,1806.4,68
2022-08-10 01:45:00,1806.2,1806.2,1805.4,1805.9,81
2022-08-10 01:50:00,1806.0,1806.0,1805.2,1805.5,47
2022-08-10 01:55:00,1805.4,1805.4,1804.3,1804.3,92
2022-08-10 02:00:00,1804.3,1805.0,1803.8,1804.8,270
2022-08-10 02:05:00,1805.1,1805.3,1804.9,1805.0,66
2022-08-10 02:10:00,1805.0,1805.6,1805.0,1805.4,48
2022-08-10 02:15:00,1805.2,1805.2,1803.8,1804.2,165
2022-08-10 02:20:00,1804.4,1804.5,1804.1,1804.2,34
2022-08-10 02:25:00,1804.1,1804.4,1803.9,1804.0,67
2022-08-10 02:30:00,1804.1,1804.3,1803.8,1804.3,81
2022-08-10 02:35:00,1804.3,1804.5,1804.2,1804.2,72
2022-08-10 02:40:00,1804.3,1805.1,1804.3,1805.1,82
2022-08-10 02:45:00,1805.1,1805.2,1804.5,1805.0,87
2022-08-10 02:50:00,1805.1,1805.5,1805.0,1805.3,72
2022-08-10 02:55:00,1805.2,1805.2,1804.9,1805.1,38
2022-08-10 03:00:00,1805.2,1807.8,1805.2,1807.0,295
2022-08-10 03:05:00,1807.0,1807.2,1806.4,1806.8,72
2022-08-10 03:10:00,1806.9,1806.9,1805.9,1805.9,96
2022-08-10 03:15:00,1805.8,1806.4,1805.7,1805.8,65
2022-08-10 03:20:00,1805.7,1805.7,1804.8,1804.9,74
2022-08-10 03:25:00,1805.0,1806.2,1804.7,1806.2,81
2022-08-10 03:30:00,1806.0,1807.1,1805.9,1806.3,101
2022-08-10 03:35:00,1806.6,1807.0,1806.2,1806.8,23
2022-08-10 03:40:00,1806.8,1807.7,1806.8,1807.3,136
2022-08-10 03:45:00,1807.1,1807.7,1807.0,1807.5,61
2022-08-10 03:50:00,1807.4,1807.6,1807.0,1807.4,35
2022-08-10 03:55:00,1807.1,1807.4,1806.5,1806.5,52
2022-08-10 04:00:00,1806.4,1807.2,1806.0,1806.2,116
2022-08-10 04:05:00,1806.2,1806.6,1805.7,1806.1,57
2022-08-10 04:10:00,1805.8,1806.2,1805.2,1805.2,82
2022-08-10 04:15:00,1805.3,1805.5,1804.7,1804.9,88
2022-08-10 04:20:00,1804.9,1805.5,1804.7,1804.7,67
2022-08-10 04:25:00,1804.7,1806.1,1804.7,1805.4,109
2022-08-10 04:30:00,1805.5,1807.2,1805.4,1806.8,128
2022-08-10 04:35:00,1806.8,1808.4,1806.8,1807.8,246
2022-08-10 04:40:00,1808.0,1809.1,1807.8,1808.2,193
2022-08-10 04:45:00,1808.1,1808.5,1807.8,1808.0,102
2022-08-10 04:50:00,1808.0,1809.3,1807.9,1808.8,63
2022-08-10 04:55:00,1808.6,1808.9,1808.5,1808.5,65
2022-08-10 05:00:00,1808.4,1808.6,1807.9,1808.3,40
2022-08-10 05:05:00,1808.1,1808.4,1807.9,1808.2,44
2022-08-10 05:10:00,1808.3,1808.9,1808.1,1808.8,66
2022-08-10 05:15:00,1809.0,1809.5,1809.0,1809.3,69
2022-08-10 05:20:00,1809.2,1809.7,1809.1,1809.3,50
2022-08-10 05:25:00,1809.3,1810.3,1809.3,1810.2,133
2022-08-10 05:30:00,1810.3,1810.3,1809.6,1809.6,81
2022-08-10 05:35:00,1809.9,1810.2,1809.7,1809.8,87
2022-08-10 05:40:00,1809.7,1809.9,1809.4,1809.8,55
2022-08-10 05:45:00,1809.8,1810.4,1809.8,1810.4,128
2022-08-10 05:50:00,1810.5,1811.2,1810.2,1810.2,107
2022-08-10 05:55:00,1810.2,1810.5,1809.9,1810.4,51
2022-08-10 06:00:00,1810.4,1810.6,1810.1,1810.6,71
2022-08-10 06:05:00,1810.7,1811.1,1810.5,1810.8,112
2022-08-10 06:10:00,1810.9,1811.4,1810.3,1810.5,124
2022-08-10 06:15:00,1810.5,1810.7,1809.9,1810.5,111
2022-08-10 06:20:00,1810.2,1810.6,1809.6,1809.8,68
2022-08-10 06:25:00,1809.7,1810.4,1809.7,1810.1,40
2022-08-10 06:30:00,1809.9,1810.0,1808.8,1809.3,106
2022-08-10 06:35:00,1809.3,1809.6,1807.6,1807.8,206
2022-08-10 06:40:00,1807.6,1807.8,1806.6,1806.6,146
2022-08-10 06:45:00,1806.7,1807.4,1806.5,1807.1,162
2022-08-10 06:50:00,1807.0,1807.6,1806.8,1807.1,85
2022-08-10 06:55:00,1807.1,1807.2,1806.8,1806.8,74
2022-08-10 07:00:00,1806.7,1806.8,1805.9,1805.9,232
2022-08-10 07:05:00,1805.9,1807.1,1805.8,1806.8,177
2022-08-10 07:10:00,1806.8,1806.8,1805.8,1806.5,156
2022-08-10 07:15:00,1806.4,1806.6,1805.6,1805.7,126
2022-08-10 07:20:00,1805.6,1806.0,1805.2,1805.9,93
2022-08-10 07:25:00,1806.1,1806.6,1805.8,1806.5,105
2022-08-10 07:30:00,1806.6,1806.6,1805.1,1806.3,191
2022-08-10 07:35:00,1806.3,1806.8,1806.2,1806.7,110
2022-08-10 07:40:00,1806.5,1807.0,1806.5,1807.0,54
2022-08-10 07:45:00,1807.0,1808.0,1806.9,1807.7,77
2022-08-10 07:50:00,1807.7,1808.5,1807.2,1808.4,109
2022-08-10 07:55:00,1808.5,1808.9,1808.0,1808.3,184
2022-08-10 08:00:00,1808.3,1808.9,1807.8,1808.4,151
2022-08-10 08:05:00,1808.7,1809.2,1808.5,1808.8,191
2022-08-10 08:10:00,1809.0,1809.6,1808.3,1808.7,110
2022-08-10 08:15:00,1808.8,1809.1,1806.7,1807.0,231
2022-08-10 08:20:00,1807.2,1808.4,1806.8,1806.9,265
2022-08-10 08:25:00,1806.8,1808.8,1803.1,1806.5,321
2022-08-10 08:30:00,1806.4,1823.6,1806.4,1818.5,3773
2022-08-10 08:35:00,1818.6,1823.3,1817.9,1823.3,1013
2022-08-10 08:40:00,1823.3,1824.7,1820.5,1822.7,1033
2022-08-10 08:45:00,1822.7,1822.8,1819.3,1820.0,663
2022-08-10 08:50:00,1820.0,1820.3,1816.4,1817.0,848
2022-08-10 08:55:00,1817.1,1817.9,1813.3,1813.7,818
2022-08-10 09:00:00,1813.7,1814.7,1810.0,1812.0,1748
2022-08-10 09:05:00,1812.1,1812.7,1809.2,1809.8,630
2022-08-10 09:10:00,1809.7,1813.1,1809.6,1812.9,685
2022-08-10 09:15:00,1812.9,1816.2,1812.5,1815.1,773
2022-08-10 09:20:00,1815.1,1815.5,1812.9,1813.5,477
2022-08-10 09:25:00,1813.2,1813.2,1811.4,1812.4,345
2022-08-10 09:30:00,1812.5,1812.8,1808.1,1810.6,898
2022-08-10 09:35:00,1810.5,1810.7,1807.3,1807.9,574
2022-08-10 09:40:00,1807.7,1811.1,1807.7,1810.8,390
2022-08-10 09:45:00,1811.0,1813.5,1810.2,1812.2,612
2022-08-10 09:50:00,1812.6,1813.8,1811.7,1812.5,313
2022-08-10 09:55:00,1812.6,1813.2,1811.3,1811.8,301
2022-08-10 10:00:00,1811.6,1814.6,1811.0,1812.9,648
2022-08-10 10:05:00,1813.0,1813.9,1811.8,1812.6,315
2022-08-10 10:10:00,1813.0,1814.5,1811.8,1812.0,227
2022-08-10 10:15:00,1812.1,1814.1,1812.1,1813.3,165
2022-08-10 10:20:00,1813.1,1814.8,1812.0,1813.4,266
2022-08-10 10:25:00,1813.4,1815.2,1813.3,1814.5,188
2022-08-10 10:30:00,1814.6,1816.6,1814.2,1816.2,413
2022-08-10 10:35:00,1816.3,1817.5,1815.5,1817.0,584
2022-08-10 10:40:00,1817.1,1817.6,1816.9,1817.6,261
2022-08-10 10:45:00,1817.7,1818.4,1816.0,1816.5,382
2022-08-10 10:50:00,1816.8,1817.8,1816.0,1817.1,211
2022-08-10 10:55:00,1817.1,1818.5,1816.6,1818.1,413
2022-08-10 11:00:00,1818.0,1818.7,1816.9,1818.3,350
2022-08-10 11:05:00,1818.4,1818.6,1817.9,1818.2,177
2022-08-10 11:10:00,1818.2,1818.2,1814.7,1815.5,455
2022-08-10 11:15:00,1815.5,1816.2,1813.8,1814.6,259
2022-08-10 11:20:00,1814.6,1816.3,1814.6,1816.1,140
2022-08-10 11:25:00,1815.8,1816.0,1814.6,1815.4,136
2022-08-10 11:30:00,1815.5,1815.5,1814.1,1814.4,92
2022-08-10 11:35:00,1813.8,1814.4,1813.0,1813.7,183
2022-08-10 11:40:00,1813.7,1814.3,1813.2,1814.2,117
2022-08-10 11:45:00,1814.0,1814.6,1813.9,1814.5,138
2022-08-10 11:50:00,1814.6,1814.9,1814.3,1814.6,67
2022-08-10 11:55:00,1814.6,1814.6,1813.6,1814.0,89
2022-08-10 12:00:00,1814.1,1814.2,1813.2,1813.2,117
2022-08-10 12:05:00,1813.1,1814.2,1813.0,1813.8,86
2022-08-10 12:10:00,1813.7,1813.7,1813.2,1813.6,47
2022-08-10 12:15:00,1813.4,1813.8,1813.2,1813.7,69
2022-08-10 12:20:00,1813.7,1813.8,1812.6,1813.8,121
2022-08-10 12:25:00,1813.8,1814.6,1813.8,1814.6,92
2022-08-10 12:30:00,1814.6,1815.7,1814.5,1815.4,185
2022-08-10 12:35:00,1815.2,1816.1,1815.1,1816.1,178
2022-08-10 12:40:00,1816.1,1816.2,1815.4,1815.5,53
2022-08-10 12:45:00,1815.5,1815.6,1814.1,1814.2,166
2022-08-10 12:50:00,1814.4,1814.6,1813.7,1814.4,156
2022-08-10 12:55:00,1814.0,1814.6,1813.9,1814.0,46
2022-08-10 13:00:00,1814.3,1814.6,1813.3,1813.6,250
2022-08-10 13:05:00,1813.5,1813.9,1813.2,1813.5,174
2022-08-10 13:10:00,1813.1,1814.2,1813.1,1813.7,81
2022-08-10 13:15:00,1813.5,1814.2,1813.0,1814.1,53
2022-08-10 13:20:00,1814.0,1814.0,1813.3,1814.0,93
2022-08-10 13:25:00,1814.1,1814.4,1813.4,1813.6,216
2022-08-10 13:30:00,1813.5,1813.7,1812.8,1813.0,254
2022-08-10 13:35:00,1813.1,1813.7,1812.5,1813.7,157
2022-08-10 13:40:00,1813.7,1813.7,1812.6,1812.8,81
2022-08-10 13:45:00,1812.9,1813.3,1812.4,1812.5,108
2022-08-10 13:50:00,1812.5,1812.9,1811.8,1811.9,176
2022-08-10 13:55:00,1811.9,1811.9,1810.6,1810.6,260
2022-08-10 14:00:00,1810.7,1811.0,1809.7,1810.0,252
2022-08-10 14:05:00,1810.1,1810.6,1809.8,1809.9,101
2022-08-10 14:10:00,1809.9,1810.2,1809.7,1809.8,71
2022-08-10 14:15:00,1809.7,1810.0,1809.0,1809.0,181
2022-08-10 14:20:00,1809.2,1809.7,1807.1,1807.2,487
2022-08-10 14:25:00,1807.4,1807.5,1805.4,1805.8,527
2022-08-10 14:30:00,1805.8,1806.5,1804.9,1805.6,417
2022-08-10 14:35:00,1805.5,1807.7,1805.3,1806.9,237
2022-08-10 14:40:00,1807.0,1807.9,1806.9,1807.1,83
2022-08-10 14:45:00,1807.0,1807.3,1805.8,1805.9,122
2022-08-10 14:50:00,1805.9,1806.8,1805.7,1805.7,107
2022-08-10 14:55:00,1805.6,1805.9,1805.0,1805.4,153
2022-08-10 15:00:00,1805.3,1805.6,1804.8,1805.2,115
2022-08-10 15:05:00,1805.4,1806.2,1804.7,1806.0,133
2022-08-10 15:10:00,1805.9,1806.0,1803.4,1804.0,244
2022-08-10 15:15:00,1804.0,1804.7,1803.9,1804.6,91
2022-08-10 15:20:00,1804.6,1805.6,1804.6,1805.0,60
2022-08-10 15:25:00,1805.0,1805.5,1805.0,1805.2,28
2022-08-10 15:30:00,1805.1,1805.6,1804.5,1804.5,91
2022-08-10 15:35:00,1804.9,1805.9,1804.9,1805.1,90
2022-08-10 15:40:00,1805.1,1805.8,1804.7,1805.7,68
2022-08-10 15:45:00,1805.6,1805.9,1805.1,1805.5,55
2022-08-10 15:50:00,1805.6,1806.4,1805.4,1806.3,90
2022-08-10 15:55:00,1806.4,1806.4,1805.9,1806.2,70
2022-08-10 16:00:00,1806.2,1806.8,1805.7,1806.7,83
2022-08-10 16:05:00,1806.6,1807.0,1806.6,1806.9,61
2022-08-10 16:10:00,1807.0,1807.6,1807.0,1807.1,43
2022-08-10 16:15:00,1807.0,1807.1,1806.9,1807.1,12
2022-08-10 16:20:00,1807.3,1807.3,1807.0,1807.2,16
2022-08-10 16:25:00,1807.2,1807.4,1806.9,1807.4,31
2022-08-10 16:30:00,1807.5,1807.8,1807.5,1807.7,26
2022-08-10 16:35:00,1807.6,1807.6,1807.0,1807.1,39
2022-08-10 16:40:00,1807.0,1807.1,1806.7,1807.0,49
2022-08-10 16:45:00,1807.0,1807.9,1807.0,1807.8,55
2022-08-10 16:50:00,1807.8,1807.9,1807.6,1807.9,35
2022-08-10 16:55:00,1807.9,1808.3,1807.8,1808.3,38
2022-08-10 18:00:00,1809.0,1809.0,1807.3,1808.5,79
2022-08-10 18:05:00,1808.4,1808.5,1807.8,1808.0,37
2022-08-10 18:10:00,1808.1,1808.1,1807.3,1807.5,25
2022-08-10 18:15:00,1807.5,1807.6,1807.3,1807.3,11
2022-08-10 18:20:00,1807.4,1807.5,1807.1,1807.3,30
2022-08-10 18:25:00,1807.3,1807.6,1807.2,1807.3,11
2022-08-10 18:30:00,1807.1,1807.2,1806.7,1807.0,28
2022-08-10 18:35:00,1807.0,1807.0,1806.8,1807.0,13
2022-08-10 18:40:00,1807.0,1807.0,1806.6,1806.6,34
2022-08-10 18:45:00,1806.7,1806.7,1806.4,1806.5,22
2022-08-10 18:50:00,1806.6,1806.8,1806.6,1806.8,34
2022-08-10 18:55:00,1806.8,1806.8,1806.7,1806.7,4
2022-08-10 19:00:00,1806.8,1806.8,1806.1,1806.2,40
2022-08-10 19:05:00,1806.2,1806.6,1806.0,1806.6,24
2022-08-10 19:10:00,1806.6,1807.1,1806.6,1806.8,36
2022-08-10 19:15:00,1807.1,1807.2,1806.6,1806.7,26
2022-08-10 19:20:00,1806.7,1806.8,1806.5,1806.6,15
2022-08-10 19:25:00,1806.4,1807.1,1806.3,1807.0,19
2022-08-10 19:30:00,1807.0,1807.1,1806.5,1806.8,43
2022-08-10 19:40:00,1806.8,1806.9,1806.7,1806.8,17
2022-08-10 19:45:00,1807.0,1807.0,1806.9,1807.0,8
2022-08-10 19:50:00,1807.1,1807.4,1807.1,1807.2,21
2022-08-10 19:55:00,1807.1,1807.2,1807.0,1807.2,17
2022-09-13 00:00:00,1731.8,1731.8,1731.0,1731.2,140
2022-09-13 00:05:00,1731.3,1731.4,1730.8,1731.2,79
2022-09-13 00:10:00,1731.3,1731.5,1731.2,1731.5,17
2022-09-13 00:15:00,1731.5,1732.0,1731.5,1732.0,59
2022-09-13 00:20:00,1732.0,1732.4,1731.8,1732.0,57
2022-09-13 00:25:00,1731.9,1732.4,1731.7,1732.1,58
2022-09-13 00:30:00,1732.0,1733.0,1731.9,1733.0,35
2022-09-13 00:35:00,1732.9,1733.0,1732.4,1732.5,42
2022-09-13 00:40:00,1732.5,1732.5,1731.8,1732.0,36
2022-09-13 00:45:00,1732.1,1732.4,1731.9,1732.0,21
2022-09-13 00:50:00,1731.9,1732.1,1731.6,1731.9,27
2022-09-13 00:55:00,1732.0,1732.4,1731.8,1732.4,17
2022-09-13 01:00:00,1732.3,1732.4,1731.6,1731.6,20
2022-09-13 01:05:00,1731.5,1731.7,1730.5,1731.0,131
2022-09-13 01:10:00,1730.7,1732.6,1730.6,1732.1,94
2022-09-13 01:15:00,1732.2,1732.7,1732.1,1732.6,45
2022-09-13 01:20:00,1732.6,1733.2,1732.6,1732.9,69
2022-09-13 01:25:00,1732.9,1732.9,1732.4,1732.5,50
2022-09-13 01:30:00,1732.6,1733.2,1732.3,1733.2,71
2022-09-13 01:35:00,1733.2,1733.3,1732.2,1732.2,104
2022-09-13 01:40:00,1732.1,1732.4,1731.6,1732.1,47
2022-09-13 01:45:00,1732.0,1732.3,1731.9,1731.9,53
2022-09-13 01:50:00,1731.8,1732.5,1731.7,1732.5,21
2022-09-13 01:55:00,1732.4,1732.5,1731.8,1732.0,66
2022-09-13 02:00:00,1732.1,1733.1,1731.9,1732.8,113
2022-09-13 02:05:00,1732.9,1733.7,1732.7,1733.7,155
2022-09-13 02:10:00,1733.7,1734.7,1733.7,1734.2,219
2022-09-13 02:15:00,1734.2,1734.6,1733.7,1733.7,146
2022-09-13 02:20:00,1733.8,1733.8,1733.3,1733.6,53
2022-09-13 02:25:00,1733.5,1733.8,1733.2,1733.4,97
2022-09-13 02:30:00,1733.4,1735.6,1733.4,1735.5,191
2022-09-13 02:35:00,1735.5,1735.7,1734.7,1734.8,287
2022-09-13 02:40:00,1734.9,1734.9,1733.8,1734.4,115
2022-09-13 02:45:00,1734.2,1734.3,1732.7,1732.8,150
2022-09-13 02:50:00,1732.9,1733.8,1732.6,1733.8,115
2022-09-13 02:55:00,1733.5,1733.8,1733.3,1733.6,43
2022-09-13 03:00:00,1733.4,1735.0,1732.9,1734.4,184
2022-09-13 03:05:00,1734.6,1734.8,1733.4,1733.8,59
2022-09-13 03:10:00,1733.5,1734.3,1733.5,1733.9,72
2022-09-13 03:15:00,1734.0,1734.2,1733.3,1734.1,39
2022-09-13 03:20:00,1734.2,1734.7,1733.5,1734.3,28
2022-09-13 03:25:00,1734.5,1735.1,1734.5,1735.0,52
2022-09-13 03:30:00,1735.2,1735.9,1735.0,1735.6,129
2022-09-13 03:35:00,1735.6,1735.6,1734.5,1735.4,81
2022-09-13 03:40:00,1735.6,1735.6,1735.0,1735.4,46
2022-09-13 03:45:00,1734.9,1735.2,1734.3,1735.0,42
2022-09-13 03:50:00,1734.8,1735.1,1734.4,1734.5,25
2022-09-13 03:55:00,1734.6,1734.6,1734.0,1734.2,50
2022-09-13 04:00:00,1734.9,1734.9,1734.3,1734.6,47
2022-09-13 04:05:00,1734.5,1735.0,1734.0,1734.2,63
2022-09-13 04:10:00,1734.2,1735.0,1733.6,1734.6,64
2022-09-13 04:15:00,1734.6,1734.8,1734.1,1734.2,55
2022-09-13 04:20:00,1734.2,1734.2,1732.9,1733.6,107
2022-09-13 04:25:00,1733.7,1733.8,1732.2,1732.8,121
2022-09-13 04:30:00,1733.0,1733.7,1733.0,1733.7,77
2022-09-13 04:35:00,1733.8,1734.3,1733.2,1733.8,70
2022-09-13 04:40:00,1733.9,1735.0,1733.9,1734.7,99
2022-09-13 04:45:00,1734.9,1736.4,1734.8,1736.4,169
2022-09-13 04:50:00,1736.4,1736.7,1735.4,1735.5,126
2022-09-13 04:55:00,1735.6,1736.0,1735.5,1736.0,86
2022-09-13 05:00:00,1735.9,1737.2,1735.6,1736.9,129
2022-09-13 05:05:00,1736.6,1736.9,1736.2,1736.6,38
2022-09-13 05:10:00,1736.4,1736.9,1735.8,1735.9,80
2022-09-13 05:15:00,1735.9,1736.6,1735.9,1736.4,64
2022-09-13 05:20:00,1736.4,1737.6,1736.2,1737.4,112
2022-09-13 05:25:00,1737.1,1737.6,1736.9,1737.6,64
2022-09-13 05:30:00,1737.4,1738.6,1737.1,1738.0,205
2022-09-13 05:35:00,1737.9,1738.1,1737.2,1737.7,63
2022-09-13 05:40:00,1737.7,1738.6,1737.7,1738.3,70
2022-09-13 05:45:00,1738.4,1738.9,1738.3,1738.3,95
2022-09-13 05:50:00,1738.4,1738.4,1737.4,1737.5,139
2022-09-13 05:55:00,1737.8,1737.8,1737.2,1737.5,57
2022-09-13 06:00:00,1737.5,1737.9,1737.5,1737.7,70
2022-09-13 06:05:00,1737.7,1738.4,1737.6,1738.4,101
2022-09-13 06:10:00,1738.4,1738.5,1738.1,1738.1,114
2022-09-13 06:15:00,1738.0,1738.3,1737.8,1738.2,32
2022-09-13 06:20:00,1738.1,1738.2,1736.0,1736.1,191
2022-09-13 06:25:00,1736.3,1736.8,1735.2,1736.1,314
2022-09-13 06:30:00,1736.1,1737.4,1735.9,1737.1,233
2022-09-13 06:35:00,1737.2,1738.6,1737.2,1738.2,239
2022-09-13 06:40:00,1738.3,1738.9,1737.8,1738.1,114
2022-09-13 06:45:00,1738.1,1738.8,1738.1,1738.8,60
2022-09-13 06:50:00,1738.5,1739.1,1738.5,1739.1,108
2022-09-13 06:55:00,1738.9,1739.3,1738.7,1738.9,95
2022-09-13 07:00:00,1738.9,1740.4,1738.9,1739.8,233
2022-09-13 07:05:00,1739.8,1740.8,1739.3,1740.5,113
2022-09-13 07:10:00,1740.5,1741.1,1740.2,1740.5,142
2022-09-13 07:15:00,1740.5,1740.6,1739.2,1739.4,136
2022-09-13 07:20:00,1739.4,1740.2,1739.0,1740.1,71
2022-09-13 07:25:00,1740.2,1740.8,1739.9,1739.9,103
2022-09-13 07:30:00,1740.1,1741.2,1739.5,1741.1,154
2022-09-13 07:35:00,1741.0,1742.3,1740.8,1741.6,318
2022-09-13 07:40:00,1741.8,1742.1,1741.1,1741.7,91
2022-09-13 07:45:00,1741.7,1741.9,1741.4,1741.5,78
2022-09-13 07:50:00,1741.5,1741.8,1741.0,1741.4,70
2022-09-13 07:55:00,1741.4,1741.4,1740.4,1740.6,124
2022-09-13 08:00:00,1740.6,1741.6,1740.1,1740.8,174
2022-09-13 08:05:00,1741.0,1741.5,1740.9,1741.5,85
2022-09-13 08:10:00,1741.4,1741.8,1740.4,1740.5,98
2022-09-13 08:15:00,1740.5,1740.8,1739.2,1740.4,259
2022-09-13 08:20:00,1740.3,1742.6,1740.3,1742.3,285
2022-09-13 08:25:00,1742.3,1742.8,1740.8,1741.1,218
2022-09-13 08:30:00,1741.9,1742.3,1720.9,1725.2,3382
2022-09-13 08:35:00,1725.0,1725.1,1718.0,1720.9,1608
2022-09-13 08:40:00,1720.3,1721.8,1718.1,1720.1,652
2022-09-13 08:45:00,1720.2,1722.3,1717.3,1718.0,761
2022-09-13 08:50:00,1717.9,1718.1,1714.1,1714.4,996
2022-09-13 08:55:00,1714.6,1715.1,1713.0,1713.8,626
2022-09-13 09:00:00,1713.7,1713.8,1709.0,1711.3,1299
2022-09-13 09:05:00,1711.4,1711.4,1707.7,1709.8,795
2022-09-13 09:10:00,1709.7,1710.5,1707.4,1707.7,549
2022-09-13 09:15:00,1707.8,1709.6,1706.9,1708.1,421
2022-09-13 09:20:00,1708.3,1712.4,1707.5,1712.3,565
2022-09-13 09:25:00,1712.2,1712.5,1710.6,1711.2,560
2022-09-13 09:30:00,1711.4,1714.9,1711.0,1713.7,922
2022-09-13 09:35:00,1713.8,1714.5,1711.5,1714.5,531
2022-09-13 09:40:00,1714.5,1717.1,1714.0,1716.4,911
2022-09-13 09:45:00,1716.5,1719.2,1716.5,1718.3,683
2022-09-13 09:50:00,1718.4,1720.0,1718.2,1718.5,580
2022-09-13 09:55:00,1718.4,1718.4,1716.1,1717.1,502
2022-09-13 10:00:00,1716.9,1717.5,1714.1,1714.8,861
2022-09-13 10:05:00,1714.8,1717.1,1714.2,1716.0,350
2022-09-13 10:10:00,1715.8,1716.8,1714.9,1716.2,221
2022-09-13 10:15:00,1716.1,1718.8,1715.1,1718.8,251
2022-09-13 10:20:00,1718.8,1719.1,1716.2,1716.5,224
2022-09-13 10:25:00,1716.7,1718.4,1716.1,1718.1,168
2022-09-13 10:30:00,1717.9,1718.9,1717.4,1717.6,340
2022-09-13 10:35:00,1717.7,1718.4,1716.8,1717.4,168
2022-09-13 10:40:00,1717.2,1717.4,1716.0,1716.7,233
2022-09-13 10:45:00,1716.6,1717.0,1715.2,1715.8,245
2022-09-13 10:50:00,1715.9,1716.4,1715.3,1715.4,184
2022-09-13 10:55:00,1715.2,1716.8,1714.6,1716.1,268
2022-09-13 11:00:00,1716.3,1717.7,1715.8,1716.8,284
2022-09-13 11:05:00,1717.0,1717.4,1715.3,1716.2,218
2022-09-13 11:10:00,1716.0,1716.9,1714.8,1714.8,256
2022-09-13 11:15:00,1714.9,1716.0,1714.7,1715.5,102
2022-09-13 11:20:00,1715.6,1715.8,1714.8,1715.1,79
2022-09-13 11:25:00,1715.1,1716.3,1714.8,1715.2,156
2022-09-13 11:30:00,1715.1,1716.0,1714.8,1715.4,151
2022-09-13 11:35:00,1715.7,1716.4,1715.7,1715.9,120
2022-09-13 11:40:00,1715.7,1715.7,1713.6,1713.6,334
2022-09-13 11:45:00,1713.7,1713.9,1712.8,1713.2,215
2022-09-13 11:50:00,1713.3,1713.3,1712.3,1712.5,169
2022-09-13 11:55:00,1712.9,1712.9,1711.2,1711.5,262
2022-09-13 12:00:00,1711.4,1712.1,1711.1,1712.1,168
2022-09-13 12:05:00,1712.0,1713.5,1711.8,1713.2,207
2022-09-13 12:10:00,1713.2,1714.7,1713.1,1714.3,227
2022-09-13 12:15:00,1714.4,1714.6,1713.7,1714.3,109
2022-09-13 12:20:00,1714.5,1714.6,1713.7,1714.1,35
2022-09-13 12:25:00,1714.2,1714.2,1712.9,1713.2,106
2022-09-13 12:30:00,1713.3,1714.6,1713.1,1714.4,98
2022-09-13 12:35:00,1714.2,1714.9,1714.2,1714.4,69
2022-09-13 12:40:00,1714.5,1715.3,1714.3,1714.9,124
2022-09-13 12:45:00,1714.9,1715.3,1714.3,1714.7,71
2022-09-13 12:50:00,1714.8,1715.4,1714.6,1715.4,106
2022-09-13 12:55:00,1715.6,1716.7,1715.3,1716.3,217
2022-09-13 13:00:00,1716.0,1717.3,1715.8,1716.7,300
2022-09-13 13:05:00,1716.8,1717.8,1716.3,1716.3,139
2022-09-13 13:10:00,1716.3,1717.0,1716.1,1716.5,105
2022-09-13 13:15:00,1716.4,1716.9,1715.7,1715.7,88
2022-09-13 13:20:00,1715.6,1716.8,1715.1,1716.4,101
2022-09-13 13:25:00,1716.4,1717.7,1716.1,1717.5,184
2022-09-13 13:30:00,1717.3,1718.0,1716.6,1716.6,306
2022-09-13 13:35:00,1716.6,1716.9,1715.0,1715.2,106
2022-09-13 13:40:00,1715.3,1715.9,1714.6,1714.6,67
2022-09-13 13:45:00,1714.6,1714.6,1713.9,1714.3,83
2022-09-13 13:50:00,1714.5,1714.7,1714.2,1714.6,42
2022-09-13 13:55:00,1714.7,1714.9,1714.0,1714.3,70
2022-09-13 14:00:00,1714.1,1714.7,1713.7,1714.2,63
2022-09-13 14:05:00,1714.3,1715.3,1714.2,1714.5,91
2022-09-13 14:10:00,1714.7,1715.5,1714.2,1715.3,49
2022-09-13 14:15:00,1715.4,1716.0,1714.9,1715.7,166
2022-09-13 14:20:00,1715.9,1716.1,1715.3,1715.5,84
2022-09-13 14:25:00,1715.4,1715.6,1715.1,1715.4,81
2022-09-13 14:30:00,1715.6,1715.7,1714.8,1715.0,50
2022-09-13 14:35:00,1715.2,1715.2,1714.6,1714.7,28
2022-09-13 14:40:00,1714.7,1715.1,1714.6,1714.7,36
2022-09-13 14:45:00,1714.8,1715.0,1714.1,1714.2,49
2022-09-13 14:50:00,1714.2,1714.3,1713.3,1713.8,84
2022-09-13 14:55:00,1713.8,1714.4,1713.3,1713.8,98
2022-09-13 15:00:00,1713.7,1714.0,1713.4,1713.5,36
2022-09-13 15:05:00,1713.4,1714.3,1713.1,1713.2,56
2022-09-13 15:10:00,1713.3,1713.5,1712.8,1713.2,56
2022-09-13 15:15:00,1713.0,1713.7,1713.0,1713.3,28
2022-09-13 15:20:00,1713.3,1713.6,1713.2,1713.2,42
2022-09-13 15:25:00,1713.0,1713.1,1712.8,1713.0,32
2022-09-13 15:30:00,1712.9,1713.1,1712.4,1712.7,65
2022-09-13 15:35:00,1712.5,1712.7,1712.1,1712.1,84
2022-09-13 15:40:00,1712.2,1712.2,1711.5,1712.0,116
2022-09-13 15:45:00,1712.0,1712.6,1711.7,1712.5,46
2022-09-13 15:50:00,1712.7,1713.3,1712.6,1713.3,74
2022-09-13 15:55:00,1713.2,1713.4,1712.8,1713.0,58
2022-09-13 16:00:00,1712.7,1713.8,1712.6,1713.8,67
2022-09-13 16:05:00,1713.6,1713.8,1713.4,1713.7,21
2022-09-13 16:10:00,1713.5,1713.8,1713.4,1713.5,57
2022-09-13 16:15:00,1713.5,1713.5,1712.8,1712.9,32
2022-09-13 16:20:00,1712.8,1712.8,1712.0,1712.1,40
2022-09-13 16:25:00,1712.1,1712.3,1711.8,1712.0,42
2022-09-13 16:30:00,1712.3,1712.7,1712.3,1712.6,42
2022-09-13 16:35:00,1712.5,1712.8,1712.3,1712.7,32
2022-09-13 16:40:00,1712.7,1713.0,1712.7,1713.0,10
2022-09-13 16:45:00,1713.0,1713.1,1712.6,1712.8,47
2022-09-13 16:50:00,1712.8,1713.0,1712.5,1712.5,31
2022-09-13 16:55:00,1712.7,1712.8,1712.3,1712.4,54
2022-09-13 18:00:00,1712.5,1712.5,1711.1,1711.2,62
2022-09-13 18:05:00,1711.2,1711.7,1710.7,1711.7,69
2022-09-13 18:10:00,1711.5,1711.9,1711.5,1711.9,10
2022-09-13 18:15:00,1711.7,1712.3,1711.6,1712.0,36
2022-09-13 18:20:00,1712.3,1712.4,1712.0,1712.2,18
2022-09-13 18:25:00,1712.3,1712.9,1712.3,1712.6,30
2022-09-13 18:30:00,1712.7,1713.1,1712.6,1712.7,38
2022-09-13 18:35:00,1712.7,1713.0,1712.1,1712.3,52
2022-09-13 18:40:00,1712.3,1712.3,1711.7,1711.7,30
2022-09-13 18:45:00,1711.7,1712.2,1711.6,1712.1,23
2022-09-13 18:50:00,1712.2,1712.2,1712.0,1712.0,6
2022-09-13 18:55:00,1712.2,1712.6,1712.1,1712.2,18
2022-09-13 19:00:00,1712.1,1712.2,1711.8,1711.9,25
2022-09-13 19:05:00,1712.0,1712.0,1711.5,1711.9,29
2022-09-13 19:10:00,1711.9,1712.2,1711.9,1711.9,13
2022-09-13 19:15:00,1711.8,1711.9,1711.7,1711.7,21
2022-09-13 19:20:00,1712.0,1712.5,1712.0,1712.2,11
2022-09-13 19:25:00,1712.1,1712.4,1712.1,1712.2,5
2022-09-13 19:30:00,1712.5,1712.7,1712.0,1712.7,25
2022-09-13 19:35:00,1712.6,1712.8,1712.4,1712.5,24
2022-09-13 19:40:00,1712.3,1713.0,1712.2,1712.9,42
2022-09-13 19:45:00,1712.9,1712.9,1712.4,1712.6,12
2022-09-13 19:50:00,1712.5,1712.5,1712.0,1712.1,37
2022-09-13 19:55:00,1711.9,1712.5,1711.9,1712.2,21
2022-10-13 00:00:00,1675.7,1675.8,1675.4,1675.8,22
2022-10-13 00:05:00,1675.7,1675.9,1675.5,1675.5,28
2022-10-13 00:10:00,1675.6,1676.0,1675.5,1675.9,31
2022-10-13 00:15:00,1675.7,1676.1,1675.7,1676.0,28
2022-10-13 00:20:00,1676.0,1676.2,1675.7,1676.1,22
2022-10-13 00:25:00,1676.2,1676.2,1675.9,1676.1,19
2022-10-13 00:30:00,1676.2,1676.8,1676.2,1676.7,44
2022-10-13 00:35:00,1676.7,1676.7,1676.3,1676.4,23
2022-10-13 00:40:00,1676.5,1676.7,1676.2,1676.5,67
2022-10-13 00:45:00,1676.3,1676.3,1675.8,1676.3,38
2022-10-13 00:50:00,1676.4,1676.4,1676.1,1676.2,30
2022-10-13 00:55:00,1676.2,1676.6,1676.2,1676.6,12
2022-10-13 01:00:00,1676.6,1676.6,1675.9,1676.0,51
2022-10-13 01:05:00,1676.0,1676.1,1675.8,1676.0,21
2022-10-13 01:10:00,1675.9,1676.8,1675.8,1676.5,51
2022-10-13 01:15:00,1676.7,1677.2,1676.5,1676.5,85
2022-10-13 01:20:00,1676.5,1676.6,1675.7,1676.0,79
2022-10-13 01:25:00,1675.9,1676.6,1675.9,1676.4,36
2022-10-13 01:30:00,1676.3,1676.6,1675.9,1676.4,34
2022-10-13 01:35:00,1676.3,1677.0,1676.3,1676.9,39
2022-10-13 01:40:00,1676.7,1677.6,1676.7,1676.9,53
2022-10-13 01:45:00,1677.0,1677.0,1676.4,1676.7,43
2022-10-13 01:50:00,1676.5,1676.6,1676.4,1676.5,12
2022-10-13 01:55:00,1676.5,1676.5,1675.3,1675.5,100
2022-10-13 02:00:00,1675.3,1677.3,1675.2,1676.4,181
2022-10-13 02:05:00,1676.3,1676.6,1676.0,1676.0,58
2022-10-13 02:10:00,1676.3,1676.3,1675.5,1675.9,62
2022-10-13 02:15:00,1675.9,1675.9,1674.7,1675.4,150
2022-10-13 02:20:00,1675.3,1676.1,1675.2,1675.7,41
2022-10-13 02:25:00,1675.7,1675.7,1674.4,1674.4,88
2022-10-13 02:30:00,1674.3,1675.4,1674.1,1674.7,99
2022-10-13 02:35:00,1674.7,1674.9,1674.5,1674.5,35
2022-10-13 02:40:00,1674.4,1675.1,1674.4,1674.8,18
2022-10-13 02:45:00,1674.9,1675.7,1674.9,1675.1,34
2022-10-13 02:50:00,1675.0,1675.3,1674.8,1675.1,30
2022-10-13 02:55:00,1674.9,1675.0,1673.5,1674.0,160
2022-10-13 03:00:00,1673.9,1674.7,1673.5,1674.0,80
2022-10-13 03:05:00,1673.8,1674.4,1673.6,1674.1,70
2022-10-13 03:10:00,1674.1,1674.8,1673.3,1674.8,146
2022-10-13 03:15:00,1674.8,1675.4,1674.3,1674.6,123
2022-10-13 03:20:00,1674.7,1675.0,1674.4,1674.7,114
2022-10-13 03:25:00,1675.0,1676.0,1674.8,1675.5,80
2022-10-13 03:30:00,1675.2,1675.3,1674.3,1675.3,38
2022-10-13 03:35:00,1675.4,1675.4,1674.3,1674.7,62
2022-10-13 03:40:00,1674.9,1676.9,1674.9,1676.0,149
2022-10-13 03:45:00,1675.7,1677.0,1675.7,1676.9,61
2022-10-13 03:50:00,1677.0,1677.9,1677.0,1677.4,189
2022-10-13 03:55:00,1677.4,1678.7,1677.2,1678.6,190
2022-10-13 04:00:00,1678.6,1678.7,1677.2,1678.1,170
2022-10-13 04:05:00,1678.6,1679.2,1677.7,1677.9,139
2022-10-13 04:10:00,1677.9,1678.1,1677.2,1677.3,85
2022-10-13 04:15:00,1677.1,1677.8,1677.0,1677.7,65
2022-10-13 04:20:00,1677.6,1677.8,1677.0,1677.7,63
2022-10-13 04:25:00,1677.4,1678.7,1677.3,1678.7,72
2022-10-13 04:30:00,1678.6,1680.0,1678.6,1679.3,219
2022-10-13 04:35:00,1679.5,1680.8,1679.5,1680.0,180
2022-10-13 04:40:00,1679.9,1680.5,1679.8,1680.1,54
2022-10-13 04:45:00,1680.4,1680.4,1679.3,1679.7,74
2022-10-13 04:50:00,1679.8,1681.0,1679.8,1680.8,102
2022-10-13 04:55:00,1680.8,1681.6,1680.7,1681.4,124
2022-10-13 05:00:00,1681.3,1682.7,1681.0,1682.5,224
2022-10-13 05:05:00,1682.5,1682.7,1681.7,1682.5,162
2022-10-13 05:10:00,1682.7,1684.4,1682.5,1684.0,199
2022-10-13 05:15:00,1684.0,1684.0,1682.7,1683.0,119
2022-10-13 05:20:00,1683.1,1683.7,1681.8,1682.2,147
2022-10-13 05:25:00,1682.2,1682.9,1682.1,1682.8,115
2022-10-13 05:30:00,1682.8,1683.0,1682.2,1682.6,62
2022-10-13 05:35:00,1682.0,1683.1,1682.0,1682.6,51
2022-10-13 05:40:00,1682.7,1683.5,1682.6,1683.0,66
2022-10-13 05:45:00,1682.7,1683.2,1682.1,1682.2,87
2022-10-13 05:50:00,1682.1,1682.4,1681.7,1681.8,110
2022-10-13 05:55:00,1681.8,1681.9,1680.6,1681.1,124
2022-10-13 06:00:00,1681.4,1682.1,1681.1,1681.7,58
2022-10-13 06:05:00,1681.6,1681.8,1681.3,1681.3,85
2022-10-13 06:10:00,1681.5,1682.4,1681.4,1681.7,86
2022-10-13 06:15:00,1681.6,1682.2,1681.5,1681.7,55
2022-10-13 06:20:00,1681.7,1681.9,1681.2,1681.3,82
2022-10-13 06:25:00,1681.3,1681.7,1681.0,1681.5,103
2022-10-13 06:30:00,1681.6,1681.8,1680.8,1681.0,58
2022-10-13 06:35:00,1681.1,1681.8,1681.0,1681.1,57
2022-10-13 06:40:00,1681.2,1681.6,1681.0,1681.0,45
2022-10-13 06:45:00,1681.2,1681.2,1679.6,1680.4,159
2022-10-13 06:50:00,1680.3,1681.4,1680.1,1681.0,68
2022-10-13 06:55:00,1681.1,1681.4,1680.4,1680.4,51
2022-10-13 07:00:00,1680.5,1680.8,1680.2,1680.5,48
2022-10-13 07:05:00,1680.6,1681.2,1680.1,1680.2,64
2022-10-13 07:10:00,1680.4,1680.7,1680.0,1680.6,64
2022-10-13 07:15:00,1680.5,1681.8,1680.2,1681.4,136
2022-10-13 07:20:00,1681.4,1681.8,1681.0,1681.4,87
2022-10-13 07:25:00,1681.2,1682.9,1680.9,1682.3,124
2022-10-13 07:30:00,1682.2,1684.8,1682.0,1683.5,260
2022-10-13 07:35:00,1683.4,1687.4,1682.7,1687.4,787
2022-10-13 07:40:00,1687.2,1688.9,1686.9,1686.9,480
2022-10-13 07:45:00,1686.9,1687.0,1685.2,1685.9,287
2022-10-13 07:50:00,1686.1,1686.2,1685.3,1685.8,143
2022-10-13 07:55:00,1685.8,1685.9,1684.8,1685.3,115
2022-10-13 08:00:00,1685.2,1685.5,1684.1,1684.4,146
2022-10-13 08:05:00,1684.5,1684.5,1683.0,1683.4,199
2022-10-13 08:10:00,1683.5,1683.5,1682.1,1682.3,162
2022-10-13 08:15:00,1682.2,1682.9,1681.7,1682.7,331
2022-10-13 08:20:00,1682.4,1683.4,1681.3,1681.9,272
2022-10-13 08:25:00,1681.7,1683.0,1680.4,1681.2,242
2022-10-13 08:30:00,1681.2,1681.2,1657.6,1664.5,3849
2022-10-13 08:35:00,1664.3,1666.2,1659.8,1661.8,1729
2022-10-13 08:40:00,1661.9,1662.3,1658.3,1658.9,1162
2022-10-13 08:45:00,1659.0,1659.0,1650.4,1654.7,2145
2022-10-13 08:50:00,1654.7,1660.0,1651.4,1656.1,1105
2022-10-13 08:55:00,1656.3,1661.1,1656.0,1660.6,623
2022-10-13 09:00:00,1660.6,1662.5,1657.7,1657.9,879
2022-10-13 09:05:00,1657.8,1659.6,1655.0,1658.9,610
2022-10-13 09:10:00,1659.0,1659.8,1654.3,1656.7,569
2022-10-13 09:15:00,1655.6,1656.0,1653.1,1653.5,587
2022-10-13 09:20:00,1653.6,1660.6,1653.6,1655.0,1284
2022-10-13 09:25:00,1655.4,1656.5,1653.6,1654.4,513
2022-10-13 09:30:00,1654.3,1655.3,1649.6,1653.0,1286
2022-10-13 09:35:00,1653.0,1653.5,1650.1,1651.2,644
2022-10-13 09:40:00,1651.3,1652.6,1649.4,1649.9,746
2022-10-13 09:45:00,1649.7,1654.1,1648.2,1653.6,962
2022-10-13 09:50:00,1653.4,1656.7,1652.8,1654.7,750
2022-10-13 09:55:00,1654.8,1656.6,1652.1,1655.0,590
2022-10-13 10:00:00,1654.9,1657.4,1654.1,1656.0,1269
2022-10-13 10:05:00,1656.5,1658.1,1654.5,1655.3,599
2022-10-13 10:10:00,1655.0,1656.8,1653.4,1655.9,433
2022-10-13 10:15:00,1655.9,1657.4,1655.1,1655.4,329
2022-10-13 10:20:00,1655.7,1655.7,1652.5,1652.7,467
2022-10-13 10:25:00,1652.9,1653.1,1651.0,1652.2,455
2022-10-13 10:30:00,1652.2,1655.6,1652.0,1653.3,390
2022-10-13 10:35:00,1653.1,1654.2,1652.1,1654.2,316
2022-10-13 10:40:00,1654.1,1654.5,1652.6,1653.0,385
2022-10-13 10:45:00,1652.8,1657.1,1652.7,1656.9,558
2022-10-13 10:50:00,1656.8,1657.2,1653.5,1654.4,321
2022-10-13 10:55:00,1654.3,1655.6,1653.9,1655.0,200
2022-10-13 11:00:00,1654.9,1657.1,1654.1,1657.0,221
2022-10-13 11:05:00,1656.9,1661.1,1656.8,1660.7,755
2022-10-13 11:10:00,1660.5,1661.4,1658.4,1660.2,627
2022-10-13 11:15:00,1660.4,1663.9,1659.3,1663.3,874
2022-10-13 11:20:00,1663.6,1667.9,1662.9,1665.3,1436
2022-10-13 11:25:00,1665.4,1667.4,1664.0,1665.7,692
2022-10-13 11:30:00,1665.7,1667.4,1663.8,1667.4,827
2022-10-13 11:35:00,1667.5,1674.4,1667.3,1673.6,1462
2022-10-13 11:40:00,1673.7,1675.2,1670.8,1671.4,927
2022-10-13 11:45:00,1671.5,1673.2,1670.1,1672.4,509
2022-10-13 11:50:00,1672.1,1674.5,1671.2,1674.0,371
2022-10-13 11:55:00,1674.0,1674.2,1671.4,1672.3,446
2022-10-13 12:00:00,1672.7,1674.5,1671.4,1674.4,397
2022-10-13 12:05:00,1674.5,1675.2,1672.2,1672.2,313
2022-10-13 12:10:00,1672.5,1672.5,1669.9,1670.4,554
2022-10-13 12:15:00,1670.7,1671.4,1669.3,1670.6,341
2022-10-13 12:20:00,1670.5,1672.4,1669.5,1671.9,217
2022-10-13 12:25:00,1671.9,1674.4,1671.6,1673.3,352
2022-10-13 12:30:00,1673.3,1673.4,1671.7,1672.5,229
2022-10-13 12:35:00,1672.3,1672.3,1670.9,1671.1,113
2022-10-13 12:40:00,1671.2,1673.5,1671.1,1672.9,118
2022-10-13 12:45:00,1672.9,1672.9,1672.0,1672.7,81
2022-10-13 12:50:00,1672.8,1673.7,1671.8,1672.0,98
2022-10-13 12:55:00,1671.8,1672.6,1671.6,1672.1,59
2022-10-13 13:00:00,1672.5,1675.0,1672.5,1674.9,275
2022-10-13 13:05:00,1675.0,1675.5,1673.1,1673.2,262
2022-10-13 13:10:00,1673.1,1673.8,1672.0,1673.8,213
2022-10-13 13:15:00,1674.0,1675.6,1673.4,1675.2,121
2022-10-13 13:20:00,1675.2,1677.7,1675.2,1677.1,347
2022-10-13 13:25:00,1676.7,1678.9,1676.4,1676.6,477
2022-10-13 13:30:00,1676.7,1678.2,1676.4,1678.2,184
2022-10-13 13:35:00,1678.4,1678.7,1677.3,1677.7,244
2022-10-13 13:40:00,1678.0,1678.4,1677.0,1677.4,106
2022-10-13 13:45:00,1677.6,1678.5,1676.6,1677.9,128
2022-10-13 13:50:00,1678.0,1678.6,1677.6,1678.0,74
2022-10-13 13:55:00,1677.9,1678.7,1677.5,1678.1,75
2022-10-13 14:00:00,1677.6,1677.6,1676.1,1677.2,188
2022-10-13 14:05:00,1677.3,1677.6,1675.1,1675.9,171
2022-10-13 14:10:00,1675.9,1676.5,1674.8,1675.5,312
2022-10-13 14:15:00,1675.6,1675.8,1675.0,1675.2,50
2022-10-13 14:20:00,1675.4,1675.7,1674.5,1675.7,56
2022-10-13 14:25:00,1675.2,1675.2,1673.3,1673.8,213
2022-10-13 14:30:00,1673.7,1674.5,1673.5,1673.5,74
2022-10-13 14:35:00,1673.8,1676.1,1673.8,1675.8,109
2022-10-13 14:40:00,1675.4,1675.4,1674.2,1674.8,110
2022-10-13 14:45:00,1674.7,1674.7,1673.8,1673.8,68
2022-10-13 14:50:00,1673.5,1674.8,1673.4,1673.9,69
2022-10-13 14:55:00,1673.9,1674.3,1673.3,1674.0,64
2022-10-13 15:00:00,1673.5,1673.5,1672.2,1672.2,130
2022-10-13 15:05:00,1672.5,1674.1,1672.4,1674.1,71
2022-10-13 15:10:00,1674.1,1674.3,1672.6,1672.8,71
2022-10-13 15:15:00,1672.9,1673.8,1672.6,1673.3,85
2022-10-13 15:20:00,1673.1,1673.1,1672.0,1672.3,86
2022-10-13 15:25:00,1672.4,1672.5,1670.9,1671.5,126
2022-10-13 15:30:00,1671.2,1672.0,1670.2,1671.0,111
2022-10-13 15:35:00,1671.0,1671.7,1670.6,1671.7,78
2022-10-13 15:40:00,1670.9,1672.0,1670.7,1672.0,46
2022-10-13 15:45:00,1671.6,1671.6,1671.0,1671.3,56
2022-10-13 15:50:00,1670.9,1671.8,1670.6,1670.8,96
2022-10-13 15:55:00,1670.9,1671.1,1670.3,1670.5,87
2022-10-13 16:00:00,1670.4,1670.9,1670.1,1670.5,67
2022-10-13 16:05:00,1670.3,1670.3,1669.9,1670.2,58
2022-10-13 16:10:00,1670.1,1671.0,1670.1,1671.0,55
2022-10-13 16:15:00,1670.9,1671.8,1670.9,1671.5,40
2022-10-13 16:20:00,1671.6,1672.4,1671.1,1672.4,165
2022-10-13 16:25:00,1672.5,1672.9,1672.3,1672.6,63
2022-10-13 16:30:00,1672.5,1672.9,1672.5,1672.8,46
2022-10-13 16:35:00,1672.8,1673.2,1672.8,1673.2,35
2022-10-13 16:40:00,1673.1,1673.1,1672.5,1672.8,46
2022-10-13 16:45:00,1672.7,1673.0,1672.4,1672.7,49
2022-10-13 16:50:00,1672.8,1672.9,1672.4,1672.4,27
2022-10-13 16:55:00,1672.4,1673.0,1672.4,1672.8,66
2022-10-13 18:00:00,1673.3,1673.5,1672.2,1672.2,39
2022-10-13 18:05:00,1672.3,1672.3,1671.8,1671.8,48
2022-10-13 18:10:00,1671.8,1672.2,1671.7,1671.9,14
2022-10-13 18:15:00,1672.0,1672.2,1671.9,1672.2,31
2022-10-13 18:20:00,1672.3,1672.5,1671.8,1671.8,30
2022-10-13 18:25:00,1671.7,1671.8,1671.5,1671.8,22
2022-10-13 18:30:00,1671.6,1671.7,1671.4,1671.7,13
2022-10-13 18:35:00,1671.8,1672.4,1671.8,1671.9,12
2022-10-13 18:40:00,1672.1,1672.4,1672.0,1672.4,17
2022-10-13 18:45:00,1672.5,1672.5,1671.9,1672.0,17
2022-10-13 18:50:00,1672.2,1672.2,1672.1,1672.1,3
2022-10-13 18:55:00,1672.1,1672.1,1672.0,1672.1,12
2022-10-13 19:00:00,1671.9,1671.9,1671.3,1671.5,36
2022-10-13 19:05:00,1671.5,1671.5,1671.1,1671.1,24
2022-10-13 19:10:00,1671.3,1671.3,1671.1,1671.1,10
2022-10-13 19:15:00,1671.2,1671.4,1671.1,1671.2,45
2022-10-13 19:20:00,1671.2,1671.3,1670.9,1671.1,23
2022-10-13 19:25:00,1671.1,1671.2,1670.9,1670.9,20
2022-10-13 19:30:00,1670.9,1671.0,1670.5,1670.8,38
2022-10-13 19:35:00,1671.0,1671.0,1670.3,1670.4,38
2022-10-13 19:40:00,1670.3,1670.5,1670.0,1670.2,56
2022-10-13 19:45:00,1670.0,1670.0,1669.3,1669.5,89
2022-10-13 19:50:00,1669.5,1669.8,1669.4,1669.8,43
2022-10-13 19:55:00,1669.9,1670.3,1669.7,1669.8,52
2022-11-10 00:00:00,1712.7,1713.8,1712.5,1713.3,130
2022-11-10 00:05:00,1713.3,1714.3,1713.3,1714.0,113
2022-11-10 00:10:00,1713.9,1714.2,1713.5,1714.2,36
2022-11-10 00:15:00,1714.1,1714.1,1713.4,1713.8,32
2022-11-10 00:20:00,1714.0,1714.0,1713.5,1713.7,15
2022-11-10 00:25:00,1713.6,1714.3,1713.5,1714.3,32
2022-11-10 00:30:00,1714.1,1714.8,1713.8,1713.8,104
2022-11-10 00:35:00,1713.8,1714.4,1713.7,1714.1,26
2022-11-10 00:40:00,1714.1,1714.1,1712.8,1713.0,91
2022-11-10 00:45:00,1713.2,1714.3,1713.2,1714.0,51
2022-11-10 00:50:00,1713.9,1714.1,1713.7,1713.7,34
2022-11-10 00:55:00,1713.9,1715.3,1713.9,1715.1,175
2022-11-10 01:00:00,1715.2,1715.6,1714.5,1715.2,104
2022-11-10 01:05:00,1715.4,1715.4,1714.6,1715.0,47
2022-11-10 01:10:00,1715.1,1715.1,1714.5,1714.7,33
2022-11-10 01:15:00,1715.0,1715.0,1713.8,1714.0,84
2022-11-10 01:20:00,1713.8,1713.8,1712.8,1713.2,153
2022-11-10 01:25:00,1712.8,1712.8,1712.2,1712.2,72
2022-11-10 01:30:00,1712.3,1712.6,1711.8,1712.5,152
2022-11-10 01:35:00,1712.7,1713.5,1712.7,1713.5,45
2022-11-10 01:40:00,1713.3,1714.3,1713.0,1714.1,49
2022-11-10 01:45:00,1714.2,1714.3,1714.0,1714.3,133
2022-11-10 01:50:00,1714.3,1714.3,1712.9,1713.0,54
2022-11-10 01:55:00,1712.8,1713.2,1712.7,1712.9,38
2022-11-10 02:00:00,1712.7,1712.7,1711.4,1711.8,193
2022-11-10 02:05:00,1711.7,1712.0,1711.1,1711.4,92
2022-11-10 02:10:00,1711.3,1712.2,1710.7,1711.7,119
2022-11-10 02:15:00,1711.8,1712.5,1711.8,1712.2,32
2022-11-10 02:20:00,1712.0,1712.1,1710.3,1710.9,126
2022-11-10 02:25:00,1710.7,1711.1,1708.6,1708.7,326
2022-11-10 02:30:00,1708.7,1709.3,1708.4,1708.5,135
2022-11-10 02:35:00,1709.0,1709.1,1708.5,1708.7,133
2022-11-10 02:40:00,1708.4,1709.5,1708.2,1709.4,63
2022-11-10 02:45:00,1709.3,1710.0,1709.2,1709.7,56
2022-11-10 02:50:00,1709.5,1709.5,1708.3,1708.3,41
2022-11-10 02:55:00,1708.7,1709.6,1708.6,1709.1,37
2022-11-10 03:00:00,1708.9,1711.6,1708.6,1711.4,178
2022-11-10 03:05:00,1711.4,1713.2,1711.2,1712.6,229
2022-11-10 03:10:00,1712.7,1712.8,1711.7,1711.8,119
2022-11-10 03:15:00,1711.8,1712.7,1710.8,1712.7,93
2022-11-10 03:20:00,1712.4,1712.8,1710.9,1711.2,82
2022-11-10 03:25:00,1711.3,1712.7,1710.9,1712.0,70
2022-11-10 03:30:00,1712.1,1712.1,1710.2,1711.1,130
2022-11-10 03:35:00,1711.1,1712.0,1710.6,1711.9,54
2022-11-10 03:40:00,1712.0,1712.7,1711.5,1712.6,85
2022-11-10 03:45:00,1712.7,1712.7,1711.3,1711.6,87
2022-11-10 03:50:00,1711.5,1711.5,1710.3,1710.6,73
2022-11-10 03:55:00,1710.6,1711.0,1710.2,1710.5,45
2022-11-10 04:00:00,1710.3,1710.4,1709.0,1709.4,118
2022-11-10 04:05:00,1709.4,1709.9,1709.2,1709.6,77
2022-11-10 04:10:00,1709.7,1710.0,1708.9,1709.4,75
2022-11-10 04:15:00,1709.2,1709.5,1707.5,1708.1,180
2022-11-10 04:20:00,1708.1,1709.6,1707.9,1709.4,142
2022-11-10 04:25:00,1709.4,1710.4,1709.3,1709.6,88
2022-11-10 04:30:00,1709.6,1711.2,1709.6,1710.5,167
2022-11-10 04:35:00,1710.6,1711.5,1710.4,1711.2,75
2022-11-10 04:40:00,1711.3,1711.6,1711.0,1711.4,127
2022-11-10 04:45:00,1711.5,1711.6,1710.3,1710.4,49
2022-11-10 04:50:00,1710.4,1710.5,1709.5,1709.7,61
2022-11-10 04:55:00,1709.7,1710.0,1709.2,1710.0,66
2022-11-10 05:00:00,1709.9,1710.4,1709.3,1709.5,59
2022-11-10 05:05:00,1709.5,1709.6,1708.5,1709.3,116
2022-11-10 05:10:00,1709.2,1709.3,1708.7,1708.9,50
2022-11-10 05:15:00,1708.9,1709.2,1708.1,1708.6,118
2022-11-10 05:20:00,1708.4,1708.4,1707.1,1707.2,199
2022-11-10 05:25:00,1707.1,1708.1,1706.5,1707.9,205
2022-11-10 05:30:00,1707.7,1709.1,1707.5,1709.0,102
2022-11-10 05:35:00,1709.0,1709.5,1708.4,1709.5,113
2022-11-10 05:40:00,1709.4,1710.2,1709.3,1709.6,142
2022-11-10 05:45:00,1709.8,1709.9,1709.2,1709.6,61
2022-11-10 05:50:00,1709.6,1710.1,1709.2,1709.4,73
2022-11-10 05:55:00,1709.0,1711.2,1708.8,1711.1,430
2022-11-10 06:00:00,1711.3,1712.3,1708.5,1708.8,368
2022-11-10 06:05:00,1709.0,1709.3,1708.5,1709.3,67
2022-11-10 06:10:00,1709.4,1709.8,1708.7,1709.3,56
2022-11-10 06:15:00,1709.3,1710.2,1709.3,1710.1,82
2022-11-10 06:20:00,1710.3,1710.8,1710.2,1710.5,77
2022-11-10 06:25:00,1710.3,1710.8,1710.1,1710.3,47
2022-11-10 06:30:00,1710.5,1710.7,1709.9,1710.3,84
2022-11-10 06:35:00,1710.6,1711.7,1710.3,1711.1,67
2022-11-10 06:40:00,1711.2,1711.9,1710.9,1711.4,97
2022-11-10 06:45:00,1711.3,1712.2,1711.3,1711.4,84
2022-11-10 06:50:00,1711.3,1711.7,1710.0,1710.5,111
2022-11-10 06:55:00,1710.7,1711.0,1710.0,1710.2,95
2022-11-10 07:00:00,1710.3,1710.5,1709.8,1710.1,54
2022-11-10 07:05:00,1710.4,1710.9,1710.1,1710.2,98
2022-11-10 07:10:00,1710.5,1710.9,1710.2,1710.5,71
2022-11-10 07:15:00,1710.4,1710.7,1709.7,1710.3,127
2022-11-10 07:20:00,1710.3,1710.4,1709.7,1709.8,96
2022-11-10 07:25:00,1709.8,1710.6,1709.6,1710.3,87
2022-11-10 07:30:00,1710.3,1710.7,1709.8,1710.1,95
2022-11-10 07:35:00,1710.1,1711.0,1709.9,1710.2,167
2022-11-10 07:40:00,1710.1,1711.7,1710.0,1711.3,179
2022-11-10 07:45:00,1711.3,1711.9,1711.1,1711.6,109
2022-11-10 07:50:00,1711.6,1711.7,1710.8,1711.2,72
2022-11-10 07:55:00,1711.2,1712.3,1711.2,1712.2,185
2022-11-10 08:00:00,1712.2,1713.3,1711.8,1712.8,272
2022-11-10 08:05:00,1712.6,1713.4,1712.6,1713.2,140
2022-11-10 08:10:00,1713.3,1713.8,1713.0,1713.1,196
2022-11-10 08:15:00,1713.1,1713.6,1712.4,1713.3,199
2022-11-10 08:20:00,1713.4,1715.4,1713.3,1715.1,527
2022-11-10 08:25:00,1715.2,1716.3,1714.4,1715.8,638
2022-11-10 08:30:00,1715.7,1738.0,1715.3,1734.0,3583
2022-11-10 08:35:00,1734.0,1738.6,1732.3,1737.6,3234
2022-11-10 08:40:00,1738.0,1740.0,1731.9,1738.0,2775
2022-11-10 08:45:00,1738.0,1741.0,1737.3,1737.7,1623
2022-11-10 08:50:00,1737.4,1738.0,1734.9,1735.5,1122
2022-11-10 08:55:00,1735.4,1737.0,1732.3,1736.8,1208
2022-11-10 09:00:00,1736.9,1739.9,1736.2,1738.6,1311
2022-11-10 09:05:00,1738.9,1740.7,1738.3,1740.5,1051
2022-11-10 09:10:00,1740.5,1743.0,1740.5,1742.4,1263
2022-11-10 09:15:00,1742.1,1744.2,1740.7,1743.0,988
2022-11-10 09:20:00,1743.0,1744.7,1741.6,1744.6,861
2022-11-10 09:25:00,1744.6,1745.8,1743.3,1743.6,881
2022-11-10 09:30:00,1743.7,1745.5,1742.1,1743.1,904
2022-11-10 09:35:00,1743.1,1744.8,1740.1,1741.4,1304
2022-11-10 09:40:00,1741.7,1745.6,1740.9,1744.3,988
2022-11-10 09:45:00,1744.3,1748.2,1744.3,1747.0,1405
2022-11-10 09:50:00,1747.1,1748.6,1746.1,1748.3,667
2022-11-10 09:55:00,1748.5,1748.9,1746.0,1747.6,670
2022-11-10 10:00:00,1747.6,1749.2,1747.2,1748.0,1421
2022-11-10 10:05:00,1747.9,1752.5,1747.5,1751.6,1429
2022-11-10 10:10:00,1751.7,1752.5,1749.8,1749.9,825
2022-11-10 10:15:00,1749.9,1750.9,1749.5,1750.7,567
2022-11-10 10:20:00,1750.6,1756.7,1750.4,1755.3,1257
2022-11-10 10:25:00,1755.6,1755.6,1753.0,1754.3,718
2022-11-10 10:30:00,1754.4,1755.4,1752.4,1755.1,720
2022-11-10 10:35:00,1755.0,1755.5,1753.5,1755.0,450
2022-11-10 10:40:00,1755.1,1757.3,1755.0,1755.4,740
2022-11-10 10:45:00,1755.6,1756.9,1755.3,1755.4,446
2022-11-10 10:50:00,1755.3,1755.6,1753.8,1753.9,406
2022-11-10 10:55:00,1753.9,1754.8,1752.8,1754.5,437
2022-11-10 11:00:00,1754.4,1754.8,1752.8,1753.0,326
2022-11-10 11:05:00,1752.9,1754.3,1749.0,1749.0,786
2022-11-10 11:10:00,1748.9,1750.8,1748.6,1750.8,656
2022-11-10 11:15:00,1750.8,1750.9,1747.1,1747.5,696
2022-11-10 11:20:00,1747.5,1750.0,1746.9,1749.7,516
2022-11-10 11:25:00,1749.5,1751.1,1749.0,1751.0,334
2022-11-10 11:30:00,1751.1,1753.6,1750.6,1753.5,404
2022-11-10 11:35:00,1753.5,1754.1,1752.2,1754.1,325
2022-11-10 11:40:00,1754.2,1754.6,1752.3,1752.4,351
2022-11-10 11:45:00,1752.4,1753.1,1751.8,1752.1,311
2022-11-10 11:50:00,1752.0,1753.7,1751.3,1753.5,287
2022-11-10 11:55:00,1753.4,1753.8,1753.1,1753.5,193
2022-11-10 12:00:00,1753.4,1753.5,1751.4,1751.6,193
2022-11-10 12:05:00,1751.5,1752.5,1751.3,1751.8,158
2022-11-10 12:10:00,1751.7,1752.4,1751.4,1752.4,148
2022-11-10 12:15:00,1752.5,1753.2,1752.4,1753.2,183
2022-11-10 12:20:00,1753.1,1753.2,1751.4,1752.1,163
2022-11-10 12:25:00,1752.3,1753.0,1752.1,1752.6,186
2022-11-10 12:30:00,1752.7,1752.7,1750.0,1750.5,362
2022-11-10 12:35:00,1750.7,1751.2,1750.0,1750.1,97
2022-11-10 12:40:00,1750.1,1751.6,1749.5,1751.5,269
2022-11-10 12:45:00,1751.2,1751.2,1750.1,1750.7,108
2022-11-10 12:50:00,1750.9,1751.9,1750.9,1751.6,146
2022-11-10 12:55:00,1751.3,1753.0,1751.2,1751.3,190
2022-11-10 13:00:00,1751.7,1753.6,1751.6,1752.8,423
2022-11-10 13:05:00,1752.8,1753.6,1752.3,1753.6,97
2022-11-10 13:10:00,1753.7,1754.3,1753.2,1753.8,149
2022-11-10 13:15:00,1754.0,1754.3,1752.8,1752.9,117
2022-11-10 13:20:00,1753.3,1753.4,1752.2,1752.9,114
2022-11-10 13:25:00,1752.9,1754.4,1752.4,1754.1,311
2022-11-10 13:30:00,1754.1,1754.7,1753.5,1754.5,206
2022-11-10 13:35:00,1754.5,1755.0,1754.0,1754.4,114
2022-11-10 13:40:00,1754.2,1755.6,1754.0,1755.4,251
2022-11-10 13:45:00,1755.5,1755.8,1754.5,1754.8,114
2022-11-10 13:50:00,1754.6,1754.7,1753.3,1753.8,113
2022-11-10 13:55:00,1753.9,1754.4,1753.8,1754.3,71
2022-11-10 14:00:00,1753.9,1754.3,1753.7,1753.9,104
2022-11-10 14:05:00,1753.8,1754.6,1753.7,1754.5,52
2022-11-10 14:10:00,1754.4,1754.7,1754.0,1754.4,47
2022-11-10 14:15:00,1754.6,1755.0,1754.1,1754.4,111
2022-11-10 14:20:00,1754.4,1754.8,1754.1,1754.6,62
2022-11-10 14:25:00,1754.6,1754.7,1754.1,1754.5,76
2022-11-10 14:30:00,1754.4,1755.1,1754.4,1754.9,48
2022-11-10 14:35:00,1754.8,1756.4,1754.6,1756.4,184
2022-11-10 14:40:00,1756.3,1757.0,1756.0,1756.6,114
2022-11-10 14:45:00,1756.5,1757.7,1756.4,1757.3,195
2022-11-10 14:50:00,1757.1,1758.4,1757.1,1757.9,194
2022-11-10 14:55:00,1757.9,1758.1,1757.3,1757.6,154
2022-11-10 15:00:00,1757.5,1757.6,1756.7,1756.7,96
2022-11-10 15:05:00,1756.7,1756.9,1756.3,1756.8,55
2022-11-10 15:10:00,1757.0,1757.9,1756.9,1757.4,132
2022-11-10 15:15:00,1757.5,1758.0,1756.9,1757.0,74
2022-11-10 15:20:00,1756.8,1757.0,1756.5,1756.8,77
2022-11-10 15:25:00,1756.8,1757.0,1755.9,1756.8,109
2022-11-10 15:30:00,1756.8,1757.2,1756.2,1756.4,80
2022-11-10 15:35:00,1756.3,1757.8,1756.2,1757.5,119
2022-11-10 15:40:00,1757.3,1757.5,1756.6,1756.9,73
2022-11-10 15:45:00,1756.7,1757.2,1756.6,1756.8,71
2022-11-10 15:50:00,1756.8,1758.3,1756.7,1758.1,116
2022-11-10 15:55:00,1758.1,1759.5,1757.5,1759.1,345
2022-11-10 16:00:00,1759.1,1759.6,1758.0,1759.4,140
2022-11-10 16:05:00,1759.5,1760.6,1759.3,1760.3,202
2022-11-10 16:10:00,1760.1,1760.7,1759.3,1759.3,256
2022-11-10 16:15:00,1759.2,1759.3,1757.7,1757.9,171
2022-11-10 16:20:00,1757.9,1759.4,1757.9,1759.3,63
2022-11-10 16:25:00,1759.2,1760.2,1759.2,1759.8,76
2022-11-10 16:30:00,1759.7,1759.7,1758.7,1758.8,65
2022-11-10 16:35:00,1758.8,1759.0,1758.3,1758.3,30
2022-11-10 16:40:00,1758.3,1759.2,1757.6,1757.6,166
2022-11-10 16:45:00,1757.6,1758.4,1757.4,1758.2,94
2022-11-10 16:50:00,1758.3,1758.3,1757.9,1758.2,48
2022-11-10 16:55:00,1758.2,1759.2,1757.9,1759.1,176
2022-11-10 18:00:00,1758.6,1758.9,1756.3,1756.4,131
2022-11-10 18:05:00,1756.4,1756.5,1755.6,1756.2,111
2022-11-10 18:10:00,1756.1,1756.7,1756.0,1756.2,47
2022-11-10 18:15:00,1756.3,1757.8,1756.3,1757.3,63
2022-11-10 18:20:00,1757.3,1757.8,1757.1,1757.2,43
2022-11-10 18:25:00,1757.1,1757.1,1756.5,1756.7,20
2022-11-10 18:30:00,1756.5,1757.0,1756.4,1757.0,28
2022-11-10 18:35:00,1757.2,1757.8,1757.2,1757.6,53
2022-11-10 18:40:00,1757.5,1757.6,1756.8,1757.6,48
2022-11-10 18:45:00,1757.6,1757.7,1755.8,1756.1,79
2022-11-10 18:50:00,1756.0,1756.3,1755.5,1755.8,87
2022-11-10 18:55:00,1756.0,1756.2,1755.6,1755.7,67
2022-12-13 00:00:00,1793.4,1793.6,1793.3,1793.5,38
2022-12-13 00:05:00,1793.7,1793.9,1793.5,1793.5,36
2022-12-13 00:10:00,1793.5,1793.8,1793.5,1793.6,27
2022-12-13 00:15:00,1793.7,1793.7,1793.4,1793.5,30
2022-12-13 00:20:00,1793.5,1793.7,1793.5,1793.6,17
2022-12-13 00:25:00,1793.5,1794.2,1793.5,1794.1,33
2022-12-13 00:30:00,1794.2,1794.6,1793.6,1794.4,114
2022-12-13 00:35:00,1794.5,1795.2,1794.5,1794.8,92
2022-12-13 00:40:00,1794.9,1795.2,1794.6,1795.0,27
2022-12-13 00:45:00,1795.4,1795.6,1794.9,1795.6,46
2022-12-13 00:50:00,1795.5,1796.4,1795.5,1796.4,126
2022-12-13 00:55:00,1796.1,1796.6,1796.1,1796.3,91
2022-12-13 01:00:00,1796.2,1796.2,1795.7,1795.7,71
2022-12-13 01:05:00,1795.6,1796.1,1795.5,1796.1,50
2022-12-13 01:10:00,1796.1,1796.8,1796.1,1796.7,97
2022-12-13 01:15:00,1796.7,1797.4,1796.0,1796.4,164
2022-12-13 01:20:00,1796.2,1796.4,1795.8,1796.1,45
2022-12-13 01:25:00,1796.0,1796.7,1796.0,1796.5,51
2022-12-13 01:30:00,1796.3,1797.1,1796.3,1796.8,60
2022-12-13 01:35:00,1796.9,1797.1,1796.7,1796.8,61
2022-12-13 01:40:00,1796.6,1797.4,1796.5,1797.1,81
2022-12-13 01:45:00,1797.2,1797.4,1796.3,1796.5,51
2022-12-13 01:50:00,1796.4,1796.7,1796.0,1796.2,74
2022-12-13 01:55:00,1796.3,1796.9,1796.3,1796.3,65
2022-12-13 02:00:00,1796.4,1798.0,1796.0,1797.9,163
2022-12-13 02:05:00,1797.8,1798.4,1797.4,1798.0,126
2022-12-13 02:10:00,1797.9,1798.6,1797.8,1798.2,118
2022-12-13 02:15:00,1798.1,1798.3,1797.8,1797.9,48
2022-12-13 02:20:00,1798.0,1798.8,1797.9,1798.7,147
2022-12-13 02:25:00,1798.8,1799.3,1798.8,1799.1,233
2022-12-13 02:30:00,1799.0,1799.3,1798.0,1798.0,233
2022-12-13 02:35:00,1797.9,1799.2,1797.7,1798.9,167
2022-12-13 02:40:00,1799.0,1799.4,1798.6,1799.3,96
2022-12-13 02:45:00,1799.4,1799.4,1798.4,1798.4,64
2022-12-13 02:50:00,1798.3,1798.4,1797.2,1798.1,199
2022-12-13 02:55:00,1798.1,1799.0,1797.5,1798.9,127
2022-12-13 03:00:00,1799.0,1799.3,1797.7,1797.7,229
2022-12-13 03:05:00,1797.4,1798.4,1797.2,1798.0,178
2022-12-13 03:10:00,1797.9,1798.0,1797.0,1797.6,115
2022-12-13 03:15:00,1797.7,1798.9,1797.7,1798.9,77
2022-12-13 03:20:00,1798.9,1798.9,1797.0,1797.2,89
2022-12-13 03:25:00,1797.1,1797.3,1795.9,1795.9,135
2022-12-13 03:30:00,1795.9,1796.3,1795.5,1796.0,121
2022-12-13 03:35:00,1796.2,1796.6,1795.4,1796.5,74
2022-12-13 03:40:00,1796.5,1797.6,1796.5,1797.2,92
2022-12-13 03:45:00,1797.0,1797.2,1796.4,1796.6,55
2022-12-13 03:50:00,1796.7,1797.1,1796.1,1796.2,53
2022-12-13 03:55:00,1796.5,1796.9,1796.3,1796.7,37
2022-12-13 04:00:00,1796.7,1796.8,1795.5,1795.6,75
2022-12-13 04:05:00,1795.5,1795.7,1794.9,1795.1,117
2022-12-13 04:10:00,1795.0,1795.4,1794.5,1794.9,111
2022-12-13 04:15:00,1795.3,1795.4,1795.0,1795.1,40
2022-12-13 04:20:00,1795.0,1795.3,1794.3,1794.4,60
2022-12-13 04:25:00,1794.7,1795.5,1794.7,1795.1,73
2022-12-13 04:30:00,1795.2,1795.3,1794.8,1795.0,76
2022-12-13 04:35:00,1795.0,1795.5,1794.5,1794.6,97
2022-12-13 04:40:00,1794.7,1794.7,1793.6,1794.0,148
2022-12-13 04:45:00,1793.9,1794.8,1793.8,1794.5,61
2022-12-13 04:50:00,1794.5,1795.8,1794.2,1795.7,79
2022-12-13 04:55:00,1795.7,1795.9,1794.9,1795.3,69
2022-12-13 05:00:00,1795.3,1795.3,1793.9,1794.1,85
2022-12-13 05:05:00,1793.9,1794.7,1793.9,1794.6,61
2022-12-13 05:10:00,1794.3,1794.3,1793.3,1793.5,104
2022-12-13 05:15:00,1793.5,1794.7,1793.5,1794.6,48
2022-12-13 05:20:00,1794.4,1795.6,1794.4,1795.4,72
2022-12-13 05:25:00,1795.6,1796.9,1795.1,1796.9,338
2022-12-13 05:30:00,1797.0,1797.3,1796.1,1796.7,165
2022-12-13 05:35:00,1797.0,1797.4,1797.0,1797.3,49
2022-12-13 05:40:00,1797.3,1797.9,1797.3,1797.4,104
2022-12-13 05:45:00,1797.6,1797.7,1796.9,1796.9,76
2022-12-13 05:50:00,1796.9,1797.6,1796.8,1797.3,79
2022-12-13 05:55:00,1797.3,1798.7,1797.2,1798.4,147
2022-12-13 06:00:00,1798.3,1798.9,1797.7,1798.0,146
2022-12-13 06:05:00,1797.9,1798.2,1797.6,1798.0,77
2022-12-13 06:10:00,1798.2,1798.7,1798.1,1798.3,47
2022-12-13 06:15:00,1798.3,1798.4,1797.6,1797.6,43
2022-12-13 06:20:00,1797.5,1798.2,1797.5,1797.8,60
2022-12-13 06:25:00,1797.8,1798.8,1797.8,1798.8,65
2022-12-13 06:30:00,1798.8,1798.9,1798.4,1798.5,69
2022-12-13 06:35:00,1798.5,1798.9,1798.4,1798.4,53
2022-12-13 06:40:00,1798.3,1798.7,1798.3,1798.4,55
2022-12-13 06:45:00,1798.3,1798.5,1797.8,1798.5,31
2022-12-13 06:50:00,1798.5,1799.3,1798.3,1798.9,78
2022-12-13 06:55:00,1798.8,1799.4,1798.5,1798.8,90
2022-12-13 07:00:00,1798.7,1799.1,1798.6,1798.6,80
2022-12-13 07:05:00,1798.8,1799.3,1798.7,1799.0,100
2022-12-13 07:10:00,1799.0,1799.5,1799.0,1799.1,100
2022-12-13 07:15:00,1799.1,1799.2,1797.8,1798.2,168
2022-12-13 07:20:00,1798.2,1798.7,1798.2,1798.5,87
2022-12-13 07:25:00,1798.8,1799.7,1798.8,1799.4,136
2022-12-13 07:30:00,1799.4,1799.6,1798.6,1798.7,111
2022-12-13 07:35:00,1798.6,1799.2,1798.6,1799.0,63
2022-12-13 07:40:00,1798.9,1799.1,1798.8,1798.8,98
2022-12-13 07:45:00,1798.9,1800.4,1798.9,1800.1,265
2022-12-13 07:50:00,1800.1,1800.1,1799.5,1800.0,83
2022-12-13 07:55:00,1799.9,1801.2,1799.8,1800.1,212
2022-12-13 08:00:00,1800.4,1800.6,1799.7,1799.8,207
2022-12-13 08:05:00,1799.8,1799.9,1797.6,1798.2,367
2022-12-13 08:10:00,1798.3,1799.1,1798.3,1798.9,139
2022-12-13 08:15:00,1799.0,1799.6,1798.5,1799.6,178
2022-12-13 08:20:00,1799.8,1801.0,1798.8,1800.3,506
2022-12-13 08:25:00,1800.1,1810.0,1798.6,1800.1,797
2022-12-13 08:30:00,1802.0,1829.6,1800.1,1815.9,3249
2022-12-13 08:35:00,1816.0,1821.3,1813.3,1820.9,1923
2022-12-13 08:40:00,1820.7,1823.6,1819.7,1821.7,992
2022-12-13 08:45:00,1821.6,1823.2,1819.6,1822.7,687
2022-12-13 08:50:00,1822.7,1823.7,1817.0,1819.0,972
2022-12-13 08:55:00,1819.1,1824.2,1818.1,1823.5,847
2022-12-13 09:00:00,1823.5,1826.5,1823.5,1826.3,1113
2022-12-13 09:05:00,1826.3,1828.9,1824.4,1825.7,995
2022-12-13 09:10:00,1825.7,1830.2,1825.1,1829.7,855
2022-12-13 09:15:00,1829.8,1830.9,1828.6,1830.2,603
2022-12-13 09:20:00,1830.3,1832.6,1830.0,1830.8,846
2022-12-13 09:25:00,1830.7,1832.9,1830.1,1830.6,626
2022-12-13 09:30:00,1830.8,1832.4,1828.9,1830.7,1051
2022-12-13 09:35:00,1830.6,1831.2,1827.1,1829.0,1045
2022-12-13 09:40:00,1829.1,1832.6,1829.0,1832.4,590
2022-12-13 09:45:00,1832.3,1834.1,1831.9,1833.3,769
2022-12-13 09:50:00,1833.3,1836.6,1832.1,1835.8,915
2022-12-13 09:55:00,1835.9,1837.0,1834.2,1834.3,715
2022-12-13 10:00:00,1834.5,1836.8,1833.4,1833.7,785
2022-12-13 10:05:00,1833.6,1833.8,1831.1,1831.4,731
2022-12-13 10:10:00,1831.5,1832.3,1828.6,1831.9,844
2022-12-13 10:15:00,1831.8,1831.8,1829.6,1830.7,349
2022-12-13 10:20:00,1830.6,1831.0,1828.4,1828.6,313
2022-12-13 10:25:00,1828.8,1829.0,1826.3,1826.5,489
2022-12-13 10:30:00,1826.5,1828.0,1825.3,1827.9,624
2022-12-13 10:35:00,1827.9,1827.9,1823.5,1824.0,427
2022-12-13 10:40:00,1823.8,1825.6,1823.6,1824.9,324
2022-12-13 10:45:00,1825.1,1826.0,1821.8,1822.1,620
2022-12-13 10:50:00,1822.1,1823.0,1820.9,1822.5,572
2022-12-13 10:55:00,1822.0,1823.3,1821.3,1821.7,255
2022-12-13 11:00:00,1822.5,1823.5,1822.4,1823.4,291
2022-12-13 11:05:00,1823.4,1824.2,1822.7,1823.8,230
2022-12-13 11:10:00,1823.6,1825.4,1823.2,1825.2,316
2022-12-13 11:15:00,1825.1,1825.9,1824.0,1825.5,209
2022-12-13 11:20:00,1825.3,1825.3,1823.4,1824.5,194
2022-12-13 11:25:00,1824.2,1825.1,1823.4,1824.9,132
2022-12-13 11:30:00,1825.0,1826.5,1824.9,1826.4,192
2022-12-13 11:35:00,1826.4,1826.9,1825.6,1826.2,256
2022-12-13 11:40:00,1826.2,1826.7,1824.7,1824.7,136
2022-12-13 11:45:00,1824.7,1824.7,1819.9,1820.1,618
2022-12-13 11:50:00,1820.2,1820.5,1817.8,1819.4,855
2022-12-13 11:55:00,1819.3,1820.6,1818.6,1820.5,272
2022-12-13 12:00:00,1820.7,1822.3,1819.7,1822.2,244
2022-12-13 12:05:00,1822.1,1824.1,1822.1,1823.0,421
2022-12-13 12:10:00,1823.1,1824.1,1822.2,1823.6,243
2022-12-13 12:15:00,1823.6,1823.6,1819.7,1820.1,526
2022-12-13 12:20:00,1820.1,1820.2,1818.0,1818.2,399
2022-12-13 12:25:00,1818.2,1819.3,1816.9,1819.1,283
2022-12-13 12:30:00,1819.1,1819.9,1818.7,1819.3,199
2022-12-13 12:35:00,1819.3,1821.1,1819.1,1821.1,151
2022-12-13 12:40:00,1821.1,1821.4,1820.3,1821.0,70
2022-12-13 12:45:00,1821.2,1821.5,1819.4,1819.5,121
2022-12-13 12:50:00,1819.6,1820.4,1819.4,1819.8,187
2022-12-13 12:55:00,1819.7,1820.9,1819.7,1820.3,87
2022-12-13 13:00:00,1820.2,1821.3,1819.1,1821.1,367
2022-12-13 13:05:00,1821.0,1821.6,1820.7,1821.0,126
2022-12-13 13:10:00,1820.9,1822.2,1820.8,1821.9,114
2022-12-13 13:15:00,1821.9,1824.3,1821.8,1823.8,416
2022-12-13 13:20:00,1823.9,1825.9,1823.7,1825.1,607
2022-12-13 13:25:00,1825.1,1825.8,1824.7,1825.5,329
2022-12-13 13:30:00,1825.4,1826.5,1824.9,1825.1,303
2022-12-13 13:35:00,1825.1,1825.3,1823.5,1823.6,140
2022-12-13 13:40:00,1823.6,1824.0,1822.8,1824.0,134
2022-12-13 13:45:00,1823.9,1824.3,1823.3,1824.1,118
2022-12-13 13:50:00,1823.9,1824.3,1821.7,1821.9,120
2022-12-13 13:55:00,1821.7,1822.6,1821.5,1822.5,76
2022-12-13 14:00:00,1822.4,1824.0,1822.3,1823.5,112
2022-12-13 14:05:00,1823.5,1823.8,1822.9,1823.2,102
2022-12-13 14:10:00,1823.0,1824.2,1823.0,1823.2,47
2022-12-13 14:15:00,1823.4,1823.6,1822.0,1822.4,44
2022-12-13 14:20:00,1822.5,1822.5,1821.4,1821.6,60
2022-12-13 14:25:00,1821.5,1822.2,1821.5,1822.1,31
2022-12-13 14:30:00,1822.2,1823.0,1822.0,1823.0,50
2022-12-13 14:35:00,1823.1,1823.4,1822.8,1823.3,62
2022-12-13 14:40:00,1823.3,1824.9,1823.0,1824.6,189
2022-12-13 14:45:00,1824.6,1824.9,1824.1,1824.7,131
2022-12-13 14:50:00,1824.8,1824.8,1823.8,1823.8,76
2022-12-13 14:55:00,1823.8,1824.0,1823.0,1823.7,71
2022-12-13 15:00:00,1823.7,1823.8,1821.9,1822.0,85
2022-12-13 15:05:00,1822.3,1822.8,1822.0,1822.6,66
2022-12-13 15:10:00,1822.6,1822.6,1822.0,1822.0,32
2022-12-13 15:15:00,1822.2,1823.2,1822.1,1822.8,51
2022-12-13 15:20:00,1822.8,1823.2,1822.6,1823.2,31
2022-12-13 15:25:00,1822.8,1823.2,1822.5,1823.0,20
2022-12-13 15:30:00,1823.1,1824.6,1823.1,1824.5,92
2022-12-13 15:35:00,1824.5,1824.7,1822.6,1822.6,44
2022-12-13 15:40:00,1822.6,1823.3,1822.5,1823.1,28
2022-12-13 15:45:00,1823.5,1823.9,1823.0,1823.0,36
2022-12-13 15:50:00,1822.9,1823.6,1822.4,1822.5,102
2022-12-13 15:55:00,1822.3,1822.7,1821.7,1822.4,126
2022-12-13 16:00:00,1822.5,1822.9,1822.5,1822.6,54
2022-12-13 16:05:00,1822.6,1822.8,1822.5,1822.6,15
2022-12-13 16:10:00,1822.6,1822.6,1822.3,1822.3,12
2022-12-13 16:15:00,1822.4,1822.5,1822.2,1822.3,124
2022-12-13 16:20:00,1822.3,1822.3,1821.8,1821.8,46
2022-12-13 16:25:00,1821.8,1822.0,1821.7,1822.0,49
2022-12-13 16:30:00,1822.1,1822.1,1821.3,1821.7,47
2022-12-13 16:35:00,1821.9,1822.3,1821.9,1822.3,18
2022-12-13 16:40:00,1822.2,1822.4,1822.0,1822.3,21
2022-12-13 16:45:00,1822.1,1822.3,1822.1,1822.3,12
2022-12-13 16:50:00,1822.4,1822.5,1822.1,1822.5,44
2022-12-13 16:55:00,1822.4,1822.7,1822.4,1822.6,22
2022-12-13 18:00:00,1823.5,1824.0,1822.2,1822.5,90
2022-12-13 18:05:00,1822.7,1823.3,1822.7,1823.3,27
2022-12-13 18:10:00,1823.3,1823.3,1821.9,1822.1,66
2022-12-13 18:15:00,1822.0,1822.3,1821.8,1822.0,34
2022-12-13 18:20:00,1821.9,1822.4,1821.7,1822.1,30
2022-12-13 18:25:00,1822.1,1822.5,1822.1,1822.1,20
2022-12-13 18:30:00,1822.1,1822.3,1821.8,1821.8,23
2022-12-13 18:35:00,1821.9,1822.1,1821.6,1821.8,46
2022-12-13 18:40:00,1821.8,1821.8,1821.6,1821.7,37
2022-12-13 18:45:00,1822.0,1822.0,1821.5,1821.7,20
2022-12-13 18:50:00,1821.6,1821.8,1821.6,1821.7,14
2022-12-13 18:55:00,1821.5,1821.5,1821.1,1821.3,42
2023-01-12 00:00:00,1887.5,1888.0,1887.3,1887.9,51
2023-01-12 00:05:00,1887.8,1887.8,1887.0,1887.2,85
2023-01-12 00:10:00,1887.3,1887.7,1887.2,1887.7,60
2023-01-12 00:15:00,1887.7,1888.3,1887.6,1888.0,99
2023-01-12 00:20:00,1888.0,1888.2,1887.8,1887.9,63
2023-01-12 00:25:00,1887.9,1888.0,1887.4,1887.6,50
2023-01-12 00:30:00,1887.5,1887.9,1887.1,1887.5,71
2023-01-12 00:35:00,1887.3,1887.8,1887.2,1887.6,46
2023-01-12 00:40:00,1887.5,1887.5,1887.2,1887.3,20
2023-01-12 00:45:00,1887.5,1887.6,1886.6,1886.9,57
2023-01-12 00:50:00,1886.9,1886.9,1886.4,1886.8,60
2023-01-12 00:55:00,1886.8,1887.1,1886.4,1886.7,45
2023-01-12 01:00:00,1886.6,1887.0,1886.4,1887.0,62
2023-01-12 01:05:00,1887.0,1887.4,1886.8,1887.0,40
2023-01-12 01:10:00,1887.0,1887.2,1886.6,1886.8,23
2023-01-12 01:15:00,1886.7,1886.7,1886.0,1886.4,102
2023-01-12 01:20:00,1886.3,1886.6,1886.1,1886.1,58
2023-01-12 01:25:00,1886.3,1886.6,1886.2,1886.6,47
2023-01-12 01:30:00,1886.7,1887.0,1886.6,1886.7,83
2023-01-12 01:35:00,1886.7,1886.7,1885.9,1886.4,96
2023-01-12 01:40:00,1886.3,1886.5,1886.0,1886.3,78
2023-01-12 01:45:00,1886.2,1886.3,1885.6,1886.1,56
2023-01-12 01:50:00,1886.1,1886.1,1885.1,1885.6,84
2023-01-12 01:55:00,1885.6,1886.2,1885.5,1886.2,54
2023-01-12 02:00:00,1886.1,1886.8,1885.8,1886.4,69
2023-01-12 02:05:00,1886.3,1887.1,1886.2,1886.7,104
2023-01-12 02:10:00,1886.7,1886.8,1885.6,1885.6,153
2023-01-12 02:15:00,1885.5,1886.0,1884.8,1885.3,192
2023-01-12 02:20:00,1885.4,1885.7,1884.3,1884.6,168
2023-01-12 02:25:00,1884.7,1884.8,1884.0,1884.1,136
2023-01-12 02:30:00,1884.0,1885.0,1883.8,1883.9,171
2023-01-12 02:35:00,1884.0,1884.6,1882.9,1883.2,262
2023-01-12 02:40:00,1883.2,1884.4,1882.8,1883.5,222
2023-01-12 02:45:00,1883.7,1884.3,1883.3,1883.7,91
2023-01-12 02:50:00,1883.8,1885.3,1883.8,1884.6,130
2023-01-12 02:55:00,1884.7,1885.6,1884.7,1885.6,111
2023-01-12 03:00:00,1885.6,1886.4,1885.1,1885.3,206
2023-01-12 03:05:00,1885.6,1886.4,1885.1,1885.4,128
2023-01-12 03:10:00,1885.5,1885.6,1884.8,1885.1,146
2023-01-12 03:15:00,1885.2,1886.4,1885.2,1885.4,104
2023-01-12 03:20:00,1885.2,1885.7,1884.9,1885.4,86
2023-01-12 03:25:00,1885.3,1886.1,1884.9,1885.0,121
2023-01-12 03:30:00,1885.2,1885.9,1885.2,1885.6,57
2023-01-12 03:35:00,1885.5,1886.4,1885.2,1885.6,85
2023-01-12 03:40:00,1885.7,1885.9,1885.3,1885.7,55
2023-01-12 03:45:00,1885.6,1885.8,1884.6,1885.5,102
2023-01-12 03:50:00,1885.6,1885.6,1884.8,1885.0,54
2023-01-12 03:55:00,1884.9,1885.5,1884.7,1885.2,69
2023-01-12 04:00:00,1885.3,1885.4,1884.5,1885.3,46
2023-01-12 04:05:00,1885.5,1886.0,1885.4,1885.8,79
2023-01-12 04:10:00,1885.6,1885.7,1884.5,1885.4,195
2023-01-12 04:15:00,1885.6,1885.7,1885.0,1885.5,41
2023-01-12 04:20:00,1885.6,1885.8,1885.0,1885.8,31
2023-01-12 04:25:00,1886.0,1886.6,1885.8,1886.3,127
2023-01-12 04:30:00,1886.5,1887.6,1886.1,1887.3,232
2023-01-12 04:35:00,1887.2,1888.2,1887.2,1887.7,189
2023-01-12 04:40:00,1887.6,1888.8,1887.3,1888.1,210
2023-01-12 04:45:00,1888.2,1888.4,1887.2,1887.5,213
2023-01-12 04:50:00,1887.3,1888.3,1887.3,1887.9,161
2023-01-12 04:55:00,1887.8,1888.2,1887.7,1887.7,68
2023-01-12 05:00:00,1887.6,1887.8,1887.1,1887.3,135
2023-01-12 05:05:00,1887.1,1887.1,1886.6,1886.9,77
2023-01-12 05:10:00,1887.2,1887.5,1886.5,1886.5,59
2023-01-12 05:15:00,1886.5,1886.7,1885.8,1886.3,136
2023-01-12 05:20:00,1886.4,1887.0,1886.4,1886.7,44
2023-01-12 05:25:00,1886.6,1886.6,1885.8,1886.4,67
2023-01-12 05:30:00,1886.5,1887.0,1886.1,1886.7,89
2023-01-12 05:35:00,1886.6,1886.7,1885.9,1886.0,39
2023-01-12 05:40:00,1885.9,1886.9,1885.8,1886.9,47
2023-01-12 05:45:00,1886.9,1887.2,1886.3,1887.2,71
2023-01-12 05:50:00,1887.3,1887.6,1887.2,1887.5,48
2023-01-12 05:55:00,1887.4,1887.6,1887.2,1887.5,76
2023-01-12 06:00:00,1887.7,1887.9,1887.3,1887.7,51
2023-01-12 06:05:00,1887.8,1888.6,1887.7,1888.0,163
2023-01-12 06:10:00,1888.3,1889.1,1888.3,1889.0,165
2023-01-12 06:15:00,1889.0,1889.1,1888.2,1888.8,153
2023-01-12 06:20:00,1888.8,1889.3,1888.7,1888.8,157
2023-01-12 06:25:00,1888.8,1889.0,1888.4,1888.4,72
2023-01-12 06:30:00,1888.7,1889.0,1888.5,1888.6,41
2023-01-12 06:35:00,1888.7,1889.4,1888.6,1889.3,79
2023-01-12 06:40:00,1889.3,1889.6,1889.1,1889.1,150
2023-01-12 06:45:00,1889.2,1889.5,1888.8,1889.3,53
2023-01-12 06:50:00,1889.3,1889.5,1888.4,1888.5,130
2023-01-12 06:55:00,1888.4,1888.8,1888.2,1888.4,73
2023-01-12 07:00:00,1888.3,1888.9,1888.0,1888.7,67
2023-01-12 07:05:00,1888.7,1889.0,1888.3,1888.7,66
2023-01-12 07:10:00,1888.7,1889.0,1888.5,1888.6,58
2023-01-12 07:15:00,1888.8,1889.5,1888.8,1889.2,79
2023-01-12 07:20:00,1889.5,1893.2,1889.4,1890.9,1077
2023-01-12 07:25:00,1890.9,1892.2,1890.7,1891.9,210
2023-01-12 07:30:00,1891.8,1892.1,1890.7,1890.7,168
2023-01-12 07:35:00,1890.8,1891.1,1889.9,1890.4,168
2023-01-12 07:40:00,1890.5,1891.0,1889.9,1890.0,159
2023-01-12 07:45:00,1890.0,1890.6,1889.8,1890.0,178
2023-01-12 07:50:00,1890.0,1891.3,1889.9,1891.0,183
2023-01-12 07:55:00,1890.9,1891.4,1890.2,1890.8,175
2023-01-12 08:00:00,1890.8,1892.0,1890.2,1891.9,411
2023-01-12 08:05:00,1892.0,1892.9,1891.7,1892.6,431
2023-01-12 08:10:00,1892.6,1892.6,1890.8,1891.6,360
2023-01-12 08:15:00,1891.8,1892.6,1891.4,1891.8,281
2023-01-12 08:20:00,1891.9,1893.3,1891.2,1891.6,448
2023-01-12 08:25:00,1891.9,1894.8,1890.0,1890.0,914
2023-01-12 08:30:00,1890.0,1897.5,1873.1,1897.5,4137
2023-01-12 08:35:00,1897.4,1902.9,1896.1,1897.7,4221
2023-01-12 08:40:00,1898.0,1899.2,1894.6,1895.0,1957
2023-01-12 08:45:00,1895.0,1900.3,1894.7,1899.7,1906
2023-01-12 08:50:00,1899.9,1905.8,1899.9,1903.9,2455
2023-01-12 08:55:00,1903.8,1905.3,1902.4,1903.3,1343
2023-01-12 09:00:00,1903.2,1904.9,1902.3,1902.6,932
2023-01-12 09:05:00,1902.6,1902.6,1897.8,1899.5,1254
2023-01-12 09:10:00,1899.8,1899.9,1892.0,1893.0,1400
2023-01-12 09:15:00,1893.1,1895.8,1891.4,1891.6,1070
2023-01-12 09:20:00,1891.5,1894.9,1891.0,1894.4,778
2023-01-12 09:25:00,1894.2,1896.4,1894.2,1895.4,598
2023-01-12 09:30:00,1895.6,1898.2,1894.6,1894.6,893
2023-01-12 09:35:00,1894.6,1895.5,1893.1,1895.2,624
2023-01-12 09:40:00,1895.0,1895.0,1886.8,1888.5,1609
2023-01-12 09:45:00,1888.4,1890.4,1886.7,1888.1,832
2023-01-12 09:50:00,1888.0,1888.1,1883.1,1884.0,1838
2023-01-12 09:55:00,1883.7,1886.9,1882.9,1885.4,1535
2023-01-12 10:00:00,1885.6,1887.8,1884.7,1886.5,1689
2023-01-12 10:05:00,1886.3,1886.9,1883.5,1886.1,665
2023-01-12 10:10:00,1886.3,1892.5,1886.3,1889.2,1638
2023-01-12 10:15:00,1889.3,1892.1,1889.1,1891.0,523
2023-01-12 10:20:00,1891.4,1892.2,1889.6,1891.3,402
2023-01-12 10:25:00,1891.3,1893.0,1889.3,1890.1,564
2023-01-12 10:30:00,1890.2,1891.7,1888.5,1891.6,401
2023-01-12 10:35:00,1891.4,1893.4,1891.3,1892.9,560
2023-01-12 10:40:00,1893.1,1893.5,1889.8,1890.5,425
2023-01-12 10:45:00,1890.4,1891.1,1889.3,1890.6,319
2023-01-12 10:50:00,1890.9,1892.2,1890.4,1891.6,175
2023-01-12 10:55:00,1891.8,1893.8,1891.5,1891.9,303
2023-01-12 11:00:00,1892.1,1893.1,1892.0,1892.8,289
2023-01-12 11:05:00,1892.8,1893.8,1892.1,1892.2,160
2023-01-12 11:10:00,1892.3,1894.8,1891.5,1894.5,322
2023-01-12 11:15:00,1894.5,1895.8,1894.1,1895.5,401
2023-01-12 11:20:00,1895.3,1896.1,1894.4,1895.5,307
2023-01-12 11:25:00,1895.6,1895.9,1894.5,1895.6,236
2023-01-12 11:30:00,1895.6,1895.7,1894.1,1894.9,368
2023-01-12 11:35:00,1895.0,1895.1,1894.1,1894.6,184
2023-01-12 11:40:00,1894.6,1897.2,1894.6,1895.5,346
2023-01-12 11:45:00,1895.5,1896.7,1895.5,1895.6,198
2023-01-12 11:50:00,1895.6,1896.0,1894.9,1895.2,97
2023-01-12 11:55:00,1895.1,1896.0,1894.7,1895.9,179
2023-01-12 12:00:00,1895.8,1896.0,1895.1,1895.4,87
2023-01-12 12:05:00,1895.4,1896.0,1895.4,1895.7,90
2023-01-12 12:10:00,1895.8,1897.4,1895.7,1897.3,377
2023-01-12 12:15:00,1897.3,1899.0,1897.1,1898.6,483
2023-01-12 12:20:00,1898.6,1899.2,1897.7,1898.8,227
2023-01-12 12:25:00,1898.7,1899.9,1898.5,1899.1,262
2023-01-12 12:30:00,1899.0,1901.4,1899.0,1900.6,543
2023-01-12 12:35:00,1900.7,1901.3,1900.3,1900.9,380
2023-01-12 12:40:00,1900.9,1901.6,1900.1,1900.2,230
2023-01-12 12:45:00,1900.2,1901.6,1899.9,1901.0,263
2023-01-12 12:50:00,1901.0,1902.1,1900.2,1900.6,227
2023-01-12 12:55:00,1900.8,1901.6,1900.8,1901.1,115
2023-01-12 13:00:00,1901.2,1901.9,1900.6,1901.4,313
2023-01-12 13:05:00,1901.4,1901.9,1900.8,1901.2,284
2023-01-12 13:10:00,1901.2,1902.1,1901.0,1901.8,209
2023-01-12 13:15:00,1901.9,1902.3,1900.8,1901.2,275
2023-01-12 13:20:00,1901.1,1901.1,1899.4,1899.9,496
2023-01-12 13:25:00,1900.0,1900.0,1897.4,1899.0,681
2023-01-12 13:30:00,1898.9,1899.6,1897.9,1898.9,216
2023-01-12 13:35:00,1899.0,1901.1,1899.0,1900.7,305
2023-01-12 13:40:00,1900.7,1901.5,1900.6,1901.3,100
2023-01-12 13:45:00,1901.4,1901.6,1900.9,1901.2,96
2023-01-12 13:50:00,1901.3,1902.3,1901.3,1902.0,164
2023-01-12 13:55:00,1901.8,1902.6,1901.7,1902.4,96
2023-01-12 14:00:00,1902.4,1902.9,1902.1,1902.5,156
2023-01-12 14:05:00,1902.5,1903.2,1901.3,1901.4,219
2023-01-12 14:10:00,1901.5,1901.9,1900.6,1901.6,111
2023-01-12 14:15:00,1901.6,1901.7,1901.0,1901.3,62
2023-01-12 14:20:00,1901.4,1901.7,1900.3,1900.5,70
2023-01-12 14:25:00,1900.5,1900.5,1899.7,1900.2,161
2023-01-12 14:30:00,1900.0,1900.6,1899.9,1900.0,91
2023-01-12 14:35:00,1900.0,1900.3,1898.9,1899.8,130
2023-01-12 14:40:00,1899.6,1900.3,1899.6,1900.3,47
2023-01-12 14:45:00,1900.3,1902.2,1900.3,1902.2,126
2023-01-12 14:50:00,1902.2,1902.2,1900.8,1900.9,69
2023-01-12 14:55:00,1900.8,1901.3,1900.4,1901.0,69
2023-01-12 15:00:00,1901.0,1901.1,1898.3,1898.3,132
2023-01-12 15:05:00,1898.4,1899.0,1897.7,1897.9,116
2023-01-12 15:10:00,1897.7,1898.5,1897.6,1898.3,111
2023-01-12 15:15:00,1898.2,1898.7,1897.8,1897.9,106
2023-01-12 15:20:00,1897.9,1898.6,1897.8,1898.6,52
2023-01-12 15:25:00,1898.6,1899.8,1898.5,1899.6,60
2023-01-12 15:30:00,1899.7,1900.0,1899.5,1899.7,41
2023-01-12 15:35:00,1899.7,1899.7,1899.0,1899.4,64
2023-01-12 15:40:00,1899.7,1900.5,1899.6,1900.1,68
2023-01-12 15:45:00,1900.2,1900.2,1899.8,1900.2,58
2023-01-12 15:50:00,1900.4,1901.7,1900.3,1901.3,133
2023-01-12 15:55:00,1901.4,1901.8,1901.0,1901.5,104
2023-01-12 16:00:00,1901.4,1902.2,1901.4,1902.2,87
2023-01-12 16:05:00,1902.1,1902.6,1902.1,1902.6,56
2023-01-12 16:10:00,1902.5,1902.7,1902.3,1902.4,18
2023-01-12 16:15:00,1902.3,1902.3,1901.7,1901.8,30
2023-01-12 16:20:00,1901.8,1901.9,1900.9,1900.9,37
2023-01-12 16:25:00,1901.1,1901.1,1900.6,1900.8,46
2023-01-12 16:30:00,1900.9,1900.9,1900.4,1900.4,25
2023-01-12 16:35:00,1900.6,1900.6,1900.1,1900.4,31
2023-01-12 16:40:00,1900.4,1900.6,1900.0,1900.2,50
2023-01-12 16:45:00,1900.3,1900.3,1900.1,1900.1,19
2023-01-12 16:50:00,1900.1,1900.9,1900.0,1900.6,41
2023-01-12 16:55:00,1900.4,1900.6,1899.9,1900.3,60
2023-01-12 18:00:00,1899.0,1899.8,1898.0,1898.9,73
2023-01-12 18:05:00,1899.1,1899.5,1898.6,1899.4,25
2023-01-12 18:10:00,1899.3,1899.9,1899.1,1899.4,123
2023-01-12 18:15:00,1899.4,1900.3,1899.4,1900.2,50
2023-01-12 18:20:00,1900.1,1900.2,1899.3,1899.9,44
2023-01-12 18:25:00,1899.9,1899.9,1899.3,1899.5,29
2023-01-12 18:30:00,1899.7,1900.1,1899.0,1899.7,62
2023-01-12 18:35:00,1899.8,1900.2,1899.8,1900.2,9
2023-01-12 18:40:00,1900.2,1900.7,1900.2,1900.7,20
2023-01-12 18:45:00,1900.7,1901.2,1900.4,1901.1,102
2023-01-12 18:50:00,1901.1,1901.3,1900.8,1901.1,19
2023-01-12 18:55:00,1901.2,1901.7,1901.0,1901.1,52
2023-02-14 00:00:00,1868.4,1868.9,1868.1,1868.9,83
2023-02-14 00:05:00,1868.9,1869.2,1868.8,1868.8,54
2023-02-14 00:10:00,1868.7,1868.8,1868.4,1868.7,42
2023-02-14 00:15:00,1868.8,1869.5,1868.8,1869.0,66
2023-02-14 00:20:00,1869.0,1869.1,1868.6,1868.6,38
2023-02-14 00:25:00,1868.6,1868.6,1868.1,1868.1,90
2023-02-14 00:30:00,1868.1,1868.5,1867.9,1868.4,75
2023-02-14 00:35:00,1868.4,1868.7,1868.4,1868.5,27
2023-02-14 00:40:00,1868.5,1868.5,1867.9,1868.2,50
2023-02-14 00:45:00,1868.4,1868.9,1868.3,1868.9,43
2023-02-14 00:50:00,1868.9,1869.5,1868.9,1869.2,70
2023-02-14 00:55:00,1869.2,1869.5,1869.0,1869.5,33
2023-02-14 01:00:00,1869.5,1870.6,1869.4,1870.2,281
2023-02-14 01:05:00,1870.1,1870.3,1868.9,1869.5,109
2023-02-14 01:10:00,1869.4,1870.2,1869.2,1870.2,66
2023-02-14 01:15:00,1870.4,1870.6,1869.9,1869.9,88
2023-02-14 01:20:00,1870.0,1870.3,1869.8,1870.1,79
2023-02-14 01:25:00,1870.1,1870.9,1869.9,1869.9,109
2023-02-14 01:30:00,1869.9,1871.3,1869.9,1870.7,249
2023-02-14 01:35:00,1870.6,1871.7,1870.5,1871.7,150
2023-02-14 01:40:00,1871.6,1872.0,1871.2,1871.7,162
2023-02-14 01:45:00,1871.8,1873.1,1871.5,1872.7,312
2023-02-14 01:50:00,1872.8,1875.0,1872.8,1874.3,661
2023-02-14 01:55:00,1874.3,1874.3,1872.3,1872.4,334
2023-02-14 02:00:00,1872.3,1874.2,1871.9,1873.9,274
2023-02-14 02:05:00,1873.7,1873.7,1871.6,1871.6,261
2023-02-14 02:10:00,1871.7,1872.2,1871.5,1871.5,223
2023-02-14 02:15:00,1871.5,1871.6,1868.5,1868.9,618
2023-02-14 02:20:00,1868.8,1869.3,1868.3,1868.9,296
2023-02-14 02:25:00,1868.9,1869.6,1868.4,1869.5,186
2023-02-14 02:30:00,1869.3,1870.4,1869.0,1870.1,150
2023-02-14 02:35:00,1870.1,1870.9,1869.7,1869.8,134
2023-02-14 02:40:00,1869.7,1869.7,1868.6,1869.6,101
2023-02-14 02:45:00,1869.4,1869.8,1869.0,1869.8,73
2023-02-14 02:50:00,1869.7,1869.7,1868.4,1868.5,135
2023-02-14 02:55:00,1868.5,1869.7,1868.5,1869.2,193
2023-02-14 03:00:00,1869.1,1870.7,1868.4,1869.7,209
2023-02-14 03:05:00,1869.6,1870.2,1868.8,1870.1,117
2023-02-14 03:10:00,1870.1,1870.5,1869.4,1870.3,66
2023-02-14 03:15:00,1870.4,1871.8,1870.3,1871.5,212
2023-02-14 03:20:00,1871.3,1871.6,1870.0,1870.3,174
2023-02-14 03:25:00,1870.3,1870.6,1869.1,1870.2,194
2023-02-14 03:30:00,1869.9,1870.7,1869.4,1869.6,148
2023-02-14 03:35:00,1869.8,1869.8,1868.0,1868.8,234
2023-02-14 03:40:00,1868.6,1869.5,1868.6,1869.4,121
2023-02-14 03:45:00,1869.4,1869.7,1868.8,1869.6,76
2023-02-14 03:50:00,1869.6,1870.4,1869.4,1870.2,118
2023-02-14 03:55:00,1870.5,1870.6,1869.8,1870.4,64
2023-02-14 04:00:00,1870.4,1871.9,1870.2,1871.8,171
2023-02-14 04:05:00,1871.8,1871.8,1870.3,1871.0,231
2023-02-14 04:10:00,1871.0,1871.2,1869.6,1870.5,178
2023-02-14 04:15:00,1870.5,1871.0,1870.4,1870.7,39
2023-02-14 04:20:00,1870.7,1871.1,1870.3,1871.0,55
2023-02-14 04:25:00,1871.1,1872.2,1870.9,1872.1,126
2023-02-14 04:30:00,1872.2,1872.6,1871.8,1872.6,174
2023-02-14 04:35:00,1872.7,1873.8,1872.6,1873.7,201
2023-02-14 04:40:00,1873.9,1874.0,1873.2,1873.2,192
2023-02-14 04:45:00,1873.3,1873.8,1872.9,1873.1,121
2023-02-14 04:50:00,1873.2,1874.3,1873.2,1874.1,187
2023-02-14 04:55:00,1874.0,1874.1,1871.8,1872.7,372
2023-02-14 05:00:00,1872.9,1873.4,1872.3,1872.8,87
2023-02-14 05:05:00,1872.5,1872.6,1872.1,1872.3,85
2023-02-14 05:10:00,1872.2,1872.4,1871.6,1871.7,104
2023-02-14 05:15:00,1871.7,1871.7,1871.1,1871.6,107
2023-02-14 05:20:00,1871.7,1872.3,1871.3,1872.0,53
2023-02-14 05:25:00,1871.9,1871.9,1870.2,1870.9,138
2023-02-14 05:30:00,1871.0,1872.0,1870.6,1871.8,121
2023-02-14 05:35:00,1871.7,1871.7,1870.7,1871.3,84
2023-02-14 05:40:00,1871.3,1871.6,1869.6,1870.2,155
2023-02-14 05:45:00,1870.3,1870.9,1870.2,1870.6,70
2023-02-14 05:50:00,1870.8,1871.0,1869.9,1869.9,78
2023-02-14 05:55:00,1869.9,1870.2,1869.6,1869.8,97
2023-02-14 06:00:00,1869.6,1870.2,1869.1,1869.3,170
2023-02-14 06:05:00,1869.4,1869.8,1869.4,1869.5,79
2023-02-14 06:10:00,1869.5,1870.0,1868.2,1868.6,215
2023-02-14 06:15:00,1868.6,1869.3,1868.5,1868.9,146
2023-02-14 06:20:00,1868.9,1869.0,1868.0,1868.2,64
2023-02-14 06:25:00,1868.2,1868.3,1866.9,1867.1,318
2023-02-14 06:30:00,1867.0,1867.1,1864.2,1864.9,557
2023-02-14 06:35:00,1865.3,1867.6,1865.3,1867.2,359
2023-02-14 06:40:00,1867.3,1867.7,1866.1,1866.3,196
2023-02-14 06:45:00,1866.2,1868.2,1866.2,1868.0,152
2023-02-14 06:50:00,1868.1,1868.2,1867.0,1867.4,180
2023-02-14 06:55:00,1867.6,1867.8,1866.9,1867.6,118
2023-02-14 07:00:00,1867.6,1868.2,1866.9,1868.1,129
2023-02-14 07:05:00,1868.1,1868.5,1867.4,1867.9,176
2023-02-14 07:10:00,1867.6,1868.0,1867.3,1868.0,56
2023-02-14 07:15:00,1868.1,1868.6,1868.0,1868.6,101
2023-02-14 07:20:00,1868.5,1868.9,1868.3,1868.6,87
2023-02-14 07:25:00,1868.7,1870.5,1868.5,1870.1,392
2023-02-14 07:30:00,1870.3,1870.6,1868.7,1868.7,184
2023-02-14 07:35:00,1868.8,1868.8,1868.1,1868.6,149
2023-02-14 07:40:00,1868.4,1869.0,1868.2,1868.8,141
2023-02-14 07:45:00,1869.0,1870.8,1869.0,1870.3,285
2023-02-14 07:50:00,1870.6,1872.2,1870.5,1871.6,298
2023-02-14 07:55:00,1871.6,1871.6,1870.7,1870.9,182
2023-02-14 08:00:00,1870.8,1872.7,1870.8,1872.3,332
2023-02-14 08:05:00,1872.3,1872.3,1868.7,1869.9,507
2023-02-14 08:10:00,1869.8,1870.2,1868.7,1869.3,338
2023-02-14 08:15:00,1869.2,1870.6,1869.0,1870.3,264
2023-02-14 08:20:00,1870.2,1871.5,1868.5,1869.2,561
2023-02-14 08:25:00,1869.1,1873.2,1868.0,1870.4,419
2023-02-14 08:30:00,1869.3,1881.7,1860.3,1876.4,6029
2023-02-14 08:35:00,1876.7,1878.3,1869.6,1870.8,3830
2023-02-14 08:40:00,1870.9,1873.7,1867.5,1872.6,2528
2023-02-14 08:45:00,1872.2,1877.1,1869.4,1877.0,1596
2023-02-14 08:50:00,1876.9,1877.6,1870.6,1871.1,1513
2023-02-14 08:55:00,1871.3,1875.7,1871.0,1873.1,1235
2023-02-14 09:00:00,1873.2,1877.0,1871.9,1873.3,1337
2023-02-14 09:05:00,1873.4,1874.3,1869.5,1870.6,1203
2023-02-14 09:10:00,1870.5,1870.5,1866.8,1869.2,1635
2023-02-14 09:15:00,1869.1,1870.0,1864.7,1867.2,1656
2023-02-14 09:20:00,1867.1,1867.4,1861.9,1862.6,1738
2023-02-14 09:25:00,1862.5,1863.8,1857.9,1859.4,2460
2023-02-14 09:30:00,1859.3,1860.0,1853.2,1854.3,3720
2023-02-14 09:35:00,1854.3,1858.1,1853.4,1857.5,2113
2023-02-14 09:40:00,1857.3,1862.1,1857.2,1858.3,1694
2023-02-14 09:45:00,1858.4,1861.5,1858.0,1859.8,1275
2023-02-14 09:50:00,1859.7,1863.0,1859.1,1862.3,1085
2023-02-14 09:55:00,1862.5,1868.1,1862.3,1867.0,1961
2023-02-14 10:00:00,1867.0,1871.6,1866.2,1871.6,1793
2023-02-14 10:05:00,1871.7,1876.0,1871.4,1874.2,2036
2023-02-14 10:10:00,1874.0,1876.6,1871.3,1875.5,1243
2023-02-14 10:15:00,1875.6,1876.5,1872.4,1872.6,735
2023-02-14 10:20:00,1872.7,1873.9,1871.8,1873.0,625
2023-02-14 10:25:00,1873.1,1873.4,1869.1,1869.6,763
2023-02-14 10:30:00,1869.6,1871.2,1868.8,1870.6,591
2023-02-14 10:35:00,1870.5,1870.5,1866.7,1867.0,719
2023-02-14 10:40:00,1867.0,1868.0,1865.5,1865.6,595
2023-02-14 10:45:00,1865.5,1866.7,1864.1,1866.3,654
2023-02-14 10:50:00,1866.3,1866.3,1860.3,1861.6,1135
2023-02-14 10:55:00,1861.5,1863.3,1860.9,1862.8,567
2023-02-14 11:00:00,1862.7,1865.0,1861.5,1864.7,636
2023-02-14 11:05:00,1864.6,1865.4,1861.9,1862.0,447
2023-02-14 11:10:00,1862.0,1862.7,1859.9,1860.4,544
2023-02-14 11:15:00,1860.2,1862.3,1859.6,1862.2,513
2023-02-14 11:20:00,1862.1,1863.4,1860.9,1862.9,238
2023-02-14 11:25:00,1863.0,1863.1,1857.8,1858.1,627
2023-02-14 11:30:00,1858.2,1859.0,1857.4,1858.6,416
2023-02-14 11:35:00,1858.6,1859.9,1857.6,1857.7,322
2023-02-14 11:40:00,1857.6,1858.4,1854.2,1857.9,1741
2023-02-14 11:45:00,1857.7,1859.8,1856.7,1859.8,471
2023-02-14 11:50:00,1859.7,1860.4,1857.4,1859.7,453
2023-02-14 11:55:00,1859.4,1860.5,1858.9,1859.9,186
2023-02-14 12:00:00,1859.8,1861.9,1859.6,1860.5,456
2023-02-14 12:05:00,1860.0,1860.5,1859.2,1859.7,186
2023-02-14 12:10:00,1859.6,1861.0,1859.5,1860.1,273
2023-02-14 12:15:00,1860.2,1860.5,1859.4,1860.3,129
2023-02-14 12:20:00,1860.2,1860.3,1859.1,1859.1,188
2023-02-14 12:25:00,1859.0,1860.2,1857.9,1857.9,214
2023-02-14 12:30:00,1858.0,1858.0,1856.8,1857.8,339
2023-02-14 12:35:00,1857.9,1859.5,1857.8,1858.8,171
2023-02-14 12:40:00,1858.5,1858.7,1857.3,1857.7,155
2023-02-14 12:45:00,1857.8,1858.7,1857.2,1858.4,196
2023-02-14 12:50:00,1858.3,1859.8,1858.2,1859.1,156
2023-02-14 12:55:00,1859.0,1860.4,1858.9,1860.3,217
2023-02-14 13:00:00,1860.3,1863.8,1860.1,1863.4,510
2023-02-14 13:05:00,1863.2,1865.0,1862.8,1864.2,565
2023-02-14 13:10:00,1864.2,1864.3,1863.0,1863.8,206
2023-02-14 13:15:00,1863.8,1868.1,1863.7,1868.0,729
2023-02-14 13:20:00,1868.0,1869.3,1866.7,1867.1,557
2023-02-14 13:25:00,1867.1,1867.7,1864.8,1864.9,1133
2023-02-14 13:30:00,1864.9,1867.2,1864.8,1867.0,208
2023-02-14 13:35:00,1867.3,1867.9,1866.1,1866.5,167
2023-02-14 13:40:00,1866.2,1866.6,1865.1,1865.2,75
2023-02-14 13:45:00,1865.3,1866.1,1864.9,1865.0,94
2023-02-14 13:50:00,1865.0,1865.0,1864.2,1864.3,114
2023-02-14 13:55:00,1864.3,1865.0,1863.9,1863.9,104
2023-02-14 14:00:00,1864.1,1864.5,1863.4,1864.0,117
2023-02-14 14:05:00,1863.7,1863.7,1861.6,1862.7,300
2023-02-14 14:10:00,1862.8,1863.0,1862.0,1862.0,76
2023-02-14 14:15:00,1862.1,1862.7,1861.7,1862.3,97
2023-02-14 14:20:00,1862.3,1863.2,1862.1,1863.1,148
2023-02-14 14:25:00,1863.2,1863.5,1863.0,1863.0,56
2023-02-14 14:30:00,1863.2,1864.2,1863.2,1864.2,78
2023-02-14 14:35:00,1864.5,1866.4,1864.5,1865.2,182
2023-02-14 14:40:00,1865.1,1866.1,1865.0,1865.5,129
2023-02-14 14:45:00,1865.7,1866.6,1864.9,1865.0,160
2023-02-14 14:50:00,1865.1,1865.2,1864.1,1864.9,66
2023-02-14 14:55:00,1864.9,1866.0,1864.7,1865.9,100
2023-02-14 15:00:00,1865.9,1866.6,1865.3,1865.4,129
2023-02-14 15:05:00,1865.4,1865.7,1865.2,1865.4,46
2023-02-14 15:10:00,1865.1,1865.7,1864.9,1865.5,59
2023-02-14 15:15:00,1865.6,1866.0,1865.4,1865.8,33
2023-02-14 15:20:00,1865.9,1866.0,1865.1,1865.3,42
2023-02-14 15:25:00,1865.2,1865.8,1865.1,1865.5,46
2023-02-14 15:30:00,1865.4,1865.6,1864.5,1865.6,110
2023-02-14 15:35:00,1865.8,1866.1,1865.4,1865.9,64
2023-02-14 15:40:00,1865.8,1866.0,1865.5,1866.0,34
2023-02-14 15:45:00,1865.9,1866.9,1865.9,1866.9,70
2023-02-14 15:50:00,1866.4,1866.6,1865.6,1865.7,82
2023-02-14 15:55:00,1865.8,1866.7,1865.6,1866.6,106
2023-02-14 16:00:00,1866.5,1866.6,1865.3,1865.4,95
2023-02-14 16:05:00,1865.4,1865.5,1865.2,1865.2,36
2023-02-14 16:10:00,1865.5,1865.5,1865.3,1865.3,30
2023-02-14 16:15:00,1865.4,1865.7,1865.4,1865.7,14
2023-02-14 16:20:00,1865.8,1866.0,1865.7,1865.8,32
2023-02-14 16:25:00,1865.7,1865.7,1865.3,1865.3,24
2023-02-14 16:30:00,1865.5,1865.6,1865.1,1865.1,59
2023-02-14 16:35:00,1865.0,1865.2,1864.5,1864.6,37
2023-02-14 16:40:00,1864.5,1864.8,1864.5,1864.7,16
2023-02-14 16:45:00,1864.7,1865.2,1864.7,1865.1,23
2023-02-14 16:50:00,1865.1,1865.4,1864.3,1865.1,563
2023-02-14 16:55:00,1865.0,1865.2,1864.6,1864.6,34
2023-02-14 18:00:00,1864.7,1865.2,1864.4,1864.5,98
2023-02-14 18:05:00,1864.3,1864.7,1864.3,1864.5,32
2023-02-14 18:10:00,1864.6,1865.0,1864.5,1864.5,26
2023-02-14 18:15:00,1864.7,1865.0,1864.6,1864.9,30
2023-02-14 18:20:00,1864.9,1865.2,1864.8,1865.0,50
2023-02-14 18:25:00,1865.1,1865.2,1865.0,1865.2,19
2023-02-14 18:30:00,1865.0,1865.6,1865.0,1865.2,45
2023-02-14 18:35:00,1865.2,1865.3,1864.6,1864.7,22
2023-02-14 18:40:00,1864.8,1865.7,1864.6,1865.1,91
2023-02-14 18:45:00,1865.0,1865.0,1864.8,1864.9,15
2023-02-14 18:50:00,1864.7,1865.2,1864.7,1864.9,57
2023-02-14 18:55:00,1864.7,1865.2,1864.7,1865.2,11
2023-03-14 00:00:00,1907.8,1908.4,1907.7,1908.0,77
2023-03-14 00:05:00,1908.0,1908.6,1907.9,1908.2,44
2023-03-14 00:10:00,1908.2,1908.2,1907.7,1908.0,26
2023-03-14 00:15:00,1907.9,1908.0,1907.6,1907.8,58
2023-03-14 00:20:00,1907.7,1907.9,1907.4,1907.6,49
2023-03-14 00:25:00,1907.5,1907.8,1907.1,1907.2,76
2023-03-14 00:30:00,1907.4,1907.4,1906.8,1907.1,221
2023-03-14 00:35:00,1907.1,1907.9,1907.0,1907.3,73
2023-03-14 00:40:00,1907.3,1907.6,1906.8,1906.8,77
2023-03-14 00:45:00,1907.2,1907.2,1906.3,1906.5,115
2023-03-14 00:50:00,1906.6,1907.1,1906.3,1907.1,23
2023-03-14 00:55:00,1907.4,1908.9,1907.3,1908.9,145
2023-03-14 01:00:00,1908.8,1909.0,1908.3,1908.3,146
2023-03-14 01:05:00,1908.0,1908.0,1907.3,1907.7,76
2023-03-14 01:10:00,1907.8,1908.0,1907.1,1907.6,130
2023-03-14 01:15:00,1907.7,1908.6,1907.2,1908.0,51
2023-03-14 01:20:00,1908.0,1908.0,1906.3,1906.5,79
2023-03-14 01:25:00,1906.6,1907.3,1906.1,1906.2,124
2023-03-14 01:30:00,1906.3,1907.1,1906.3,1907.0,93
2023-03-14 01:35:00,1907.0,1907.7,1906.8,1907.3,97
2023-03-14 01:40:00,1907.1,1908.0,1906.9,1908.0,41
2023-03-14 01:45:00,1908.0,1908.3,1907.8,1907.9,55
2023-03-14 01:50:00,1908.0,1908.6,1907.7,1908.0,95
2023-03-14 01:55:00,1908.2,1909.1,1908.1,1908.6,127
2023-03-14 02:00:00,1908.6,1909.1,1908.5,1908.7,88
2023-03-14 02:05:00,1908.9,1911.7,1908.9,1911.5,305
2023-03-14 02:10:00,1911.7,1915.8,1911.5,1915.7,934
2023-03-14 02:15:00,1915.6,1918.1,1915.4,1916.3,704
2023-03-14 02:20:00,1916.2,1916.2,1911.1,1914.0,543
2023-03-14 02:25:00,1914.2,1914.4,1912.3,1912.9,234
2023-03-14 02:30:00,1912.8,1913.7,1911.3,1913.5,165
2023-03-14 02:35:00,1913.3,1913.9,1912.7,1913.8,177
2023-03-14 02:40:00,1913.3,1913.5,1911.8,1912.9,113
2023-03-14 02:45:00,1913.0,1913.8,1912.0,1913.8,196
2023-03-14 02:50:00,1913.8,1914.1,1913.2,1914.0,111
2023-03-14 02:55:00,1914.1,1914.7,1913.5,1914.4,117
2023-03-14 03:00:00,1914.5,1917.0,1914.5,1916.2,358
2023-03-14 03:05:00,1916.1,1916.2,1913.4,1914.1,272
2023-03-14 03:10:00,1914.7,1916.7,1914.7,1915.6,299
2023-03-14 03:15:00,1915.8,1915.8,1914.1,1915.3,259
2023-03-14 03:20:00,1915.2,1917.0,1914.8,1916.5,232
2023-03-14 03:25:00,1916.5,1916.7,1914.9,1916.6,192
2023-03-14 03:30:00,1916.5,1917.7,1915.7,1915.7,298
2023-03-14 03:35:00,1915.8,1917.5,1915.6,1916.9,239
2023-03-14 03:40:00,1916.7,1916.9,1914.8,1915.6,237
2023-03-14 03:45:00,1915.8,1917.5,1915.3,1916.4,218
2023-03-14 03:50:00,1916.6,1917.8,1916.5,1916.8,114
2023-03-14 03:55:00,1917.0,1917.2,1916.3,1917.2,94
2023-03-14 04:00:00,1917.1,1918.0,1916.0,1916.6,199
2023-03-14 04:05:00,1916.5,1916.5,1913.4,1913.7,348
2023-03-14 04:10:00,1913.4,1914.1,1912.8,1913.2,290
2023-03-14 04:15:00,1912.9,1914.2,1911.8,1912.3,342
2023-03-14 04:20:00,1912.2,1914.2,1911.7,1912.9,245
2023-03-14 04:25:00,1912.9,1913.8,1912.5,1913.0,100
2023-03-14 04:30:00,1912.8,1912.8,1909.8,1910.4,293
2023-03-14 04:35:00,1910.4,1910.9,1906.6,1907.9,620
2023-03-14 04:40:00,1907.8,1909.0,1906.4,1906.8,490
2023-03-14 04:45:00,1906.8,1907.4,1905.0,1906.8,592
2023-03-14 04:50:00,1907.0,1908.1,1906.9,1907.6,192
2023-03-14 04:55:00,1907.4,1908.7,1907.2,1908.6,200
2023-03-14 05:00:00,1908.7,1909.0,1907.8,1908.0,168
2023-03-14 05:05:00,1908.4,1908.8,1906.8,1907.2,169
2023-03-14 05:10:00,1907.5,1907.7,1905.9,1906.9,102
2023-03-14 05:15:00,1906.9,1907.8,1906.3,1907.0,114
2023-03-14 05:20:00,1906.8,1908.3,1906.5,1908.0,103
2023-03-14 05:25:00,1908.0,1909.2,1907.6,1907.6,139
2023-03-14 05:30:00,1907.4,1907.9,1906.6,1907.3,66
2023-03-14 05:35:00,1907.3,1907.6,1905.6,1906.2,175
2023-03-14 05:40:00,1906.3,1906.8,1905.2,1905.7,204
2023-03-14 05:45:00,1905.5,1906.7,1904.8,1905.5,176
2023-03-14 05:50:00,1905.6,1906.9,1905.1,1906.5,121
2023-03-14 05:55:00,1906.2,1906.5,1905.4,1905.5,97
2023-03-14 06:00:00,1905.5,1907.4,1905.2,1907.2,142
2023-03-14 06:05:00,1907.1,1907.4,1906.5,1906.5,115
2023-03-14 06:10:00,1906.7,1906.9,1905.7,1905.9,98
2023-03-14 06:15:00,1906.1,1907.9,1906.0,1907.7,144
2023-03-14 06:20:00,1908.0,1909.1,1907.8,1908.4,183
2023-03-14 06:25:00,1908.6,1908.6,1906.6,1907.0,126
2023-03-14 06:30:00,1906.9,1907.0,1905.8,1906.5,235
2023-03-14 06:35:00,1906.5,1906.6,1905.8,1905.8,130
2023-03-14 06:40:00,1905.8,1906.3,1905.1,1906.3,138
2023-03-14 06:45:00,1906.1,1907.7,1905.9,1906.9,136
2023-03-14 06:50:00,1907.1,1908.0,1906.5,1907.7,150
2023-03-14 06:55:00,1907.6,1908.4,1907.3,1908.3,120
2023-03-14 07:00:00,1908.2,1908.8,1907.5,1907.7,158
2023-03-14 07:05:00,1907.8,1908.6,1907.2,1908.3,102
2023-03-14 07:10:00,1908.3,1908.6,1907.3,1907.4,66
2023-03-14 07:15:00,1907.6,1908.9,1907.4,1908.4,119
2023-03-14 07:20:00,1908.3,1908.8,1907.4,1908.6,96
2023-03-14 07:25:00,1908.5,1909.0,1908.3,1908.9,94
2023-03-14 07:30:00,1908.7,1908.8,1907.7,1907.7,84
2023-03-14 07:35:00,1907.6,1908.8,1907.5,1908.1,139
2023-03-14 07:40:00,1908.3,1909.4,1907.9,1908.6,169
2023-03-14 07:45:00,1908.6,1909.1,1908.2,1908.8,153
2023-03-14 07:50:00,1908.8,1909.4,1908.5,1908.9,132
2023-03-14 07:55:00,1908.9,1909.3,1908.5,1908.8,129
2023-03-14 08:00:00,1908.8,1911.2,1908.6,1911.1,485
2023-03-14 08:05:00,1911.2,1911.9,1910.0,1911.9,525
2023-03-14 08:10:00,1912.0,1912.5,1910.7,1911.8,341
2023-03-14 08:15:00,1912.1,1912.3,1910.8,1911.6,331
2023-03-14 08:20:00,1911.5,1912.5,1911.1,1911.8,365
2023-03-14 08:25:00,1911.9,1912.5,1906.4,1911.8,481
2023-03-14 08:30:00,1911.8,1916.8,1903.3,1910.7,2076
2023-03-14 08:35:00,1910.6,1913.7,1907.1,1910.8,1575
2023-03-14 08:40:00,1910.7,1915.4,1909.1,1914.5,1151
2023-03-14 08:45:00,1914.5,1915.1,1912.0,1913.8,811
2023-03-14 08:50:00,1913.7,1915.8,1911.9,1915.1,836
2023-03-14 08:55:00,1915.2,1915.7,1913.7,1914.5,458
2023-03-14 09:00:00,1914.7,1915.4,1910.9,1911.5,830
2023-03-14 09:05:00,1911.8,1913.1,1909.3,1910.7,527
2023-03-14 09:10:00,1910.6,1913.9,1910.1,1913.6,450
2023-03-14 09:15:00,1913.4,1913.8,1911.9,1913.2,311
2023-03-14 09:20:00,1913.2,1914.3,1910.2,1911.5,585
2023-03-14 09:25:00,1911.5,1913.2,1911.4,1912.4,274
2023-03-14 09:30:00,1912.3,1912.6,1906.9,1907.0,864
2023-03-14 09:35:00,1906.9,1909.9,1906.7,1908.1,644
2023-03-14 09:40:00,1908.0,1909.4,1902.8,1903.1,1322
2023-03-14 09:45:00,1903.2,1905.0,1899.7,1901.8,1598
2023-03-14 09:50:00,1901.9,1905.0,1900.5,1903.5,855
2023-03-14 09:55:00,1903.4,1906.8,1902.7,1906.8,597
2023-03-14 10:00:00,1906.9,1907.4,1904.6,1907.2,668
2023-03-14 10:05:00,1907.4,1911.5,1907.2,1911.4,1238
2023-03-14 10:10:00,1911.1,1911.5,1909.1,1910.5,722
2023-03-14 10:15:00,1910.6,1911.1,1908.1,1909.1,531
2023-03-14 10:20:00,1909.5,1910.6,1908.2,1908.9,367
2023-03-14 10:25:00,1908.8,1908.9,1905.3,1905.8,672
2023-03-14 10:30:00,1906.0,1909.7,1906.0,1909.1,652
2023-03-14 10:35:00,1909.0,1910.1,1907.5,1909.2,391
2023-03-14 10:40:00,1909.4,1910.5,1908.7,1909.9,292
2023-03-14 10:45:00,1909.7,1911.1,1909.3,1910.4,348
2023-03-14 10:50:00,1910.4,1912.3,1910.4,1911.7,495
2023-03-14 10:55:00,1911.3,1912.3,1910.5,1912.0,303
2023-03-14 11:00:00,1912.2,1912.7,1911.1,1911.6,398
2023-03-14 11:05:00,1911.5,1912.4,1911.0,1912.0,256
2023-03-14 11:10:00,1912.0,1912.7,1911.7,1912.3,228
2023-03-14 11:15:00,1912.2,1913.5,1911.3,1912.3,433
2023-03-14 11:20:00,1912.4,1912.6,1911.4,1911.8,215
2023-03-14 11:25:00,1911.9,1913.6,1911.5,1911.9,344
2023-03-14 11:30:00,1911.8,1912.2,1910.1,1910.3,341
2023-03-14 11:35:00,1910.3,1912.2,1910.0,1911.5,254
2023-03-14 11:40:00,1911.5,1911.9,1909.4,1909.8,224
2023-03-14 11:45:00,1910.0,1910.6,1909.2,1909.8,198
2023-03-14 11:50:00,1909.8,1910.6,1909.2,1909.5,176
2023-03-14 11:55:00,1909.6,1909.8,1908.5,1908.7,176
2023-03-14 12:00:00,1908.9,1909.0,1907.3,1908.0,327
2023-03-14 12:05:00,1907.9,1908.5,1907.4,1907.9,203
2023-03-14 12:10:00,1907.9,1909.2,1907.9,1908.7,155
2023-03-14 12:15:00,1908.6,1908.6,1907.4,1907.4,136
2023-03-14 12:20:00,1907.5,1908.2,1907.4,1907.5,104
2023-03-14 12:25:00,1907.4,1908.4,1906.7,1908.2,176
2023-03-14 12:30:00,1908.1,1910.4,1907.9,1909.9,255
2023-03-14 12:35:00,1909.9,1910.8,1909.6,1910.7,201
2023-03-14 12:40:00,1910.6,1911.4,1910.2,1910.9,179
2023-03-14 12:45:00,1911.1,1911.3,1910.7,1911.1,81
2023-03-14 12:50:00,1911.2,1913.1,1910.7,1913.1,313
2023-03-14 12:55:00,1913.3,1913.8,1912.5,1913.4,517
2023-03-14 13:00:00,1913.4,1913.9,1912.8,1913.5,330
2023-03-14 13:05:00,1913.4,1913.7,1912.6,1913.4,302
2023-03-14 13:10:00,1913.4,1914.5,1913.3,1914.0,219
2023-03-14 13:15:00,1914.0,1914.8,1912.8,1912.8,566
2023-03-14 13:20:00,1913.1,1914.5,1911.9,1914.2,394
2023-03-14 13:25:00,1914.2,1914.3,1910.4,1910.7,486
2023-03-14 13:30:00,1910.7,1911.5,1909.9,1910.8,214
2023-03-14 13:35:00,1910.9,1911.8,1909.9,1910.5,95
2023-03-14 13:40:00,1910.6,1911.5,1910.3,1911.4,97
2023-03-14 13:45:00,1911.5,1912.0,1911.0,1911.2,125
2023-03-14 13:50:00,1911.3,1911.9,1911.2,1911.7,104
2023-03-14 13:55:00,1911.7,1912.4,1910.9,1911.3,135
2023-03-14 14:00:00,1911.3,1911.7,1910.9,1911.4,94
2023-03-14 14:05:00,1911.3,1912.8,1911.2,1912.5,154
2023-03-14 14:10:00,1912.5,1913.2,1912.1,1912.8,164
2023-03-14 14:15:00,1913.0,1914.3,1912.9,1913.2,322
2023-03-14 14:20:00,1913.1,1913.6,1912.2,1913.5,167
2023-03-14 14:25:00,1913.6,1914.0,1912.9,1913.5,210
2023-03-14 14:30:00,1913.6,1913.6,1911.1,1911.1,200
2023-03-14 14:35:00,1911.0,1912.9,1910.9,1912.4,111
2023-03-14 14:40:00,1912.1,1912.9,1911.9,1912.5,90
2023-03-14 14:45:00,1912.5,1913.0,1911.1,1911.8,102
2023-03-14 14:50:00,1911.8,1913.9,1911.7,1913.5,173
2023-03-14 14:55:00,1913.5,1913.6,1910.7,1911.2,149
2023-03-14 15:00:00,1911.1,1911.6,1910.2,1910.6,136
2023-03-14 15:05:00,1910.6,1911.0,1909.7,1910.7,157
2023-03-14 15:10:00,1910.7,1912.2,1910.7,1911.7,178
2023-03-14 15:15:00,1911.2,1911.5,1910.2,1910.5,123
2023-03-14 15:20:00,1910.6,1912.5,1910.3,1911.5,141
2023-03-14 15:25:00,1911.5,1911.9,1909.8,1910.0,118
2023-03-14 15:30:00,1910.2,1910.7,1909.2,1909.6,243
2023-03-14 15:35:00,1909.7,1910.9,1908.2,1908.7,173
2023-03-14 15:40:00,1908.5,1910.0,1908.4,1909.1,93
2023-03-14 15:45:00,1908.9,1909.6,1908.2,1908.5,133
2023-03-14 15:50:00,1908.5,1908.6,1907.4,1907.4,125
2023-03-14 15:55:00,1907.5,1908.0,1906.7,1907.0,311
2023-03-14 16:00:00,1907.0,1908.6,1907.0,1908.2,127
2023-03-14 16:05:00,1908.3,1908.7,1908.1,1908.1,72
2023-03-14 16:10:00,1908.1,1908.3,1907.5,1908.0,77
2023-03-14 16:15:00,1908.1,1908.7,1908.0,1908.7,43
2023-03-14 16:20:00,1908.4,1908.5,1908.1,1908.3,27
2023-03-14 16:25:00,1908.3,1908.3,1907.5,1907.7,38
2023-03-14 16:30:00,1907.5,1908.4,1907.5,1908.3,40
2023-03-14 16:35:00,1908.2,1908.2,1907.7,1907.9,35
2023-03-14 16:40:00,1907.8,1908.0,1907.7,1907.8,27
2023-03-14 16:45:00,1907.9,1908.1,1907.9,1908.0,23
2023-03-14 16:50:00,1907.9,1908.3,1907.9,1908.0,53
2023-03-14 16:55:00,1908.2,1908.4,1907.9,1908.1,57
2023-03-14 18:00:00,1908.0,1908.9,1907.8,1908.6,77
2023-03-14 18:05:00,1908.5,1908.6,1908.1,1908.4,43
2023-03-14 18:10:00,1908.4,1908.7,1908.2,1908.6,51
2023-03-14 18:15:00,1908.5,1908.9,1908.4,1908.4,49
2023-03-14 18:20:00,1908.3,1908.8,1908.2,1908.7,40
2023-03-14 18:25:00,1908.6,1908.7,1908.4,1908.5,14
2023-03-14 18:30:00,1908.5,1909.1,1908.5,1908.9,24
2023-03-14 18:35:00,1909.0,1909.0,1908.8,1908.9,32
2023-03-14 18:40:00,1908.7,1908.7,1908.2,1908.3,39
2023-03-14 18:45:00,1908.2,1908.5,1907.9,1908.1,63
2023-03-14 18:50:00,1908.0,1908.3,1907.9,1908.1,36
2023-03-14 18:55:00,1908.3,1908.6,1908.1,1908.2,74
2023-03-14 19:00:00,1908.2,1908.6,1908.2,1908.4,55
2023-03-14 19:05:00,1908.6,1908.8,1908.5,1908.8,20
2023-03-14 19:10:00,1908.5,1908.5,1908.2,1908.4,25
2023-03-14 19:15:00,1908.2,1908.4,1907.6,1907.9,72
2023-03-14 19:20:00,1908.0,1908.2,1908.0,1908.2,40
2023-03-14 19:25:00,1908.1,1908.3,1908.1,1908.3,9
2023-03-14 19:30:00,1908.3,1908.6,1908.1,1908.3,37
2023-03-14 19:35:00,1908.2,1908.2,1907.4,1907.9,42
2023-03-14 19:40:00,1907.8,1908.2,1907.3,1907.3,69
2023-03-14 19:45:00,1907.3,1907.6,1907.1,1907.4,54
2023-03-14 19:50:00,1907.3,1907.5,1907.2,1907.5,19
2023-03-14 19:55:00,1907.3,1907.8,1907.3,1907.3,17
2023-04-12 00:00:00,2032.3,2032.6,2031.9,2032.5,90
2023-04-12 00:05:00,2032.6,2032.7,2032.3,2032.6,50
2023-04-12 00:10:00,2032.6,2033.0,2032.5,2032.8,65
2023-04-12 00:15:00,2032.6,2032.9,2032.6,2032.8,43
2023-04-12 00:20:00,2032.8,2033.4,2032.8,2033.4,82
2023-04-12 00:25:00,2033.3,2033.8,2033.2,2033.6,103
2023-04-12 00:30:00,2033.7,2033.9,2033.1,2033.4,104
2023-04-12 00:35:00,2033.4,2033.7,2033.1,2033.7,82
2023-04-12 00:40:00,2033.7,2036.1,2033.7,2034.9,948
2023-04-12 00:45:00,2034.9,2036.1,2034.6,2035.7,252
2023-04-12 00:50:00,2035.7,2036.5,2035.5,2035.6,269
2023-04-12 00:55:00,2035.6,2035.7,2035.3,2035.5,106
2023-04-12 01:00:00,2035.4,2035.9,2035.3,2035.5,186
2023-04-12 01:05:00,2035.8,2035.9,2033.7,2033.7,387
2023-04-12 01:10:00,2033.7,2034.1,2033.4,2033.6,230
2023-04-12 01:15:00,2033.5,2033.9,2032.8,2033.9,203
2023-04-12 01:20:00,2033.9,2034.6,2033.8,2034.2,131
2023-04-12 01:25:00,2034.0,2034.5,2033.8,2034.4,51
2023-04-12 01:30:00,2034.5,2035.6,2033.0,2035.3,250
2023-04-12 01:35:00,2035.3,2035.6,2034.7,2035.4,103
2023-04-12 01:40:00,2035.2,2035.3,2034.1,2034.3,70
2023-04-12 01:45:00,2034.2,2034.6,2033.7,2034.6,98
2023-04-12 01:50:00,2034.4,2034.4,2033.6,2033.8,67
2023-04-12 01:55:00,2033.8,2034.1,2033.0,2033.5,132
2023-04-12 02:00:00,2033.5,2033.9,2032.5,2033.8,267
2023-04-12 02:05:00,2033.9,2034.0,2032.7,2032.7,123
2023-04-12 02:10:00,2032.7,2033.1,2032.3,2032.3,200
2023-04-12 02:15:00,2032.4,2033.2,2031.8,2031.9,250
2023-04-12 02:20:00,2031.8,2032.7,2031.6,2032.4,171
2023-04-12 02:25:00,2032.0,2032.1,2029.8,2030.2,451
2023-04-12 02:30:00,2030.0,2030.7,2028.9,2029.4,433
2023-04-12 02:35:00,2029.4,2031.2,2029.3,2031.0,300
2023-04-12 02:40:00,2030.9,2031.3,2030.0,2030.2,217
2023-04-12 02:45:00,2030.2,2031.3,2029.9,2031.1,138
2023-04-12 02:50:00,2031.3,2031.7,2030.8,2031.3,136
2023-04-12 02:55:00,2031.5,2031.7,2030.8,2030.8,79
2023-04-12 03:00:00,2030.8,2032.0,2030.2,2031.3,196
2023-04-12 03:05:00,2031.1,2031.6,2031.0,2031.1,59
2023-04-12 03:10:00,2031.1,2031.7,2031.1,2031.1,91
2023-04-12 03:15:00,2031.2,2031.3,2030.6,2030.7,61
2023-04-12 03:20:00,2031.0,2031.0,2029.7,2029.8,126
2023-04-12 03:25:00,2029.9,2030.1,2028.5,2029.1,393
2023-04-12 03:30:00,2029.0,2029.1,2027.7,2028.2,430
2023-04-12 03:35:00,2028.1,2029.1,2027.8,2028.1,140
2023-04-12 03:40:00,2028.0,2028.1,2026.8,2027.7,276
2023-04-12 03:45:00,2027.5,2028.5,2027.5,2028.4,117
2023-04-12 03:50:00,2028.3,2029.1,2028.2,2028.4,189
2023-04-12 03:55:00,2028.3,2028.6,2027.9,2028.3,111
2023-04-12 04:00:00,2028.4,2028.8,2028.3,2028.3,143
2023-04-12 04:05:00,2028.6,2029.0,2025.6,2025.6,620
2023-04-12 04:10:00,2025.7,2026.8,2025.4,2026.8,630
2023-04-12 04:15:00,2026.5,2026.7,2025.5,2026.5,359
2023-04-12 04:20:00,2026.6,2026.7,2026.2,2026.3,134
2023-04-12 04:25:00,2026.3,2026.4,2024.9,2025.6,479
2023-04-12 04:30:00,2025.6,2025.8,2025.1,2025.3,141
2023-04-12 04:35:00,2025.5,2025.9,2024.8,2025.7,176
2023-04-12 04:40:00,2025.8,2026.2,2025.6,2025.7,115
2023-04-12 04:45:00,2025.7,2026.6,2025.7,2026.0,257
2023-04-12 04:50:00,2026.0,2026.1,2024.6,2025.2,278
2023-04-12 04:55:00,2025.3,2025.3,2024.0,2024.2,194
2023-04-12 05:00:00,2024.1,2024.5,2023.7,2023.7,282
2023-04-12 05:05:00,2023.7,2024.3,2023.6,2024.0,110
2023-04-12 05:10:00,2024.3,2025.5,2024.0,2025.4,210
2023-04-12 05:15:00,2025.4,2026.3,2025.2,2025.7,226
2023-04-12 05:20:00,2025.7,2025.8,2025.3,2025.4,113
2023-04-12 05:25:00,2025.4,2025.4,2024.7,2024.9,89
2023-04-12 05:30:00,2024.9,2025.7,2024.1,2025.6,220
2023-04-12 05:35:00,2025.6,2026.7,2025.3,2026.4,315
2023-04-12 05:40:00,2026.6,2026.7,2025.4,2026.3,185
2023-04-12 05:45:00,2026.3,2026.7,2025.7,2026.6,200
2023-04-12 05:50:00,2026.2,2026.8,2026.1,2026.6,84
2023-04-12 05:55:00,2026.6,2026.6,2025.7,2026.0,105
2023-04-12 06:00:00,2025.7,2026.8,2024.6,2025.0,330
2023-04-12 06:05:00,2024.9,2026.2,2024.9,2025.8,93
2023-04-12 06:10:00,2025.8,2026.3,2025.8,2026.1,100
2023-04-12 06:15:00,2026.3,2026.3,2024.7,2025.3,120
2023-04-12 06:20:00,2025.3,2025.3,2024.1,2024.1,158
2023-04-12 06:25:00,2024.1,2024.2,2022.0,2023.6,646
2023-04-12 06:30:00,2023.3,2024.0,2022.8,2023.7,236
2023-04-12 06:35:00,2023.8,2025.0,2023.8,2024.8,177
2023-04-12 06:40:00,2024.7,2025.1,2024.3,2024.5,115
2023-04-12 06:45:00,2024.4,2024.9,2024.0,2024.9,134
2023-04-12 06:50:00,2025.0,2025.3,2024.6,2024.7,87
2023-04-12 06:55:00,2024.7,2024.9,2023.7,2024.0,157
2023-04-12 07:00:00,2024.2,2024.2,2023.5,2023.9,109
2023-04-12 07:05:00,2023.8,2023.8,2023.1,2023.3,117
2023-04-12 07:10:00,2023.5,2024.3,2023.5,2024.1,205
2023-04-12 07:15:00,2024.2,2024.8,2024.1,2024.7,77
2023-04-12 07:20:00,2024.7,2024.9,2024.2,2024.4,106
2023-04-12 07:25:00,2024.7,2025.4,2024.7,2025.3,104
2023-04-12 07:30:00,2025.5,2025.7,2024.9,2025.4,245
2023-04-12 07:35:00,2025.6,2025.6,2024.6,2024.8,109
2023-04-12 07:40:00,2024.7,2024.8,2023.1,2023.4,195
2023-04-12 07:45:00,2023.5,2023.5,2022.8,2023.5,162
2023-04-12 07:50:00,2023.5,2023.5,2022.7,2023.0,159
2023-04-12 07:55:00,2022.7,2023.8,2022.7,2023.1,126
2023-04-12 08:00:00,2023.1,2023.5,2022.9,2023.4,219
2023-04-12 08:05:00,2023.5,2023.8,2023.1,2023.6,99
2023-04-12 08:10:00,2023.5,2023.8,2023.1,2023.6,123
2023-04-12 08:15:00,2023.4,2024.0,2023.0,2023.7,325
2023-04-12 08:20:00,2023.6,2024.4,2022.3,2022.7,373
2023-04-12 08:25:00,2022.5,2023.6,2021.6,2022.5,450
2023-04-12 08:30:00,2022.8,2041.5,2022.7,2041.0,5847
2023-04-12 08:35:00,2040.9,2043.9,2039.5,2041.1,3180
2023-04-12 08:40:00,2041.2,2042.7,2037.5,2038.0,1745
2023-04-12 08:45:00,2038.4,2039.7,2034.9,2039.0,2039
2023-04-12 08:50:00,2038.9,2040.3,2036.9,2036.9,759
2023-04-12 08:55:00,2036.8,2040.3,2036.2,2037.6,1279
2023-04-12 09:00:00,2037.7,2039.1,2035.7,2036.3,1032
2023-04-12 09:05:00,2036.3,2036.6,2034.3,2034.4,945
2023-04-12 09:10:00,2034.4,2036.4,2031.1,2035.7,1621
2023-04-12 09:15:00,2035.9,2036.2,2033.0,2033.3,666
2023-04-12 09:20:00,2033.5,2036.5,2033.3,2036.4,716
2023-04-12 09:25:00,2036.5,2036.6,2032.5,2032.9,720
2023-04-12 09:30:00,2033.1,2034.1,2028.3,2030.4,1873
2023-04-12 09:35:00,2030.3,2033.2,2029.4,2029.8,946
2023-04-12 09:40:00,2029.9,2030.0,2020.6,2023.4,3035
2023-04-12 09:45:00,2023.3,2023.8,2015.7,2017.6,4212
2023-04-12 09:50:00,2017.6,2019.4,2016.5,2018.7,1435
2023-04-12 09:55:00,2018.6,2022.9,2018.2,2022.7,1519
2023-04-12 10:00:00,2022.9,2024.3,2019.6,2024.2,1699
2023-04-12 10:05:00,2024.1,2025.9,2022.4,2024.5,964
2023-04-12 10:10:00,2024.6,2025.7,2023.8,2025.3,550
2023-04-12 10:15:00,2025.3,2028.2,2025.3,2027.3,1153
2023-04-12 10:20:00,2027.4,2028.3,2025.7,2027.6,714
2023-04-12 10:25:00,2027.5,2027.9,2025.7,2025.7,583
2023-04-12 10:30:00,2025.6,2027.1,2020.8,2021.1,1125
2023-04-12 10:35:00,2021.0,2022.2,2017.9,2021.0,1340
2023-04-12 10:40:00,2021.0,2022.9,2020.0,2022.0,680
2023-04-12 10:45:00,2022.0,2024.4,2021.7,2022.9,579
2023-04-12 10:50:00,2022.9,2023.9,2020.6,2021.9,628
2023-04-12 10:55:00,2021.6,2022.8,2021.3,2021.7,281
2023-04-12 11:00:00,2021.9,2023.5,2021.7,2023.4,324
2023-04-12 11:05:00,2023.2,2024.1,2020.9,2021.9,494
2023-04-12 11:10:00,2021.4,2023.2,2021.1,2021.9,243
2023-04-12 11:15:00,2021.8,2023.9,2020.7,2023.4,552
2023-04-12 11:20:00,2023.4,2024.3,2022.7,2023.5,319
2023-04-12 11:25:00,2023.4,2024.0,2023.1,2023.2,164
2023-04-12 11:30:00,2023.5,2023.5,2022.3,2022.7,183
2023-04-12 11:35:00,2022.6,2022.6,2020.4,2020.6,298
2023-04-12 11:40:00,2020.6,2021.9,2020.5,2021.3,181
2023-04-12 11:45:00,2021.6,2022.9,2021.6,2022.3,222
2023-04-12 11:50:00,2022.3,2023.0,2021.5,2022.4,246
2023-04-12 11:55:00,2022.3,2022.5,2020.5,2020.6,228
2023-04-12 12:00:00,2020.6,2022.2,2020.0,2022.2,294
2023-04-12 12:05:00,2022.1,2022.9,2022.1,2022.6,181
2023-04-12 12:10:00,2022.5,2023.4,2022.1,2023.0,349
2023-04-12 12:15:00,2023.0,2023.5,2022.5,2023.1,164
2023-04-12 12:20:00,2023.3,2024.0,2023.3,2023.8,212
2023-04-12 12:25:00,2023.8,2024.3,2023.1,2023.6,480
2023-04-12 12:30:00,2023.6,2023.9,2022.1,2022.2,209
2023-04-12 12:35:00,2022.2,2023.1,2021.6,2022.9,150
2023-04-12 12:40:00,2022.9,2023.0,2022.1,2022.1,97
2023-04-12 12:45:00,2022.1,2023.7,2022.0,2023.5,149
2023-04-12 12:50:00,2023.3,2023.3,2021.7,2022.0,139
2023-04-12 12:55:00,2021.9,2022.9,2021.7,2022.8,87
2023-04-12 13:00:00,2022.7,2023.4,2021.2,2022.1,620
2023-04-12 13:05:00,2022.3,2023.9,2022.3,2022.6,190
2023-04-12 13:10:00,2022.7,2023.0,2022.1,2022.4,110
2023-04-12 13:15:00,2022.5,2023.8,2022.5,2023.1,164
2023-04-12 13:20:00,2023.1,2024.2,2022.6,2023.9,198
2023-04-12 13:25:00,2024.0,2025.2,2023.8,2024.9,421
2023-04-12 13:30:00,2024.9,2025.5,2024.2,2025.5,269
2023-04-12 13:35:00,2025.5,2025.8,2024.7,2024.8,230
2023-04-12 13:40:00,2024.8,2026.1,2024.0,2025.7,492
2023-04-12 13:45:00,2025.8,2027.2,2025.7,2026.9,523
2023-04-12 13:50:00,2026.9,2027.4,2026.5,2027.1,268
2023-04-12 13:55:00,2027.1,2027.3,2026.0,2026.1,242
2023-04-12 14:00:00,2026.0,2029.0,2025.7,2028.4,923
2023-04-12 14:05:00,2028.5,2029.5,2027.6,2029.1,422
2023-04-12 14:10:00,2029.2,2029.7,2028.2,2029.5,178
2023-04-12 14:15:00,2029.5,2031.7,2029.5,2031.2,620
2023-04-12 14:20:00,2031.2,2031.9,2030.5,2030.8,302
2023-04-12 14:25:00,2030.7,2030.9,2028.4,2028.9,364
2023-04-12 14:30:00,2028.9,2030.5,2028.8,2030.2,312
2023-04-12 14:35:00,2030.1,2031.3,2029.5,2030.3,239
2023-04-12 14:40:00,2030.3,2031.1,2030.0,2031.1,152
2023-04-12 14:45:00,2031.0,2031.5,2029.5,2029.9,221
2023-04-12 14:50:00,2029.7,2029.8,2028.9,2029.7,183
2023-04-12 14:55:00,2029.3,2030.8,2029.0,2030.8,128
2023-04-12 15:00:00,2030.7,2032.7,2030.6,2031.2,357
2023-04-12 15:05:00,2031.2,2032.0,2030.9,2031.5,119
2023-04-12 15:10:00,2031.4,2031.9,2031.3,2031.4,74
2023-04-12 15:15:00,2031.5,2032.7,2031.0,2031.9,184
2023-04-12 15:20:00,2031.8,2032.4,2031.5,2031.8,110
2023-04-12 15:25:00,2032.1,2032.1,2031.4,2031.4,126
2023-04-12 15:30:00,2031.7,2031.8,2030.9,2031.4,143
2023-04-12 15:35:00,2031.3,2031.3,2030.4,2030.8,134
2023-04-12 15:40:00,2030.9,2031.0,2029.7,2029.9,100
2023-04-12 15:45:00,2029.8,2029.9,2029.0,2029.0,124
2023-04-12 15:50:00,2029.1,2029.2,2028.6,2028.8,143
2023-04-12 15:55:00,2028.6,2029.1,2028.1,2028.7,152
2023-04-12 16:00:00,2028.8,2029.8,2028.2,2028.9,183
2023-04-12 16:05:00,2029.0,2029.0,2028.1,2028.2,47
2023-04-12 16:10:00,2028.2,2028.4,2028.0,2028.3,63
2023-04-12 16:15:00,2028.3,2028.6,2028.2,2028.6,213
2023-04-12 16:20:00,2028.6,2029.4,2028.6,2028.9,76
2023-04-12 16:25:00,2029.1,2029.5,2029.0,2029.3,33
2023-04-12 16:30:00,2029.2,2029.4,2028.5,2029.1,97
2023-04-12 16:35:00,2029.2,2029.2,2028.9,2029.2,18
2023-04-12 16:40:00,2029.3,2029.3,2029.1,2029.3,33
2023-04-12 16:45:00,2029.3,2029.7,2029.0,2029.5,62
2023-04-12 16:50:00,2029.7,2029.8,2029.6,2029.6,55
2023-04-12 16:55:00,2029.6,2029.8,2029.5,2029.5,64
2023-04-12 18:00:00,2027.2,2030.7,2027.1,2029.1,122
2023-04-12 18:05:00,2028.7,2028.9,2028.6,2028.9,26
2023-04-12 18:10:00,2028.9,2029.1,2028.8,2028.9,14
2023-04-12 18:15:00,2028.9,2028.9,2028.6,2028.7,27
2023-04-12 18:20:00,2028.6,2028.9,2028.6,2028.6,37
2023-04-12 18:25:00,2028.6,2028.7,2028.6,2028.6,10
2023-04-12 18:30:00,2028.8,2029.1,2028.8,2029.1,24
2023-04-12 18:35:00,2029.1,2029.3,2029.1,2029.3,28
2023-04-12 18:40:00,2029.2,2029.3,2029.0,2029.3,32
2023-04-12 18:45:00,2029.2,2029.2,2028.9,2029.2,17
2023-04-12 18:50:00,2029.2,2029.2,2029.0,2029.1,16
2023-04-12 18:55:00,2029.2,2029.6,2029.1,2029.6,19
2023-04-12 19:00:00,2029.6,2030.5,2029.6,2030.2,106
2023-04-12 19:05:00,2030.4,2030.7,2030.2,2030.4,41
2023-04-12 19:10:00,2030.5,2030.5,2030.0,2030.3,46
2023-04-12 19:15:00,2030.5,2030.7,2030.3,2030.5,63
2023-04-12 19:20:00,2030.5,2030.8,2030.4,2030.7,34
2023-04-12 19:25:00,2030.8,2031.6,2030.6,2030.9,83
2023-04-12 19:30:00,2031.2,2031.6,2031.0,2031.6,31
2023-04-12 19:35:00,2031.6,2032.0,2031.6,2031.6,68
2023-04-12 19:40:00,2031.7,2031.8,2031.5,2031.7,53
2023-04-12 19:45:00,2031.8,2031.9,2031.6,2031.9,30
2023-04-12 19:50:00,2032.0,2032.9,2032.0,2032.3,128
2023-04-12 19:55:00,2032.5,2032.7,2032.0,2032.6,35
2023-05-10 00:00:00,2038.6,2038.7,2038.1,2038.3,70
2023-05-10 00:05:00,2038.2,2038.4,2037.9,2038.3,40
2023-05-10 00:10:00,2038.4,2038.6,2038.3,2038.5,70
2023-05-10 00:15:00,2038.4,2038.5,2038.3,2038.3,34
2023-05-10 00:20:00,2038.3,2038.5,2038.2,2038.4,48
2023-05-10 00:25:00,2038.4,2038.4,2037.9,2038.3,52
2023-05-10 00:30:00,2038.4,2038.4,2037.9,2038.1,96
2023-05-10 00:35:00,2038.1,2038.1,2037.8,2038.0,35
2023-05-10 00:40:00,2038.0,2038.5,2037.6,2037.7,152
2023-05-10 00:45:00,2037.6,2037.8,2037.1,2037.2,124
2023-05-10 00:50:00,2037.2,2037.3,2036.7,2037.2,249
2023-05-10 00:55:00,2037.2,2037.7,2036.9,2037.7,109
2023-05-10 01:00:00,2037.5,2038.4,2037.5,2038.2,153
2023-05-10 01:05:00,2038.2,2038.2,2037.2,2037.7,89
2023-05-10 01:10:00,2037.6,2037.8,2037.3,2037.6,41
2023-05-10 01:15:00,2037.5,2037.5,2036.9,2037.0,106
2023-05-10 01:20:00,2037.0,2037.5,2036.8,2036.8,79
2023-05-10 01:25:00,2036.7,2036.9,2036.5,2036.6,109
2023-05-10 01:30:00,2036.6,2037.1,2036.0,2036.1,136
2023-05-10 01:35:00,2036.0,2036.5,2035.2,2036.2,477
2023-05-10 01:40:00,2036.2,2036.2,2034.6,2035.0,246
2023-05-10 01:45:00,2035.1,2035.4,2034.9,2034.9,146
2023-05-10 01:50:00,2035.0,2035.5,2035.0,2035.4,110
2023-05-10 01:55:00,2035.5,2036.2,2034.8,2036.0,221
2023-05-10 02:00:00,2035.8,2036.5,2035.6,2036.5,238
2023-05-10 02:05:00,2036.5,2037.1,2035.7,2035.7,196
2023-05-10 02:10:00,2035.9,2036.7,2035.9,2036.5,134
2023-05-10 02:15:00,2036.2,2036.8,2035.0,2035.0,141
2023-05-10 02:20:00,2035.0,2035.3,2034.4,2035.1,311
2023-05-10 02:25:00,2035.2,2035.7,2035.0,2035.1,188
2023-05-10 02:30:00,2035.0,2036.2,2034.7,2036.0,310
2023-05-10 02:35:00,2036.0,2037.4,2036.0,2037.2,482
2023-05-10 02:40:00,2037.1,2038.1,2036.9,2037.7,353
2023-05-10 02:45:00,2037.9,2038.8,2037.8,2038.8,432
2023-05-10 02:50:00,2038.6,2040.0,2038.5,2039.2,301
2023-05-10 02:55:00,2039.4,2039.7,2038.1,2039.1,453
2023-05-10 03:00:00,2038.8,2039.0,2037.2,2038.0,350
2023-05-10 03:05:00,2038.1,2038.3,2036.6,2036.7,185
2023-05-10 03:10:00,2036.7,2037.0,2035.8,2035.8,164
2023-05-10 03:15:00,2036.0,2036.9,2035.7,2036.3,126
2023-05-10 03:20:00,2036.3,2036.3,2035.1,2035.6,208
2023-05-10 03:25:00,2035.6,2036.0,2035.4,2035.9,89
2023-05-10 03:30:00,2035.9,2037.0,2035.9,2036.5,115
2023-05-10 03:35:00,2036.8,2037.1,2036.2,2036.6,157
2023-05-10 03:40:00,2036.6,2037.5,2036.6,2037.0,185
2023-05-10 03:45:00,2037.1,2038.1,2037.1,2037.4,193
2023-05-10 03:50:00,2037.4,2037.9,2036.7,2037.7,178
2023-05-10 03:55:00,2037.6,2039.2,2037.6,2038.9,176
2023-05-10 04:00:00,2038.7,2039.0,2037.3,2037.7,108
2023-05-10 04:05:00,2038.0,2038.3,2037.2,2037.9,143
2023-05-10 04:10:00,2038.2,2038.4,2037.0,2037.2,87
2023-05-10 04:15:00,2037.3,2037.4,2035.8,2036.1,185
2023-05-10 04:20:00,2036.2,2036.5,2035.3,2035.6,135
2023-05-10 04:25:00,2035.6,2036.0,2035.3,2035.4,95
2023-05-10 04:30:00,2035.4,2035.8,2033.5,2033.9,559
2023-05-10 04:35:00,2033.8,2034.7,2033.2,2034.2,274
2023-05-10 04:40:00,2034.5,2034.7,2033.5,2034.2,155
2023-05-10 04:45:00,2034.2,2035.3,2033.9,2035.0,216
2023-05-10 04:50:00,2035.1,2036.0,2035.1,2035.2,205
2023-05-10 04:55:00,2035.2,2035.6,2034.8,2035.3,117
2023-05-10 05:00:00,2035.4,2035.8,2035.0,2035.7,89
2023-05-10 05:05:00,2035.7,2036.3,2035.3,2036.2,134
2023-05-10 05:10:00,2036.2,2036.6,2035.9,2035.9,94
2023-05-10 05:15:00,2035.9,2036.3,2035.9,2036.1,42
2023-05-10 05:20:00,2036.2,2036.6,2036.0,2036.1,77
2023-05-10 05:25:00,2036.2,2036.7,2035.9,2036.5,59
2023-05-10 05:30:00,2036.5,2036.7,2035.7,2035.7,144
2023-05-10 05:35:00,2035.7,2036.2,2035.1,2036.1,96
2023-05-10 05:40:00,2036.1,2036.4,2035.9,2036.2,29
2023-05-10 05:45:00,2036.2,2036.8,2036.0,2036.7,113
2023-05-10 05:50:00,2036.8,2037.0,2036.2,2036.4,85
2023-05-10 05:55:00,2036.4,2036.7,2035.7,2035.8,123
2023-05-10 06:00:00,2035.9,2037.3,2035.8,2037.2,205
2023-05-10 06:05:00,2037.3,2037.7,2037.2,2037.3,88
2023-05-10 06:10:00,2037.3,2037.9,2036.8,2037.4,122
2023-05-10 06:15:00,2037.5,2038.3,2037.2,2037.7,105
2023-05-10 06:20:00,2037.8,2038.6,2037.6,2038.4,120
2023-05-10 06:25:00,2038.3,2038.7,2038.0,2038.5,116
2023-05-10 06:30:00,2038.4,2038.5,2037.9,2038.0,109
2023-05-10 06:35:00,2038.0,2039.0,2038.0,2038.9,120
2023-05-10 06:40:00,2038.8,2039.1,2038.3,2038.7,122
2023-05-10 06:45:00,2038.7,2038.8,2038.4,2038.7,54
2023-05-10 06:50:00,2038.5,2039.0,2038.5,2038.9,75
2023-05-10 06:55:00,2038.6,2038.8,2038.1,2038.3,97
2023-05-10 07:00:00,2038.2,2038.2,2036.4,2036.5,268
2023-05-10 07:05:00,2036.5,2037.1,2036.3,2036.8,148
2023-05-10 07:10:00,2036.7,2038.6,2036.7,2038.1,147
2023-05-10 07:15:00,2038.0,2038.2,2037.8,2038.0,83
2023-05-10 07:20:00,2037.9,2038.7,2037.6,2038.7,102
2023-05-10 07:25:00,2038.7,2038.7,2038.1,2038.3,105
2023-05-10 07:30:00,2038.3,2038.5,2037.7,2038.3,132
2023-05-10 07:35:00,2038.2,2038.7,2037.6,2037.7,127
2023-05-10 07:40:00,2037.7,2037.8,2037.1,2037.5,171
2023-05-10 07:45:00,2037.8,2038.0,2036.3,2036.4,89
2023-05-10 07:50:00,2036.4,2036.6,2035.2,2035.6,213
2023-05-10 07:55:00,2035.7,2036.3,2035.7,2036.2,140
2023-05-10 08:00:00,2036.2,2037.0,2036.0,2036.4,208
2023-05-10 08:05:00,2036.2,2036.6,2035.0,2035.1,292
2023-05-10 08:10:00,2035.0,2035.9,2034.5,2035.8,254
2023-05-10 08:15:00,2035.6,2035.8,2034.2,2035.3,333
2023-05-10 08:20:00,2035.5,2037.9,2032.2,2032.2,1084
2023-05-10 08:25:00,2032.1,2038.9,2032.0,2037.0,841
2023-05-10 08:30:00,2037.6,2053.0,2037.1,2048.4,8193
2023-05-10 08:35:00,2048.6,2052.9,2046.8,2052.3,2799
2023-05-10 08:40:00,2052.4,2055.7,2051.6,2053.6,2712
2023-05-10 08:45:00,2053.6,2055.0,2050.1,2053.4,1300
2023-05-10 08:50:00,2053.7,2055.5,2052.8,2054.1,1296
2023-05-10 08:55:00,2054.2,2055.0,2051.7,2052.8,750
2023-05-10 09:00:00,2052.8,2053.9,2050.0,2050.3,1466
2023-05-10 09:05:00,2050.1,2050.9,2045.0,2045.4,2315
2023-05-10 09:10:00,2045.2,2047.1,2044.0,2045.1,1645
2023-05-10 09:15:00,2045.2,2045.8,2043.1,2044.6,1286
2023-05-10 09:20:00,2044.8,2045.2,2042.0,2043.1,1378
2023-05-10 09:25:00,2042.7,2043.1,2040.7,2040.7,1028
2023-05-10 09:30:00,2040.8,2043.0,2039.0,2039.1,1756
2023-05-10 09:35:00,2038.9,2044.7,2038.6,2041.6,1905
2023-05-10 09:40:00,2041.3,2044.2,2039.6,2043.2,1365
2023-05-10 09:45:00,2043.1,2048.2,2043.0,2046.0,2013
2023-05-10 09:50:00,2046.1,2047.3,2044.8,2046.2,1030
2023-05-10 09:55:00,2046.2,2046.2,2044.3,2045.1,622
2023-05-10 10:00:00,2045.1,2045.2,2042.3,2044.1,1265
2023-05-10 10:05:00,2044.0,2045.1,2042.7,2042.9,755
2023-05-10 10:10:00,2042.9,2044.0,2041.6,2042.5,737
2023-05-10 10:15:00,2042.5,2044.6,2040.9,2043.4,1237
2023-05-10 10:20:00,2043.7,2044.4,2041.4,2042.7,802
2023-05-10 10:25:00,2042.5,2042.7,2040.8,2041.2,497
2023-05-10 10:30:00,2041.2,2041.5,2039.2,2039.5,1044
2023-05-10 10:35:00,2039.5,2040.6,2036.9,2037.8,1813
2023-05-10 10:40:00,2037.7,2038.2,2035.5,2035.6,1475
2023-05-10 10:45:00,2035.7,2037.9,2034.9,2037.3,1103
2023-05-10 10:50:00,2037.3,2038.2,2035.3,2035.5,642
2023-05-10 10:55:00,2035.7,2036.8,2035.2,2035.9,601
2023-05-10 11:00:00,2035.9,2036.8,2035.1,2035.5,691
2023-05-10 11:05:00,2035.4,2036.0,2031.2,2031.8,1444
2023-05-10 11:10:00,2031.7,2031.8,2028.4,2029.7,2385
2023-05-10 11:15:00,2029.7,2031.2,2029.2,2030.2,1174
2023-05-10 11:20:00,2030.1,2031.2,2029.3,2031.0,718
2023-05-10 11:25:00,2031.0,2032.3,2030.5,2031.0,838
2023-05-10 11:30:00,2030.8,2031.9,2030.2,2031.8,772
2023-05-10 11:35:00,2031.6,2032.2,2030.8,2031.5,536
2023-05-10 11:40:00,2031.5,2032.0,2029.8,2030.5,402
2023-05-10 11:45:00,2030.5,2031.1,2028.8,2029.6,480
2023-05-10 11:50:00,2029.5,2031.5,2029.4,2030.7,471
2023-05-10 11:55:00,2030.8,2032.1,2029.7,2032.0,366
2023-05-10 12:00:00,2032.0,2032.6,2031.4,2032.5,512
2023-05-10 12:05:00,2032.5,2032.9,2031.5,2031.7,422
2023-05-10 12:10:00,2031.8,2032.8,2031.8,2032.5,271
2023-05-10 12:15:00,2032.7,2032.8,2031.4,2032.3,241
2023-05-10 12:20:00,2032.4,2033.3,2032.2,2033.2,237
2023-05-10 12:25:00,2033.1,2033.3,2032.5,2032.8,165
2023-05-10 12:30:00,2032.6,2033.1,2031.6,2033.1,270
2023-05-10 12:35:00,2033.1,2034.0,2033.1,2033.3,458
2023-05-10 12:40:00,2033.3,2033.8,2032.9,2033.5,249
2023-05-10 12:45:00,2033.5,2034.2,2032.9,2033.5,187
2023-05-10 12:50:00,2033.5,2034.8,2033.5,2034.8,173
2023-05-10 12:55:00,2034.9,2035.7,2034.4,2034.7,489
2023-05-10 13:00:00,2034.8,2036.3,2034.1,2036.1,508
2023-05-10 13:05:00,2036.0,2036.4,2035.4,2036.0,273
2023-05-10 13:10:00,2036.0,2036.4,2035.6,2035.8,209
2023-05-10 13:15:00,2035.8,2036.4,2035.7,2036.4,228
2023-05-10 13:20:00,2036.4,2036.8,2035.9,2036.8,179
2023-05-10 13:25:00,2036.7,2037.9,2036.6,2037.0,483
2023-05-10 13:30:00,2037.0,2037.9,2036.6,2037.5,342
2023-05-10 13:35:00,2037.4,2037.9,2036.9,2037.8,322
2023-05-10 13:40:00,2037.6,2040.3,2037.3,2039.3,719
2023-05-10 13:45:00,2039.4,2039.4,2037.7,2038.6,526
2023-05-10 13:50:00,2038.7,2038.7,2037.5,2038.1,301
2023-05-10 13:55:00,2038.1,2038.4,2037.6,2037.8,167
2023-05-10 14:00:00,2037.8,2038.4,2037.5,2037.7,212
2023-05-10 14:05:00,2037.7,2038.1,2037.6,2037.8,122
2023-05-10 14:10:00,2037.6,2038.2,2037.5,2038.0,111
2023-05-10 14:15:00,2037.9,2038.4,2037.2,2038.0,184
2023-05-10 14:20:00,2038.0,2038.5,2037.7,2037.7,85
2023-05-10 14:25:00,2037.6,2037.8,2037.4,2037.8,148
2023-05-10 14:30:00,2037.7,2039.3,2037.7,2039.0,274
2023-05-10 14:35:00,2038.8,2039.0,2038.3,2039.0,104
2023-05-10 14:40:00,2039.1,2039.9,2038.8,2039.8,132
2023-05-10 14:45:00,2039.7,2041.1,2039.2,2040.9,377
2023-05-10 14:50:00,2041.0,2041.0,2038.8,2039.3,278
2023-05-10 14:55:00,2039.3,2039.7,2038.8,2039.1,90
2023-05-10 15:00:00,2039.0,2039.4,2038.4,2038.5,98
2023-05-10 15:05:00,2038.6,2038.9,2037.8,2038.0,125
2023-05-10 15:10:00,2038.1,2038.4,2037.9,2038.2,101
2023-05-10 15:15:00,2038.5,2038.6,2038.0,2038.4,53
2023-05-10 15:20:00,2038.3,2038.4,2037.6,2037.6,86
2023-05-10 15:25:00,2037.6,2037.8,2036.6,2037.2,186
2023-05-10 15:30:00,2037.2,2037.2,2035.9,2036.2,300
2023-05-10 15:35:00,2036.1,2036.7,2035.9,2036.1,113
2023-05-10 15:40:00,2036.0,2036.5,2036.0,2036.3,109
2023-05-10 15:45:00,2036.4,2037.2,2036.0,2036.4,71
2023-05-10 15:50:00,2036.6,2037.7,2036.6,2037.6,247
2023-05-10 15:55:00,2037.6,2038.0,2037.3,2037.7,223
2023-05-10 16:00:00,2037.7,2038.0,2037.3,2037.3,137
2023-05-10 16:05:00,2037.4,2038.0,2037.4,2037.8,58
2023-05-10 16:10:00,2037.7,2038.1,2037.7,2037.8,49
2023-05-10 16:15:00,2037.6,2037.9,2037.4,2037.7,54
2023-05-10 16:20:00,2037.8,2037.8,2037.5,2037.8,43
2023-05-10 16:25:00,2037.5,2038.0,2037.4,2037.9,69
2023-05-10 16:30:00,2037.9,2038.5,2037.9,2038.5,61
2023-05-10 16:35:00,2038.3,2038.4,2038.0,2038.0,38
2023-05-10 16:40:00,2038.0,2038.2,2038.0,2038.1,30
2023-05-10 16:45:00,2038.2,2038.4,2037.7,2037.9,44
2023-05-10 16:50:00,2037.9,2037.9,2036.7,2036.8,84
2023-05-10 16:55:00,2036.7,2037.2,2036.0,2037.0,205
2023-05-10 18:00:00,2037.4,2037.4,2036.2,2036.5,148
2023-05-10 18:05:00,2036.6,2037.1,2036.4,2037.0,56
2023-05-10 18:10:00,2037.0,2037.0,2036.7,2036.9,11
2023-05-10 18:15:00,2036.8,2037.0,2036.7,2037.0,26
2023-05-10 18:20:00,2037.0,2037.4,2037.0,2037.2,39
2023-05-10 18:25:00,2037.4,2037.8,2037.4,2037.7,36
2023-05-10 18:30:00,2037.5,2037.5,2036.7,2036.7,27
2023-05-10 18:35:00,2036.8,2037.0,2036.6,2037.0,29
2023-05-10 18:40:00,2037.0,2037.1,2037.0,2037.1,8
2023-05-10 18:45:00,2037.2,2037.5,2036.9,2037.0,48
2023-05-10 18:50:00,2036.9,2037.1,2036.9,2037.1,32
2023-05-10 18:55:00,2037.1,2037.3,2037.1,2037.1,14
2023-05-10 19:00:00,2037.3,2038.3,2037.2,2037.7,130
2023-05-10 19:05:00,2037.8,2037.9,2037.1,2037.3,58
2023-05-10 19:10:00,2037.4,2037.5,2037.2,2037.4,20
2023-05-10 19:15:00,2037.4,2037.8,2037.4,2037.4,52
2023-05-10 19:20:00,2037.5,2038.0,2037.5,2037.8,20
2023-05-10 19:25:00,2037.9,2038.0,2037.7,2037.7,19
2023-05-10 19:30:00,2037.7,2037.8,2037.6,2037.6,36
2023-05-10 19:35:00,2037.7,2037.7,2036.9,2037.1,55
2023-05-10 19:40:00,2037.1,2037.3,2037.0,2037.1,43
2023-05-10 19:45:00,2037.3,2037.9,2037.3,2037.7,49
2023-05-10 19:50:00,2037.7,2038.4,2037.7,2038.2,28
2023-05-10 19:55:00,2038.2,2038.3,2037.6,2037.6,34
2023-06-13 00:00:00,1975.9,1976.0,1975.3,1975.9,131
2023-06-13 00:05:00,1976.0,1976.0,1975.5,1975.7,68
2023-06-13 00:10:00,1975.6,1975.7,1975.3,1975.6,54
2023-06-13 00:15:00,1975.5,1975.5,1974.8,1975.1,130
2023-06-13 00:20:00,1975.1,1975.2,1974.7,1974.8,89
2023-06-13 00:25:00,1974.7,1974.9,1974.3,1974.5,91
2023-06-13 00:30:00,1974.4,1974.9,1974.1,1974.8,79
2023-06-13 00:35:00,1974.8,1974.8,1974.4,1974.4,50
2023-06-13 00:40:00,1974.5,1974.8,1974.2,1974.6,61
2023-06-13 00:45:00,1974.8,1974.9,1974.4,1974.4,46
2023-06-13 00:50:00,1974.7,1974.9,1974.5,1974.5,31
2023-06-13 00:55:00,1974.5,1974.5,1974.2,1974.5,39
2023-06-13 01:00:00,1974.5,1975.2,1974.4,1975.2,61
2023-06-13 01:05:00,1975.2,1975.2,1974.5,1974.5,51
2023-06-13 01:10:00,1974.5,1974.8,1974.4,1974.4,38
2023-06-13 01:15:00,1974.4,1974.7,1974.3,1974.4,38
2023-06-13 01:20:00,1974.3,1974.8,1974.0,1974.6,63
2023-06-13 01:25:00,1974.3,1974.4,1973.4,1974.3,212
2023-06-13 01:30:00,1974.3,1974.4,1973.5,1974.0,73
2023-06-13 01:35:00,1974.0,1974.1,1973.4,1973.8,59
2023-06-13 01:40:00,1973.9,1973.9,1973.1,1973.5,106
2023-06-13 01:45:00,1973.5,1973.6,1972.3,1972.4,181
2023-06-13 01:50:00,1972.5,1972.7,1972.2,1972.3,87
2023-06-13 01:55:00,1972.5,1972.8,1972.3,1972.4,50
2023-06-13 02:00:00,1972.5,1973.4,1972.3,1972.9,143
2023-06-13 02:05:00,1972.7,1973.9,1972.6,1973.4,108
2023-06-13 02:10:00,1973.6,1973.7,1973.1,1973.6,106
2023-06-13 02:15:00,1973.6,1973.6,1972.9,1973.5,45
2023-06-13 02:20:00,1973.5,1976.5,1973.5,1975.6,502
2023-06-13 02:25:00,1975.3,1975.7,1974.9,1975.2,117
2023-06-13 02:30:00,1975.0,1976.8,1974.9,1976.3,216
2023-06-13 02:35:00,1976.5,1977.4,1976.0,1977.3,280
2023-06-13 02:40:00,1977.3,1977.5,1976.9,1977.1,201
2023-06-13 02:45:00,1977.1,1977.3,1975.9,1975.9,364
2023-06-13 02:50:00,1975.9,1976.3,1975.7,1976.2,117
2023-06-13 02:55:00,1975.7,1976.6,1975.4,1976.2,351
2023-06-13 03:00:00,1976.2,1976.7,1976.0,1976.4,106
2023-06-13 03:05:00,1976.6,1978.5,1976.6,1978.1,363
2023-06-13 03:10:00,1977.9,1978.9,1977.9,1978.2,186
2023-06-13 03:15:00,1978.2,1978.5,1977.9,1978.0,115
2023-06-13 03:20:00,1977.9,1979.2,1977.7,1977.9,159
2023-06-13 03:25:00,1977.8,1978.6,1977.7,1977.9,101
2023-06-13 03:30:00,1977.7,1978.5,1977.6,1978.5,115
2023-06-13 03:35:00,1978.5,1978.6,1977.6,1977.8,117
2023-06-13 03:40:00,1977.6,1977.6,1976.6,1976.7,117
2023-06-13 03:45:00,1976.7,1976.8,1976.4,1976.8,82
2023-06-13 03:50:00,1976.7,1977.1,1976.2,1976.3,79
2023-06-13 03:55:00,1976.3,1976.6,1976.0,1976.3,55
2023-06-13 04:00:00,1976.3,1976.4,1975.3,1975.8,124
2023-06-13 04:05:00,1975.8,1976.5,1975.7,1976.5,94
2023-06-13 04:10:00,1976.5,1976.7,1976.1,1976.7,91
2023-06-13 04:15:00,1976.7,1977.3,1976.1,1976.4,110
2023-06-13 04:20:00,1976.4,1976.5,1975.5,1975.8,104
2023-06-13 04:25:00,1975.7,1976.2,1975.5,1976.2,29
2023-06-13 04:30:00,1976.6,1977.4,1976.5,1977.1,55
2023-06-13 04:35:00,1977.2,1977.3,1976.5,1977.2,61
2023-06-13 04:40:00,1977.2,1978.2,1977.0,1977.6,113
2023-06-13 04:45:00,1977.6,1978.3,1977.6,1978.2,54
2023-06-13 04:50:00,1977.9,1978.5,1977.9,1978.2,84
2023-06-13 04:55:00,1977.8,1978.8,1977.8,1978.1,61
2023-06-13 05:00:00,1977.9,1978.5,1977.5,1978.1,126
2023-06-13 05:05:00,1978.1,1978.2,1977.0,1977.3,113
2023-06-13 05:10:00,1977.2,1977.2,1976.5,1977.2,71
2023-06-13 05:15:00,1977.3,1977.4,1976.8,1976.8,44
2023-06-13 05:20:00,1976.9,1977.3,1976.9,1977.2,19
2023-06-13 05:25:00,1977.3,1977.3,1977.0,1977.1,56
2023-06-13 05:30:00,1977.1,1978.1,1977.1,1977.4,101
2023-06-13 05:35:00,1977.3,1977.6,1976.9,1976.9,55
2023-06-13 05:40:00,1977.0,1977.2,1976.5,1976.5,52
2023-06-13 05:45:00,1976.6,1977.4,1976.6,1977.2,40
2023-06-13 05:50:00,1977.1,1977.6,1977.0,1977.2,34
2023-06-13 05:55:00,1977.2,1978.2,1976.9,1977.0,67
2023-06-13 06:00:00,1977.0,1977.0,1976.5,1976.6,39
2023-06-13 06:05:00,1976.6,1977.0,1976.0,1976.3,120
2023-06-13 06:10:00,1976.4,1976.9,1975.7,1976.9,196
2023-06-13 06:15:00,1976.8,1977.6,1976.5,1976.9,120
2023-06-13 06:20:00,1977.0,1977.4,1976.5,1976.6,50
2023-06-13 06:25:00,1976.6,1977.1,1976.6,1976.9,51
2023-06-13 06:30:00,1977.1,1977.7,1977.1,1977.7,59
2023-06-13 06:35:00,1977.8,1978.6,1977.7,1978.4,122
2023-06-13 06:40:00,1978.5,1978.8,1978.2,1978.4,120
2023-06-13 06:45:00,1978.5,1979.2,1978.4,1978.7,135
2023-06-13 06:50:00,1978.8,1979.4,1978.7,1979.2,134
2023-06-13 06:55:00,1979.2,1979.8,1979.2,1979.8,136
2023-06-13 07:00:00,1979.8,1980.1,1979.5,1979.9,173
2023-06-13 07:05:00,1980.1,1980.2,1978.9,1979.3,255
2023-06-13 07:10:00,1979.4,1979.7,1979.2,1979.2,92
2023-06-13 07:15:00,1979.2,1979.5,1979.0,1979.2,61
2023-06-13 07:20:00,1979.1,1979.6,1978.7,1979.0,57
2023-06-13 07:25:00,1979.1,1979.6,1979.1,1979.3,44
2023-06-13 07:30:00,1979.3,1979.4,1978.9,1979.3,47
2023-06-13 07:35:00,1979.3,1979.5,1979.1,1979.1,68
2023-06-13 07:40:00,1979.1,1979.3,1978.7,1978.8,82
2023-06-13 07:45:00,1978.8,1978.8,1977.6,1978.0,173
2023-06-13 07:50:00,1978.1,1978.6,1978.1,1978.4,93
2023-06-13 07:55:00,1978.3,1978.4,1977.3,1977.5,124
2023-06-13 08:00:00,1977.5,1977.8,1977.1,1977.1,145
2023-06-13 08:05:00,1977.1,1977.7,1975.9,1976.0,366
2023-06-13 08:10:00,1975.9,1976.0,1973.5,1973.5,562
2023-06-13 08:15:00,1973.4,1973.8,1972.0,1972.2,497
2023-06-13 08:20:00,1972.1,1973.8,1972.1,1973.6,450
2023-06-13 08:25:00,1973.7,1977.6,1971.4,1974.2,1189
2023-06-13 08:30:00,1973.7,1985.7,1962.3,1981.5,7329
2023-06-13 08:35:00,1981.5,1983.1,1976.0,1976.8,1796
2023-06-13 08:40:00,1976.6,1978.2,1973.4,1975.8,1315
2023-06-13 08:45:00,1975.6,1978.1,1973.8,1977.8,856
2023-06-13 08:50:00,1977.8,1978.5,1972.9,1973.6,932
2023-06-13 08:55:00,1973.6,1975.0,1972.1,1975.0,811
2023-06-13 09:00:00,1974.9,1979.9,1974.9,1978.8,1110
2023-06-13 09:05:00,1978.9,1979.7,1977.3,1977.7,547
2023-06-13 09:10:00,1977.9,1978.9,1975.2,1975.4,550
2023-06-13 09:15:00,1975.5,1976.3,1974.1,1974.1,528
2023-06-13 09:20:00,1974.0,1974.0,1970.7,1972.9,1176
2023-06-13 09:25:00,1973.1,1975.1,1972.7,1974.2,443
2023-06-13 09:30:00,1974.2,1977.8,1974.1,1977.2,792
2023-06-13 09:35:00,1977.4,1978.2,1972.1,1972.4,952
2023-06-13 09:40:00,1972.3,1973.8,1968.5,1968.7,1554
2023-06-13 09:45:00,1968.7,1970.4,1967.5,1967.8,1375
2023-06-13 09:50:00,1967.7,1968.9,1967.2,1968.6,728
2023-06-13 09:55:00,1968.9,1971.0,1967.6,1967.6,872
2023-06-13 10:00:00,1967.5,1967.7,1965.1,1967.0,1644
2023-06-13 10:05:00,1966.9,1967.6,1965.2,1965.4,763
2023-06-13 10:10:00,1965.2,1966.0,1964.3,1965.6,748
2023-06-13 10:15:00,1965.4,1967.6,1965.2,1967.6,636
2023-06-13 10:20:00,1967.4,1969.4,1967.1,1968.1,650
2023-06-13 10:25:00,1968.4,1969.4,1966.5,1966.7,567
2023-06-13 10:30:00,1966.8,1966.9,1965.3,1965.3,656
2023-06-13 10:35:00,1965.2,1966.4,1964.9,1965.3,457
2023-06-13 10:40:00,1965.4,1966.3,1964.7,1965.5,389
2023-06-13 10:45:00,1965.5,1967.3,1964.9,1967.3,459
2023-06-13 10:50:00,1967.2,1967.8,1965.4,1966.2,305
2023-06-13 10:55:00,1966.1,1967.0,1965.7,1966.2,294
2023-06-13 11:00:00,1965.8,1966.6,1965.3,1965.3,264
2023-06-13 11:05:00,1965.3,1965.3,1963.1,1964.3,1019
2023-06-13 11:10:00,1964.4,1964.9,1963.5,1964.0,413
2023-06-13 11:15:00,1964.0,1964.7,1963.3,1963.5,449
2023-06-13 11:20:00,1963.2,1963.5,1959.2,1960.1,1428
2023-06-13 11:25:00,1960.0,1960.2,1957.6,1958.6,1154
2023-06-13 11:30:00,1958.6,1958.6,1956.8,1957.0,1095
2023-06-13 11:35:00,1956.8,1958.5,1956.5,1956.9,741
2023-06-13 11:40:00,1956.8,1957.7,1955.3,1957.0,1201
2023-06-13 11:45:00,1956.8,1959.2,1956.5,1958.1,667
2023-06-13 11:50:00,1958.3,1958.3,1956.1,1956.2,326
2023-06-13 11:55:00,1956.2,1956.4,1955.1,1956.3,518
2023-06-13 12:00:00,1956.3,1958.0,1955.8,1957.8,474
2023-06-13 12:05:00,1957.9,1960.2,1957.8,1959.3,434
2023-06-13 12:10:00,1959.3,1959.4,1958.5,1958.6,183
2023-06-13 12:15:00,1958.5,1960.0,1958.5,1959.8,171
2023-06-13 12:20:00,1959.9,1960.2,1959.5,1959.6,201
2023-06-13 12:25:00,1959.7,1960.3,1958.7,1959.8,182
2023-06-13 12:30:00,1959.9,1960.4,1959.4,1959.5,114
2023-06-13 12:35:00,1959.5,1960.1,1959.0,1959.2,134
2023-06-13 12:40:00,1959.2,1959.6,1958.4,1958.7,200
2023-06-13 12:45:00,1958.5,1959.6,1958.3,1959.4,155
2023-06-13 12:50:00,1959.4,1959.5,1957.9,1958.0,162
2023-06-13 12:55:00,1958.1,1958.5,1958.1,1958.2,107
2023-06-13 13:00:00,1958.1,1959.4,1958.0,1959.2,328
2023-06-13 13:05:00,1959.1,1959.8,1958.5,1958.8,126
2023-06-13 13:10:00,1958.7,1958.9,1957.7,1958.1,138
2023-06-13 13:15:00,1958.0,1959.9,1958.0,1959.4,285
2023-06-13 13:20:00,1959.4,1959.6,1958.9,1959.4,127
2023-06-13 13:25:00,1959.5,1959.5,1958.5,1958.7,179
2023-06-13 13:30:00,1958.6,1958.6,1957.0,1957.5,241
2023-06-13 13:35:00,1957.5,1957.5,1956.2,1956.6,195
2023-06-13 13:40:00,1956.5,1957.4,1956.3,1956.6,211
2023-06-13 13:45:00,1956.5,1956.7,1955.7,1955.9,189
2023-06-13 13:50:00,1956.0,1956.2,1954.3,1955.3,931
2023-06-13 13:55:00,1955.3,1955.9,1955.1,1955.9,158
2023-06-13 14:00:00,1955.9,1956.9,1955.8,1956.6,141
2023-06-13 14:05:00,1956.3,1956.7,1956.1,1956.5,131
2023-06-13 14:10:00,1956.4,1956.8,1955.9,1955.9,101
2023-06-13 14:15:00,1955.8,1956.8,1955.7,1956.2,99
2023-06-13 14:20:00,1956.6,1956.7,1955.9,1956.2,74
2023-06-13 14:25:00,1955.9,1956.3,1955.2,1955.2,204
2023-06-13 14:30:00,1955.3,1955.6,1953.9,1954.4,394
2023-06-13 14:35:00,1954.3,1955.3,1954.1,1955.3,104
2023-06-13 14:40:00,1955.1,1955.4,1954.0,1954.5,162
2023-06-13 14:45:00,1954.4,1954.8,1954.0,1954.4,140
2023-06-13 14:50:00,1954.5,1955.6,1954.5,1955.2,183
2023-06-13 14:55:00,1955.1,1955.1,1953.4,1953.9,287
2023-06-13 15:00:00,1953.6,1953.9,1953.1,1953.7,176
2023-06-13 15:05:00,1953.8,1953.8,1953.0,1953.2,203
2023-06-13 15:10:00,1953.6,1955.0,1953.6,1955.0,87
2023-06-13 15:15:00,1954.8,1954.8,1954.0,1954.2,66
2023-06-13 15:20:00,1954.4,1954.8,1954.4,1954.4,56
2023-06-13 15:25:00,1954.3,1954.8,1954.3,1954.6,100
2023-06-13 15:30:00,1954.5,1954.8,1954.3,1954.8,105
2023-06-13 15:35:00,1954.8,1955.2,1954.5,1954.9,43
2023-06-13 15:40:00,1955.1,1955.7,1954.7,1955.4,87
2023-06-13 15:45:00,1955.7,1955.8,1955.1,1955.4,79
2023-06-13 15:50:00,1955.6,1956.7,1955.2,1956.6,146
2023-06-13 15:55:00,1956.7,1957.7,1956.4,1956.5,726
2023-06-13 16:00:00,1956.4,1956.7,1955.7,1956.5,146
2023-06-13 16:05:00,1956.5,1956.8,1956.4,1956.8,44
2023-06-13 16:10:00,1956.8,1957.4,1956.8,1957.3,95
2023-06-13 16:15:00,1957.2,1957.7,1956.8,1956.8,66
2023-06-13 16:20:00,1957.0,1957.0,1956.4,1956.4,42
2023-06-13 16:25:00,1956.5,1956.6,1956.3,1956.3,48
2023-06-13 16:30:00,1956.3,1956.4,1955.5,1955.6,67
2023-06-13 16:35:00,1955.8,1955.8,1955.4,1955.4,33
2023-06-13 16:40:00,1955.4,1955.6,1955.2,1955.4,44
2023-06-13 16:45:00,1955.5,1956.5,1955.4,1956.5,54
2023-06-13 16:50:00,1956.5,1956.6,1956.1,1956.2,91
2023-06-13 16:55:00,1956.3,1957.2,1956.3,1956.9,140
2023-06-13 18:00:00,1956.7,1956.7,1955.9,1956.3,98
2023-06-13 18:05:00,1956.8,1957.4,1956.6,1957.3,83
2023-06-13 18:10:00,1957.3,1957.3,1956.8,1956.9,25
2023-06-13 18:15:00,1956.9,1957.3,1956.8,1957.1,85
2023-06-13 18:20:00,1956.9,1957.1,1956.7,1956.7,44
2023-06-13 18:25:00,1956.7,1957.2,1956.6,1957.0,30
2023-06-13 18:30:00,1957.0,1957.6,1957.0,1957.4,64
2023-06-13 18:35:00,1957.5,1957.9,1957.5,1957.8,101
2023-06-13 18:40:00,1957.9,1958.0,1957.6,1957.9,82
2023-06-13 18:45:00,1958.0,1958.1,1957.5,1957.5,71
2023-06-13 18:50:00,1957.5,1957.7,1957.5,1957.5,36
2023-06-13 18:55:00,1957.5,1957.6,1957.1,1957.1,49
2023-06-13 19:00:00,1957.0,1957.0,1955.5,1956.6,257
2023-06-13 19:05:00,1956.6,1956.6,1955.8,1956.5,111
2023-06-13 19:10:00,1956.5,1956.5,1956.1,1956.5,22
2023-06-13 19:15:00,1956.6,1956.6,1956.2,1956.5,46
2023-06-13 19:20:00,1956.4,1956.5,1956.3,1956.5,19
2023-06-13 19:25:00,1956.5,1956.5,1956.4,1956.5,20
2023-06-13 19:30:00,1956.3,1956.4,1956.0,1956.1,18
2023-06-13 19:35:00,1955.9,1956.3,1955.9,1956.2,20
2023-06-13 19:40:00,1956.3,1956.4,1956.0,1956.2,32
2023-06-13 19:45:00,1956.1,1956.7,1956.1,1956.7,47
2023-06-13 19:50:00,1956.7,1957.0,1956.7,1957.0,37
2023-06-13 19:55:00,1957.0,1957.1,1956.8,1957.1,46
2023-07-12 00:00:00,1943.5,1944.1,1943.4,1944.1,45
2023-07-12 00:05:00,1944.0,1944.2,1944.0,1944.2,20
2023-07-12 00:10:00,1944.1,1944.1,1943.5,1943.5,20
2023-07-12 00:15:00,1943.5,1943.7,1943.4,1943.7,33
2023-07-12 00:20:00,1943.5,1943.5,1943.3,1943.5,43
2023-07-12 00:25:00,1943.3,1943.5,1943.0,1943.1,88
2023-07-12 00:30:00,1943.0,1943.4,1942.8,1943.0,163
2023-07-12 00:35:00,1943.1,1943.5,1943.1,1943.2,67
2023-07-12 00:40:00,1943.3,1943.5,1943.3,1943.3,25
2023-07-12 00:45:00,1943.4,1943.6,1943.3,1943.3,26
2023-07-12 00:50:00,1943.2,1943.6,1943.1,1943.4,23
2023-07-12 00:55:00,1943.6,1944.5,1943.6,1944.3,88
2023-07-12 01:00:00,1944.3,1944.7,1944.0,1944.5,102
2023-07-12 01:05:00,1944.4,1944.6,1943.8,1944.0,38
2023-07-12 01:10:00,1944.1,1944.5,1944.0,1944.3,74
2023-07-12 01:15:00,1944.3,1945.3,1944.3,1945.3,105
2023-07-12 01:20:00,1945.3,1945.4,1944.0,1944.1,176
2023-07-12 01:25:00,1944.2,1944.5,1944.1,1944.4,48
2023-07-12 01:30:00,1944.4,1944.7,1943.8,1944.4,85
2023-07-12 01:35:00,1944.3,1944.3,1943.9,1943.9,28
2023-07-12 01:40:00,1943.9,1943.9,1943.2,1943.7,84
2023-07-12 01:45:00,1943.6,1944.8,1943.4,1944.3,100
2023-07-12 01:50:00,1944.1,1944.3,1944.1,1944.2,25
2023-07-12 01:55:00,1944.2,1944.3,1943.8,1943.8,34
2023-07-12 02:00:00,1943.9,1944.9,1943.7,1944.7,135
2023-07-12 02:05:00,1944.5,1945.3,1944.1,1944.1,140
2023-07-12 02:10:00,1944.0,1944.4,1943.9,1944.0,97
2023-07-12 02:15:00,1944.0,1944.1,1943.1,1943.3,135
2023-07-12 02:20:00,1943.4,1943.7,1942.5,1942.9,202
2023-07-12 02:25:00,1942.8,1943.3,1942.5,1942.7,76
2023-07-12 02:30:00,1942.6,1942.7,1941.9,1942.0,256
2023-07-12 02:35:00,1942.0,1942.0,1940.0,1940.1,566
2023-07-12 02:40:00,1940.1,1940.8,1939.9,1940.2,471
2023-07-12 02:45:00,1940.2,1940.9,1939.7,1940.5,212
2023-07-12 02:50:00,1940.4,1940.5,1939.7,1940.4,162
2023-07-12 02:55:00,1940.2,1940.2,1939.4,1940.0,180
2023-07-12 03:00:00,1940.0,1940.8,1939.6,1940.6,172
2023-07-12 03:05:00,1940.5,1940.6,1939.5,1939.6,142
2023-07-12 03:10:00,1939.7,1940.2,1939.0,1940.1,194
2023-07-12 03:15:00,1940.0,1940.2,1939.6,1940.0,109
2023-07-12 03:20:00,1939.8,1940.1,1939.5,1940.0,101
2023-07-12 03:25:00,1940.2,1940.8,1940.0,1940.8,130
2023-07-12 03:30:00,1940.8,1941.4,1939.9,1939.9,279
2023-07-12 03:35:00,1939.9,1940.2,1939.0,1939.7,172
2023-07-12 03:40:00,1939.7,1940.0,1939.3,1939.7,92
2023-07-12 03:45:00,1939.8,1939.9,1939.3,1939.3,47
2023-07-12 03:50:00,1939.5,1939.7,1939.2,1939.5,69
2023-07-12 03:55:00,1939.6,1939.8,1939.3,1939.7,56
2023-07-12 04:00:00,1940.0,1940.0,1938.9,1939.3,165
2023-07-12 04:05:00,1939.3,1939.8,1939.2,1939.4,91
2023-07-12 04:10:00,1939.3,1939.8,1939.3,1939.8,52
2023-07-12 04:15:00,1939.6,1940.6,1939.5,1940.5,108
2023-07-12 04:20:00,1940.4,1940.4,1939.9,1940.0,48
2023-07-12 04:25:00,1940.2,1940.7,1940.1,1940.3,42
2023-07-12 04:30:00,1940.3,1940.4,1939.6,1940.4,110
2023-07-12 04:35:00,1940.3,1941.1,1940.3,1941.1,166
2023-07-12 04:40:00,1941.3,1941.5,1940.1,1940.5,111
2023-07-12 04:45:00,1940.5,1941.7,1940.2,1941.2,223
2023-07-12 04:50:00,1941.3,1941.5,1940.7,1941.0,103
2023-07-12 04:55:00,1941.1,1941.1,1939.9,1940.0,148
2023-07-12 05:00:00,1939.9,1940.2,1939.5,1940.1,117
2023-07-12 05:05:00,1940.0,1940.2,1939.6,1940.1,72
2023-07-12 05:10:00,1940.1,1940.5,1940.0,1940.1,79
2023-07-12 05:15:00,1940.1,1940.2,1940.0,1940.0,35
2023-07-12 05:20:00,1940.1,1940.9,1940.1,1940.5,98
2023-07-12 05:25:00,1940.5,1941.4,1940.5,1940.8,79
2023-07-12 05:30:00,1940.7,1941.0,1940.4,1940.5,67
2023-07-12 05:35:00,1940.5,1940.8,1940.4,1940.8,29
2023-07-12 05:40:00,1940.8,1940.8,1940.1,1940.5,56
2023-07-12 05:45:00,1940.5,1940.7,1940.3,1940.7,54
2023-07-12 05:50:00,1940.7,1940.9,1940.6,1940.7,45
2023-07-12 05:55:00,1940.7,1940.7,1940.4,1940.5,39
2023-07-12 06:00:00,1940.6,1940.8,1939.8,1940.0,87
2023-07-12 06:05:00,1940.0,1940.1,1939.5,1939.8,117
2023-07-12 06:10:00,1939.9,1940.0,1939.8,1939.9,31
2023-07-12 06:15:00,1939.9,1939.9,1939.0,1939.4,215
2023-07-12 06:20:00,1939.3,1939.7,1939.3,1939.5,54
2023-07-12 06:25:00,1939.4,1939.8,1939.4,1939.6,50
2023-07-12 06:30:00,1939.4,1939.9,1939.2,1939.9,78
2023-07-12 06:35:00,1939.8,1939.9,1939.2,1939.2,73
2023-07-12 06:40:00,1939.4,1939.4,1939.0,1939.2,113
2023-07-12 06:45:00,1939.2,1939.4,1939.1,1939.2,41
2023-07-12 06:50:00,1939.2,1939.6,1939.1,1939.5,98
2023-07-12 06:55:00,1939.4,1939.6,1939.1,1939.4,64
2023-07-12 07:00:00,1939.4,1939.8,1939.3,1939.4,72
2023-07-12 07:05:00,1939.4,1939.5,1939.0,1939.2,53
2023-07-12 07:10:00,1939.3,1939.8,1939.3,1939.6,38
2023-07-12 07:15:00,1939.5,1940.3,1938.9,1938.9,157
2023-07-12 07:20:00,1938.9,1939.7,1938.5,1939.6,243
2023-07-12 07:25:00,1939.5,1939.5,1938.8,1939.4,53
2023-07-12 07:30:00,1939.6,1940.7,1939.5,1939.9,129
2023-07-12 07:35:00,1940.0,1941.8,1940.0,1941.3,380
2023-07-12 07:40:00,1941.4,1941.6,1940.6,1940.6,182
2023-07-12 07:45:00,1940.6,1941.0,1940.6,1940.8,143
2023-07-12 07:50:00,1940.7,1940.7,1939.3,1940.2,279
2023-07-12 07:55:00,1940.1,1940.4,1939.3,1940.0,150
2023-07-12 08:00:00,1939.9,1940.1,1939.5,1939.7,177
2023-07-12 08:05:00,1939.8,1939.9,1939.1,1939.6,145
2023-07-12 08:10:00,1939.2,1939.7,1938.7,1939.0,299
2023-07-12 08:15:00,1939.1,1939.4,1938.9,1939.3,227
2023-07-12 08:20:00,1939.2,1940.0,1939.0,1939.4,286
2023-07-12 08:25:00,1939.2,1943.5,1938.8,1940.4,691
2023-07-12 08:30:00,1941.3,1952.2,1939.4,1949.4,6106
2023-07-12 08:35:00,1949.3,1955.6,1949.3,1953.2,2683
2023-07-12 08:40:00,1953.1,1955.2,1951.0,1952.0,1916
2023-07-12 08:45:00,1952.1,1952.8,1951.3,1951.9,929
2023-07-12 08:50:00,1952.0,1952.5,1946.7,1947.7,1942
2023-07-12 08:55:00,1947.8,1949.8,1947.7,1948.3,941
2023-07-12 09:00:00,1948.3,1948.9,1945.9,1948.5,1063
2023-07-12 09:05:00,1948.4,1949.5,1947.5,1949.2,750
2023-07-12 09:10:00,1949.1,1950.7,1947.5,1950.7,694
2023-07-12 09:15:00,1950.6,1952.9,1950.1,1952.5,1038
2023-07-12 09:20:00,1952.5,1954.5,1952.3,1953.6,1454
2023-07-12 09:25:00,1953.7,1957.1,1952.7,1956.7,1714
2023-07-12 09:30:00,1956.7,1959.8,1956.0,1957.5,2601
2023-07-12 09:35:00,1957.5,1958.9,1957.1,1958.6,845
2023-07-12 09:40:00,1958.7,1960.4,1957.1,1957.2,895
2023-07-12 09:45:00,1957.2,1960.9,1957.1,1960.7,875
2023-07-12 09:50:00,1960.6,1962.9,1960.3,1961.9,1147
2023-07-12 09:55:00,1961.9,1962.7,1961.2,1961.6,661
2023-07-12 10:00:00,1961.6,1961.7,1958.1,1959.6,1232
2023-07-12 10:05:00,1959.7,1961.4,1958.5,1961.2,698
2023-07-12 10:10:00,1961.4,1963.0,1961.0,1962.1,876
2023-07-12 10:15:00,1962.1,1962.7,1961.2,1961.3,407
2023-07-12 10:20:00,1961.3,1962.2,1960.8,1961.4,391
2023-07-12 10:25:00,1961.5,1961.6,1959.7,1960.0,504
2023-07-12 10:30:00,1960.1,1960.5,1959.1,1959.2,629
2023-07-12 10:35:00,1959.3,1962.2,1959.2,1962.0,558
2023-07-12 10:40:00,1962.1,1962.7,1961.7,1962.6,374
2023-07-12 10:45:00,1962.8,1963.4,1962.2,1963.0,558
2023-07-12 10:50:00,1962.9,1963.2,1962.2,1962.7,410
2023-07-12 10:55:00,1962.6,1963.1,1961.9,1962.9,326
2023-07-12 11:00:00,1963.0,1963.7,1960.3,1961.3,940
2023-07-12 11:05:00,1961.4,1961.4,1959.6,1959.8,416
2023-07-12 11:10:00,1959.9,1960.1,1958.7,1958.8,529
2023-07-12 11:15:00,1958.9,1959.6,1958.7,1959.2,351
2023-07-12 11:20:00,1959.3,1959.5,1958.7,1959.3,204
2023-07-12 11:25:00,1959.4,1960.9,1959.3,1960.4,375
2023-07-12 11:30:00,1960.3,1961.1,1959.8,1960.2,240
2023-07-12 11:35:00,1960.4,1961.1,1960.1,1960.8,112
2023-07-12 11:40:00,1960.7,1960.9,1959.0,1960.0,412
2023-07-12 11:45:00,1959.9,1960.7,1959.5,1960.3,197
2023-07-12 11:50:00,1960.3,1961.5,1960.0,1961.1,227
2023-07-12 11:55:00,1961.1,1961.6,1960.7,1961.2,215
2023-07-12 12:00:00,1961.0,1961.5,1960.9,1961.5,228
2023-07-12 12:05:00,1961.4,1961.8,1960.8,1961.7,224
2023-07-12 12:10:00,1961.8,1962.0,1961.5,1961.8,152
2023-07-12 12:15:00,1961.7,1962.1,1961.2,1961.4,185
2023-07-12 12:20:00,1961.5,1963.1,1961.4,1963.0,220
2023-07-12 12:25:00,1963.1,1963.9,1962.5,1963.9,347
2023-07-12 12:30:00,1963.9,1964.5,1963.7,1964.2,490
2023-07-12 12:35:00,1964.2,1964.7,1964.0,1964.3,205
2023-07-12 12:40:00,1964.2,1964.8,1963.7,1964.4,195
2023-07-12 12:45:00,1964.2,1964.6,1963.9,1964.3,194
2023-07-12 12:50:00,1964.4,1964.7,1964.3,1964.7,131
2023-07-12 12:55:00,1964.6,1964.9,1964.0,1964.7,219
2023-07-12 13:00:00,1964.6,1965.1,1964.2,1964.3,396
2023-07-12 13:05:00,1964.2,1964.5,1963.3,1963.6,261
2023-07-12 13:10:00,1963.6,1963.7,1962.7,1962.8,178
2023-07-12 13:15:00,1962.8,1963.3,1962.5,1962.7,184
2023-07-12 13:20:00,1962.7,1962.8,1962.0,1962.1,213
2023-07-12 13:25:00,1962.1,1962.1,1961.3,1961.5,368
2023-07-12 13:30:00,1961.6,1961.7,1961.2,1961.3,208
2023-07-12 13:35:00,1961.3,1962.1,1961.0,1962.0,147
2023-07-12 13:40:00,1962.2,1962.5,1961.8,1962.3,135
2023-07-12 13:45:00,1962.4,1962.5,1961.4,1961.8,85
2023-07-12 13:50:00,1961.9,1962.5,1961.7,1962.4,93
2023-07-12 13:55:00,1962.4,1963.0,1962.4,1962.6,161
2023-07-12 14:00:00,1962.7,1963.0,1962.2,1962.4,59
2023-07-12 14:05:00,1962.4,1963.0,1962.2,1962.5,152
2023-07-12 14:10:00,1962.4,1962.9,1962.4,1962.8,32
2023-07-12 14:15:00,1962.8,1963.2,1962.7,1963.0,40
2023-07-12 14:20:00,1963.2,1963.3,1962.5,1962.5,56
2023-07-12 14:25:00,1962.5,1963.0,1962.3,1963.0,80
2023-07-12 14:30:00,1962.8,1963.0,1962.8,1962.9,35
2023-07-12 14:35:00,1962.9,1963.2,1962.8,1963.1,81
2023-07-12 14:40:00,1963.0,1963.1,1962.7,1963.0,57
2023-07-12 14:45:00,1963.0,1963.0,1962.5,1962.7,93
2023-07-12 14:50:00,1962.6,1962.8,1962.3,1962.4,66
2023-07-12 14:55:00,1962.7,1963.1,1962.7,1963.0,97
2023-07-12 15:00:00,1963.2,1963.5,1963.1,1963.3,119
2023-07-12 15:05:00,1963.2,1963.5,1963.2,1963.4,50
2023-07-12 15:10:00,1963.4,1963.9,1963.4,1963.8,78
2023-07-12 15:15:00,1963.7,1963.8,1963.1,1963.2,100
2023-07-12 15:20:00,1963.1,1963.1,1962.3,1962.6,61
2023-07-12 15:25:00,1962.4,1963.1,1962.4,1963.1,45
2023-07-12 15:30:00,1963.0,1963.8,1962.9,1963.7,90
2023-07-12 15:35:00,1963.8,1964.3,1963.8,1963.8,76
2023-07-12 15:40:00,1963.8,1963.9,1963.5,1963.9,47
2023-07-12 15:45:00,1963.8,1964.3,1963.7,1964.0,49
2023-07-12 15:50:00,1964.0,1964.1,1963.7,1963.8,63
2023-07-12 15:55:00,1963.7,1964.0,1963.6,1963.9,130
2023-07-12 16:00:00,1963.8,1963.9,1963.3,1963.8,74
2023-07-12 16:05:00,1963.7,1963.9,1963.1,1963.1,88
2023-07-12 16:10:00,1963.0,1963.2,1962.9,1963.2,114
2023-07-12 16:15:00,1963.0,1963.3,1962.9,1963.3,50
2023-07-12 16:20:00,1963.3,1963.7,1963.1,1963.6,29
2023-07-12 16:25:00,1963.6,1963.7,1963.4,1963.6,26
2023-07-12 16:30:00,1963.7,1964.0,1963.2,1963.3,60
2023-07-12 16:35:00,1963.4,1963.5,1963.3,1963.3,29
2023-07-12 16:40:00,1963.4,1963.4,1963.3,1963.4,41
2023-07-12 16:45:00,1963.2,1963.6,1963.2,1963.4,37
2023-07-12 16:50:00,1963.3,1963.4,1963.1,1963.2,57
2023-07-12 16:55:00,1963.1,1963.2,1962.8,1963.1,92
2023-07-12 18:00:00,1962.2,1962.7,1961.7,1962.3,93
2023-07-12 18:05:00,1962.5,1962.5,1962.0,1962.3,49
2023-07-12 18:10:00,1962.3,1962.5,1962.0,1962.0,32
2023-07-12 18:15:00,1962.0,1962.3,1962.0,1962.1,43
2023-07-12 18:20:00,1962.2,1962.5,1962.1,1962.3,34
2023-07-12 18:25:00,1962.3,1962.9,1962.3,1962.8,61
2023-07-12 18:30:00,1962.7,1962.9,1962.5,1962.5,28
2023-07-12 18:35:00,1962.5,1963.0,1962.5,1962.9,28
2023-07-12 18:40:00,1963.0,1963.2,1962.6,1962.7,30
2023-07-12 18:45:00,1962.6,1962.7,1962.4,1962.5,47
2023-07-12 18:50:00,1962.6,1962.6,1962.3,1962.6,12
2023-07-12 18:55:00,1962.5,1962.6,1962.5,1962.5,10
2023-07-12 19:00:00,1962.6,1962.7,1962.4,1962.5,23
2023-07-12 19:05:00,1962.5,1962.6,1962.3,1962.3,11
2023-07-12 19:10:00,1962.3,1962.4,1962.3,1962.3,13
2023-07-12 19:15:00,1962.5,1962.6,1962.3,1962.6,9
2023-07-12 19:20:00,1962.5,1962.7,1962.5,1962.5,15
2023-07-12 19:25:00,1962.5,1962.5,1962.3,1962.3,10
2023-07-12 19:30:00,1962.2,1962.4,1962.2,1962.4,18
2023-07-12 19:35:00,1962.4,1962.5,1962.4,1962.4,9
2023-07-12 19:40:00,1962.4,1962.4,1962.3,1962.3,32
2023-07-12 19:45:00,1962.4,1962.5,1962.3,1962.4,28
2023-07-12 19:50:00,1962.5,1962.7,1962.4,1962.5,58
2023-07-12 19:55:00,1962.6,1962.7,1962.5,1962.7,46
2023-08-10 00:00:00,1951.2,1951.4,1951.1,1951.3,25
2023-08-10 00:05:00,1951.1,1951.2,1951.1,1951.2,15
2023-08-10 00:10:00,1951.2,1951.2,1950.9,1951.0,17
2023-08-10 00:15:00,1951.0,1951.1,1951.0,1951.1,9
2023-08-10 00:20:00,1951.2,1951.3,1951.1,1951.3,35
2023-08-10 00:25:00,1951.2,1951.3,1950.9,1951.1,37
2023-08-10 00:30:00,1950.9,1950.9,1949.8,1950.1,131
2023-08-10 00:35:00,1950.1,1950.2,1949.5,1950.1,57
2023-08-10 00:40:00,1950.0,1950.1,1949.9,1949.9,9
2023-08-10 00:45:00,1949.9,1950.0,1949.0,1949.7,169
2023-08-10 00:50:00,1949.5,1949.7,1949.4,1949.5,65
2023-08-10 00:55:00,1949.5,1949.5,1949.2,1949.4,55
2023-08-10 01:00:00,1949.1,1949.4,1948.6,1949.0,205
2023-08-10 01:05:00,1949.0,1949.4,1948.3,1949.3,93
2023-08-10 01:10:00,1949.2,1949.4,1949.2,1949.4,64
2023-08-10 01:15:00,1949.4,1949.8,1949.0,1949.8,45
2023-08-10 01:20:00,1949.8,1950.3,1949.8,1950.1,40
2023-08-10 01:25:00,1950.1,1950.4,1950.0,1950.1,41
2023-08-10 01:30:00,1950.0,1950.4,1949.5,1950.3,100
2023-08-10 01:35:00,1950.4,1950.4,1949.7,1949.9,42
2023-08-10 01:40:00,1949.7,1950.4,1949.7,1950.4,115
2023-08-10 01:45:00,1950.3,1951.2,1950.3,1950.8,116
2023-08-10 01:50:00,1950.8,1950.9,1950.3,1950.6,81
2023-08-10 01:55:00,1950.6,1951.7,1950.6,1951.2,173
2023-08-10 02:00:00,1951.0,1951.3,1949.7,1949.7,212
2023-08-10 02:05:00,1949.7,1949.8,1948.4,1948.5,269
2023-08-10 02:10:00,1948.6,1949.4,1948.1,1949.2,249
2023-08-10 02:15:00,1949.3,1949.4,1948.5,1949.0,75
2023-08-10 02:20:00,1949.1,1949.3,1948.8,1949.3,67
2023-08-10 02:25:00,1949.5,1950.0,1949.1,1950.0,95
2023-08-10 02:30:00,1949.9,1950.1,1949.5,1949.8,67
2023-08-10 02:35:00,1949.8,1950.4,1949.8,1950.4,74
2023-08-10 02:40:00,1950.4,1951.1,1950.0,1950.4,128
2023-08-10 02:45:00,1950.5,1951.2,1950.4,1950.9,71
2023-08-10 02:50:00,1950.7,1951.4,1950.6,1950.7,146
2023-08-10 02:55:00,1950.7,1951.0,1950.4,1950.6,97
2023-08-10 03:00:00,1950.4,1952.4,1949.8,1951.5,451
2023-08-10 03:05:00,1951.5,1953.1,1951.3,1952.6,480
2023-08-10 03:10:00,1952.7,1953.3,1952.4,1952.9,185
2023-08-10 03:15:00,1952.9,1953.2,1952.1,1952.4,213
2023-08-10 03:20:00,1952.5,1953.1,1952.4,1952.6,101
2023-08-10 03:25:00,1952.6,1953.1,1952.2,1952.5,135
2023-08-10 03:30:00,1952.4,1952.7,1950.8,1951.0,217
2023-08-10 03:35:00,1951.0,1951.3,1950.8,1951.1,78
2023-08-10 03:40:00,1951.1,1951.5,1950.8,1951.5,73
2023-08-10 03:45:00,1951.4,1951.8,1951.3,1951.3,42
2023-08-10 03:50:00,1951.3,1952.0,1950.9,1951.9,87
2023-08-10 03:55:00,1952.0,1952.3,1951.9,1952.0,60
2023-08-10 04:00:00,1951.9,1952.6,1951.7,1951.9,115
2023-08-10 04:05:00,1951.8,1952.5,1951.5,1952.5,135
2023-08-10 04:10:00,1952.3,1952.3,1951.9,1951.9,84
2023-08-10 04:15:00,1952.0,1953.2,1952.0,1953.1,139
2023-08-10 04:20:00,1953.0,1953.7,1953.0,1953.7,174
2023-08-10 04:25:00,1953.5,1953.8,1953.1,1953.1,100
2023-08-10 04:30:00,1953.3,1953.6,1951.9,1952.1,368
2023-08-10 04:35:00,1952.0,1952.4,1951.2,1952.4,123
2023-08-10 04:40:00,1952.4,1953.0,1952.1,1952.5,72
2023-08-10 04:45:00,1952.4,1952.4,1951.3,1951.7,103
2023-08-10 04:50:00,1951.8,1953.2,1951.8,1952.3,364
2023-08-10 04:55:00,1952.2,1952.2,1951.7,1952.0,47
2023-08-10 05:00:00,1951.9,1952.5,1951.9,1952.2,34
2023-08-10 05:05:00,1952.1,1952.4,1951.9,1952.2,45
2023-08-10 05:10:00,1952.0,1952.4,1951.7,1952.4,45
2023-08-10 05:15:00,1952.4,1952.6,1952.3,1952.4,24
2023-08-10 05:20:00,1952.5,1952.9,1952.1,1952.1,35
2023-08-10 05:25:00,1952.1,1952.6,1952.1,1952.6,25
2023-08-10 05:30:00,1952.7,1952.9,1952.1,1952.1,111
2023-08-10 05:35:00,1952.4,1953.1,1952.2,1953.0,52
2023-08-10 05:40:00,1953.0,1953.3,1952.8,1953.1,37
2023-08-10 05:45:00,1953.3,1953.4,1952.9,1953.2,30
2023-08-10 05:50:00,1953.3,1954.1,1953.2,1953.9,122
2023-08-10 05:55:00,1953.9,1954.1,1953.4,1953.5,117
2023-08-10 06:00:00,1953.6,1953.6,1952.6,1952.8,77
2023-08-10 06:05:00,1952.7,1953.0,1952.3,1953.0,54
2023-08-10 06:10:00,1953.0,1953.7,1952.8,1953.3,107
2023-08-10 06:15:00,1953.1,1953.7,1953.1,1953.6,38
2023-08-10 06:20:00,1953.6,1953.7,1953.3,1953.7,44
2023-08-10 06:25:00,1953.6,1954.2,1953.6,1954.2,65
2023-08-10 06:30:00,1954.3,1954.6,1954.1,1954.4,80
2023-08-10 06:35:00,1954.5,1954.8,1954.4,1954.6,91
2023-08-10 06:40:00,1954.5,1954.8,1954.5,1954.6,77
2023-08-10 06:45:00,1954.6,1954.8,1954.5,1954.5,39
2023-08-10 06:50:00,1954.6,1954.9,1954.3,1954.9,106
2023-08-10 06:55:00,1954.8,1954.8,1954.4,1954.5,70
2023-08-10 07:00:00,1954.4,1955.4,1954.4,1955.4,176
2023-08-10 07:05:00,1955.3,1955.3,1954.5,1954.5,172
2023-08-10 07:10:00,1954.5,1954.6,1953.6,1954.1,232
2023-08-10 07:15:00,1954.2,1955.0,1954.2,1954.9,81
2023-08-10 07:20:00,1954.7,1954.8,1954.3,1954.3,53
2023-08-10 07:25:00,1954.4,1954.8,1954.3,1954.3,56
2023-08-10 07:30:00,1954.3,1954.6,1953.7,1954.5,102
2023-08-10 07:35:00,1954.4,1954.5,1954.0,1954.4,95
2023-08-10 07:40:00,1954.5,1954.5,1953.8,1954.3,108
2023-08-10 07:45:00,1954.5,1954.8,1954.4,1954.6,58
2023-08-10 07:50:00,1954.7,1955.2,1954.6,1955.0,50
2023-08-10 07:55:00,1954.9,1954.9,1954.2,1954.8,87
2023-08-10 08:00:00,1954.6,1955.6,1954.5,1955.1,128
2023-08-10 08:05:00,1955.0,1955.7,1954.6,1955.2,118
2023-08-10 08:10:00,1955.2,1956.0,1955.0,1955.8,211
2023-08-10 08:15:00,1955.5,1956.2,1954.7,1954.7,382
2023-08-10 08:20:00,1954.7,1955.6,1953.9,1954.9,348
2023-08-10 08:25:00,1955.0,1956.5,1954.4,1956.5,353
2023-08-10 08:30:00,1956.5,1963.5,1956.5,1958.5,4438
2023-08-10 08:35:00,1958.4,1962.9,1958.4,1959.2,1703
2023-08-10 08:40:00,1959.0,1959.4,1955.6,1956.4,1793
2023-08-10 08:45:00,1956.2,1959.2,1955.0,1958.1,934
2023-08-10 08:50:00,1958.1,1959.2,1957.1,1959.0,436
2023-08-10 08:55:00,1959.2,1959.4,1957.7,1959.2,345
2023-08-10 09:00:00,1959.1,1960.0,1957.5,1958.7,740
2023-08-10 09:05:00,1958.7,1959.1,1956.5,1957.2,589
2023-08-10 09:10:00,1957.2,1957.5,1955.2,1956.1,531
2023-08-10 09:15:00,1956.3,1957.5,1955.8,1957.1,394
2023-08-10 09:20:00,1957.3,1957.7,1954.1,1954.5,452
2023-08-10 09:25:00,1954.6,1954.7,1952.7,1952.9,800
2023-08-10 09:30:00,1952.9,1953.1,1951.3,1952.5,846
2023-08-10 09:35:00,1952.4,1955.8,1952.4,1955.5,631
2023-08-10 09:40:00,1955.4,1957.5,1955.3,1957.1,513
2023-08-10 09:45:00,1957.2,1957.8,1955.5,1955.7,547
2023-08-10 09:50:00,1955.4,1955.4,1953.1,1954.9,557
2023-08-10 09:55:00,1954.9,1955.4,1954.1,1955.3,264
2023-08-10 10:00:00,1955.1,1955.5,1953.0,1953.1,1252
2023-08-10 10:05:00,1953.2,1953.6,1951.0,1951.4,756
2023-08-10 10:10:00,1951.4,1951.7,1949.4,1950.1,1052
2023-08-10 10:15:00,1949.9,1950.0,1947.2,1947.6,1191
2023-08-10 10:20:00,1947.5,1950.0,1947.3,1948.7,537
2023-08-10 10:25:00,1948.7,1950.6,1948.6,1949.6,374
2023-08-10 10:30:00,1949.5,1949.6,1948.4,1948.9,224
2023-08-10 10:35:00,1949.0,1949.8,1948.4,1948.7,204
2023-08-10 10:40:00,1948.6,1950.2,1948.3,1949.4,229
2023-08-10 10:45:00,1949.5,1949.8,1948.2,1948.3,257
2023-08-10 10:50:00,1948.2,1948.2,1945.9,1946.7,1052
2023-08-10 10:55:00,1946.7,1948.4,1946.5,1947.5,416
2023-08-10 11:00:00,1947.4,1947.4,1945.9,1946.1,360
2023-08-10 11:05:00,1945.9,1947.2,1945.2,1946.6,471
2023-08-10 11:10:00,1946.5,1947.2,1945.9,1946.1,217
2023-08-10 11:15:00,1946.2,1948.3,1946.0,1948.2,411
2023-08-10 11:20:00,1948.3,1948.3,1946.5,1947.4,775
2023-08-10 11:25:00,1947.4,1949.5,1947.1,1948.9,350
2023-08-10 11:30:00,1948.9,1951.2,1948.8,1951.1,424
2023-08-10 11:35:00,1951.1,1951.2,1950.1,1950.1,215
2023-08-10 11:40:00,1950.1,1951.7,1950.0,1951.2,289
2023-08-10 11:45:00,1951.3,1952.3,1950.8,1951.4,425
2023-08-10 11:50:00,1951.4,1952.8,1951.1,1952.0,311
2023-08-10 11:55:00,1951.7,1952.8,1951.6,1952.5,531
2023-08-10 12:00:00,1952.6,1953.6,1951.9,1953.3,254
2023-08-10 12:05:00,1953.2,1954.0,1953.1,1954.0,308
2023-08-10 12:10:00,1954.0,1954.2,1952.4,1952.5,222
2023-08-10 12:15:00,1952.5,1952.9,1951.8,1952.3,189
2023-08-10 12:20:00,1952.2,1952.7,1952.1,1952.5,89
2023-08-10 12:25:00,1952.4,1952.6,1951.9,1952.0,125
2023-08-10 12:30:00,1952.0,1952.8,1952.0,1952.8,91
2023-08-10 12:35:00,1952.7,1953.8,1952.3,1953.8,123
2023-08-10 12:40:00,1953.7,1953.8,1953.3,1953.4,71
2023-08-10 12:45:00,1953.4,1953.7,1953.1,1953.4,121
2023-08-10 12:50:00,1953.3,1953.3,1952.2,1952.5,113
2023-08-10 12:55:00,1952.6,1953.2,1952.2,1953.1,84
2023-08-10 13:00:00,1953.1,1953.5,1952.0,1952.1,225
2023-08-10 13:05:00,1952.1,1952.2,1951.2,1951.3,208
2023-08-10 13:10:00,1951.3,1951.4,1950.6,1950.7,153
2023-08-10 13:15:00,1950.8,1951.1,1950.5,1950.7,75
2023-08-10 13:20:00,1950.7,1950.7,1949.9,1950.0,107
2023-08-10 13:25:00,1950.1,1950.1,1948.7,1948.8,457
2023-08-10 13:30:00,1948.8,1949.0,1947.6,1948.0,265
2023-08-10 13:35:00,1947.9,1947.9,1946.0,1946.5,507
2023-08-10 13:40:00,1946.5,1948.8,1946.1,1948.2,508
2023-08-10 13:45:00,1947.8,1949.1,1947.1,1947.3,206
2023-08-10 13:50:00,1947.2,1948.3,1947.2,1947.2,97
2023-08-10 13:55:00,1947.1,1947.2,1945.8,1946.1,315
2023-08-10 14:00:00,1946.0,1946.5,1945.3,1946.4,307
2023-08-10 14:05:00,1946.3,1947.5,1946.3,1946.7,327
2023-08-10 14:10:00,1946.8,1946.9,1946.1,1946.3,129
2023-08-10 14:15:00,1946.3,1946.3,1945.7,1945.9,106
2023-08-10 14:20:00,1945.8,1947.0,1945.8,1946.8,90
2023-08-10 14:25:00,1946.9,1947.1,1946.3,1946.4,69
2023-08-10 14:30:00,1946.3,1946.6,1946.2,1946.3,41
2023-08-10 14:35:00,1946.4,1946.5,1946.0,1946.5,65
2023-08-10 14:40:00,1946.5,1946.7,1946.2,1946.4,86
2023-08-10 14:45:00,1946.6,1947.3,1946.4,1946.9,70
2023-08-10 14:50:00,1947.0,1947.6,1947.0,1947.3,104
2023-08-10 14:55:00,1947.3,1947.7,1947.3,1947.5,136
2023-08-10 15:00:00,1947.6,1947.7,1946.8,1947.0,88
2023-08-10 15:05:00,1947.1,1947.5,1947.0,1947.1,28
2023-08-10 15:10:00,1947.2,1947.2,1946.8,1947.1,77
2023-08-10 15:15:00,1947.1,1947.4,1946.9,1947.0,59
2023-08-10 15:20:00,1946.9,1947.1,1946.6,1947.0,61
2023-08-10 15:25:00,1947.0,1947.1,1946.7,1946.8,31
2023-08-10 15:30:00,1946.7,1947.2,1946.4,1946.7,126
2023-08-10 15:35:00,1946.5,1946.6,1946.2,1946.3,27
2023-08-10 15:40:00,1946.4,1946.4,1945.6,1946.0,161
2023-08-10 15:45:00,1946.1,1946.3,1945.8,1945.9,63
2023-08-10 15:50:00,1945.9,1946.4,1945.8,1946.0,75
2023-08-10 15:55:00,1946.2,1946.2,1945.7,1946.0,122
2023-08-10 16:00:00,1945.9,1946.2,1945.7,1945.7,93
2023-08-10 16:05:00,1945.7,1945.9,1945.5,1945.6,50
2023-08-10 16:10:00,1945.6,1946.0,1945.3,1946.0,77
2023-08-10 16:15:00,1945.9,1946.0,1945.9,1945.9,34
2023-08-10 16:20:00,1946.0,1946.0,1945.7,1945.8,32
2023-08-10 16:25:00,1945.9,1946.2,1945.8,1946.0,62
2023-08-10 16:30:00,1946.0,1946.0,1945.7,1945.8,59
2023-08-10 16:35:00,1945.9,1945.9,1945.4,1945.4,44
2023-08-10 16:40:00,1945.4,1945.6,1945.2,1945.3,86
2023-08-10 16:45:00,1945.3,1945.4,1945.1,1945.1,35
2023-08-10 16:50:00,1945.2,1945.3,1944.6,1944.9,164
2023-08-10 16:55:00,1945.0,1945.1,1944.6,1944.7,56
2023-08-10 18:00:00,1945.7,1945.9,1944.8,1944.8,177
2023-08-10 18:05:00,1944.9,1945.3,1944.8,1945.3,64
2023-08-10 18:10:00,1945.1,1945.8,1945.1,1945.6,30
2023-08-10 18:15:00,1945.7,1945.7,1945.1,1945.3,37
2023-08-10 18:20:00,1945.3,1945.3,1945.0,1945.0,35
2023-08-10 18:25:00,1945.0,1945.2,1945.0,1945.1,20
2023-08-10 18:30:00,1945.1,1945.2,1944.6,1945.1,49
2023-08-10 18:35:00,1945.0,1945.1,1944.7,1944.8,59
2023-08-10 18:40:00,1944.7,1945.1,1944.4,1945.1,91
2023-08-10 18:45:00,1945.0,1945.0,1944.5,1944.5,26
2023-08-10 18:50:00,1944.6,1944.6,1944.1,1944.5,43
2023-08-10 18:55:00,1944.7,1944.9,1944.5,1944.7,19
2023-08-10 19:00:00,1944.5,1944.5,1943.0,1944.1,340
2023-08-10 19:05:00,1944.2,1944.2,1943.8,1944.0,31
2023-08-10 19:10:00,1944.1,1944.6,1944.1,1944.1,54
2023-08-10 19:15:00,1944.0,1944.3,1944.0,1944.1,21
2023-08-10 19:20:00,1944.4,1944.5,1944.4,1944.5,19
2023-08-10 19:25:00,1944.6,1944.7,1944.6,1944.7,27
2023-08-10 19:30:00,1944.7,1946.1,1944.6,1944.8,389
2023-08-10 19:35:00,1944.8,1944.9,1944.6,1944.8,26
2023-08-10 19:40:00,1944.8,1944.8,1944.7,1944.8,37
2023-08-10 19:45:00,1944.7,1944.7,1944.5,1944.5,14
2023-08-10 19:50:00,1944.6,1944.6,1944.5,1944.5,19
2023-08-10 19:55:00,1944.6,1944.6,1944.3,1944.6,27
2023-09-13 00:00:00,1931.6,1931.8,1931.5,1931.8,54
2023-09-13 00:05:00,1931.9,1932.2,1931.7,1932.1,81
2023-09-13 00:10:00,1932.0,1932.4,1932.0,1932.4,47
2023-09-13 00:15:00,1932.5,1932.8,1932.4,1932.6,71
2023-09-13 00:20:00,1932.7,1933.2,1932.7,1933.1,111
2023-09-13 00:25:00,1933.0,1934.0,1933.0,1933.8,253
2023-09-13 00:30:00,1934.0,1934.0,1933.4,1933.4,158
2023-09-13 00:35:00,1933.5,1933.7,1933.3,1933.3,64
2023-09-13 00:40:00,1933.3,1933.6,1933.1,1933.5,40
2023-09-13 00:45:00,1933.5,1933.8,1933.5,1933.6,29
2023-09-13 00:50:00,1933.6,1934.1,1933.5,1933.9,51
2023-09-13 00:55:00,1934.0,1934.2,1933.7,1933.9,67
2023-09-13 01:00:00,1934.0,1934.2,1934.0,1934.0,18
2023-09-13 01:05:00,1934.0,1934.0,1933.5,1933.6,71
2023-09-13 01:10:00,1933.7,1933.7,1933.2,1933.3,68
2023-09-13 01:15:00,1933.1,1933.4,1933.1,1933.2,23
2023-09-13 01:20:00,1933.1,1933.2,1933.0,1933.1,24
2023-09-13 01:25:00,1933.1,1933.1,1932.7,1933.1,112
2023-09-13 01:30:00,1933.1,1934.9,1932.9,1934.7,215
2023-09-13 01:35:00,1934.5,1934.5,1932.9,1933.0,112
2023-09-13 01:40:00,1933.0,1933.6,1932.5,1932.6,81
2023-09-13 01:45:00,1932.6,1932.7,1932.4,1932.5,66
2023-09-13 01:50:00,1932.5,1932.6,1931.6,1931.9,120
2023-09-13 01:55:00,1931.9,1932.6,1931.6,1932.6,160
2023-09-13 02:00:00,1932.6,1932.6,1931.6,1932.0,106
2023-09-13 02:05:00,1931.8,1932.5,1931.8,1932.5,103
2023-09-13 02:10:00,1932.6,1932.9,1932.5,1932.6,103
2023-09-13 02:15:00,1932.4,1932.4,1931.6,1932.1,78
2023-09-13 02:20:00,1932.2,1932.6,1931.8,1931.8,34
2023-09-13 02:25:00,1931.9,1932.3,1931.8,1932.1,24
2023-09-13 02:30:00,1931.7,1931.8,1930.5,1931.3,541
2023-09-13 02:35:00,1931.4,1932.3,1931.3,1932.2,90
2023-09-13 02:40:00,1932.1,1932.7,1932.1,1932.6,101
2023-09-13 02:45:00,1932.7,1932.7,1932.2,1932.4,39
2023-09-13 02:50:00,1932.3,1932.3,1931.8,1931.9,120
2023-09-13 02:55:00,1931.9,1932.4,1931.9,1932.3,51
2023-09-13 03:00:00,1932.3,1932.4,1931.7,1931.7,61
2023-09-13 03:05:00,1932.0,1932.6,1932.0,1932.6,35
2023-09-13 03:10:00,1932.3,1933.0,1932.3,1932.7,64
2023-09-13 03:15:00,1932.6,1932.9,1932.4,1932.6,48
2023-09-13 03:20:00,1932.6,1933.0,1932.2,1933.0,40
2023-09-13 03:25:00,1933.1,1933.4,1932.5,1933.3,60
2023-09-13 03:30:00,1933.2,1933.4,1932.9,1933.2,50
2023-09-13 03:35:00,1933.3,1933.7,1933.3,1933.3,66
2023-09-13 03:40:00,1933.3,1933.8,1932.8,1933.3,141
2023-09-13 03:45:00,1933.2,1933.9,1932.7,1933.8,96
2023-09-13 03:50:00,1933.8,1934.0,1933.6,1933.7,82
2023-09-13 03:55:00,1933.8,1934.5,1933.7,1934.3,95
2023-09-13 04:00:00,1934.3,1934.5,1934.0,1934.0,59
2023-09-13 04:05:00,1934.0,1934.0,1933.4,1933.8,129
2023-09-13 04:10:00,1933.7,1934.1,1933.7,1934.0,32
2023-09-13 04:15:00,1934.1,1934.1,1933.9,1934.0,22
2023-09-13 04:20:00,1933.7,1934.5,1933.7,1934.3,47
2023-09-13 04:25:00,1934.3,1934.8,1934.2,1934.4,91
2023-09-13 04:30:00,1934.3,1934.7,1934.3,1934.6,52
2023-09-13 04:35:00,1934.6,1934.8,1934.6,1934.8,55
2023-09-13 04:40:00,1934.7,1934.9,1934.5,1934.7,44
2023-09-13 04:45:00,1934.8,1934.8,1934.5,1934.8,20
2023-09-13 04:50:00,1934.7,1934.7,1934.2,1934.3,53
2023-09-13 04:55:00,1934.3,1934.5,1934.1,1934.5,44
2023-09-13 05:00:00,1934.4,1934.6,1934.0,1934.0,50
2023-09-13 05:05:00,1933.9,1934.1,1933.6,1933.6,54
2023-09-13 05:10:00,1933.5,1933.7,1933.2,1933.4,96
2023-09-13 05:15:00,1933.3,1933.6,1933.2,1933.6,74
2023-09-13 05:20:00,1933.5,1933.9,1933.2,1933.9,46
2023-09-13 05:25:00,1933.9,1934.0,1933.7,1934.0,36
2023-09-13 05:30:00,1934.1,1934.7,1934.0,1934.6,111
2023-09-13 05:35:00,1934.6,1934.7,1934.4,1934.5,85
2023-09-13 05:40:00,1934.5,1934.5,1933.7,1933.7,24
2023-09-13 05:45:00,1933.4,1933.7,1933.3,1933.7,57
2023-09-13 05:50:00,1933.7,1934.1,1933.6,1933.6,33
2023-09-13 05:55:00,1933.6,1933.7,1933.5,1933.6,17
2023-09-13 06:00:00,1933.6,1933.6,1933.3,1933.5,48
2023-09-13 06:05:00,1933.6,1933.6,1933.2,1933.4,15
2023-09-13 06:10:00,1933.4,1933.8,1933.2,1933.8,62
2023-09-13 06:15:00,1933.6,1933.9,1933.1,1933.1,44
2023-09-13 06:20:00,1933.2,1933.5,1933.1,1933.4,64
2023-09-13 06:25:00,1933.5,1933.7,1933.4,1933.7,18
2023-09-13 06:30:00,1933.7,1934.1,1933.7,1933.8,43
2023-09-13 06:35:00,1933.8,1933.8,1933.7,1933.7,18
2023-09-13 06:40:00,1933.6,1933.9,1933.6,1933.7,19
2023-09-13 06:45:00,1933.6,1933.9,1933.6,1933.7,31
2023-09-13 06:50:00,1933.7,1934.2,1933.7,1934.0,48
2023-09-13 06:55:00,1934.1,1934.9,1934.1,1934.8,119
2023-09-13 07:00:00,1934.9,1935.5,1934.9,1935.1,178
2023-09-13 07:05:00,1935.0,1935.0,1934.2,1934.2,112
2023-09-13 07:10:00,1934.2,1934.4,1933.9,1934.0,59
2023-09-13 07:15:00,1934.0,1934.2,1933.5,1933.6,81
2023-09-13 07:20:00,1933.6,1934.3,1933.5,1934.2,91
2023-09-13 07:25:00,1934.4,1934.5,1934.2,1934.2,51
2023-09-13 07:30:00,1934.5,1934.9,1934.2,1934.9,36
2023-09-13 07:35:00,1934.9,1935.3,1934.8,1935.1,60
2023-09-13 07:40:00,1935.0,1935.1,1934.6,1934.8,39
2023-09-13 07:45:00,1934.6,1935.2,1934.6,1934.6,73
2023-09-13 07:50:00,1934.7,1934.7,1934.4,1934.5,44
2023-09-13 07:55:00,1934.5,1934.9,1934.4,1934.6,50
2023-09-13 08:00:00,1934.6,1934.8,1933.7,1934.0,109
2023-09-13 08:05:00,1933.7,1933.7,1932.8,1933.4,122
2023-09-13 08:10:00,1933.5,1933.8,1932.8,1932.8,53
2023-09-13 08:15:00,1933.0,1933.3,1932.7,1932.7,154
2023-09-13 08:20:00,1932.7,1932.7,1931.7,1932.4,409
2023-09-13 08:25:00,1932.5,1934.9,1932.2,1934.4,360
2023-09-13 08:30:00,1933.6,1937.0,1927.3,1930.1,3291
2023-09-13 08:35:00,1930.2,1934.7,1929.5,1931.6,1591
2023-09-13 08:40:00,1931.5,1933.1,1930.5,1932.7,838
2023-09-13 08:45:00,1932.7,1934.9,1930.6,1934.8,841
2023-09-13 08:50:00,1934.8,1937.0,1934.7,1935.2,1041
2023-09-13 08:55:00,1935.2,1936.2,1934.0,1934.7,497
2023-09-13 09:00:00,1934.7,1936.2,1933.9,1934.6,560
2023-09-13 09:05:00,1934.6,1935.9,1933.7,1933.8,312
2023-09-13 09:10:00,1933.8,1933.8,1931.6,1932.0,614
2023-09-13 09:15:00,1932.0,1932.7,1931.7,1932.1,229
2023-09-13 09:20:00,1932.2,1935.7,1932.2,1935.5,384
2023-09-13 09:25:00,1935.3,1936.4,1934.8,1936.1,346
2023-09-13 09:30:00,1936.1,1938.0,1935.7,1937.2,809
2023-09-13 09:35:00,1937.2,1938.4,1937.0,1937.9,456
2023-09-13 09:40:00,1938.0,1938.1,1935.4,1936.6,432
2023-09-13 09:45:00,1936.8,1937.0,1935.3,1936.3,190
2023-09-13 09:50:00,1936.3,1936.8,1934.5,1934.8,436
2023-09-13 09:55:00,1934.7,1936.2,1933.9,1935.6,310
2023-09-13 10:00:00,1935.6,1936.0,1934.3,1934.3,328
2023-09-13 10:05:00,1934.0,1934.7,1932.6,1934.3,603
2023-09-13 10:10:00,1934.3,1935.2,1933.3,1933.8,366
2023-09-13 10:15:00,1933.5,1935.3,1933.4,1934.2,256
2023-09-13 10:20:00,1934.1,1934.6,1932.7,1933.2,218
2023-09-13 10:25:00,1933.2,1935.1,1933.1,1934.6,250
2023-09-13 10:30:00,1934.6,1934.6,1932.2,1932.6,292
2023-09-13 10:35:00,1932.6,1935.7,1932.0,1935.6,343
2023-09-13 10:40:00,1935.8,1937.1,1935.8,1936.5,329
2023-09-13 10:45:00,1936.4,1936.6,1934.9,1935.4,211
2023-09-13 10:50:00,1935.2,1936.1,1934.9,1935.2,117
2023-09-13 10:55:00,1935.3,1935.4,1934.6,1935.1,114
2023-09-13 11:00:00,1935.1,1935.9,1934.8,1935.6,170
2023-09-13 11:05:00,1935.7,1935.7,1934.2,1934.4,130
2023-09-13 11:10:00,1934.4,1935.6,1934.2,1934.9,106
2023-09-13 11:15:00,1934.9,1935.5,1934.4,1934.8,106
2023-09-13 11:20:00,1934.8,1935.5,1934.5,1935.5,52
2023-09-13 11:25:00,1935.3,1935.3,1934.9,1935.0,76
2023-09-13 11:30:00,1935.0,1935.0,1932.9,1933.0,231
2023-09-13 11:35:00,1933.0,1933.1,1932.4,1932.7,159
2023-09-13 11:40:00,1932.6,1932.7,1932.3,1932.3,113
2023-09-13 11:45:00,1932.2,1932.6,1931.8,1932.4,196
2023-09-13 11:50:00,1932.6,1932.6,1931.8,1932.1,128
2023-09-13 11:55:00,1932.1,1933.0,1931.7,1932.9,135
2023-09-13 12:00:00,1932.9,1933.0,1932.3,1932.7,120
2023-09-13 12:05:00,1932.7,1932.7,1931.9,1932.0,116
2023-09-13 12:10:00,1932.3,1932.3,1931.7,1932.2,111
2023-09-13 12:15:00,1932.2,1933.6,1931.7,1933.6,170
2023-09-13 12:20:00,1933.6,1933.8,1932.2,1932.6,135
2023-09-13 12:25:00,1932.7,1933.7,1932.7,1933.5,70
2023-09-13 12:30:00,1933.6,1934.0,1933.6,1934.0,99
2023-09-13 12:35:00,1934.0,1934.0,1933.2,1933.3,110
2023-09-13 12:40:00,1933.1,1933.2,1932.5,1932.8,111
2023-09-13 12:45:00,1932.7,1932.9,1932.1,1932.1,87
2023-09-13 12:50:00,1932.0,1932.2,1931.7,1932.2,112
2023-09-13 12:55:00,1932.2,1932.2,1931.2,1931.7,127
2023-09-13 13:00:00,1931.6,1931.6,1930.5,1930.6,267
2023-09-13 13:05:00,1930.6,1931.7,1930.5,1931.4,150
2023-09-13 13:10:00,1931.5,1932.2,1931.1,1932.0,93
2023-09-13 13:15:00,1932.1,1932.9,1932.1,1932.3,172
2023-09-13 13:20:00,1932.4,1933.1,1932.2,1933.0,96
2023-09-13 13:25:00,1933.0,1933.2,1932.5,1932.5,106
2023-09-13 13:30:00,1932.5,1932.9,1932.2,1932.3,76
2023-09-13 13:35:00,1932.6,1933.2,1932.6,1933.1,52
2023-09-13 13:40:00,1933.2,1933.5,1933.1,1933.1,76
2023-09-13 13:45:00,1933.1,1933.1,1932.8,1932.9,30
2023-09-13 13:50:00,1932.8,1932.8,1932.2,1932.4,42
2023-09-13 13:55:00,1932.3,1932.6,1932.3,1932.5,68
2023-09-13 14:00:00,1932.5,1932.8,1932.1,1932.1,34
2023-09-13 14:05:00,1932.1,1932.3,1932.1,1932.1,28
2023-09-13 14:10:00,1932.1,1932.4,1932.0,1932.2,29
2023-09-13 14:15:00,1932.2,1932.5,1932.2,1932.5,13
2023-09-13 14:20:00,1932.4,1932.5,1932.4,1932.5,18
2023-09-13 14:25:00,1932.4,1932.6,1932.3,1932.6,23
2023-09-13 14:30:00,1932.6,1932.7,1931.9,1932.1,75
2023-09-13 14:35:00,1932.0,1932.1,1931.9,1931.9,43
2023-09-13 14:40:00,1931.9,1931.9,1931.6,1931.6,64
2023-09-13 14:45:00,1931.5,1931.6,1931.2,1931.3,92
2023-09-13 14:50:00,1931.4,1931.6,1931.2,1931.6,83
2023-09-13 14:55:00,1931.5,1931.8,1931.3,1931.8,44
2023-09-13 15:00:00,1931.7,1931.7,1931.2,1931.3,40
2023-09-13 15:05:00,1931.3,1931.6,1931.2,1931.4,45
2023-09-13 15:10:00,1931.3,1931.5,1931.1,1931.1,49
2023-09-13 15:15:00,1931.0,1931.2,1931.0,1931.0,38
2023-09-13 15:20:00,1931.0,1931.6,1931.0,1931.5,46
2023-09-13 15:25:00,1931.3,1931.3,1931.2,1931.2,20
2023-09-13 15:30:00,1931.2,1931.6,1931.1,1931.2,27
2023-09-13 15:35:00,1931.2,1931.2,1930.9,1931.2,40
2023-09-13 15:40:00,1931.2,1931.6,1931.2,1931.2,31
2023-09-13 15:45:00,1931.3,1931.3,1931.2,1931.2,25
2023-09-13 15:50:00,1931.2,1931.3,1930.9,1930.9,39
2023-09-13 15:55:00,1931.2,1931.3,1930.9,1931.3,54
2023-09-13 16:00:00,1931.4,1931.5,1930.9,1931.0,119
2023-09-13 16:05:00,1931.0,1931.1,1930.8,1931.1,16
2023-09-13 16:10:00,1931.0,1931.4,1930.8,1931.3,51
2023-09-13 16:15:00,1931.2,1931.2,1931.1,1931.2,8
2023-09-13 16:20:00,1931.3,1931.3,1931.1,1931.1,9
2023-09-13 16:25:00,1931.1,1931.2,1931.1,1931.2,5
2023-09-13 16:30:00,1931.3,1931.5,1931.0,1931.0,56
2023-09-13 16:35:00,1931.0,1931.3,1931.0,1931.1,18
2023-09-13 16:40:00,1931.1,1931.1,1930.7,1930.8,42
2023-09-13 16:45:00,1930.8,1931.0,1930.4,1930.6,103
2023-09-13 16:50:00,1930.7,1930.9,1930.6,1930.7,48
2023-09-13 16:55:00,1930.6,1930.8,1930.5,1930.6,61
2023-09-13 18:00:00,1930.8,1931.0,1930.5,1930.8,79
2023-09-13 18:05:00,1930.8,1931.5,1930.7,1931.5,67
2023-09-13 18:10:00,1931.3,1931.3,1931.0,1931.0,42
2023-09-13 18:15:00,1930.9,1931.1,1930.8,1931.1,15
2023-09-13 18:20:00,1931.1,1931.1,1930.4,1930.6,172
2023-09-13 18:25:00,1930.7,1930.8,1930.6,1930.6,13
2023-09-13 18:30:00,1930.5,1930.8,1930.5,1930.8,13
2023-09-13 18:35:00,1930.6,1930.8,1930.5,1930.8,23
2023-09-13 18:40:00,1930.8,1930.9,1930.7,1930.7,16
2023-09-13 18:45:00,1930.7,1930.7,1930.5,1930.5,40
2023-09-13 18:50:00,1930.6,1930.7,1930.5,1930.7,14
2023-09-13 18:55:00,1930.7,1930.7,1930.5,1930.5,11
2023-09-13 19:00:00,1930.5,1930.6,1929.3,1929.5,209
2023-09-13 19:05:00,1929.6,1930.3,1929.5,1930.2,61
2023-09-13 19:10:00,1930.0,1930.8,1930.0,1930.6,51
2023-09-13 19:15:00,1930.6,1930.7,1930.5,1930.6,26
2023-09-13 19:20:00,1930.7,1930.9,1930.6,1930.9,23
2023-09-13 19:25:00,1930.9,1931.0,1930.8,1930.8,23
2023-09-13 19:30:00,1930.9,1931.2,1930.6,1930.8,52
2023-09-13 19:35:00,1930.9,1930.9,1930.5,1930.5,31
2023-09-13 19:40:00,1930.6,1930.8,1930.6,1930.6,11
2023-09-13 19:45:00,1930.7,1930.7,1930.7,1930.7,10
2023-09-13 19:50:00,1930.9,1931.0,1930.8,1930.9,28
2023-09-13 19:55:00,1930.9,1931.0,1930.7,1930.9,28
2023-10-12 00:00:00,1890.6,1890.6,1890.1,1890.2,26
2023-10-12 00:05:00,1890.4,1890.7,1890.3,1890.5,19
2023-10-12 00:10:00,1890.3,1890.5,1890.1,1890.2,25
2023-10-12 00:15:00,1890.2,1890.4,1890.1,1890.3,23
2023-10-12 00:20:00,1890.3,1890.4,1890.2,1890.3,44
2023-10-12 00:25:00,1890.3,1890.3,1890.1,1890.1,20
2023-10-12 00:30:00,1890.0,1890.0,1889.6,1890.0,20
2023-10-12 00:35:00,1890.0,1890.0,1889.9,1890.0,25
2023-10-12 00:40:00,1889.9,1890.4,1889.8,1890.3,26
2023-10-12 00:45:00,1890.2,1891.4,1890.2,1891.2,71
2023-10-12 00:50:00,1891.4,1892.0,1891.4,1891.5,197
2023-10-12 00:55:00,1891.6,1891.9,1891.4,1891.6,90
2023-10-12 01:00:00,1891.3,1891.5,1891.2,1891.5,25
2023-10-12 01:05:00,1891.6,1892.0,1891.6,1892.0,120
2023-10-12 01:10:00,1892.0,1892.0,1891.6,1892.0,29
2023-10-12 01:15:00,1892.0,1892.1,1891.6,1891.9,105
2023-10-12 01:20:00,1891.8,1892.1,1891.6,1891.9,139
2023-10-12 01:25:00,1891.9,1892.9,1891.9,1892.8,170
2023-10-12 01:30:00,1892.7,1892.7,1891.9,1891.9,107
2023-10-12 01:35:00,1891.8,1892.0,1891.5,1892.0,46
2023-10-12 01:40:00,1892.0,1892.4,1891.8,1892.0,43
2023-10-12 01:45:00,1892.0,1892.1,1891.8,1892.0,38
2023-10-12 01:50:00,1891.8,1892.3,1891.8,1892.2,55
2023-10-12 01:55:00,1892.4,1893.0,1892.2,1892.8,85
2023-10-12 02:00:00,1892.8,1892.8,1892.2,1892.3,124
2023-10-12 02:05:00,1892.3,1892.4,1891.5,1891.8,111
2023-10-12 02:10:00,1891.9,1891.9,1891.3,1891.9,124
2023-10-12 02:15:00,1892.0,1892.7,1892.0,1892.7,73
2023-10-12 02:20:00,1892.7,1892.9,1892.0,1892.0,104
2023-10-12 02:25:00,1891.8,1893.0,1891.7,1892.9,174
2023-10-12 02:30:00,1892.9,1893.0,1892.3,1892.3,69
2023-10-12 02:35:00,1892.3,1894.3,1892.3,1894.3,260
2023-10-12 02:40:00,1894.3,1895.5,1894.2,1895.0,417
2023-10-12 02:45:00,1895.0,1895.0,1894.4,1894.7,256
2023-10-12 02:50:00,1894.7,1895.2,1894.5,1894.8,149
2023-10-12 02:55:00,1894.6,1895.2,1894.6,1895.0,141
2023-10-12 03:00:00,1894.9,1895.4,1894.5,1894.8,137
2023-10-12 03:05:00,1894.7,1894.7,1893.0,1893.6,255
2023-10-12 03:10:00,1893.8,1894.1,1893.4,1893.5,96
2023-10-12 03:15:00,1893.4,1893.4,1892.3,1892.9,177
2023-10-12 03:20:00,1893.2,1894.1,1893.1,1894.0,133
2023-10-12 03:25:00,1894.0,1894.4,1893.7,1893.8,55
2023-10-12 03:30:00,1893.6,1894.2,1893.6,1893.8,90
2023-10-12 03:35:00,1893.5,1893.6,1893.1,1893.2,61
2023-10-12 03:40:00,1893.1,1893.5,1892.8,1893.3,36
2023-10-12 03:45:00,1893.1,1893.2,1892.5,1893.0,133
2023-10-12 03:50:00,1892.8,1892.8,1891.5,1891.6,137
2023-10-12 03:55:00,1891.6,1892.1,1891.1,1891.5,198
2023-10-12 04:00:00,1891.3,1892.2,1891.2,1891.8,152
2023-10-12 04:05:00,1891.8,1892.2,1891.3,1892.2,72
2023-10-12 04:10:00,1891.9,1892.9,1891.9,1892.9,91
2023-10-12 04:15:00,1892.8,1893.8,1892.7,1893.5,117
2023-10-12 04:20:00,1893.6,1894.1,1893.3,1893.8,106
2023-10-12 04:25:00,1893.8,1893.8,1892.9,1893.0,52
2023-10-12 04:30:00,1893.0,1893.5,1893.0,1893.1,63
2023-10-12 04:35:00,1893.1,1893.5,1893.0,1893.3,76
2023-10-12 04:40:00,1893.3,1893.6,1893.0,1893.3,73
2023-10-12 04:45:00,1893.5,1893.7,1892.6,1892.8,52
2023-10-12 04:50:00,1892.5,1892.9,1892.3,1892.7,61
2023-10-12 04:55:00,1892.8,1892.9,1892.7,1892.9,59
2023-10-12 05:00:00,1892.9,1893.1,1892.1,1892.7,109
2023-10-12 05:05:00,1892.7,1893.1,1892.6,1892.6,30
2023-10-12 05:10:00,1892.8,1893.0,1892.5,1892.8,102
2023-10-12 05:15:00,1892.8,1892.9,1892.3,1892.8,32
2023-10-12 05:20:00,1893.1,1893.1,1892.9,1893.0,19
2023-10-12 05:25:00,1892.8,1893.3,1892.8,1893.0,36
2023-10-12 05:30:00,1892.8,1893.8,1892.8,1893.6,75
2023-10-12 05:35:00,1893.6,1893.8,1893.3,1893.7,36
2023-10-12 05:40:00,1893.8,1894.0,1893.6,1893.8,52
2023-10-12 05:45:00,1894.0,1894.7,1894.0,1894.6,142
2023-10-12 05:50:00,1894.7,1894.7,1894.0,1894.0,109
2023-10-12 05:55:00,1893.8,1893.8,1893.5,1893.7,39
2023-10-12 06:00:00,1893.5,1893.9,1893.2,1893.8,53
2023-10-12 06:05:00,1893.5,1894.2,1893.4,1894.1,64
2023-10-12 06:10:00,1894.4,1894.6,1894.3,1894.6,120
2023-10-12 06:15:00,1894.4,1895.0,1894.2,1894.4,108
2023-10-12 06:20:00,1894.1,1894.3,1893.9,1894.3,38
2023-10-12 06:25:00,1894.0,1894.3,1893.6,1893.7,85
2023-10-12 06:30:00,1893.8,1894.9,1893.7,1894.8,60
2023-10-12 06:35:00,1894.9,1895.2,1894.8,1895.1,80
2023-10-12 06:40:00,1895.1,1895.2,1894.8,1895.0,21
2023-10-12 06:45:00,1895.1,1895.2,1895.0,1895.0,39
2023-10-12 06:50:00,1895.1,1895.3,1894.9,1894.9,77
2023-10-12 06:55:00,1894.9,1894.9,1893.9,1893.9,157
2023-10-12 07:00:00,1893.9,1894.8,1893.8,1894.5,132
2023-10-12 07:05:00,1894.6,1895.1,1894.4,1894.6,159
2023-10-12 07:10:00,1894.7,1895.3,1894.7,1895.3,119
2023-10-12 07:15:00,1895.4,1895.9,1894.8,1894.9,227
2023-10-12 07:20:00,1895.0,1895.2,1894.7,1895.2,93
2023-10-12 07:25:00,1895.2,1895.2,1894.5,1894.7,76
2023-10-12 07:30:00,1894.8,1895.6,1894.7,1894.9,95
2023-10-12 07:35:00,1895.1,1895.9,1895.1,1895.8,106
2023-10-12 07:40:00,1895.9,1897.0,1895.9,1896.7,376
2023-10-12 07:45:00,1896.9,1897.3,1896.7,1897.1,326
2023-10-12 07:50:00,1896.9,1897.2,1895.6,1896.0,185
2023-10-12 07:55:00,1895.8,1896.6,1895.8,1896.3,98
2023-10-12 08:00:00,1896.3,1897.2,1896.0,1896.4,227
2023-10-12 08:05:00,1896.4,1896.5,1895.3,1896.4,298
2023-10-12 08:10:00,1896.4,1896.5,1895.4,1896.1,238
2023-10-12 08:15:00,1896.1,1896.2,1895.4,1896.2,177
2023-10-12 08:20:00,1896.2,1896.9,1895.5,1896.4,298
2023-10-12 08:25:00,1896.4,1898.2,1896.0,1898.2,453
2023-10-12 08:30:00,1897.2,1898.2,1892.0,1893.8,1524
2023-10-12 08:35:00,1893.5,1893.7,1890.3,1890.7,943
2023-10-12 08:40:00,1890.6,1891.7,1888.0,1891.7,1473
2023-10-12 08:45:00,1891.6,1892.7,1890.0,1892.5,865
2023-10-12 08:50:00,1892.5,1893.0,1891.4,1892.2,474
2023-10-12 08:55:00,1892.4,1893.0,1891.7,1891.8,247
2023-10-12 09:00:00,1891.8,1892.6,1890.8,1892.6,404
2023-10-12 09:05:00,1892.6,1892.9,1891.3,1891.8,294
2023-10-12 09:10:00,1891.6,1891.8,1890.0,1890.5,383
2023-10-12 09:15:00,1890.4,1890.7,1889.5,1889.9,366
2023-10-12 09:20:00,1889.8,1890.1,1888.3,1889.4,820
2023-10-12 09:25:00,1889.6,1889.8,1888.9,1889.3,246
2023-10-12 09:30:00,1889.5,1891.2,1888.0,1888.9,790
2023-10-12 09:35:00,1888.8,1890.1,1888.3,1888.4,482
2023-10-12 09:40:00,1888.4,1889.2,1886.5,1886.5,816
2023-10-12 09:45:00,1886.5,1888.0,1886.3,1887.4,609
2023-10-12 09:50:00,1887.4,1888.7,1885.9,1886.2,581
2023-10-12 09:55:00,1886.1,1886.9,1885.6,1886.7,439
2023-10-12 10:00:00,1886.6,1888.1,1885.8,1887.9,1240
2023-10-12 10:05:00,1888.0,1889.5,1887.4,1888.9,573
2023-10-12 10:10:00,1888.8,1889.2,1887.8,1888.6,421
2023-10-12 10:15:00,1888.4,1889.0,1887.7,1888.0,289
2023-10-12 10:20:00,1888.0,1888.1,1886.8,1887.2,255
2023-10-12 10:25:00,1887.0,1887.3,1886.2,1886.5,236
2023-10-12 10:30:00,1886.4,1886.7,1884.3,1884.5,824
2023-10-12 10:35:00,1884.5,1886.7,1884.4,1886.3,364
2023-10-12 10:40:00,1886.5,1887.4,1884.8,1884.8,459
2023-10-12 10:45:00,1884.8,1885.4,1883.5,1884.2,613
2023-10-12 10:50:00,1884.2,1884.9,1884.2,1884.6,187
2023-10-12 10:55:00,1884.7,1885.1,1884.1,1884.8,320
2023-10-12 11:00:00,1884.6,1885.2,1883.1,1884.6,568
2023-10-12 11:05:00,1884.7,1885.5,1883.8,1884.8,327
2023-10-12 11:10:00,1884.9,1886.1,1884.7,1885.5,248
2023-10-12 11:15:00,1885.7,1885.7,1884.1,1884.5,160
2023-10-12 11:20:00,1884.4,1884.4,1883.6,1884.2,170
2023-10-12 11:25:00,1884.2,1884.5,1883.6,1883.7,175
2023-10-12 11:30:00,1883.7,1884.8,1883.4,1884.7,220
2023-10-12 11:35:00,1884.8,1885.7,1884.8,1885.6,251
2023-10-12 11:40:00,1885.5,1885.7,1884.6,1885.1,164
2023-10-12 11:45:00,1885.1,1885.3,1884.2,1884.3,151
2023-10-12 11:50:00,1884.2,1885.3,1884.2,1885.0,156
2023-10-12 11:55:00,1884.8,1885.3,1884.3,1884.7,157
2023-10-12 12:00:00,1885.0,1886.4,1885.0,1885.2,283
2023-10-12 12:05:00,1885.4,1886.1,1885.4,1885.8,86
2023-10-12 12:10:00,1885.8,1885.8,1884.7,1885.1,113
2023-10-12 12:15:00,1885.2,1885.7,1885.2,1885.3,87
2023-10-12 12:20:00,1885.3,1885.4,1884.6,1885.2,82
2023-10-12 12:25:00,1885.1,1885.1,1884.4,1884.6,103
2023-10-12 12:30:00,1884.6,1884.9,1884.0,1884.0,151
2023-10-12 12:35:00,1884.1,1885.3,1884.1,1885.1,98
2023-10-12 12:40:00,1885.0,1885.3,1884.4,1884.4,83
2023-10-12 12:45:00,1884.3,1884.7,1884.1,1884.3,141
2023-10-12 12:50:00,1884.3,1884.4,1883.8,1884.0,99
2023-10-12 12:55:00,1884.1,1884.6,1883.8,1884.3,101
2023-10-12 13:00:00,1884.4,1884.9,1882.8,1883.1,653
2023-10-12 13:05:00,1883.3,1883.6,1881.1,1881.5,530
2023-10-12 13:10:00,1881.2,1882.6,1880.8,1881.7,498
2023-10-12 13:15:00,1881.7,1882.4,1880.8,1882.2,343
2023-10-12 13:20:00,1882.3,1883.3,1882.1,1883.2,285
2023-10-12 13:25:00,1883.3,1883.7,1882.2,1883.0,382
2023-10-12 13:30:00,1883.0,1883.9,1882.0,1882.0,166
2023-10-12 13:35:00,1882.2,1882.6,1881.6,1882.1,144
2023-10-12 13:40:00,1882.3,1882.7,1881.8,1881.9,144
2023-10-12 13:45:00,1882.0,1882.4,1881.5,1882.0,157
2023-10-12 13:50:00,1882.0,1882.5,1881.6,1882.0,57
2023-10-12 13:55:00,1882.1,1882.7,1881.6,1881.8,77
2023-10-12 14:00:00,1881.7,1882.2,1880.4,1881.0,283
2023-10-12 14:05:00,1880.9,1881.4,1880.7,1881.3,126
2023-10-12 14:10:00,1881.4,1882.1,1881.4,1881.9,138
2023-10-12 14:15:00,1881.7,1882.7,1881.5,1882.4,114
2023-10-12 14:20:00,1882.6,1883.4,1882.6,1883.3,182
2023-10-12 14:25:00,1883.2,1883.2,1882.4,1882.8,253
2023-10-12 14:30:00,1882.7,1883.2,1882.4,1883.1,57
2023-10-12 14:35:00,1883.1,1883.4,1882.7,1882.9,76
2023-10-12 14:40:00,1882.8,1883.2,1882.6,1883.0,57
2023-10-12 14:45:00,1883.0,1883.2,1881.8,1882.0,205
2023-10-12 14:50:00,1881.8,1881.8,1880.9,1881.1,220
2023-10-12 14:55:00,1881.1,1881.4,1880.8,1881.3,88
2023-10-12 15:00:00,1881.3,1881.9,1881.1,1881.8,120
2023-10-12 15:05:00,1882.0,1882.1,1881.7,1881.8,59
2023-10-12 15:10:00,1881.7,1882.1,1881.1,1882.1,114
2023-10-12 15:15:00,1881.8,1882.5,1881.7,1882.3,89
2023-10-12 15:20:00,1882.3,1882.4,1881.9,1882.1,67
2023-10-12 15:25:00,1882.1,1882.3,1881.9,1882.3,28
2023-10-12 15:30:00,1882.4,1882.9,1882.3,1882.3,87
2023-10-12 15:35:00,1882.2,1882.6,1882.0,1882.3,62
2023-10-12 15:40:00,1882.4,1882.4,1881.8,1881.9,32
2023-10-12 15:45:00,1881.8,1881.9,1881.4,1881.5,120
2023-10-12 15:50:00,1881.5,1881.9,1881.4,1881.4,71
2023-10-12 15:55:00,1881.3,1881.5,1881.0,1881.2,119
2023-10-12 16:00:00,1881.2,1881.7,1880.8,1881.6,171
2023-10-12 16:05:00,1881.8,1881.8,1881.5,1881.7,14
2023-10-12 16:10:00,1881.7,1881.8,1881.5,1881.6,47
2023-10-12 16:15:00,1881.5,1881.6,1881.5,1881.5,14
2023-10-12 16:20:00,1881.6,1881.6,1881.4,1881.6,20
2023-10-12 16:25:00,1881.5,1881.6,1881.5,1881.6,24
2023-10-12 16:30:00,1881.7,1881.7,1881.4,1881.5,35
2023-10-12 16:35:00,1881.6,1881.7,1881.5,1881.7,27
2023-10-12 16:40:00,1881.5,1881.7,1881.5,1881.6,39
2023-10-12 16:45:00,1881.8,1881.8,1881.6,1881.8,47
2023-10-12 16:50:00,1881.7,1881.8,1881.6,1881.8,28
2023-10-12 16:55:00,1881.6,1881.8,1881.4,1881.5,66
2023-10-12 18:00:00,1881.6,1882.1,1881.5,1881.9,142
2023-10-12 18:05:00,1882.1,1882.6,1882.1,1882.2,95
2023-10-12 18:10:00,1882.2,1882.4,1882.2,1882.2,10
2023-10-12 18:15:00,1882.2,1882.3,1881.7,1881.7,50
2023-10-12 18:20:00,1881.8,1881.9,1881.7,1881.7,15
2023-10-12 18:25:00,1881.7,1882.1,1881.6,1882.0,31
2023-10-12 18:30:00,1882.0,1882.4,1881.9,1882.3,28
2023-10-12 18:35:00,1882.5,1882.9,1882.5,1882.9,66
2023-10-12 18:40:00,1883.0,1883.5,1882.9,1883.4,143
2023-10-12 18:45:00,1883.4,1883.5,1882.9,1882.9,79
2023-10-12 18:50:00,1882.9,1883.0,1882.4,1882.4,37
2023-10-12 18:55:00,1882.3,1882.4,1882.0,1882.2,77
2023-10-12 19:00:00,1882.1,1882.6,1882.0,1882.6,38
2023-10-12 19:05:00,1882.6,1883.0,1882.6,1883.0,56
2023-10-12 19:10:00,1883.0,1883.0,1882.6,1882.8,14
2023-10-12 19:15:00,1882.9,1882.9,1882.8,1882.8,4
2023-10-12 19:20:00,1883.0,1883.1,1883.0,1883.1,9
2023-10-12 19:25:00,1883.2,1883.4,1883.2,1883.3,29
2023-10-12 19:30:00,1883.3,1883.5,1883.1,1883.5,46
2023-10-12 19:35:00,1883.6,1883.7,1883.0,1883.2,48
2023-10-12 19:40:00,1883.0,1883.4,1883.0,1883.2,36
2023-10-12 19:45:00,1883.1,1883.4,1883.0,1883.4,36
2023-10-12 19:50:00,1883.4,1883.5,1883.2,1883.3,43
2023-10-12 19:55:00,1883.3,1883.4,1882.9,1882.9,90
2023-11-14 00:00:00,1948.6,1948.9,1948.5,1948.6,29
2023-11-14 00:05:00,1948.6,1948.6,1948.0,1948.1,53
2023-11-14 00:10:00,1948.2,1948.2,1947.8,1948.2,34
2023-11-14 00:15:00,1948.1,1948.2,1947.4,1947.7,49
2023-11-14 00:20:00,1947.7,1947.9,1947.7,1947.8,48
2023-11-14 00:25:00,1947.8,1948.3,1947.7,1948.3,64
2023-11-14 00:30:00,1948.4,1948.5,1948.0,1948.1,26
2023-11-14 00:35:00,1948.2,1948.5,1948.0,1948.3,34
2023-11-14 00:40:00,1948.3,1948.7,1948.1,1948.4,58
2023-11-14 00:45:00,1948.3,1948.8,1948.1,1948.1,60
2023-11-14 00:50:00,1948.1,1949.1,1948.1,1948.9,41
2023-11-14 00:55:00,1949.0,1949.0,1948.1,1948.4,45
2023-11-14 01:00:00,1948.3,1948.4,1948.0,1948.2,28
2023-11-14 01:05:00,1948.1,1948.5,1948.1,1948.5,35
2023-11-14 01:10:00,1948.5,1949.0,1948.4,1949.0,36
2023-11-14 01:15:00,1949.0,1949.7,1948.9,1949.6,46
2023-11-14 01:20:00,1949.5,1949.7,1949.3,1949.6,52
2023-11-14 01:25:00,1949.5,1949.8,1948.6,1948.9,106
2023-11-14 01:30:00,1948.8,1949.2,1948.7,1949.1,49
2023-11-14 01:35:00,1949.0,1949.1,1948.8,1948.8,22
2023-11-14 01:40:00,1948.8,1948.9,1948.4,1948.6,64
2023-11-14 01:45:00,1948.7,1948.7,1948.2,1948.3,34
2023-11-14 01:50:00,1948.3,1948.8,1948.3,1948.7,45
2023-11-14 01:55:00,1948.6,1948.8,1948.5,1948.8,22
2023-11-14 02:00:00,1948.6,1949.2,1948.2,1949.0,75
2023-11-14 02:05:00,1949.2,1950.1,1949.1,1950.1,137
2023-11-14 02:10:00,1950.0,1950.4,1949.4,1949.8,127
2023-11-14 02:15:00,1949.7,1949.9,1949.5,1949.8,67
2023-11-14 02:20:00,1950.0,1950.3,1949.8,1950.1,178
2023-11-14 02:25:00,1950.2,1950.6,1949.4,1949.6,79
2023-11-14 02:30:00,1949.7,1950.2,1949.3,1949.4,122
2023-11-14 02:35:00,1949.5,1949.8,1949.2,1949.3,43
2023-11-14 02:40:00,1949.3,1949.6,1949.2,1949.6,28
2023-11-14 02:45:00,1949.5,1949.6,1949.3,1949.6,30
2023-11-14 02:50:00,1949.6,1950.2,1949.6,1949.7,55
2023-11-14 02:55:00,1949.6,1949.8,1949.4,1949.5,45
2023-11-14 03:00:00,1949.7,1949.9,1949.1,1949.3,62
2023-11-14 03:05:00,1949.6,1949.6,1948.7,1949.0,72
2023-11-14 03:10:00,1949.0,1949.0,1948.1,1948.2,120
2023-11-14 03:15:00,1948.1,1948.6,1948.1,1948.5,58
2023-11-14 03:20:00,1948.7,1949.0,1948.7,1949.0,32
2023-11-14 03:25:00,1949.0,1949.0,1948.4,1948.5,21
2023-11-14 03:30:00,1948.5,1949.7,1948.5,1949.6,63
2023-11-14 03:35:00,1949.7,1949.8,1949.2,1949.3,38
2023-11-14 03:40:00,1949.3,1949.4,1948.2,1948.2,64
2023-11-14 03:45:00,1948.2,1948.8,1948.0,1948.7,57
2023-11-14 03:50:00,1949.0,1949.8,1949.0,1949.6,50
2023-11-14 03:55:00,1949.5,1949.5,1948.9,1949.3,62
2023-11-14 04:00:00,1949.3,1949.9,1949.1,1949.8,120
2023-11-14 04:05:00,1949.7,1949.9,1949.3,1949.8,76
2023-11-14 04:10:00,1949.7,1949.9,1949.5,1949.7,67
2023-11-14 04:15:00,1949.8,1951.7,1949.8,1951.5,380
2023-11-14 04:20:00,1951.3,1951.6,1950.4,1951.1,151
2023-11-14 04:25:00,1951.0,1951.3,1950.6,1950.9,147
2023-11-14 04:30:00,1950.9,1951.1,1949.9,1950.0,340
2023-11-14 04:35:00,1950.2,1951.8,1950.1,1951.3,76
2023-11-14 04:40:00,1951.4,1951.6,1950.9,1951.1,102
2023-11-14 04:45:00,1951.0,1951.4,1951.0,1951.1,38
2023-11-14 04:50:00,1951.3,1951.3,1950.1,1950.1,53
2023-11-14 04:55:00,1950.4,1951.0,1950.3,1951.0,25
2023-11-14 05:00:00,1951.0,1951.4,1951.0,1951.1,68
2023-11-14 05:05:00,1951.3,1951.5,1951.2,1951.3,46
2023-11-14 05:10:00,1951.3,1952.0,1951.3,1951.6,97
2023-11-14 05:15:00,1951.5,1951.9,1951.5,1951.6,71
2023-11-14 05:20:00,1951.6,1951.7,1951.3,1951.6,48
2023-11-14 05:25:00,1951.6,1952.2,1951.3,1951.3,131
2023-11-14 05:30:00,1951.2,1951.3,1950.5,1950.8,321
2023-11-14 05:35:00,1950.9,1951.7,1950.8,1951.5,53
2023-11-14 05:40:00,1951.6,1951.8,1951.0,1951.3,67
2023-11-14 05:45:00,1951.3,1951.5,1950.5,1950.7,40
2023-11-14 05:50:00,1950.8,1951.1,1950.1,1950.6,113
2023-11-14 05:55:00,1950.4,1951.0,1950.3,1950.9,62
2023-11-14 06:00:00,1950.8,1951.0,1950.3,1950.3,41
2023-11-14 06:05:00,1950.3,1950.6,1950.2,1950.5,59
2023-11-14 06:10:00,1950.5,1951.2,1950.4,1950.4,60
2023-11-14 06:15:00,1950.3,1950.5,1950.3,1950.4,39
2023-11-14 06:20:00,1950.5,1950.5,1949.9,1950.1,64
2023-11-14 06:25:00,1950.2,1950.2,1949.6,1949.6,71
2023-11-14 06:30:00,1949.6,1950.3,1949.2,1950.1,275
2023-11-14 06:35:00,1950.1,1950.2,1949.5,1949.9,155
2023-11-14 06:40:00,1949.7,1949.9,1949.3,1949.5,41
2023-11-14 06:45:00,1949.5,1949.7,1949.3,1949.3,66
2023-11-14 06:50:00,1949.2,1949.3,1948.9,1949.3,66
2023-11-14 06:55:00,1949.3,1950.0,1949.3,1949.7,75
2023-11-14 07:00:00,1949.8,1949.8,1949.4,1949.4,57
2023-11-14 07:05:00,1949.3,1950.4,1949.3,1950.4,51
2023-11-14 07:10:00,1950.4,1950.4,1949.6,1949.6,50
2023-11-14 07:15:00,1949.5,1949.7,1949.0,1949.5,87
2023-11-14 07:20:00,1949.4,1949.4,1949.2,1949.2,29
2023-11-14 07:25:00,1949.4,1950.5,1949.4,1949.7,85
2023-11-14 07:30:00,1949.6,1949.7,1949.3,1949.6,73
2023-11-14 07:35:00,1949.7,1950.3,1949.5,1949.6,56
2023-11-14 07:40:00,1949.6,1949.6,1949.0,1949.1,52
2023-11-14 07:45:00,1949.2,1949.2,1948.5,1948.8,95
2023-11-14 07:50:00,1948.9,1949.3,1948.7,1948.7,134
2023-11-14 07:55:00,1948.8,1949.3,1948.7,1949.0,100
2023-11-14 08:00:00,1949.0,1950.2,1948.9,1948.9,159
2023-11-14 08:05:00,1949.2,1949.4,1948.2,1949.1,253
2023-11-14 08:10:00,1949.3,1949.8,1948.2,1949.8,320
2023-11-14 08:15:00,1949.9,1951.3,1949.3,1951.0,370
2023-11-14 08:20:00,1951.1,1951.4,1949.6,1950.4,375
2023-11-14 08:25:00,1950.4,1950.6,1948.1,1949.1,347
2023-11-14 08:30:00,1949.6,1964.1,1941.9,1961.4,4942
2023-11-14 08:35:00,1961.4,1962.1,1956.7,1959.0,1693
2023-11-14 08:40:00,1958.8,1962.0,1958.4,1960.9,1418
2023-11-14 08:45:00,1960.9,1961.8,1958.5,1959.3,1016
2023-11-14 08:50:00,1959.3,1960.7,1957.2,1960.1,1046
2023-11-14 08:55:00,1960.1,1961.5,1958.4,1958.5,602
2023-11-14 09:00:00,1958.4,1960.4,1957.7,1960.2,576
2023-11-14 09:05:00,1960.0,1962.9,1959.6,1962.3,712
2023-11-14 09:10:00,1962.4,1963.7,1961.3,1963.4,681
2023-11-14 09:15:00,1963.3,1965.0,1962.4,1964.0,830
2023-11-14 09:20:00,1964.0,1965.8,1963.4,1965.7,693
2023-11-14 09:25:00,1965.8,1966.0,1963.6,1964.2,623
2023-11-14 09:30:00,1964.0,1966.4,1963.1,1966.2,857
2023-11-14 09:35:00,1966.2,1975.2,1966.2,1975.2,2773
2023-11-14 09:40:00,1975.1,1975.3,1972.4,1973.1,1205
2023-11-14 09:45:00,1973.1,1973.2,1969.4,1970.2,1219
2023-11-14 09:50:00,1970.2,1970.8,1968.1,1970.6,903
2023-11-14 09:55:00,1970.6,1972.5,1970.3,1972.0,585
2023-11-14 10:00:00,1971.8,1973.0,1970.5,1970.8,752
2023-11-14 10:05:00,1970.8,1971.7,1970.2,1971.4,307
2023-11-14 10:10:00,1971.5,1973.4,1971.4,1972.7,408
2023-11-14 10:15:00,1972.6,1972.6,1970.3,1970.6,354
2023-11-14 10:20:00,1970.6,1972.5,1969.2,1972.0,617
2023-11-14 10:25:00,1972.0,1973.2,1971.8,1972.4,423
2023-11-14 10:30:00,1972.6,1972.9,1971.6,1971.7,279
2023-11-14 10:35:00,1972.0,1972.1,1970.5,1971.0,354
2023-11-14 10:40:00,1971.1,1971.7,1970.2,1970.8,348
2023-11-14 10:45:00,1970.8,1971.0,1969.2,1969.2,270
2023-11-14 10:50:00,1969.3,1969.9,1966.4,1966.6,861
2023-11-14 10:55:00,1966.7,1968.7,1966.2,1968.3,468
2023-11-14 11:00:00,1968.4,1968.9,1967.3,1968.9,351
2023-11-14 11:05:00,1968.8,1969.0,1967.7,1968.8,233
2023-11-14 11:10:00,1968.8,1970.0,1968.3,1969.7,261
2023-11-14 11:15:00,1969.6,1969.9,1967.7,1968.7,223
2023-11-14 11:20:00,1968.5,1969.5,1968.1,1969.5,208
2023-11-14 11:25:00,1969.4,1969.4,1968.3,1968.5,84
2023-11-14 11:30:00,1968.7,1969.4,1968.4,1968.5,141
2023-11-14 11:35:00,1968.5,1968.6,1967.7,1967.7,159
2023-11-14 11:40:00,1967.6,1969.5,1967.0,1969.5,165
2023-11-14 11:45:00,1969.5,1970.1,1968.9,1969.9,189
2023-11-14 11:50:00,1970.0,1970.6,1968.6,1968.7,334
2023-11-14 11:55:00,1968.5,1968.9,1967.7,1967.9,201
2023-11-14 12:00:00,1967.9,1969.0,1966.9,1968.7,150
2023-11-14 12:05:00,1968.6,1968.8,1967.5,1967.5,182
2023-11-14 12:10:00,1967.3,1967.5,1965.7,1966.4,266
2023-11-14 12:15:00,1966.3,1967.1,1965.7,1967.1,169
2023-11-14 12:20:00,1967.2,1967.3,1966.4,1966.7,75
2023-11-14 12:25:00,1966.7,1967.8,1966.5,1967.2,66
2023-11-14 12:30:00,1967.3,1967.4,1966.6,1966.8,106
2023-11-14 12:35:00,1966.9,1967.0,1965.8,1967.0,80
2023-11-14 12:40:00,1967.1,1967.7,1966.8,1967.2,140
2023-11-14 12:45:00,1967.3,1967.3,1966.2,1966.6,96
2023-11-14 12:50:00,1966.6,1966.6,1965.8,1966.3,73
2023-11-14 12:55:00,1966.3,1966.4,1965.8,1966.2,77
2023-11-14 13:00:00,1966.1,1967.3,1965.4,1967.3,153
2023-11-14 13:05:00,1967.4,1968.5,1967.0,1967.6,232
2023-11-14 13:10:00,1967.4,1967.6,1966.9,1967.1,81
2023-11-14 13:15:00,1967.0,1967.1,1966.5,1966.9,76
2023-11-14 13:20:00,1966.8,1967.1,1966.4,1966.9,72
2023-11-14 13:25:00,1966.9,1967.1,1966.3,1966.3,198
2023-11-14 13:30:00,1966.2,1967.1,1965.7,1966.7,114
2023-11-14 13:35:00,1966.6,1967.4,1966.5,1967.2,75
2023-11-14 13:40:00,1967.4,1967.4,1966.6,1966.8,51
2023-11-14 13:45:00,1966.8,1966.9,1966.7,1966.9,54
2023-11-14 13:50:00,1967.0,1967.2,1966.9,1966.9,35
2023-11-14 13:55:00,1967.0,1967.1,1966.3,1966.7,81
2023-11-14 14:00:00,1966.7,1967.7,1966.6,1967.5,89
2023-11-14 14:05:00,1967.5,1967.6,1966.4,1966.7,143
2023-11-14 14:10:00,1966.7,1966.8,1966.3,1966.7,33
2023-11-14 14:15:00,1966.9,1967.2,1966.5,1966.7,69
2023-11-14 14:20:00,1966.7,1966.7,1966.4,1966.4,39
2023-11-14 14:25:00,1966.4,1966.6,1966.4,1966.6,20
2023-11-14 14:30:00,1966.7,1967.1,1966.6,1967.1,61
2023-11-14 14:35:00,1967.2,1967.4,1966.9,1967.4,45
2023-11-14 14:40:00,1967.5,1967.7,1967.1,1967.1,56
2023-11-14 14:45:00,1967.1,1967.2,1966.6,1967.2,43
2023-11-14 14:50:00,1967.2,1967.3,1967.0,1967.0,29
2023-11-14 14:55:00,1967.2,1968.0,1967.1,1967.8,71
2023-11-14 15:00:00,1967.9,1968.0,1967.6,1967.7,74
2023-11-14 15:05:00,1967.8,1968.2,1967.5,1968.1,40
2023-11-14 15:10:00,1968.2,1968.2,1967.6,1967.7,63
2023-11-14 15:15:00,1967.7,1968.5,1967.7,1968.2,33
2023-11-14 15:20:00,1968.2,1968.4,1968.1,1968.1,72
2023-11-14 15:25:00,1968.2,1968.3,1967.9,1968.3,38
2023-11-14 15:30:00,1968.2,1968.3,1968.1,1968.1,57
2023-11-14 15:35:00,1968.0,1968.3,1967.8,1968.1,58
2023-11-14 15:40:00,1968.1,1968.6,1968.0,1968.3,67
2023-11-14 15:45:00,1968.2,1968.3,1967.1,1967.1,67
2023-11-14 15:50:00,1967.1,1967.5,1966.9,1967.4,62
2023-11-14 15:55:00,1967.5,1967.9,1967.3,1967.7,128
2023-11-14 16:00:00,1967.6,1967.9,1967.1,1967.2,59
2023-11-14 16:05:00,1967.1,1967.2,1967.0,1967.0,28
2023-11-14 16:10:00,1967.0,1967.0,1966.4,1966.8,74
2023-11-14 16:15:00,1966.9,1967.1,1966.6,1966.7,49
2023-11-14 16:20:00,1966.8,1966.8,1966.6,1966.6,20
2023-11-14 16:25:00,1966.7,1966.8,1966.6,1966.7,28
2023-11-14 16:30:00,1966.8,1966.8,1966.5,1966.6,29
2023-11-14 16:35:00,1966.5,1966.9,1966.5,1966.7,42
2023-11-14 16:40:00,1966.6,1966.9,1966.6,1966.8,25
2023-11-14 16:45:00,1966.8,1967.0,1966.7,1966.8,39
2023-11-14 16:50:00,1966.8,1967.2,1966.8,1967.2,31
2023-11-14 16:55:00,1967.2,1967.2,1966.7,1967.1,166
2023-11-14 18:00:00,1966.7,1967.4,1966.5,1966.5,69
2023-11-14 18:05:00,1966.4,1966.8,1966.4,1966.7,36
2023-11-14 18:10:00,1966.6,1966.9,1966.5,1966.7,68
2023-11-14 18:15:00,1966.7,1967.0,1966.6,1966.9,42
2023-11-14 18:20:00,1966.9,1967.0,1966.6,1966.6,32
2023-11-14 18:25:00,1966.8,1967.0,1966.8,1966.9,31
2023-11-14 18:30:00,1966.8,1966.8,1966.3,1966.5,25
2023-11-14 18:35:00,1966.5,1966.5,1966.1,1966.3,25
2023-11-14 18:40:00,1966.4,1966.6,1966.3,1966.3,27
2023-11-14 18:45:00,1966.4,1966.9,1966.4,1966.6,25
2023-11-14 18:50:00,1966.5,1966.7,1966.0,1966.4,68
2023-11-14 18:55:00,1966.3,1966.4,1966.0,1966.1,86
2023-12-12 00:00:00,2000.8,2001.6,2000.7,2001.1,97
2023-12-12 00:05:00,2001.2,2001.2,2000.9,2000.9,54
2023-12-12 00:10:00,2001.0,2001.7,2000.8,2001.7,66
2023-12-12 00:15:00,2001.7,2001.7,2001.0,2001.5,51
2023-12-12 00:20:00,2001.4,2001.4,2001.1,2001.3,44
2023-12-12 00:25:00,2001.1,2001.1,2000.3,2000.4,48
2023-12-12 00:30:00,2000.3,2001.3,1999.9,2001.3,176
2023-12-12 00:35:00,2001.3,2001.7,2001.0,2001.5,66
2023-12-12 00:40:00,2001.5,2002.7,2001.5,2002.5,217
2023-12-12 00:45:00,2002.6,2002.9,2002.0,2002.7,116
2023-12-12 00:50:00,2002.7,2003.2,2002.2,2002.2,310
2023-12-12 00:55:00,2002.1,2002.9,2001.7,2002.9,108
2023-12-12 01:00:00,2002.8,2003.0,2002.6,2003.0,85
2023-12-12 01:05:00,2003.2,2003.6,2002.7,2003.2,110
2023-12-12 01:10:00,2003.2,2004.2,2002.9,2003.8,199
2023-12-12 01:15:00,2003.8,2003.9,2002.7,2003.2,156
2023-12-12 01:20:00,2003.4,2003.4,2002.9,2003.0,63
2023-12-12 01:25:00,2003.0,2003.4,2002.7,2002.9,74
2023-12-12 01:30:00,2003.0,2003.4,2002.6,2003.4,137
2023-12-12 01:35:00,2003.5,2003.6,2002.7,2003.2,93
2023-12-12 01:40:00,2003.0,2003.1,2002.5,2002.8,49
2023-12-12 01:45:00,2002.6,2003.1,2002.6,2002.7,45
2023-12-12 01:50:00,2002.6,2003.0,2002.5,2003.0,38
2023-12-12 01:55:00,2003.0,2003.4,2002.9,2003.0,60
2023-12-12 02:00:00,2002.9,2003.9,2002.8,2003.9,202
2023-12-12 02:05:00,2003.8,2004.0,2002.9,2002.9,120
2023-12-12 02:10:00,2002.9,2003.5,2002.3,2003.1,109
2023-12-12 02:15:00,2003.3,2003.3,2001.7,2001.8,146
2023-12-12 02:20:00,2001.8,2002.5,2001.8,2002.5,102
2023-12-12 02:25:00,2002.4,2002.6,2001.7,2002.2,208
2023-12-12 02:30:00,2002.2,2002.3,2001.5,2001.7,102
2023-12-12 02:35:00,2001.7,2002.7,2000.6,2002.3,335
2023-12-12 02:40:00,2002.2,2002.4,2002.0,2002.1,94
2023-12-12 02:45:00,2002.1,2002.9,2001.9,2002.6,90
2023-12-12 02:50:00,2002.4,2003.4,2001.9,2003.1,130
2023-12-12 02:55:00,2003.1,2004.0,2002.9,2003.2,214
2023-12-12 03:00:00,2003.0,2003.2,2001.7,2002.0,140
2023-12-12 03:05:00,2002.0,2002.0,2000.8,2001.3,169
2023-12-12 03:10:00,2001.1,2001.6,2000.2,2000.5,211
2023-12-12 03:15:00,2000.6,2001.5,2000.5,2000.9,126
2023-12-12 03:20:00,2000.8,2001.6,2000.2,2001.6,189
2023-12-12 03:25:00,2001.6,2001.9,2000.8,2000.8,131
2023-12-12 03:30:00,2000.8,2001.0,1999.6,1999.9,226
2023-12-12 03:35:00,1999.8,2001.0,1999.6,2000.6,155
2023-12-12 03:40:00,2000.7,2000.8,1999.9,1999.9,71
2023-12-12 03:45:00,2000.1,2000.4,2000.0,2000.0,50
2023-12-12 03:50:00,1999.9,2000.5,1999.1,2000.4,134
2023-12-12 03:55:00,2000.4,2000.4,1998.8,1998.8,110
2023-12-12 04:00:00,1998.8,1999.9,1998.0,1999.6,289
2023-12-12 04:05:00,1999.7,1999.7,1998.6,1998.7,87
2023-12-12 04:10:00,1998.6,1998.8,1998.2,1998.7,50
2023-12-12 04:15:00,1998.9,1999.1,1998.4,1998.5,98
2023-12-12 04:20:00,1998.5,1998.9,1997.8,1997.9,111
2023-12-12 04:25:00,1997.9,1998.7,1997.9,1998.7,170
2023-12-12 04:30:00,1998.8,1999.5,1998.3,1998.8,151
2023-12-12 04:35:00,1998.8,2000.2,1998.7,2000.2,236
2023-12-12 04:40:00,2000.1,2000.1,1999.5,1999.6,74
2023-12-12 04:45:00,1999.7,2000.5,1999.7,2000.3,94
2023-12-12 04:50:00,2000.2,2000.7,2000.0,2000.5,73
2023-12-12 04:55:00,2000.5,2001.2,2000.4,2001.0,148
2023-12-12 05:00:00,2001.0,2001.9,2000.7,2001.5,170
2023-12-12 05:05:00,2001.5,2001.7,2000.7,2001.7,163
2023-12-12 05:10:00,2001.6,2001.6,2001.0,2001.0,45
2023-12-12 05:15:00,2001.0,2001.0,2000.1,2000.7,111
2023-12-12 05:20:00,2000.9,2001.2,2000.8,2000.9,39
2023-12-12 05:25:00,2001.0,2002.5,2001.0,2001.9,186
2023-12-12 05:30:00,2001.8,2003.0,2001.8,2002.9,140
2023-12-12 05:35:00,2002.6,2003.0,2002.5,2002.7,87
2023-12-12 05:40:00,2002.8,2003.4,2002.6,2002.6,68
2023-12-12 05:45:00,2002.7,2003.2,2002.7,2003.0,112
2023-12-12 05:50:00,2003.1,2003.1,2002.2,2002.3,83
2023-12-12 05:55:00,2002.2,2002.2,2001.1,2001.4,149
2023-12-12 06:00:00,2001.4,2001.9,2001.1,2001.6,117
2023-12-12 06:05:00,2001.5,2002.2,2001.4,2002.0,48
2023-12-12 06:10:00,2001.9,2002.7,2001.8,2002.6,78
2023-12-12 06:15:00,2002.6,2002.6,2001.4,2001.7,89
2023-12-12 06:20:00,2001.7,2001.9,2001.6,2001.8,51
2023-12-12 06:25:00,2001.8,2002.6,2001.7,2002.1,89
2023-12-12 06:30:00,2001.9,2002.6,2001.7,2002.5,88
2023-12-12 06:35:00,2002.5,2003.4,2002.4,2003.3,119
2023-12-12 06:40:00,2003.3,2003.4,2002.6,2002.7,129
2023-12-12 06:45:00,2002.7,2003.2,2002.6,2003.0,89
2023-12-12 06:50:00,2003.0,2003.0,2002.1,2002.8,73
2023-12-12 06:55:00,2002.7,2003.8,2002.7,2003.7,216
2023-12-12 07:00:00,2003.7,2003.8,2003.2,2003.3,117
2023-12-12 07:05:00,2003.3,2003.8,2002.6,2003.3,73
2023-12-12 07:10:00,2003.5,2004.2,2003.5,2003.8,192
2023-12-12 07:15:00,2003.8,2004.2,2003.8,2004.0,59
2023-12-12 07:20:00,2003.9,2003.9,2002.8,2002.9,90
2023-12-12 07:25:00,2002.9,2003.5,2002.9,2003.2,151
2023-12-12 07:30:00,2003.4,2003.4,2001.9,2002.4,157
2023-12-12 07:35:00,2002.4,2004.4,2002.4,2003.9,184
2023-12-12 07:40:00,2003.8,2004.4,2003.7,2004.1,166
2023-12-12 07:45:00,2004.0,2004.2,2003.3,2003.5,109
2023-12-12 07:50:00,2003.5,2004.0,2003.5,2003.8,138
2023-12-12 07:55:00,2003.8,2003.8,2003.2,2003.6,74
2023-12-12 08:00:00,2003.6,2004.2,2003.1,2003.7,144
2023-12-12 08:05:00,2003.6,2004.8,2003.6,2004.4,236
2023-12-12 08:10:00,2004.5,2007.9,2004.3,2007.8,1236
2023-12-12 08:15:00,2007.6,2007.9,2005.4,2005.5,512
2023-12-12 08:20:00,2005.6,2005.9,2003.7,2004.6,522
2023-12-12 08:25:00,2004.5,2007.2,2004.3,2006.1,430
2023-12-12 08:30:00,2006.4,2012.5,1998.3,2004.1,4493
2023-12-12 08:35:00,2004.2,2006.3,2002.9,2003.1,1486
2023-12-12 08:40:00,2003.2,2003.4,1999.2,2000.6,2073
2023-12-12 08:45:00,2000.7,2001.4,1997.9,2000.8,1686
2023-12-12 08:50:00,2001.1,2001.9,1998.3,1998.6,775
2023-12-12 08:55:00,1998.5,2001.1,1998.3,1999.7,669
2023-12-12 09:00:00,1999.6,2002.0,1999.1,2001.5,754
2023-12-12 09:05:00,2001.5,2003.3,1999.7,2003.0,788
2023-12-12 09:10:00,2003.0,2005.1,2003.0,2003.5,589
2023-12-12 09:15:00,2003.7,2003.9,2001.0,2001.5,427
2023-12-12 09:20:00,2001.5,2001.7,1999.6,1999.6,392
2023-12-12 09:25:00,1999.7,2000.5,1998.6,1998.7,364
2023-12-12 09:30:00,1998.8,1998.8,1995.6,1995.7,1063
2023-12-12 09:35:00,1995.7,1997.8,1995.1,1996.6,746
2023-12-12 09:40:00,1996.6,1998.2,1996.3,1998.1,521
2023-12-12 09:45:00,1998.2,1998.6,1997.1,1998.3,401
2023-12-12 09:50:00,1998.3,2000.1,1996.2,1996.2,852
2023-12-12 09:55:00,1996.2,1997.4,1995.8,1996.8,368
2023-12-12 10:00:00,1997.0,1998.4,1995.6,1998.1,636
2023-12-12 10:05:00,1998.2,1999.7,1997.8,1999.7,588
2023-12-12 10:10:00,1999.5,1999.6,1996.9,1997.2,392
2023-12-12 10:15:00,1997.2,1997.8,1996.6,1997.3,202
2023-12-12 10:20:00,1997.4,1999.4,1997.1,1999.0,252
2023-12-12 10:25:00,1999.1,1999.8,1998.2,1998.8,272
2023-12-12 10:30:00,1998.7,1999.4,1998.0,1998.1,167
2023-12-12 10:35:00,1998.1,1998.1,1996.8,1996.9,247
2023-12-12 10:40:00,1996.9,1998.2,1996.8,1998.1,268
2023-12-12 10:45:00,1998.0,1999.0,1997.2,1998.7,242
2023-12-12 10:50:00,1998.9,1998.9,1996.9,1997.2,199
2023-12-12 10:55:00,1997.2,1997.3,1995.9,1996.8,391
2023-12-12 11:00:00,1996.9,1998.1,1996.1,1997.9,227
2023-12-12 11:05:00,1998.1,1998.9,1998.0,1998.7,239
2023-12-12 11:10:00,1998.8,1998.8,1997.4,1998.5,253
2023-12-12 11:15:00,1998.6,1998.8,1997.2,1998.1,147
2023-12-12 11:20:00,1998.0,1998.5,1997.4,1997.6,78
2023-12-12 11:25:00,1997.7,1997.8,1997.1,1997.2,51
2023-12-12 11:30:00,1997.4,1997.7,1995.6,1995.6,358
2023-12-12 11:35:00,1995.6,1996.8,1994.1,1996.8,653
2023-12-12 11:40:00,1996.7,1997.3,1996.1,1996.1,213
2023-12-12 11:45:00,1996.3,1996.6,1994.6,1995.0,322
2023-12-12 11:50:00,1994.7,1996.6,1994.4,1995.8,362
2023-12-12 11:55:00,1995.8,1996.3,1995.4,1996.3,153
2023-12-12 12:00:00,1996.5,1996.8,1995.3,1995.5,169
2023-12-12 12:05:00,1995.5,1995.9,1993.4,1993.5,388
2023-12-12 12:10:00,1993.4,1994.3,1993.4,1994.2,213
2023-12-12 12:15:00,1994.2,1995.3,1994.0,1995.0,181
2023-12-12 12:20:00,1994.9,1995.4,1994.7,1994.7,165
2023-12-12 12:25:00,1994.6,1994.9,1993.9,1994.5,193
2023-12-12 12:30:00,1994.5,1994.6,1993.6,1994.1,161
2023-12-12 12:35:00,1994.0,1994.4,1993.0,1993.0,176
2023-12-12 12:40:00,1993.0,1993.5,1992.7,1993.1,214
2023-12-12 12:45:00,1993.0,1993.7,1992.5,1992.6,140
2023-12-12 12:50:00,1992.6,1993.8,1992.3,1993.8,245
2023-12-12 12:55:00,1993.8,1994.1,1992.8,1993.0,170
2023-12-12 13:00:00,1992.8,1995.9,1992.6,1995.6,505
2023-12-12 13:05:00,1995.4,1995.8,1994.1,1995.3,368
2023-12-12 13:10:00,1995.3,1995.4,1994.1,1995.0,170
2023-12-12 13:15:00,1994.8,1995.4,1993.6,1993.8,131
2023-12-12 13:20:00,1993.5,1994.2,1993.2,1993.4,178
2023-12-12 13:25:00,1993.3,1993.7,1993.0,1993.3,172
2023-12-12 13:30:00,1993.3,1993.6,1992.9,1993.3,120
2023-12-12 13:35:00,1993.4,1994.1,1993.2,1994.0,115
2023-12-12 13:40:00,1994.1,1995.4,1993.9,1994.6,152
2023-12-12 13:45:00,1994.6,1995.1,1993.8,1993.8,167
2023-12-12 13:50:00,1993.6,1994.4,1993.6,1994.0,64
2023-12-12 13:55:00,1993.9,1994.3,1993.8,1994.2,72
2023-12-12 14:00:00,1994.4,1994.8,1994.2,1994.7,99
2023-12-12 14:05:00,1994.7,1995.4,1994.5,1995.3,68
2023-12-12 14:10:00,1995.2,1995.3,1994.8,1994.9,113
2023-12-12 14:15:00,1994.8,1995.3,1994.7,1995.2,73
2023-12-12 14:20:00,1995.2,1995.9,1995.2,1995.8,101
2023-12-12 14:25:00,1995.9,1996.4,1995.1,1995.2,184
2023-12-12 14:30:00,1995.3,1996.3,1995.2,1996.1,145
2023-12-12 14:35:00,1996.1,1996.2,1995.7,1995.8,133
2023-12-12 14:40:00,1995.7,1995.8,1995.2,1995.2,96
2023-12-12 14:45:00,1995.1,1995.6,1995.0,1995.5,82
2023-12-12 14:50:00,1995.5,1995.7,1995.3,1995.7,56
2023-12-12 14:55:00,1995.6,1995.7,1995.3,1995.6,97
2023-12-12 15:00:00,1995.7,1995.7,1994.9,1995.3,105
2023-12-12 15:05:00,1995.3,1995.5,1995.1,1995.1,29
2023-12-12 15:10:00,1995.2,1995.2,1994.8,1995.0,67
2023-12-12 15:15:00,1995.0,1995.2,1994.8,1994.9,53
2023-12-12 15:20:00,1995.0,1995.1,1994.7,1995.0,50
2023-12-12 15:25:00,1995.0,1995.5,1994.9,1995.4,110
2023-12-12 15:30:00,1995.3,1995.8,1995.3,1995.6,57
2023-12-12 15:35:00,1995.5,1995.6,1995.3,1995.4,41
2023-12-12 15:40:00,1995.4,1995.9,1995.3,1995.6,42
2023-12-12 15:45:00,1995.6,1995.7,1995.3,1995.4,52
2023-12-12 15:50:00,1995.4,1995.5,1995.1,1995.4,76
2023-12-12 15:55:00,1995.3,1995.6,1994.7,1995.1,136
2023-12-12 16:00:00,1995.1,1995.2,1994.5,1994.9,123
2023-12-12 16:05:00,1994.9,1995.2,1994.8,1995.0,52
2023-12-12 16:10:00,1995.1,1995.2,1994.9,1995.2,42
2023-12-12 16:15:00,1995.0,1995.4,1994.9,1995.0,73
2023-12-12 16:20:00,1995.1,1995.4,1995.0,1995.4,44
2023-12-12 16:25:00,1995.4,1995.5,1995.2,1995.4,29
2023-12-12 16:30:00,1995.3,1995.5,1995.2,1995.2,26
2023-12-12 16:35:00,1995.2,1995.3,1995.0,1995.0,48
2023-12-12 16:40:00,1994.9,1995.1,1994.8,1995.0,34
2023-12-12 16:45:00,1995.0,1995.2,1995.0,1995.1,32
2023-12-12 16:50:00,1995.2,1995.2,1994.7,1994.8,64
2023-12-12 16:55:00,1994.9,1994.9,1994.6,1994.9,42
2023-12-12 18:00:00,1994.9,1996.2,1994.7,1995.0,117
2023-12-12 18:05:00,1995.2,1995.8,1995.0,1995.7,50
2023-12-12 18:10:00,1995.6,1996.1,1995.6,1995.7,44
2023-12-12 18:15:00,1995.6,1995.9,1995.5,1995.9,52
2023-12-12 18:20:00,1995.9,1996.4,1995.8,1996.2,77
2023-12-12 18:25:00,1996.2,1996.2,1995.8,1996.1,37
2023-12-12 18:30:00,1996.3,1996.9,1996.2,1996.8,105
2023-12-12 18:35:00,1996.9,1997.5,1996.7,1997.0,110
2023-12-12 18:40:00,1997.0,1997.4,1996.7,1997.2,66
2023-12-12 18:45:00,1997.2,1997.2,1996.9,1997.0,50
2023-12-12 18:50:00,1997.2,1997.9,1997.1,1997.3,89
2023-12-12 18:55:00,1997.3,1997.9,1997.3,1997.6,60
2024-01-11 00:00:00,2036.3,2036.6,2035.4,2035.7,298
2024-01-11 00:05:00,2035.8,2035.9,2035.4,2035.7,45
2024-01-11 00:10:00,2035.9,2036.1,2035.1,2035.4,141
2024-01-11 00:15:00,2035.5,2036.6,2035.5,2036.1,63
2024-01-11 00:20:00,2036.2,2036.3,2035.7,2035.9,54
2024-01-11 00:25:00,2035.9,2036.0,2035.5,2036.0,47
2024-01-11 00:30:00,2035.9,2037.4,2035.8,2036.8,320
2024-01-11 00:35:00,2036.9,2037.3,2036.7,2037.0,75
2024-01-11 00:40:00,2037.0,2037.5,2036.9,2037.4,80
2024-01-11 00:45:00,2037.3,2038.1,2037.3,2037.5,234
2024-01-11 00:50:00,2037.7,2038.5,2037.7,2038.1,113
2024-01-11 00:55:00,2038.1,2038.3,2036.5,2037.1,151
2024-01-11 01:00:00,2037.2,2037.2,2036.4,2036.6,193
2024-01-11 01:05:00,2036.6,2037.4,2036.5,2037.4,78
2024-01-11 01:10:00,2037.3,2039.1,2037.3,2038.3,397
2024-01-11 01:15:00,2038.3,2038.5,2036.9,2037.6,181
2024-01-11 01:20:00,2037.5,2037.8,2037.3,2037.6,64
2024-01-11 01:25:00,2037.8,2038.9,2037.8,2038.7,122
2024-01-11 01:30:00,2038.6,2038.9,2038.4,2038.9,75
2024-01-11 01:35:00,2038.8,2039.3,2038.0,2038.1,278
2024-01-11 01:40:00,2038.0,2039.3,2038.0,2038.4,148
2024-01-11 01:45:00,2038.3,2038.7,2038.1,2038.5,64
2024-01-11 01:50:00,2038.3,2038.6,2038.2,2038.5,105
2024-01-11 01:55:00,2038.5,2038.5,2037.8,2038.1,115
2024-01-11 02:00:00,2038.2,2038.6,2037.9,2038.4,117
2024-01-11 02:05:00,2038.4,2038.7,2038.3,2038.7,45
2024-01-11 02:10:00,2038.9,2039.1,2038.7,2039.0,122
2024-01-11 02:15:00,2038.7,2039.4,2038.4,2038.4,182
2024-01-11 02:20:00,2038.5,2039.3,2038.2,2038.7,142
2024-01-11 02:25:00,2038.7,2040.0,2038.7,2039.5,184
2024-01-11 02:30:00,2039.4,2039.6,2038.3,2038.8,151
2024-01-11 02:35:00,2038.6,2038.8,2038.3,2038.8,71
2024-01-11 02:40:00,2038.7,2039.4,2038.7,2039.1,146
2024-01-11 02:45:00,2039.4,2039.6,2038.8,2038.8,81
2024-01-11 02:50:00,2038.7,2039.0,2038.5,2039.0,163
2024-01-11 02:55:00,2038.9,2039.0,2038.3,2038.3,100
2024-01-11 03:00:00,2038.4,2038.5,2037.2,2037.2,301
2024-01-11 03:05:00,2037.1,2037.1,2036.0,2036.8,349
2024-01-11 03:10:00,2036.9,2038.3,2036.9,2037.5,299
2024-01-11 03:15:00,2037.5,2037.5,2036.3,2036.3,237
2024-01-11 03:20:00,2036.3,2037.3,2036.2,2037.3,140
2024-01-11 03:25:00,2037.5,2038.1,2037.5,2037.9,111
2024-01-11 03:30:00,2038.0,2038.4,2037.4,2037.7,140
2024-01-11 03:35:00,2037.5,2037.8,2037.3,2037.4,100
2024-01-11 03:40:00,2037.4,2037.4,2036.3,2036.8,198
2024-01-11 03:45:00,2036.7,2037.0,2035.7,2036.1,118
2024-01-11 03:50:00,2036.2,2036.5,2035.5,2035.5,131
2024-01-11 03:55:00,2035.6,2035.9,2035.0,2035.4,174
2024-01-11 04:00:00,2035.2,2036.0,2034.8,2035.7,320
2024-01-11 04:05:00,2035.7,2036.6,2035.0,2036.6,174
2024-01-11 04:10:00,2036.4,2036.8,2035.9,2036.5,149
2024-01-11 04:15:00,2036.5,2036.8,2036.0,2036.2,67
2024-01-11 04:20:00,2036.1,2036.2,2035.7,2035.9,81
2024-01-11 04:25:00,2035.8,2035.9,2035.4,2035.4,66
2024-01-11 04:30:00,2035.5,2035.5,2034.7,2035.2,118
2024-01-11 04:35:00,2035.3,2036.4,2035.3,2036.2,177
2024-01-11 04:40:00,2036.1,2036.7,2035.9,2036.5,91
2024-01-11 04:45:00,2036.2,2036.6,2036.1,2036.5,67
2024-01-11 04:50:00,2036.5,2037.1,2036.4,2036.6,119
2024-01-11 04:55:00,2036.7,2036.7,2035.8,2035.9,63
2024-01-11 05:00:00,2036.0,2036.0,2035.1,2035.4,204
2024-01-11 05:05:00,2035.5,2035.9,2035.5,2035.5,113
2024-01-11 05:10:00,2035.5,2035.8,2035.2,2035.7,77
2024-01-11 05:15:00,2035.6,2035.8,2035.2,2035.6,70
2024-01-11 05:20:00,2035.6,2036.7,2035.6,2036.5,99
2024-01-11 05:25:00,2036.5,2036.7,2036.2,2036.4,121
2024-01-11 05:30:00,2036.3,2036.9,2036.2,2036.6,122
2024-01-11 05:35:00,2036.6,2037.0,2036.3,2036.8,43
2024-01-11 05:40:00,2036.8,2037.2,2036.1,2036.1,81
2024-01-11 05:45:00,2036.1,2036.5,2035.9,2036.3,71
2024-01-11 05:50:00,2036.3,2036.4,2035.9,2036.0,38
2024-01-11 05:55:00,2036.0,2036.6,2035.7,2036.6,72
2024-01-11 06:00:00,2036.3,2036.7,2035.7,2036.7,83
2024-01-11 06:05:00,2036.6,2036.9,2036.2,2036.7,73
2024-01-11 06:10:00,2036.6,2037.0,2036.3,2036.8,91
2024-01-11 06:15:00,2036.7,2037.1,2036.6,2036.8,77
2024-01-11 06:20:00,2036.8,2037.7,2036.6,2037.5,115
2024-01-11 06:25:00,2037.6,2038.6,2037.5,2038.4,225
2024-01-11 06:30:00,2038.4,2038.6,2037.7,2037.8,128
2024-01-11 06:35:00,2037.8,2038.1,2037.7,2037.7,72
2024-01-11 06:40:00,2037.8,2038.7,2037.8,2038.3,135
2024-01-11 06:45:00,2038.2,2038.5,2038.0,2038.1,54
2024-01-11 06:50:00,2038.0,2038.5,2038.0,2038.4,65
2024-01-11 06:55:00,2038.6,2038.9,2038.3,2038.7,66
2024-01-11 07:00:00,2039.0,2039.6,2038.6,2038.6,210
2024-01-11 07:05:00,2038.6,2039.0,2038.5,2038.8,120
2024-01-11 07:10:00,2038.8,2038.8,2037.5,2038.0,188
2024-01-11 07:15:00,2038.1,2038.2,2037.4,2037.4,136
2024-01-11 07:20:00,2037.5,2038.0,2037.3,2037.6,168
2024-01-11 07:25:00,2037.6,2038.0,2037.4,2037.9,199
2024-01-11 07:30:00,2037.9,2038.5,2037.9,2038.0,118
2024-01-11 07:35:00,2038.1,2038.4,2037.7,2037.7,108
2024-01-11 07:40:00,2037.8,2038.7,2037.6,2038.2,151
2024-01-11 07:45:00,2038.3,2038.4,2037.7,2037.9,152
2024-01-11 07:50:00,2037.8,2037.9,2037.4,2037.5,79
2024-01-11 07:55:00,2037.5,2037.7,2036.1,2036.9,214
2024-01-11 08:00:00,2037.0,2039.0,2036.8,2038.2,353
2024-01-11 08:05:00,2038.1,2039.5,2038.1,2039.3,256
2024-01-11 08:10:00,2039.0,2039.5,2038.3,2038.5,436
2024-01-11 08:15:00,2038.6,2039.5,2038.4,2038.4,264
2024-01-11 08:20:00,2038.3,2044.2,2038.2,2043.5,1326
2024-01-11 08:25:00,2043.4,2044.0,2041.6,2042.1,780
2024-01-11 08:30:00,2042.7,2056.3,2029.3,2036.8,5332
2024-01-11 08:35:00,2037.1,2040.4,2033.4,2034.9,2782
2024-01-11 08:40:00,2034.6,2037.8,2033.6,2035.5,1560
2024-01-11 08:45:00,2035.6,2038.0,2031.1,2032.8,1636
2024-01-11 08:50:00,2032.7,2034.6,2031.6,2032.8,1203
2024-01-11 08:55:00,2032.8,2034.2,2031.8,2033.5,810
2024-01-11 09:00:00,2033.8,2034.0,2031.9,2032.2,819
2024-01-11 09:05:00,2032.3,2032.7,2028.9,2030.9,1910
2024-01-11 09:10:00,2030.6,2035.1,2030.6,2034.6,1216
2024-01-11 09:15:00,2034.7,2037.2,2033.6,2034.9,1130
2024-01-11 09:20:00,2034.8,2035.2,2032.4,2033.3,615
2024-01-11 09:25:00,2033.3,2035.4,2033.1,2034.0,576
2024-01-11 09:30:00,2034.1,2036.8,2033.0,2036.1,1327
2024-01-11 09:35:00,2036.2,2039.6,2036.2,2036.7,1901
2024-01-11 09:40:00,2036.4,2037.4,2032.6,2034.1,1241
2024-01-11 09:45:00,2034.5,2034.8,2031.6,2032.6,840
2024-01-11 09:50:00,2032.7,2034.7,2032.5,2033.8,533
2024-01-11 09:55:00,2033.6,2036.6,2033.6,2034.3,645
2024-01-11 10:00:00,2034.2,2034.4,2031.0,2031.5,1660
2024-01-11 10:05:00,2031.5,2033.3,2031.0,2032.1,888
2024-01-11 10:10:00,2031.9,2033.0,2029.3,2029.9,846
2024-01-11 10:15:00,2030.0,2032.4,2029.8,2032.4,742
2024-01-11 10:20:00,2032.4,2034.6,2031.3,2033.7,861
2024-01-11 10:25:00,2033.5,2035.4,2033.4,2035.3,540
2024-01-11 10:30:00,2035.3,2037.7,2034.3,2034.8,1059
2024-01-11 10:35:00,2034.9,2036.7,2034.3,2035.9,461
2024-01-11 10:40:00,2035.9,2036.5,2034.4,2035.8,407
2024-01-11 10:45:00,2035.7,2036.0,2034.8,2035.3,270
2024-01-11 10:50:00,2035.4,2035.4,2033.1,2034.1,487
2024-01-11 10:55:00,2034.3,2034.5,2032.7,2033.5,500
2024-01-11 11:00:00,2033.4,2033.8,2032.0,2033.5,487
2024-01-11 11:05:00,2033.5,2034.1,2031.2,2031.4,389
2024-01-11 11:10:00,2031.4,2031.8,2029.2,2029.6,655
2024-01-11 11:15:00,2029.5,2030.6,2028.0,2029.8,1168
2024-01-11 11:20:00,2029.7,2030.6,2021.4,2023.1,2230
2024-01-11 11:25:00,2023.1,2023.5,2019.8,2022.2,2173
2024-01-11 11:30:00,2022.3,2022.3,2019.7,2020.6,1022
2024-01-11 11:35:00,2020.5,2021.2,2017.6,2019.1,1287
2024-01-11 11:40:00,2019.2,2019.9,2018.6,2018.6,610
2024-01-11 11:45:00,2018.5,2024.4,2018.5,2024.1,1351
2024-01-11 11:50:00,2024.2,2024.4,2019.8,2020.4,955
2024-01-11 11:55:00,2020.5,2021.9,2019.5,2020.8,534
2024-01-11 12:00:00,2020.9,2022.6,2020.7,2021.7,630
2024-01-11 12:05:00,2021.9,2022.5,2020.2,2020.3,349
2024-01-11 12:10:00,2020.4,2020.7,2019.4,2020.4,516
2024-01-11 12:15:00,2020.6,2021.1,2019.8,2020.2,291
2024-01-11 12:20:00,2020.1,2020.9,2019.5,2020.2,220
2024-01-11 12:25:00,2020.1,2021.7,2019.7,2020.6,438
2024-01-11 12:30:00,2020.6,2020.9,2019.2,2019.8,397
2024-01-11 12:35:00,2019.8,2019.8,2018.6,2019.0,271
2024-01-11 12:40:00,2019.0,2019.9,2018.7,2019.2,256
2024-01-11 12:45:00,2019.1,2019.8,2018.4,2018.9,372
2024-01-11 12:50:00,2019.0,2019.5,2018.6,2018.6,159
2024-01-11 12:55:00,2018.5,2018.6,2017.2,2018.4,511
2024-01-11 13:00:00,2018.4,2020.1,2018.0,2019.6,402
2024-01-11 13:05:00,2019.6,2021.2,2019.2,2020.2,497
2024-01-11 13:10:00,2020.2,2021.1,2020.1,2020.6,212
2024-01-11 13:15:00,2020.8,2020.8,2019.3,2019.7,185
2024-01-11 13:20:00,2019.7,2020.9,2019.3,2020.3,188
2024-01-11 13:25:00,2020.2,2020.6,2019.0,2019.3,415
2024-01-11 13:30:00,2019.3,2019.7,2018.2,2018.5,237
2024-01-11 13:35:00,2018.5,2019.2,2018.0,2019.0,234
2024-01-11 13:40:00,2018.9,2019.4,2018.2,2018.7,153
2024-01-11 13:45:00,2018.4,2019.4,2018.3,2018.9,66
2024-01-11 13:50:00,2019.0,2020.1,2018.8,2020.0,179
2024-01-11 13:55:00,2020.0,2021.0,2019.8,2021.0,182
2024-01-11 14:00:00,2021.1,2023.4,2021.1,2022.8,524
2024-01-11 14:05:00,2022.8,2024.1,2022.8,2023.4,323
2024-01-11 14:10:00,2023.5,2025.4,2023.4,2025.1,405
2024-01-11 14:15:00,2025.0,2025.8,2024.6,2024.6,205
2024-01-11 14:20:00,2024.5,2025.1,2023.8,2024.1,179
2024-01-11 14:25:00,2024.2,2029.4,2024.2,2028.8,700
2024-01-11 14:30:00,2028.9,2029.5,2027.8,2028.7,448
2024-01-11 14:35:00,2028.8,2029.2,2028.0,2028.7,239
2024-01-11 14:40:00,2028.9,2029.5,2028.5,2028.8,150
2024-01-11 14:45:00,2028.9,2030.2,2028.6,2029.8,237
2024-01-11 14:50:00,2029.8,2030.8,2029.8,2030.7,215
2024-01-11 14:55:00,2030.6,2032.1,2030.6,2030.9,419
2024-01-11 15:00:00,2031.0,2031.6,2030.1,2030.3,364
2024-01-11 15:05:00,2030.5,2031.8,2030.4,2030.4,140
2024-01-11 15:10:00,2030.4,2030.5,2029.0,2029.7,178
2024-01-11 15:15:00,2029.5,2029.6,2027.8,2028.4,187
2024-01-11 15:20:00,2028.5,2030.1,2028.5,2030.0,121
2024-01-11 15:25:00,2029.8,2030.8,2029.4,2029.5,240
2024-01-11 15:30:00,2029.5,2031.3,2029.3,2031.2,171
2024-01-11 15:35:00,2030.9,2031.2,2029.8,2030.2,100
2024-01-11 15:40:00,2030.3,2031.2,2030.2,2031.0,65
2024-01-11 15:45:00,2031.2,2032.7,2030.8,2032.3,258
2024-01-11 15:50:00,2032.1,2033.0,2031.5,2032.5,231
2024-01-11 15:55:00,2032.5,2032.6,2031.7,2031.9,200
2024-01-11 16:00:00,2032.0,2032.7,2031.8,2032.3,91
2024-01-11 16:05:00,2032.2,2032.8,2032.0,2032.8,48
2024-01-11 16:10:00,2032.9,2033.2,2032.8,2033.0,71
2024-01-11 16:15:00,2033.1,2034.1,2033.1,2033.9,159
2024-01-11 16:20:00,2034.0,2034.0,2032.9,2033.1,63
2024-01-11 16:25:00,2033.1,2033.1,2032.8,2032.8,28
2024-01-11 16:30:00,2032.9,2033.2,2032.9,2033.0,50
2024-01-11 16:35:00,2033.1,2033.3,2032.9,2032.9,64
2024-01-11 16:40:00,2033.1,2033.2,2032.5,2032.8,56
2024-01-11 16:45:00,2032.9,2033.0,2032.5,2032.6,77
2024-01-11 16:50:00,2032.6,2033.2,2032.5,2033.2,25
2024-01-11 16:55:00,2033.1,2033.5,2033.0,2033.1,102
2024-01-11 18:00:00,2033.2,2034.2,2032.8,2033.8,224
2024-01-11 18:05:00,2033.9,2035.9,2033.8,2035.1,240
2024-01-11 18:10:00,2035.1,2039.1,2035.1,2038.3,543
2024-01-11 18:15:00,2038.2,2039.4,2037.8,2039.3,164
2024-01-11 18:20:00,2039.3,2039.3,2037.4,2037.9,169
2024-01-11 18:25:00,2037.8,2037.8,2037.1,2037.1,86
2024-01-11 18:30:00,2037.3,2038.4,2037.0,2038.4,131
2024-01-11 18:35:00,2038.2,2038.3,2037.3,2038.0,71
2024-01-11 18:40:00,2038.1,2039.2,2038.1,2038.6,126
2024-01-11 18:45:00,2038.7,2039.2,2038.2,2039.0,74
2024-01-11 18:50:00,2039.0,2039.2,2038.6,2038.8,80
2024-01-11 18:55:00,2038.7,2039.8,2038.7,2039.5,111
2024-02-13 00:00:00,2032.3,2032.9,2032.3,2032.8,57
2024-02-13 00:05:00,2032.9,2033.3,2032.9,2033.1,118
2024-02-13 00:10:00,2033.3,2033.5,2033.1,2033.4,62
2024-02-13 00:15:00,2033.4,2033.4,2032.9,2032.9,92
2024-02-13 00:20:00,2032.9,2033.3,2032.9,2033.3,18
2024-02-13 00:25:00,2033.3,2033.6,2033.3,2033.6,26
2024-02-13 00:30:00,2033.5,2033.6,2033.3,2033.6,42
2024-02-13 00:35:00,2033.4,2034.0,2033.4,2033.9,100
2024-02-13 00:40:00,2034.0,2034.3,2034.0,2034.0,45
2024-02-13 00:45:00,2034.1,2034.8,2034.1,2034.6,259
2024-02-13 00:50:00,2034.6,2035.0,2034.5,2034.5,110
2024-02-13 00:55:00,2034.5,2034.5,2034.0,2034.1,34
2024-02-13 01:00:00,2034.1,2034.3,2034.0,2034.1,30
2024-02-13 01:05:00,2034.2,2034.5,2034.2,2034.5,35
2024-02-13 01:10:00,2034.6,2034.7,2034.3,2034.7,45
2024-02-13 01:15:00,2034.7,2034.7,2034.4,2034.6,44
2024-02-13 01:20:00,2034.7,2035.5,2034.6,2035.1,184
2024-02-13 01:25:00,2035.2,2035.2,2034.9,2034.9,50
2024-02-13 01:30:00,2035.0,2035.7,2035.0,2035.4,69
2024-02-13 01:35:00,2035.3,2035.6,2035.2,2035.5,43
2024-02-13 01:40:00,2035.6,2036.2,2035.5,2036.0,119
2024-02-13 01:45:00,2036.0,2037.1,2035.9,2036.8,232
2024-02-13 01:50:00,2036.8,2037.1,2036.8,2037.1,101
2024-02-13 01:55:00,2037.0,2037.5,2036.9,2037.0,81
2024-02-13 02:00:00,2037.0,2037.8,2036.7,2037.6,247
2024-02-13 02:05:00,2037.8,2038.0,2037.5,2037.7,87
2024-02-13 02:10:00,2037.9,2037.9,2037.5,2037.6,86
2024-02-13 02:15:00,2037.6,2037.9,2037.4,2037.7,109
2024-02-13 02:20:00,2037.7,2038.2,2037.5,2037.7,138
2024-02-13 02:25:00,2037.8,2038.3,2037.4,2038.1,149
2024-02-13 02:30:00,2038.1,2038.2,2037.4,2037.8,154
2024-02-13 02:35:00,2037.8,2037.8,2037.2,2037.8,85
2024-02-13 02:40:00,2037.8,2038.4,2037.8,2038.2,121
2024-02-13 02:45:00,2038.2,2039.5,2038.1,2039.1,390
2024-02-13 02:50:00,2039.1,2039.1,2038.0,2038.3,108
2024-02-13 02:55:00,2038.4,2039.0,2038.4,2038.8,53
2024-02-13 03:00:00,2038.8,2039.4,2038.5,2039.2,126
2024-02-13 03:05:00,2039.2,2039.2,2038.7,2038.7,137
2024-02-13 03:10:00,2038.9,2039.0,2038.1,2038.1,92
2024-02-13 03:15:00,2038.4,2038.5,2038.1,2038.1,81
2024-02-13 03:20:00,2038.0,2038.4,2038.0,2038.2,117
2024-02-13 03:25:00,2038.1,2038.8,2038.1,2038.2,116
2024-02-13 03:30:00,2038.3,2039.3,2038.3,2039.2,152
2024-02-13 03:35:00,2039.3,2039.6,2038.6,2038.9,92
2024-02-13 03:40:00,2038.9,2039.2,2038.6,2038.6,80
2024-02-13 03:45:00,2038.8,2039.7,2038.5,2039.4,133
2024-02-13 03:50:00,2039.4,2040.0,2039.3,2039.3,132
2024-02-13 03:55:00,2039.4,2039.8,2039.3,2039.7,52
2024-02-13 04:00:00,2039.7,2040.0,2039.1,2039.4,175
2024-02-13 04:05:00,2039.4,2039.4,2039.0,2039.2,89
2024-02-13 04:10:00,2039.2,2039.2,2038.6,2038.7,75
2024-02-13 04:15:00,2038.7,2039.0,2038.7,2038.8,63
2024-02-13 04:20:00,2038.9,2039.3,2038.8,2039.3,74
2024-02-13 04:25:00,2039.4,2039.7,2038.9,2038.9,66
2024-02-13 04:30:00,2039.0,2039.8,2039.0,2039.6,85
2024-02-13 04:35:00,2039.7,2039.8,2039.4,2039.6,71
2024-02-13 04:40:00,2039.7,2039.8,2039.5,2039.7,52
2024-02-13 04:45:00,2039.6,2040.0,2039.5,2039.9,132
2024-02-13 04:50:00,2040.0,2040.0,2039.5,2039.8,88
2024-02-13 04:55:00,2039.8,2040.4,2039.7,2040.2,112
2024-02-13 05:00:00,2040.2,2040.7,2040.2,2040.2,149
2024-02-13 05:05:00,2040.3,2040.4,2039.6,2040.3,146
2024-02-13 05:10:00,2040.2,2040.3,2040.0,2040.3,67
2024-02-13 05:15:00,2040.3,2040.6,2040.1,2040.5,111
2024-02-13 05:20:00,2040.5,2040.5,2039.8,2039.8,68
2024-02-13 05:25:00,2039.8,2040.4,2039.5,2040.3,120
2024-02-13 05:30:00,2040.3,2040.4,2039.9,2040.2,147
2024-02-13 05:35:00,2040.3,2040.9,2040.3,2040.7,102
2024-02-13 05:40:00,2040.8,2041.0,2040.5,2040.7,114
2024-02-13 05:45:00,2040.7,2041.9,2040.7,2040.9,550
2024-02-13 05:50:00,2041.0,2041.2,2040.6,2040.7,65
2024-02-13 05:55:00,2040.7,2040.7,2040.3,2040.3,138
2024-02-13 06:00:00,2040.3,2040.6,2039.8,2040.3,194
2024-02-13 06:05:00,2040.4,2040.9,2040.2,2040.8,123
2024-02-13 06:10:00,2040.6,2041.3,2040.5,2040.9,115
2024-02-13 06:15:00,2041.1,2041.8,2041.0,2041.8,115
2024-02-13 06:20:00,2041.8,2042.8,2041.6,2042.7,427
2024-02-13 06:25:00,2042.8,2043.0,2042.3,2042.5,183
2024-02-13 06:30:00,2042.6,2042.6,2042.0,2042.5,107
2024-02-13 06:35:00,2042.3,2043.1,2042.2,2042.6,169
2024-02-13 06:40:00,2042.6,2042.8,2041.6,2042.0,220
2024-02-13 06:45:00,2041.8,2042.2,2041.7,2041.9,84
2024-02-13 06:50:00,2041.9,2041.9,2041.0,2041.3,184
2024-02-13 06:55:00,2041.3,2041.6,2041.2,2041.3,90
2024-02-13 07:00:00,2041.4,2042.1,2041.1,2041.7,208
2024-02-13 07:05:00,2041.7,2042.5,2041.5,2041.6,135
2024-02-13 07:10:00,2041.6,2042.5,2041.3,2042.5,173
2024-02-13 07:15:00,2042.3,2042.4,2041.3,2041.5,117
2024-02-13 07:20:00,2041.7,2041.9,2041.1,2041.3,127
2024-02-13 07:25:00,2041.5,2041.9,2041.5,2041.7,97
2024-02-13 07:30:00,2041.7,2042.1,2041.3,2041.5,91
2024-02-13 07:35:00,2041.4,2041.6,2041.0,2041.3,121
2024-02-13 07:40:00,2041.5,2042.2,2041.5,2042.1,81
2024-02-13 07:45:00,2042.1,2042.5,2041.9,2042.2,114
2024-02-13 07:50:00,2042.2,2042.7,2042.0,2042.2,146
2024-02-13 07:55:00,2042.2,2042.4,2041.8,2041.9,112
2024-02-13 08:00:00,2042.0,2042.3,2041.4,2042.2,169
2024-02-13 08:05:00,2042.2,2042.8,2041.7,2041.9,167
2024-02-13 08:10:00,2041.9,2042.3,2041.6,2042.3,141
2024-02-13 08:15:00,2042.3,2042.8,2041.4,2041.6,410
2024-02-13 08:20:00,2041.6,2042.8,2041.2,2042.4,462
2024-02-13 08:25:00,2042.3,2043.8,2042.2,2043.3,501
2024-02-13 08:30:00,2043.5,2047.0,2026.8,2028.8,5103
2024-02-13 08:35:00,2028.7,2030.4,2026.9,2028.7,2505
2024-02-13 08:40:00,2028.6,2028.6,2023.7,2024.8,3054
2024-02-13 08:45:00,2024.8,2025.8,2019.4,2020.6,3331
2024-02-13 08:50:00,2020.4,2021.7,2019.3,2019.3,1706
2024-02-13 08:55:00,2019.3,2019.8,2016.2,2017.6,1951
2024-02-13 09:00:00,2017.6,2017.6,2015.0,2015.8,2002
2024-02-13 09:05:00,2015.8,2016.2,2014.2,2015.1,901
2024-02-13 09:10:00,2015.1,2015.1,2013.2,2014.6,987
2024-02-13 09:15:00,2014.5,2019.1,2014.4,2016.2,1665
2024-02-13 09:20:00,2016.1,2016.6,2014.1,2014.5,664
2024-02-13 09:25:00,2014.7,2017.5,2014.1,2014.3,916
2024-02-13 09:30:00,2014.2,2014.2,2008.5,2011.4,2793
2024-02-13 09:35:00,2011.3,2013.4,2010.5,2010.5,1140
2024-02-13 09:40:00,2010.4,2011.2,2009.1,2010.5,1037
2024-02-13 09:45:00,2010.6,2010.6,2007.9,2008.5,1029
2024-02-13 09:50:00,2008.3,2008.4,2006.3,2006.8,901
2024-02-13 09:55:00,2006.7,2009.2,2005.4,2008.5,1129
2024-02-13 10:00:00,2008.6,2008.7,2005.5,2005.6,805
2024-02-13 10:05:00,2005.6,2005.6,2002.7,2004.0,1391
2024-02-13 10:10:00,2004.0,2005.4,2003.1,2003.5,770
2024-02-13 10:15:00,2003.6,2006.7,2003.3,2006.4,642
2024-02-13 10:20:00,2006.4,2007.8,2005.0,2006.3,714
2024-02-13 10:25:00,2006.4,2008.2,2006.4,2006.6,549
2024-02-13 10:30:00,2006.7,2007.1,2004.6,2005.0,704
2024-02-13 10:35:00,2005.0,2006.0,2004.5,2005.8,277
2024-02-13 10:40:00,2005.9,2006.5,2004.5,2004.8,332
2024-02-13 10:45:00,2004.7,2005.3,2003.9,2004.7,232
2024-02-13 10:50:00,2004.6,2005.2,2003.8,2004.8,246
2024-02-13 10:55:00,2004.9,2005.4,2004.5,2005.4,194
2024-02-13 11:00:00,2005.3,2008.2,2004.9,2008.2,580
2024-02-13 11:05:00,2008.1,2009.0,2007.3,2009.0,362
2024-02-13 11:10:00,2008.9,2009.0,2007.1,2007.9,415
2024-02-13 11:15:00,2007.8,2007.9,2006.1,2006.7,251
2024-02-13 11:20:00,2006.7,2007.5,2005.7,2007.5,334
2024-02-13 11:25:00,2007.5,2008.3,2006.2,2007.0,377
2024-02-13 11:30:00,2007.1,2008.4,2006.7,2008.4,265
2024-02-13 11:35:00,2008.4,2010.7,2008.1,2010.3,658
2024-02-13 11:40:00,2010.3,2010.8,2006.9,2006.9,376
2024-02-13 11:45:00,2006.8,2007.6,2006.2,2007.5,207
2024-02-13 11:50:00,2007.6,2008.0,2006.7,2007.8,109
2024-02-13 11:55:00,2007.9,2008.2,2007.3,2008.1,109
2024-02-13 12:00:00,2008.0,2008.3,2007.2,2008.2,123
2024-02-13 12:05:00,2008.2,2008.3,2007.6,2008.3,201
2024-02-13 12:10:00,2008.4,2009.1,2008.2,2008.4,154
2024-02-13 12:15:00,2008.4,2008.6,2007.7,2007.8,179
2024-02-13 12:20:00,2007.7,2007.7,2006.4,2006.5,277
2024-02-13 12:25:00,2006.5,2006.9,2005.8,2005.9,149
2024-02-13 12:30:00,2005.8,2006.8,2005.8,2006.5,143
2024-02-13 12:35:00,2006.6,2007.1,2006.4,2006.7,60
2024-02-13 12:40:00,2006.8,2006.9,2006.4,2006.9,54
2024-02-13 12:45:00,2006.8,2006.9,2006.1,2006.7,173
2024-02-13 12:50:00,2006.7,2007.1,2006.3,2007.1,135
2024-02-13 12:55:00,2007.0,2007.0,2005.7,2006.7,150
2024-02-13 13:00:00,2006.8,2007.7,2006.5,2007.5,102
2024-02-13 13:05:00,2007.4,2008.8,2007.4,2008.8,193
2024-02-13 13:10:00,2008.7,2008.7,2007.4,2007.6,139
2024-02-13 13:15:00,2007.6,2008.0,2007.5,2007.6,111
2024-02-13 13:20:00,2007.6,2007.7,2006.7,2007.0,196
2024-02-13 13:25:00,2007.0,2007.6,2006.3,2007.5,389
2024-02-13 13:30:00,2007.6,2008.5,2007.2,2008.3,181
2024-02-13 13:35:00,2008.3,2008.5,2008.0,2008.2,91
2024-02-13 13:40:00,2008.1,2008.2,2007.1,2007.1,115
2024-02-13 13:45:00,2007.3,2007.5,2007.0,2007.0,84
2024-02-13 13:50:00,2006.8,2007.1,2006.3,2006.6,105
2024-02-13 13:55:00,2006.5,2006.6,2006.1,2006.6,71
2024-02-13 14:00:00,2006.6,2006.8,2005.8,2006.1,157
2024-02-13 14:05:00,2006.1,2006.2,2005.2,2005.4,198
2024-02-13 14:10:00,2005.4,2005.9,2005.2,2005.6,133
2024-02-13 14:15:00,2005.6,2005.8,2004.8,2005.1,333
2024-02-13 14:20:00,2005.1,2005.9,2005.1,2005.3,55
2024-02-13 14:25:00,2005.3,2005.4,2004.6,2004.7,173
2024-02-13 14:30:00,2004.6,2004.9,2004.4,2004.8,189
2024-02-13 14:35:00,2004.8,2005.4,2004.7,2005.4,159
2024-02-13 14:40:00,2005.4,2005.4,2004.8,2005.3,117
2024-02-13 14:45:00,2005.2,2005.3,2004.9,2005.0,104
2024-02-13 14:50:00,2004.9,2005.4,2004.5,2004.8,149
2024-02-13 14:55:00,2004.8,2004.8,2004.2,2004.5,129
2024-02-13 15:00:00,2004.6,2005.1,2004.0,2004.8,115
2024-02-13 15:05:00,2004.8,2005.4,2004.8,2004.9,60
2024-02-13 15:10:00,2004.9,2005.8,2004.8,2005.3,119
2024-02-13 15:15:00,2005.5,2005.8,2005.5,2005.7,117
2024-02-13 15:20:00,2005.7,2005.8,2005.4,2005.5,64
2024-02-13 15:25:00,2005.6,2005.7,2005.3,2005.4,90
2024-02-13 15:30:00,2005.4,2006.0,2005.3,2006.0,103
2024-02-13 15:35:00,2006.0,2006.2,2005.8,2005.8,70
2024-02-13 15:40:00,2005.7,2006.2,2005.6,2006.1,56
2024-02-13 15:45:00,2006.2,2006.5,2005.8,2005.8,65
2024-02-13 15:50:00,2006.0,2006.0,2005.2,2005.5,111
2024-02-13 15:55:00,2005.6,2005.7,2005.2,2005.5,119
2024-02-13 16:00:00,2005.4,2005.6,2005.0,2005.6,130
2024-02-13 16:05:00,2005.7,2005.9,2005.5,2005.8,82
2024-02-13 16:10:00,2005.7,2005.8,2005.6,2005.7,49
2024-02-13 16:15:00,2005.7,2006.3,2005.6,2006.0,82
2024-02-13 16:20:00,2006.1,2006.2,2005.9,2006.2,80
2024-02-13 16:25:00,2006.1,2006.2,2005.7,2006.0,56
2024-02-13 16:30:00,2005.9,2006.5,2005.7,2006.2,103
2024-02-13 16:35:00,2006.2,2006.2,2005.6,2005.8,49
2024-02-13 16:40:00,2005.6,2005.7,2005.3,2005.5,75
2024-02-13 16:45:00,2005.6,2005.7,2005.1,2005.2,78
2024-02-13 16:50:00,2005.3,2006.0,2005.2,2005.7,55
2024-02-13 16:55:00,2005.7,2006.1,2005.7,2005.9,91
2024-02-13 18:00:00,2006.0,2006.3,2004.9,2004.9,152
2024-02-13 18:05:00,2004.8,2005.3,2004.7,2005.1,79
2024-02-13 18:10:00,2005.1,2005.1,2004.8,2004.8,34
2024-02-13 18:15:00,2004.7,2004.8,2004.5,2004.5,58
2024-02-13 18:20:00,2004.4,2004.6,2004.2,2004.2,52
2024-02-13 18:25:00,2004.2,2004.4,2004.1,2004.4,37
2024-02-13 18:30:00,2004.4,2004.5,2004.2,2004.3,27
2024-02-13 18:35:00,2004.4,2004.6,2004.3,2004.5,82
2024-02-13 18:40:00,2004.3,2004.5,2004.1,2004.4,41
2024-02-13 18:45:00,2004.5,2004.7,2004.3,2004.5,36
2024-02-13 18:50:00,2004.3,2004.4,2003.3,2003.6,192
2024-02-13 18:55:00,2003.8,2004.3,2003.8,2004.3,138
2024-03-12 00:00:00,2183.7,2183.8,2183.5,2183.5,36
2024-03-12 00:05:00,2183.4,2184.3,2183.4,2184.2,45
2024-03-12 00:10:00,2184.2,2184.7,2184.2,2184.4,70
2024-03-12 00:15:00,2184.4,2184.9,2184.4,2184.6,75
2024-03-12 00:20:00,2184.6,2185.1,2184.6,2185.1,73
2024-03-12 00:25:00,2185.0,2185.4,2184.9,2185.3,83
2024-03-12 00:30:00,2185.2,2185.5,2184.9,2184.9,97
2024-03-12 00:35:00,2184.8,2184.8,2184.4,2184.8,23
2024-03-12 00:40:00,2184.7,2184.9,2184.7,2184.9,27
2024-03-12 00:45:00,2184.7,2184.8,2184.6,2184.6,43
2024-03-12 00:50:00,2184.8,2184.8,2184.1,2184.4,54
2024-03-12 00:55:00,2184.4,2184.7,2184.3,2184.5,29
2024-03-12 01:00:00,2184.5,2185.4,2184.5,2185.1,104
2024-03-12 01:05:00,2185.1,2185.3,2184.9,2184.9,62
2024-03-12 01:10:00,2184.9,2185.1,2184.7,2184.8,51
2024-03-12 01:15:00,2184.9,2185.0,2184.5,2184.9,71
2024-03-12 01:20:00,2184.8,2184.9,2184.5,2184.7,37
2024-03-12 01:25:00,2184.7,2184.7,2183.7,2183.9,86
2024-03-12 01:30:00,2184.0,2184.7,2183.9,2183.9,93
2024-03-12 01:35:00,2184.1,2184.1,2183.1,2183.2,113
2024-03-12 01:40:00,2183.3,2183.5,2180.4,2180.8,881
2024-03-12 01:45:00,2180.7,2182.8,2180.6,2181.8,440
2024-03-12 01:50:00,2182.1,2182.3,2180.5,2180.5,159
2024-03-12 01:55:00,2180.7,2182.5,2180.3,2182.0,316
2024-03-12 02:00:00,2182.1,2183.2,2181.6,2181.7,263
2024-03-12 02:05:00,2181.6,2182.8,2181.5,2182.3,127
2024-03-12 02:10:00,2182.5,2182.5,2181.9,2182.1,112
2024-03-12 02:15:00,2182.1,2182.8,2181.8,2182.6,87
2024-03-12 02:20:00,2182.5,2182.5,2180.7,2181.5,200
2024-03-12 02:25:00,2181.7,2182.8,2181.7,2182.0,171
2024-03-12 02:30:00,2181.8,2181.9,2181.2,2181.5,77
2024-03-12 02:35:00,2181.5,2181.5,2180.3,2181.0,190
2024-03-12 02:40:00,2181.2,2181.6,2180.9,2181.2,119
2024-03-12 02:45:00,2181.1,2181.1,2180.3,2180.3,82
2024-03-12 02:50:00,2180.4,2180.9,2179.5,2180.3,417
2024-03-12 02:55:00,2180.4,2181.3,2180.2,2181.3,110
2024-03-12 03:00:00,2181.5,2181.5,2180.9,2181.1,123
2024-03-12 03:05:00,2181.1,2182.9,2181.1,2182.6,188
2024-03-12 03:10:00,2182.8,2183.4,2182.5,2182.6,156
2024-03-12 03:15:00,2182.8,2182.8,2181.6,2181.7,83
2024-03-12 03:20:00,2181.6,2182.1,2181.5,2181.8,67
2024-03-12 03:25:00,2181.9,2183.1,2181.9,2183.0,53
2024-03-12 03:30:00,2182.9,2183.5,2182.6,2182.8,66
2024-03-12 03:35:00,2182.9,2182.9,2182.2,2182.7,75
2024-03-12 03:40:00,2182.7,2183.0,2182.2,2182.8,126
2024-03-12 03:45:00,2182.9,2183.4,2182.9,2183.3,68
2024-03-12 03:50:00,2183.4,2183.5,2183.0,2183.4,48
2024-03-12 03:55:00,2183.6,2183.7,2183.1,2183.1,74
2024-03-12 04:00:00,2183.0,2183.6,2182.8,2183.1,103
2024-03-12 04:05:00,2182.9,2183.7,2182.9,2183.4,116
2024-03-12 04:10:00,2183.3,2184.0,2183.1,2183.5,103
2024-03-12 04:15:00,2183.3,2183.4,2182.6,2182.9,76
2024-03-12 04:20:00,2183.0,2183.4,2182.9,2183.0,55
2024-03-12 04:25:00,2183.0,2183.5,2182.9,2183.1,92
2024-03-12 04:30:00,2183.3,2183.6,2182.3,2182.9,94
2024-03-12 04:35:00,2182.9,2183.6,2182.7,2183.1,49
2024-03-12 04:40:00,2183.3,2183.4,2182.5,2183.3,38
2024-03-12 04:45:00,2183.0,2183.2,2181.9,2182.3,52
2024-03-12 04:50:00,2182.4,2183.4,2182.4,2183.1,49
2024-03-12 04:55:00,2183.2,2184.5,2183.1,2183.8,174
2024-03-12 05:00:00,2183.8,2185.0,2183.8,2184.8,131
2024-03-12 05:05:00,2184.8,2185.0,2184.2,2185.0,120
2024-03-12 05:10:00,2185.0,2185.1,2182.8,2183.5,147
2024-03-12 05:15:00,2183.3,2183.8,2182.9,2183.8,79
2024-03-12 05:20:00,2183.6,2183.8,2183.4,2183.8,36
2024-03-12 05:25:00,2183.7,2184.2,2183.5,2184.0,90
2024-03-12 05:30:00,2184.1,2184.2,2183.2,2184.1,82
2024-03-12 05:35:00,2184.1,2184.6,2184.1,2184.4,61
2024-03-12 05:40:00,2184.3,2184.7,2184.3,2184.5,81
2024-03-12 05:45:00,2184.4,2184.5,2183.5,2183.9,71
2024-03-12 05:50:00,2183.9,2183.9,2183.0,2183.4,120
2024-03-12 05:55:00,2183.2,2183.4,2182.4,2183.1,99
2024-03-12 06:00:00,2183.0,2183.0,2181.5,2181.7,174
2024-03-12 06:05:00,2181.7,2182.1,2181.7,2181.9,93
2024-03-12 06:10:00,2181.8,2182.0,2181.4,2181.8,73
2024-03-12 06:15:00,2181.8,2182.1,2181.6,2181.9,51
2024-03-12 06:20:00,2181.7,2182.1,2181.5,2182.1,136
2024-03-12 06:25:00,2182.2,2182.5,2182.1,2182.1,134
2024-03-12 06:30:00,2182.1,2182.9,2182.1,2182.3,90
2024-03-12 06:35:00,2182.5,2183.6,2182.5,2182.8,79
2024-03-12 06:40:00,2182.8,2182.9,2181.7,2181.9,49
2024-03-12 06:45:00,2182.3,2182.8,2182.1,2182.3,37
2024-03-12 06:50:00,2182.3,2182.4,2181.3,2182.2,72
2024-03-12 06:55:00,2182.3,2182.9,2182.3,2182.3,53
2024-03-12 07:00:00,2182.3,2182.3,2182.0,2182.2,55
2024-03-12 07:05:00,2181.9,2182.0,2180.9,2180.9,111
2024-03-12 07:10:00,2180.9,2181.0,2179.2,2179.9,344
2024-03-12 07:15:00,2179.9,2180.5,2176.2,2176.6,880
2024-03-12 07:20:00,2176.9,2178.0,2176.4,2177.3,484
2024-03-12 07:25:00,2177.1,2179.2,2177.1,2178.4,302
2024-03-12 07:30:00,2178.6,2178.9,2178.2,2178.7,194
2024-03-12 07:35:00,2178.8,2179.5,2177.8,2178.0,214
2024-03-12 07:40:00,2178.1,2178.6,2177.7,2178.6,105
2024-03-12 07:45:00,2178.4,2178.5,2177.2,2177.4,156
2024-03-12 07:50:00,2177.5,2178.2,2177.4,2177.6,98
2024-03-12 07:55:00,2177.7,2177.9,2177.2,2177.8,126
2024-03-12 08:00:00,2177.5,2178.8,2177.1,2177.6,270
2024-03-12 08:05:00,2177.6,2178.0,2177.1,2177.9,127
2024-03-12 08:10:00,2177.9,2179.4,2177.5,2177.7,247
2024-03-12 08:15:00,2177.7,2177.7,2173.5,2175.7,1013
2024-03-12 08:20:00,2175.8,2177.9,2174.4,2177.1,620
2024-03-12 08:25:00,2177.1,2177.6,2175.5,2175.9,374
2024-03-12 08:30:00,2175.9,2182.2,2166.0,2176.7,5498
2024-03-12 08:35:00,2176.7,2184.3,2175.4,2183.7,2663
2024-03-12 08:40:00,2183.8,2188.0,2183.5,2185.5,2359
2024-03-12 08:45:00,2185.5,2187.5,2183.9,2184.4,1320
2024-03-12 08:50:00,2184.3,2184.6,2177.3,2178.2,1351
2024-03-12 08:55:00,2178.2,2179.8,2175.3,2175.3,1298
2024-03-12 09:00:00,2175.5,2175.7,2166.5,2169.1,2949
2024-03-12 09:05:00,2169.1,2173.5,2164.3,2168.9,4356
2024-03-12 09:10:00,2168.7,2171.8,2167.6,2171.4,1394
2024-03-12 09:15:00,2171.4,2172.0,2166.7,2167.2,1121
2024-03-12 09:20:00,2167.0,2171.7,2166.5,2171.7,876
2024-03-12 09:25:00,2171.6,2173.4,2170.0,2170.3,874
2024-03-12 09:30:00,2170.0,2170.5,2166.0,2166.1,1333
2024-03-12 09:35:00,2166.2,2166.7,2161.9,2162.8,2709
2024-03-12 09:40:00,2162.9,2165.5,2161.9,2164.1,1279
2024-03-12 09:45:00,2164.1,2166.9,2163.1,2166.1,1214
2024-03-12 09:50:00,2165.9,2168.3,2165.9,2166.1,740
2024-03-12 09:55:00,2166.2,2166.7,2165.1,2166.2,526
2024-03-12 10:00:00,2166.0,2168.7,2162.8,2162.8,1397
2024-03-12 10:05:00,2162.7,2162.9,2158.8,2159.0,1962
2024-03-12 10:10:00,2159.0,2160.4,2158.2,2159.5,1117
2024-03-12 10:15:00,2159.4,2165.3,2159.0,2165.3,1107
2024-03-12 10:20:00,2165.2,2168.0,2165.0,2168.0,854
2024-03-12 10:25:00,2168.0,2168.8,2166.5,2166.9,598
2024-03-12 10:30:00,2167.1,2168.9,2166.4,2168.9,683
2024-03-12 10:35:00,2168.9,2169.1,2166.0,2166.7,412
2024-03-12 10:40:00,2166.5,2167.8,2166.1,2166.2,299
2024-03-12 10:45:00,2166.5,2168.8,2166.0,2168.6,321
2024-03-12 10:50:00,2168.4,2172.2,2168.2,2170.2,1052
2024-03-12 10:55:00,2169.9,2170.3,2166.9,2167.7,489
2024-03-12 11:00:00,2167.5,2169.0,2166.0,2166.6,685
2024-03-12 11:05:00,2166.4,2167.8,2165.7,2167.2,335
2024-03-12 11:10:00,2167.0,2167.4,2165.7,2166.1,190
2024-03-12 11:15:00,2166.5,2167.7,2164.6,2164.7,733
2024-03-12 11:20:00,2164.8,2166.0,2163.2,2165.9,522
2024-03-12 11:25:00,2165.7,2166.4,2165.4,2165.7,224
2024-03-12 11:30:00,2165.6,2168.1,2165.6,2167.8,312
2024-03-12 11:35:00,2167.8,2169.1,2167.0,2168.2,167
2024-03-12 11:40:00,2168.1,2168.6,2167.0,2168.4,132
2024-03-12 11:45:00,2168.2,2170.0,2167.8,2168.3,273
2024-03-12 11:50:00,2168.3,2170.4,2168.3,2170.1,182
2024-03-12 11:55:00,2170.2,2170.3,2168.1,2168.5,260
2024-03-12 12:00:00,2168.6,2168.7,2167.6,2167.6,168
2024-03-12 12:05:00,2167.9,2168.3,2167.3,2167.3,123
2024-03-12 12:10:00,2167.3,2168.7,2167.3,2168.5,137
2024-03-12 12:15:00,2168.6,2168.7,2167.0,2167.5,105
2024-03-12 12:20:00,2167.5,2169.6,2167.5,2169.0,192
2024-03-12 12:25:00,2169.3,2169.7,2168.2,2168.4,116
2024-03-12 12:30:00,2168.0,2168.8,2167.8,2168.7,159
2024-03-12 12:35:00,2168.8,2170.8,2168.8,2170.4,186
2024-03-12 12:40:00,2170.4,2171.0,2169.5,2170.2,148
2024-03-12 12:45:00,2170.6,2171.7,2170.1,2171.3,164
2024-03-12 12:50:00,2171.4,2172.2,2171.0,2171.5,184
2024-03-12 12:55:00,2171.5,2171.6,2170.7,2171.5,149
2024-03-12 13:00:00,2171.4,2171.4,2168.7,2169.5,514
2024-03-12 13:05:00,2169.1,2169.2,2167.4,2168.0,283
2024-03-12 13:10:00,2167.8,2168.0,2166.6,2167.1,248
2024-03-12 13:15:00,2167.2,2167.7,2166.3,2167.6,291
2024-03-12 13:20:00,2167.6,2168.3,2167.0,2167.4,291
2024-03-12 13:25:00,2167.1,2167.2,2165.3,2166.3,354
2024-03-12 13:30:00,2166.3,2166.7,2163.8,2164.5,425
2024-03-12 13:35:00,2164.5,2165.7,2164.4,2165.3,131
2024-03-12 13:40:00,2165.5,2165.5,2163.5,2163.9,183
2024-03-12 13:45:00,2163.6,2164.1,2162.4,2163.0,354
2024-03-12 13:50:00,2162.9,2164.0,2162.1,2162.2,170
2024-03-12 13:55:00,2162.3,2163.0,2160.2,2160.2,567
2024-03-12 14:00:00,2160.5,2161.3,2159.5,2161.1,499
2024-03-12 14:05:00,2161.0,2162.0,2160.1,2160.7,240
2024-03-12 14:10:00,2160.3,2160.3,2158.9,2159.4,395
2024-03-12 14:15:00,2159.4,2160.6,2158.7,2160.3,392
2024-03-12 14:20:00,2160.5,2161.9,2160.1,2161.5,260
2024-03-12 14:25:00,2161.5,2161.8,2160.4,2160.8,337
2024-03-12 14:30:00,2160.9,2162.2,2160.9,2161.4,178
2024-03-12 14:35:00,2161.6,2161.7,2161.2,2161.5,79
2024-03-12 14:40:00,2161.4,2161.4,2159.9,2160.0,81
2024-03-12 14:45:00,2160.1,2160.1,2159.2,2159.3,156
2024-03-12 14:50:00,2159.3,2159.4,2158.4,2158.7,164
2024-03-12 14:55:00,2158.7,2159.8,2158.7,2159.2,125
2024-03-12 15:00:00,2159.0,2159.0,2156.2,2158.5,714
2024-03-12 15:05:00,2158.3,2159.6,2157.9,2159.6,219
2024-03-12 15:10:00,2159.7,2159.8,2158.3,2159.1,214
2024-03-12 15:15:00,2159.0,2160.6,2158.7,2159.6,338
2024-03-12 15:20:00,2159.4,2160.7,2159.3,2160.4,146
2024-03-12 15:25:00,2160.3,2160.8,2160.1,2160.8,85
2024-03-12 15:30:00,2160.8,2161.3,2160.5,2161.0,137
2024-03-12 15:35:00,2160.5,2161.3,2160.4,2160.8,73
2024-03-12 15:40:00,2160.8,2161.1,2160.4,2160.6,61
2024-03-12 15:45:00,2160.6,2161.5,2160.5,2161.4,48
2024-03-12 15:50:00,2161.6,2162.1,2161.3,2162.0,128
2024-03-12 15:55:00,2162.0,2163.0,2162.0,2162.9,157
2024-03-12 16:00:00,2162.9,2162.9,2161.8,2162.0,126
2024-03-12 16:05:00,2161.8,2162.1,2161.7,2162.1,27
2024-03-12 16:10:00,2162.4,2162.9,2162.4,2162.9,33
2024-03-12 16:15:00,2162.9,2162.9,2162.0,2162.0,58
2024-03-12 16:20:00,2161.9,2162.2,2161.7,2162.2,66
2024-03-12 16:25:00,2162.3,2162.7,2162.1,2162.6,22
2024-03-12 16:30:00,2162.6,2162.8,2162.4,2162.8,52
2024-03-12 16:35:00,2162.9,2163.3,2162.9,2163.3,83
2024-03-12 16:40:00,2163.2,2164.2,2163.0,2163.6,118
2024-03-12 16:45:00,2163.7,2164.0,2163.5,2163.9,57
2024-03-12 16:50:00,2163.8,2164.5,2163.7,2164.1,66
2024-03-12 16:55:00,2164.2,2164.5,2163.6,2163.8,52
2024-03-12 18:00:00,2163.6,2165.2,2163.3,2163.6,99
2024-03-12 18:05:00,2163.8,2164.6,2163.8,2164.4,61
2024-03-12 18:10:00,2164.5,2164.6,2164.1,2164.6,62
2024-03-12 18:15:00,2164.7,2165.8,2162.6,2165.2,186
2024-03-12 18:20:00,2165.6,2166.6,2165.2,2166.0,111
2024-03-12 18:25:00,2165.7,2165.9,2163.4,2164.6,193
2024-03-12 18:30:00,2164.2,2164.3,2161.4,2162.2,253
2024-03-12 18:35:00,2162.6,2162.8,2161.4,2161.9,137
2024-03-12 18:40:00,2162.0,2163.3,2161.6,2162.7,96
2024-03-12 18:45:00,2162.7,2164.0,2162.5,2164.0,126
2024-03-12 18:50:00,2163.9,2165.2,2163.7,2165.1,185
2024-03-12 18:55:00,2165.2,2165.9,2163.7,2163.9,195
2024-03-12 19:00:00,2164.0,2164.1,2162.4,2163.8,236
2024-03-12 19:05:00,2163.7,2164.4,2163.2,2163.8,155
2024-03-12 19:10:00,2164.0,2164.5,2164.0,2164.3,77
2024-03-12 19:15:00,2164.2,2164.5,2163.1,2163.2,76
2024-03-12 19:20:00,2163.3,2163.4,2162.6,2163.1,116
2024-03-12 19:25:00,2163.1,2163.2,2162.1,2162.2,82
2024-03-12 19:30:00,2162.4,2162.4,2161.3,2161.8,162
2024-03-12 19:35:00,2161.8,2162.5,2161.7,2162.5,63
2024-03-12 19:40:00,2162.5,2162.9,2162.4,2162.7,52
2024-03-12 19:45:00,2162.7,2163.2,2162.4,2163.2,50
2024-03-12 19:50:00,2163.3,2163.3,2162.7,2162.7,123
2024-03-12 19:55:00,2162.8,2162.8,2162.4,2162.4,165
2024-04-10 00:00:00,2369.4,2369.8,2369.0,2369.8,120
2024-04-10 00:05:00,2369.9,2371.1,2369.7,2371.1,122
2024-04-10 00:10:00,2371.1,2371.6,2370.8,2371.6,227
2024-04-10 00:15:00,2371.6,2372.1,2370.9,2371.8,153
2024-04-10 00:20:00,2371.8,2372.4,2371.5,2372.1,187
2024-04-10 00:25:00,2372.0,2372.3,2371.7,2372.3,114
2024-04-10 00:30:00,2372.2,2374.1,2372.0,2373.1,501
2024-04-10 00:35:00,2373.0,2373.7,2372.8,2372.9,142
2024-04-10 00:40:00,2372.8,2372.9,2372.0,2372.2,177
2024-04-10 00:45:00,2372.2,2372.7,2371.8,2372.7,164
2024-04-10 00:50:00,2372.7,2374.1,2372.7,2374.0,378
2024-04-10 00:55:00,2374.1,2375.0,2373.8,2374.3,360
2024-04-10 01:00:00,2374.2,2375.2,2373.8,2374.7,332
2024-04-10 01:05:00,2374.9,2375.0,2374.4,2374.9,159
2024-04-10 01:10:00,2374.8,2376.3,2374.5,2376.3,426
2024-04-10 01:15:00,2376.3,2376.7,2375.9,2376.1,398
2024-04-10 01:20:00,2376.0,2377.3,2375.8,2377.3,323
2024-04-10 01:25:00,2377.3,2377.9,2376.3,2376.3,262
2024-04-10 01:30:00,2376.3,2378.0,2375.5,2377.9,949
2024-04-10 01:35:00,2378.1,2378.2,2376.8,2377.6,311
2024-04-10 01:40:00,2377.4,2377.5,2376.2,2377.0,241
2024-04-10 01:45:00,2377.0,2377.2,2375.2,2375.5,466
2024-04-10 01:50:00,2375.4,2376.0,2374.7,2375.2,379
2024-04-10 01:55:00,2375.1,2375.7,2373.7,2375.5,418
2024-04-10 02:00:00,2375.5,2376.6,2375.4,2375.7,411
2024-04-10 02:05:00,2375.5,2376.4,2373.9,2374.3,422
2024-04-10 02:10:00,2374.3,2375.8,2374.1,2375.6,201
2024-04-10 02:15:00,2375.6,2377.9,2375.3,2377.7,346
2024-04-10 02:20:00,2377.8,2378.0,2377.0,2377.6,303
2024-04-10 02:25:00,2377.7,2377.8,2376.5,2376.9,316
2024-04-10 02:30:00,2376.6,2377.4,2376.0,2376.8,292
2024-04-10 02:35:00,2376.8,2377.1,2372.4,2373.5,875
2024-04-10 02:40:00,2373.6,2373.9,2372.8,2373.7,290
2024-04-10 02:45:00,2373.8,2374.6,2373.2,2373.3,310
2024-04-10 02:50:00,2373.1,2373.4,2372.1,2373.3,381
2024-04-10 02:55:00,2373.2,2374.4,2372.4,2374.4,305
2024-04-10 03:00:00,2374.1,2376.0,2373.7,2374.4,522
2024-04-10 03:05:00,2374.0,2374.6,2372.7,2372.9,227
2024-04-10 03:10:00,2372.8,2373.9,2372.5,2373.5,192
2024-04-10 03:15:00,2373.7,2374.0,2372.2,2373.5,200
2024-04-10 03:20:00,2373.4,2375.3,2372.8,2375.1,255
2024-04-10 03:25:00,2375.1,2375.8,2374.7,2375.0,249
2024-04-10 03:30:00,2375.1,2375.3,2373.4,2373.8,169
2024-04-10 03:35:00,2373.7,2374.0,2372.6,2372.7,147
2024-04-10 03:40:00,2372.6,2373.1,2371.7,2372.2,345
2024-04-10 03:45:00,2372.4,2373.0,2370.7,2371.3,366
2024-04-10 03:50:00,2371.5,2372.0,2370.9,2371.4,220
2024-04-10 03:55:00,2371.1,2372.4,2370.8,2371.2,207
2024-04-10 04:00:00,2371.3,2372.1,2370.7,2372.1,177
2024-04-10 04:05:00,2372.1,2372.1,2371.1,2371.8,116
2024-04-10 04:10:00,2371.7,2372.4,2371.2,2372.3,111
2024-04-10 04:15:00,2372.4,2372.6,2371.7,2371.7,165
2024-04-10 04:20:00,2371.6,2372.0,2370.9,2371.1,159
2024-04-10 04:25:00,2370.8,2373.3,2370.6,2372.7,335
2024-04-10 04:30:00,2372.7,2374.3,2372.6,2373.3,271
2024-04-10 04:35:00,2373.1,2373.2,2372.5,2373.1,164
2024-04-10 04:40:00,2373.2,2373.8,2372.2,2372.6,202
2024-04-10 04:45:00,2372.4,2372.5,2371.8,2372.3,145
2024-04-10 04:50:00,2372.3,2373.2,2372.1,2372.7,134
2024-04-10 04:55:00,2372.7,2373.7,2372.4,2372.9,149
2024-04-10 05:00:00,2372.8,2373.0,2371.9,2372.1,148
2024-04-10 05:05:00,2372.2,2372.4,2371.8,2372.4,83
2024-04-10 05:10:00,2372.4,2372.8,2371.1,2371.2,142
2024-04-10 05:15:00,2371.2,2371.6,2371.2,2371.5,156
2024-04-10 05:20:00,2371.6,2371.7,2369.5,2369.7,542
2024-04-10 05:25:00,2369.8,2369.8,2367.5,2368.2,676
2024-04-10 05:30:00,2368.0,2368.1,2363.5,2365.7,1207
2024-04-10 05:35:00,2365.9,2365.9,2363.0,2364.6,1050
2024-04-10 05:40:00,2364.8,2367.7,2364.2,2367.2,929
2024-04-10 05:45:00,2367.2,2367.2,2365.7,2366.3,401
2024-04-10 05:50:00,2366.0,2367.3,2365.7,2367.2,284
2024-04-10 05:55:00,2366.9,2367.6,2365.8,2366.0,297
2024-04-10 06:00:00,2365.8,2366.2,2363.5,2364.8,603
2024-04-10 06:05:00,2365.0,2366.1,2364.0,2365.5,381
2024-04-10 06:10:00,2365.7,2366.3,2365.4,2365.9,172
2024-04-10 06:15:00,2366.1,2366.9,2365.8,2365.9,167
2024-04-10 06:20:00,2366.0,2366.2,2365.3,2366.2,133
2024-04-10 06:25:00,2365.9,2366.8,2364.9,2366.8,226
2024-04-10 06:30:00,2366.7,2367.7,2366.2,2367.6,308
2024-04-10 06:35:00,2367.6,2368.7,2367.6,2368.0,311
2024-04-10 06:40:00,2367.9,2368.1,2366.3,2366.6,299
2024-04-10 06:45:00,2366.5,2368.1,2366.4,2367.5,226
2024-04-10 06:50:00,2367.5,2367.8,2366.8,2366.9,199
2024-04-10 06:55:00,2366.9,2366.9,2365.5,2366.0,462
2024-04-10 07:00:00,2366.0,2366.3,2364.0,2365.3,669
2024-04-10 07:05:00,2365.6,2366.1,2364.8,2365.5,358
2024-04-10 07:10:00,2365.5,2365.7,2364.8,2365.1,327
2024-04-10 07:15:00,2364.9,2365.1,2363.2,2365.0,435
2024-04-10 07:20:00,2365.0,2366.5,2364.7,2366.2,356
2024-04-10 07:25:00,2366.0,2366.9,2365.7,2366.6,219
2024-04-10 07:30:00,2366.8,2367.2,2365.6,2365.6,280
2024-04-10 07:35:00,2365.5,2366.2,2365.4,2366.0,180
2024-04-10 07:40:00,2366.0,2367.4,2366.0,2367.0,186
2024-04-10 07:45:00,2367.0,2368.0,2366.3,2366.3,296
2024-04-10 07:50:00,2366.4,2366.7,2364.8,2364.8,194
2024-04-10 07:55:00,2365.1,2366.9,2365.1,2365.6,290
2024-04-10 08:00:00,2365.5,2368.1,2365.4,2367.5,268
2024-04-10 08:05:00,2367.3,2367.6,2365.3,2366.6,281
2024-04-10 08:10:00,2366.6,2367.4,2366.2,2366.5,330
2024-04-10 08:15:00,2366.2,2367.3,2365.8,2366.5,394
2024-04-10 08:20:00,2366.6,2368.5,2366.1,2367.3,740
2024-04-10 08:25:00,2367.3,2369.4,2367.2,2368.7,781
2024-04-10 08:30:00,2367.9,2367.9,2346.0,2348.0,8769
2024-04-10 08:35:00,2347.8,2358.4,2347.1,2356.5,5425
2024-04-10 08:40:00,2356.2,2363.1,2354.3,2356.9,4751
2024-04-10 08:45:00,2356.5,2364.8,2353.6,2362.7,4042
2024-04-10 08:50:00,2362.6,2364.3,2359.0,2359.5,2537
2024-04-10 08:55:00,2359.7,2360.5,2355.5,2356.9,2401
2024-04-10 09:00:00,2357.0,2358.2,2350.0,2350.4,3796
2024-04-10 09:05:00,2350.4,2355.0,2347.2,2350.5,5525
2024-04-10 09:10:00,2350.4,2350.4,2340.2,2340.6,5490
2024-04-10 09:15:00,2340.5,2346.5,2340.4,2343.2,3361
2024-04-10 09:20:00,2343.2,2347.0,2341.6,2344.2,2299
2024-04-10 09:25:00,2344.0,2346.9,2341.9,2344.8,2112
2024-04-10 09:30:00,2344.5,2346.7,2337.3,2345.6,6325
2024-04-10 09:35:00,2345.7,2348.7,2344.4,2344.7,3447
2024-04-10 09:40:00,2344.8,2352.0,2343.2,2351.3,2636
2024-04-10 09:45:00,2350.9,2351.8,2343.9,2345.1,2538
2024-04-10 09:50:00,2345.3,2351.6,2344.4,2350.4,2192
2024-04-10 09:55:00,2350.1,2354.3,2348.1,2352.4,2266
2024-04-10 10:00:00,2352.4,2354.1,2350.7,2352.7,2380
2024-04-10 10:05:00,2352.5,2362.8,2352.5,2362.1,5196
2024-04-10 10:10:00,2361.9,2361.9,2358.7,2360.5,2660
2024-04-10 10:15:00,2360.7,2366.7,2358.8,2366.0,4269
2024-04-10 10:20:00,2366.0,2370.9,2364.7,2370.1,5412
2024-04-10 10:25:00,2370.1,2370.9,2364.0,2364.8,3628
2024-04-10 10:30:00,2364.7,2367.7,2362.5,2366.8,2504
2024-04-10 10:35:00,2366.7,2369.8,2364.1,2367.7,2625
2024-04-10 10:40:00,2367.6,2368.1,2364.9,2366.8,1190
2024-04-10 10:45:00,2366.9,2370.5,2365.8,2369.7,2159
2024-04-10 10:50:00,2370.0,2370.8,2366.6,2366.6,1729
2024-04-10 10:55:00,2366.8,2367.7,2364.3,2364.8,1054
2024-04-10 11:00:00,2364.8,2366.2,2358.3,2359.0,2569
2024-04-10 11:05:00,2358.9,2359.8,2355.6,2356.0,2583
2024-04-10 11:10:00,2355.9,2356.1,2348.2,2350.5,3671
2024-04-10 11:15:00,2350.4,2353.1,2349.4,2350.0,1817
2024-04-10 11:20:00,2350.0,2353.6,2350.0,2351.7,1276
2024-04-10 11:25:00,2351.5,2356.1,2351.0,2355.7,1497
2024-04-10 11:30:00,2355.8,2360.4,2355.8,2359.6,1986
2024-04-10 11:35:00,2359.6,2359.7,2357.2,2358.6,1016
2024-04-10 11:40:00,2359.1,2360.0,2356.8,2359.2,753
2024-04-10 11:45:00,2359.1,2359.2,2356.0,2357.1,717
2024-04-10 11:50:00,2357.7,2358.4,2356.1,2357.4,465
2024-04-10 11:55:00,2357.3,2357.6,2353.3,2355.6,1025
2024-04-10 12:00:00,2355.4,2356.9,2354.5,2354.7,689
2024-04-10 12:05:00,2354.8,2357.5,2354.6,2357.4,483
2024-04-10 12:10:00,2357.3,2357.9,2355.6,2356.8,403
2024-04-10 12:15:00,2356.8,2359.3,2356.8,2358.1,559
2024-04-10 12:20:00,2358.0,2358.9,2356.8,2358.4,373
2024-04-10 12:25:00,2358.5,2358.7,2354.6,2355.1,674
2024-04-10 12:30:00,2355.1,2356.3,2354.4,2355.7,396
2024-04-10 12:35:00,2355.6,2357.1,2355.3,2355.9,470
2024-04-10 12:40:00,2355.9,2356.9,2355.0,2355.1,240
2024-04-10 12:45:00,2355.3,2358.6,2355.1,2358.5,615
2024-04-10 12:50:00,2358.5,2358.7,2356.1,2356.5,391
2024-04-10 12:55:00,2356.8,2357.7,2355.5,2355.6,298
2024-04-10 13:00:00,2355.7,2356.1,2352.2,2352.6,1409
2024-04-10 13:05:00,2352.5,2352.9,2344.0,2346.0,3240
2024-04-10 13:10:00,2345.9,2347.6,2344.8,2346.8,771
2024-04-10 13:15:00,2346.9,2350.3,2346.8,2349.9,943
2024-04-10 13:20:00,2350.1,2351.6,2349.5,2350.9,625
2024-04-10 13:25:00,2351.0,2352.8,2347.6,2347.7,746
2024-04-10 13:30:00,2347.7,2363.8,2347.5,2362.6,3982
2024-04-10 13:35:00,2362.9,2363.4,2354.9,2355.5,1633
2024-04-10 13:40:00,2355.4,2356.3,2352.7,2353.1,947
2024-04-10 13:45:00,2353.2,2356.1,2352.9,2354.6,761
2024-04-10 13:50:00,2354.3,2356.7,2353.8,2356.0,405
2024-04-10 13:55:00,2356.0,2358.2,2355.4,2356.0,519
2024-04-10 14:00:00,2357.3,2358.2,2355.8,2356.8,460
2024-04-10 14:05:00,2357.0,2358.0,2354.6,2357.3,385
2024-04-10 14:10:00,2357.6,2359.2,2355.9,2359.1,318
2024-04-10 14:15:00,2359.0,2359.4,2355.8,2356.7,304
2024-04-10 14:20:00,2356.5,2357.3,2353.7,2354.3,363
2024-04-10 14:25:00,2354.5,2355.6,2353.5,2354.4,313
2024-04-10 14:30:00,2353.9,2354.4,2352.1,2352.1,356
2024-04-10 14:35:00,2352.1,2353.7,2351.7,2352.6,464
2024-04-10 14:40:00,2352.6,2354.4,2352.1,2352.4,387
2024-04-10 14:45:00,2352.2,2352.9,2350.6,2351.6,355
2024-04-10 14:50:00,2351.5,2351.6,2349.6,2350.2,345
2024-04-10 14:55:00,2350.1,2350.1,2344.2,2345.5,1072
2024-04-10 15:00:00,2345.7,2348.1,2345.2,2347.6,685
2024-04-10 15:05:00,2347.9,2349.3,2346.3,2346.4,503
2024-04-10 15:10:00,2346.4,2347.9,2345.7,2346.8,325
2024-04-10 15:15:00,2346.9,2348.1,2345.3,2347.3,670
2024-04-10 15:20:00,2347.2,2348.1,2345.6,2346.3,707
2024-04-10 15:25:00,2346.2,2347.6,2345.9,2347.1,344
2024-04-10 15:30:00,2347.0,2348.6,2346.7,2347.6,247
2024-04-10 15:35:00,2347.8,2347.8,2347.0,2347.4,80
2024-04-10 15:40:00,2347.5,2348.4,2347.3,2348.1,100
2024-04-10 15:45:00,2348.0,2348.1,2347.2,2347.7,190
2024-04-10 15:50:00,2348.1,2349.0,2347.5,2348.2,227
2024-04-10 15:55:00,2348.4,2348.7,2347.4,2347.8,321
2024-04-10 16:00:00,2347.8,2350.0,2347.8,2349.2,330
2024-04-10 16:05:00,2348.9,2349.8,2348.8,2349.5,150
2024-04-10 16:10:00,2349.5,2350.4,2349.2,2350.3,175
2024-04-10 16:15:00,2350.2,2351.2,2350.2,2351.1,169
2024-04-10 16:20:00,2350.9,2351.9,2350.9,2351.3,176
2024-04-10 16:25:00,2351.2,2351.9,2351.1,2351.1,104
2024-04-10 16:30:00,2351.2,2351.6,2350.4,2351.1,155
2024-04-10 16:35:00,2350.9,2350.9,2350.1,2350.2,153
2024-04-10 16:40:00,2350.1,2350.7,2350.1,2350.4,88
2024-04-10 16:45:00,2350.3,2351.3,2350.2,2350.9,143
2024-04-10 16:50:00,2350.7,2350.9,2350.2,2350.2,82
2024-04-10 16:55:00,2350.4,2352.8,2350.3,2352.4,127
2024-04-10 18:00:00,2352.4,2352.4,2350.7,2351.9,171
2024-04-10 18:05:00,2352.0,2352.4,2351.9,2352.4,76
2024-04-10 18:10:00,2352.3,2352.8,2352.0,2352.6,79
2024-04-10 18:15:00,2352.5,2353.4,2352.1,2352.7,95
2024-04-10 18:20:00,2352.6,2352.8,2352.1,2352.4,70
2024-04-10 18:25:00,2352.2,2352.5,2351.9,2351.9,77
2024-04-10 18:30:00,2351.9,2352.2,2351.1,2351.5,269
2024-04-10 18:35:00,2351.4,2352.1,2351.4,2352.0,161
2024-04-10 18:40:00,2352.1,2353.5,2352.1,2353.1,128
2024-04-10 18:45:00,2353.1,2354.3,2352.8,2353.5,277
2024-04-10 18:50:00,2353.5,2354.4,2353.2,2354.1,261
2024-04-10 18:55:00,2354.1,2354.2,2353.1,2353.5,140
2024-04-10 19:00:00,2353.5,2353.8,2353.0,2353.2,78
2024-04-10 19:05:00,2353.1,2353.3,2352.1,2352.5,172
2024-04-10 19:10:00,2352.4,2352.6,2351.5,2352.5,267
2024-04-10 19:15:00,2352.5,2353.6,2352.4,2353.2,196
2024-04-10 19:20:00,2353.8,2353.8,2352.6,2352.6,64
2024-04-10 19:25:00,2352.8,2353.0,2351.9,2352.9,99
2024-04-10 19:30:00,2353.0,2354.1,2353.0,2354.1,170
2024-04-10 19:35:00,2354.1,2354.6,2353.8,2354.3,87
2024-04-10 19:40:00,2354.4,2354.4,2353.3,2353.3,84
2024-04-10 19:45:00,2353.2,2353.7,2352.5,2353.6,100
2024-04-10 19:50:00,2353.8,2353.8,2351.9,2352.1,157
2024-04-10 19:55:00,2352.1,2353.0,2352.1,2352.8,123
2024-05-15 00:00:00,2365.8,2366.3,2365.5,2365.5,87
2024-05-15 00:05:00,2365.5,2366.0,2365.5,2365.5,56
2024-05-15 00:10:00,2365.4,2366.2,2365.0,2365.6,153
2024-05-15 00:15:00,2365.5,2366.0,2365.4,2365.7,167
2024-05-15 00:20:00,2365.7,2366.3,2365.4,2366.0,95
2024-05-15 00:25:00,2366.0,2366.1,2364.7,2364.9,204
2024-05-15 00:30:00,2364.7,2365.1,2364.2,2364.3,211
2024-05-15 00:35:00,2364.3,2365.0,2363.6,2363.6,181
2024-05-15 00:40:00,2363.6,2364.0,2363.5,2363.6,163
2024-05-15 00:45:00,2363.7,2363.7,2362.0,2362.0,372
2024-05-15 00:50:00,2361.9,2362.4,2361.4,2361.7,420
2024-05-15 00:55:00,2361.9,2362.5,2361.7,2362.3,148
2024-05-15 01:00:00,2362.2,2362.4,2361.4,2361.4,108
2024-05-15 01:05:00,2361.3,2362.4,2361.1,2361.9,141
2024-05-15 01:10:00,2361.8,2362.5,2361.0,2362.0,220
2024-05-15 01:15:00,2361.9,2362.2,2361.1,2361.8,233
2024-05-15 01:20:00,2361.9,2362.4,2361.6,2362.2,53
2024-05-15 01:25:00,2362.0,2362.5,2362.0,2362.2,107
2024-05-15 01:30:00,2362.1,2363.6,2361.8,2363.4,198
2024-05-15 01:35:00,2363.2,2363.6,2363.0,2363.1,89
2024-05-15 01:40:00,2363.1,2363.1,2362.5,2362.6,69
2024-05-15 01:45:00,2362.5,2363.8,2362.3,2363.6,87
2024-05-15 01:50:00,2363.4,2363.6,2363.1,2363.5,80
2024-05-15 01:55:00,2363.5,2364.5,2363.2,2363.9,184
2024-05-15 02:00:00,2363.9,2365.1,2363.6,2364.1,335
2024-05-15 02:05:00,2364.2,2364.7,2363.5,2363.8,180
2024-05-15 02:10:00,2363.6,2363.6,2363.0,2363.5,156
2024-05-15 02:15:00,2363.3,2364.1,2362.7,2364.1,150
2024-05-15 02:20:00,2364.1,2364.3,2363.4,2363.8,93
2024-05-15 02:25:00,2363.8,2364.5,2363.4,2363.7,158
2024-05-15 02:30:00,2363.6,2363.8,2362.1,2362.8,199
2024-05-15 02:35:00,2362.6,2364.2,2362.6,2364.1,149
2024-05-15 02:40:00,2364.1,2364.9,2363.4,2363.7,204
2024-05-15 02:45:00,2363.5,2364.2,2363.2,2363.7,77
2024-05-15 02:50:00,2363.7,2364.1,2363.1,2363.1,167
2024-05-15 02:55:00,2363.0,2364.2,2363.0,2364.1,124
2024-05-15 03:00:00,2364.0,2365.8,2363.8,2365.5,331
2024-05-15 03:05:00,2365.4,2367.3,2365.4,2367.1,675
2024-05-15 03:10:00,2367.1,2368.2,2366.7,2367.4,391
2024-05-15 03:15:00,2367.6,2369.0,2367.6,2368.3,419
2024-05-15 03:20:00,2368.2,2368.6,2367.3,2368.2,212
2024-05-15 03:25:00,2368.1,2368.7,2367.5,2368.7,120
2024-05-15 03:30:00,2368.7,2371.3,2368.7,2369.5,691
2024-05-15 03:35:00,2369.6,2369.6,2366.9,2367.5,429
2024-05-15 03:40:00,2367.5,2368.6,2367.5,2368.5,126
2024-05-15 03:45:00,2368.3,2369.2,2368.0,2368.7,150
2024-05-15 03:50:00,2368.5,2369.3,2368.0,2368.7,143
2024-05-15 03:55:00,2368.3,2368.4,2367.6,2367.8,75
2024-05-15 04:00:00,2367.8,2369.1,2367.8,2368.8,138
2024-05-15 04:05:00,2368.8,2369.5,2368.6,2369.2,106
2024-05-15 04:10:00,2369.2,2370.1,2369.0,2369.7,158
2024-05-15 04:15:00,2369.5,2370.8,2369.0,2370.8,199
2024-05-15 04:20:00,2370.8,2372.5,2370.3,2372.5,430
2024-05-15 04:25:00,2372.4,2374.6,2372.1,2374.5,710
2024-05-15 04:30:00,2374.6,2375.8,2374.2,2375.0,782
2024-05-15 04:35:00,2375.0,2376.2,2374.8,2375.3,417
2024-05-15 04:40:00,2375.4,2378.2,2375.4,2378.0,798
2024-05-15 04:45:00,2378.0,2380.0,2377.1,2379.1,765
2024-05-15 04:50:00,2379.1,2379.7,2378.0,2379.5,443
2024-05-15 04:55:00,2379.4,2379.9,2378.1,2379.1,336
2024-05-15 05:00:00,2379.0,2380.0,2378.8,2379.4,310
2024-05-15 05:05:00,2379.1,2379.7,2378.4,2379.5,283
2024-05-15 05:10:00,2379.4,2380.0,2378.7,2378.9,234
2024-05-15 05:15:00,2378.8,2379.5,2378.2,2379.0,242
2024-05-15 05:20:00,2378.9,2379.5,2377.8,2378.1,221
2024-05-15 05:25:00,2378.2,2378.5,2377.0,2377.7,346
2024-05-15 05:30:00,2377.6,2378.1,2376.3,2376.4,332
2024-05-15 05:35:00,2376.4,2376.4,2374.2,2374.5,690
2024-05-15 05:40:00,2374.5,2375.0,2374.1,2374.4,257
2024-05-15 05:45:00,2374.2,2375.2,2373.9,2375.0,220
2024-05-15 05:50:00,2375.0,2375.6,2374.3,2375.0,217
2024-05-15 05:55:00,2375.0,2375.4,2374.2,2375.0,211
2024-05-15 06:00:00,2375.0,2375.4,2374.6,2374.6,107
2024-05-15 06:05:00,2374.6,2375.1,2374.4,2374.8,89
2024-05-15 06:10:00,2374.8,2375.4,2374.5,2375.3,110
2024-05-15 06:15:00,2375.2,2375.9,2374.8,2375.7,142
2024-05-15 06:20:00,2375.8,2376.2,2374.8,2375.0,185
2024-05-15 06:25:00,2374.9,2375.8,2374.7,2375.7,109
2024-05-15 06:30:00,2375.5,2376.3,2375.5,2376.3,205
2024-05-15 06:35:00,2376.4,2376.7,2375.5,2376.0,178
2024-05-15 06:40:00,2375.9,2375.9,2373.0,2373.3,558
2024-05-15 06:45:00,2373.3,2374.0,2370.7,2371.5,910
2024-05-15 06:50:00,2371.5,2372.9,2371.3,2372.2,205
2024-05-15 06:55:00,2372.1,2372.5,2371.5,2371.8,149
2024-05-15 07:00:00,2371.5,2372.1,2370.7,2371.1,251
2024-05-15 07:05:00,2370.9,2371.0,2370.0,2370.7,255
2024-05-15 07:10:00,2370.5,2370.6,2369.7,2370.6,232
2024-05-15 07:15:00,2370.7,2372.6,2370.4,2372.4,341
2024-05-15 07:20:00,2372.2,2372.2,2371.2,2371.2,158
2024-05-15 07:25:00,2371.3,2371.3,2369.8,2370.0,267
2024-05-15 07:30:00,2370.0,2370.4,2368.3,2369.0,367
2024-05-15 07:35:00,2368.9,2369.9,2368.4,2369.1,331
2024-05-15 07:40:00,2368.9,2370.0,2368.8,2369.9,187
2024-05-15 07:45:00,2369.8,2369.8,2367.8,2368.2,226
2024-05-15 07:50:00,2368.4,2369.3,2368.0,2369.1,181
2024-05-15 07:55:00,2369.3,2369.3,2368.3,2368.6,180
2024-05-15 08:00:00,2368.5,2369.9,2366.4,2369.4,646
2024-05-15 08:05:00,2369.4,2370.6,2368.8,2369.3,441
2024-05-15 08:10:00,2369.3,2369.3,2368.0,2368.4,338
2024-05-15 08:15:00,2368.5,2368.9,2367.0,2368.9,374
2024-05-15 08:20:00,2368.9,2369.2,2367.2,2367.4,377
2024-05-15 08:25:00,2367.5,2369.2,2363.5,2368.1,893
2024-05-15 08:30:00,2367.0,2386.4,2366.9,2376.8,3890
2024-05-15 08:35:00,2376.6,2377.5,2372.3,2375.3,2496
2024-05-15 08:40:00,2375.5,2381.9,2372.5,2381.6,1896
2024-05-15 08:45:00,2381.5,2381.8,2377.6,2380.4,1404
2024-05-15 08:50:00,2380.4,2381.4,2377.8,2380.6,807
2024-05-15 08:55:00,2380.5,2380.5,2377.6,2378.3,676
2024-05-15 09:00:00,2378.2,2378.5,2375.6,2377.6,1078
2024-05-15 09:05:00,2377.5,2381.3,2377.3,2377.8,961
2024-05-15 09:10:00,2377.8,2379.3,2377.0,2377.8,579
2024-05-15 09:15:00,2378.1,2378.2,2372.3,2374.5,1309
2024-05-15 09:20:00,2374.6,2374.9,2370.0,2373.3,983
2024-05-15 09:25:00,2373.2,2375.8,2372.3,2372.6,684
2024-05-15 09:30:00,2372.5,2374.8,2370.3,2373.8,1196
2024-05-15 09:35:00,2373.5,2376.3,2372.6,2372.9,628
2024-05-15 09:40:00,2373.1,2374.1,2366.8,2367.3,1461
2024-05-15 09:45:00,2367.3,2370.2,2363.1,2364.7,1781
2024-05-15 09:50:00,2364.7,2365.0,2357.1,2358.8,3597
2024-05-15 09:55:00,2358.8,2363.8,2358.5,2363.4,1759
2024-05-15 10:00:00,2363.3,2364.9,2359.1,2364.9,2147
2024-05-15 10:05:00,2365.0,2368.9,2363.9,2368.2,1761
2024-05-15 10:10:00,2368.2,2369.7,2366.6,2367.6,1094
2024-05-15 10:15:00,2367.4,2368.6,2365.6,2367.8,773
2024-05-15 10:20:00,2367.6,2371.3,2367.5,2369.6,957
2024-05-15 10:25:00,2369.6,2373.4,2369.6,2372.2,1093
2024-05-15 10:30:00,2372.3,2375.7,2372.1,2374.9,1199
2024-05-15 10:35:00,2375.0,2376.9,2374.8,2375.2,844
2024-05-15 10:40:00,2375.3,2376.8,2374.1,2375.9,695
2024-05-15 10:45:00,2376.1,2376.1,2372.5,2375.2,776
2024-05-15 10:50:00,2375.3,2377.1,2374.6,2375.8,596
2024-05-15 10:55:00,2375.8,2379.6,2375.7,2379.6,805
2024-05-15 11:00:00,2379.6,2381.6,2378.8,2380.2,976
2024-05-15 11:05:00,2380.3,2384.3,2379.9,2383.5,1172
2024-05-15 11:10:00,2383.5,2388.0,2382.7,2386.5,2119
2024-05-15 11:15:00,2386.7,2389.2,2386.2,2387.9,1497
2024-05-15 11:20:00,2387.7,2391.9,2387.7,2391.0,1564
2024-05-15 11:25:00,2390.9,2391.7,2388.7,2389.9,867
2024-05-15 11:30:00,2390.0,2391.1,2388.3,2388.6,723
2024-05-15 11:35:00,2388.4,2388.4,2384.8,2385.1,1769
2024-05-15 11:40:00,2385.0,2389.4,2384.9,2387.3,749
2024-05-15 11:45:00,2387.4,2388.2,2385.8,2386.0,443
2024-05-15 11:50:00,2385.8,2385.8,2383.2,2384.1,702
2024-05-15 11:55:00,2384.0,2384.8,2383.3,2383.3,443
2024-05-15 12:00:00,2383.5,2384.9,2382.7,2384.3,550
2024-05-15 12:05:00,2384.3,2385.5,2383.6,2385.2,341
2024-05-15 12:10:00,2385.2,2388.2,2384.8,2387.2,776
2024-05-15 12:15:00,2387.4,2390.9,2386.6,2390.8,655
2024-05-15 12:20:00,2390.6,2391.0,2389.3,2389.9,517
2024-05-15 12:25:00,2389.8,2391.7,2389.0,2390.8,702
2024-05-15 12:30:00,2391.0,2391.3,2389.7,2389.9,330
2024-05-15 12:35:00,2389.7,2390.3,2388.5,2388.7,537
2024-05-15 12:40:00,2388.6,2390.6,2387.7,2389.7,658
2024-05-15 12:45:00,2389.5,2392.4,2389.2,2390.2,893
2024-05-15 12:50:00,2390.1,2392.3,2389.7,2391.3,991
2024-05-15 12:55:00,2391.3,2391.3,2388.1,2389.0,534
2024-05-15 13:00:00,2389.4,2391.0,2389.1,2390.7,576
2024-05-15 13:05:00,2391.0,2393.0,2390.6,2392.3,654
2024-05-15 13:10:00,2392.3,2394.4,2392.2,2393.2,538
2024-05-15 13:15:00,2393.2,2394.9,2393.2,2393.8,686
2024-05-15 13:20:00,2394.0,2394.7,2392.0,2393.6,462
2024-05-15 13:25:00,2393.3,2395.2,2393.3,2395.0,590
2024-05-15 13:30:00,2394.8,2395.9,2393.8,2395.5,461
2024-05-15 13:35:00,2395.6,2396.0,2394.3,2395.6,370
2024-05-15 13:40:00,2395.6,2395.9,2393.4,2393.9,331
2024-05-15 13:45:00,2393.8,2394.2,2392.8,2394.0,186
2024-05-15 13:50:00,2393.9,2395.9,2393.9,2395.5,176
2024-05-15 13:55:00,2395.4,2395.7,2394.8,2395.0,172
2024-05-15 14:00:00,2395.0,2395.2,2393.2,2393.5,225
2024-05-15 14:05:00,2393.4,2394.2,2392.2,2392.4,359
2024-05-15 14:10:00,2392.6,2393.1,2391.7,2392.1,316
2024-05-15 14:15:00,2391.9,2393.1,2391.8,2392.5,195
2024-05-15 14:20:00,2392.4,2393.4,2391.9,2392.3,399
2024-05-15 14:25:00,2392.4,2393.5,2392.1,2393.4,123
2024-05-15 14:30:00,2393.4,2394.0,2391.5,2392.0,356
2024-05-15 14:35:00,2391.9,2391.9,2389.8,2391.2,394
2024-05-15 14:40:00,2391.1,2391.5,2390.0,2391.4,447
2024-05-15 14:45:00,2391.1,2391.4,2389.3,2389.6,263
2024-05-15 14:50:00,2389.6,2392.5,2389.5,2392.2,462
2024-05-15 14:55:00,2392.2,2392.5,2391.1,2391.1,168
2024-05-15 15:00:00,2391.0,2392.4,2390.4,2391.5,237
2024-05-15 15:05:00,2391.3,2391.7,2390.5,2391.1,136
2024-05-15 15:10:00,2391.0,2393.2,2390.8,2392.7,175
2024-05-15 15:15:00,2392.7,2393.3,2392.4,2392.4,111
2024-05-15 15:20:00,2392.5,2392.5,2391.5,2391.8,246
2024-05-15 15:25:00,2391.9,2392.7,2391.7,2391.9,252
2024-05-15 15:30:00,2391.7,2391.9,2389.4,2390.3,276
2024-05-15 15:35:00,2390.4,2391.7,2390.4,2391.5,269
2024-05-15 15:40:00,2391.3,2392.5,2391.3,2392.2,165
2024-05-15 15:45:00,2392.3,2393.0,2392.1,2393.0,174
2024-05-15 15:50:00,2392.9,2393.2,2392.0,2392.9,200
2024-05-15 15:55:00,2392.8,2392.8,2391.7,2391.9,397
2024-05-15 16:00:00,2392.0,2393.2,2392.0,2392.0,172
2024-05-15 16:05:00,2391.9,2393.1,2391.7,2392.8,91
2024-05-15 16:10:00,2392.9,2392.9,2392.1,2392.2,127
2024-05-15 16:15:00,2392.3,2393.7,2392.2,2393.3,98
2024-05-15 16:20:00,2393.5,2394.1,2393.0,2393.2,163
2024-05-15 16:25:00,2393.3,2393.5,2393.0,2393.3,37
2024-05-15 16:30:00,2393.4,2393.7,2392.6,2393.5,97
2024-05-15 16:35:00,2393.5,2393.9,2393.1,2393.3,103
2024-05-15 16:40:00,2393.6,2393.8,2392.3,2392.6,141
2024-05-15 16:45:00,2392.6,2393.8,2392.3,2392.6,179
2024-05-15 16:50:00,2392.7,2394.5,2392.5,2392.9,209
2024-05-15 16:55:00,2393.1,2393.2,2391.2,2391.8,251
2024-05-15 18:00:00,2391.1,2392.8,2390.4,2392.7,313
2024-05-15 18:05:00,2392.6,2394.5,2392.6,2394.0,161
2024-05-15 18:10:00,2394.0,2394.4,2392.8,2393.0,126
2024-05-15 18:15:00,2393.0,2393.2,2391.7,2392.4,95
2024-05-15 18:20:00,2392.1,2393.1,2392.1,2392.9,75
2024-05-15 18:25:00,2392.7,2393.9,2392.7,2393.9,57
2024-05-15 18:30:00,2393.8,2394.0,2393.1,2393.8,123
2024-05-15 18:35:00,2393.9,2394.2,2393.2,2393.5,106
2024-05-15 18:40:00,2393.5,2393.6,2392.5,2392.9,59
2024-05-15 18:45:00,2392.8,2393.3,2392.8,2392.8,52
2024-05-15 18:50:00,2393.0,2393.7,2393.0,2393.6,45
2024-05-15 18:55:00,2393.4,2394.2,2393.4,2394.1,98
2024-05-15 19:00:00,2393.9,2394.0,2393.7,2394.0,56
2024-05-15 19:05:00,2394.0,2394.3,2393.8,2394.3,67
2024-05-15 19:10:00,2394.3,2395.0,2394.1,2394.5,152
2024-05-15 19:15:00,2394.4,2395.8,2394.2,2394.5,217
2024-05-15 19:20:00,2394.5,2397.0,2394.5,2395.4,362
2024-05-15 19:25:00,2395.4,2396.1,2395.3,2395.8,131
2024-05-15 19:30:00,2395.7,2396.2,2395.5,2395.6,117
2024-05-15 19:35:00,2395.5,2395.8,2394.7,2395.3,105
2024-05-15 19:40:00,2395.4,2396.3,2395.2,2396.2,110
2024-05-15 19:45:00,2396.1,2396.3,2395.4,2395.7,262
2024-05-15 19:50:00,2395.9,2396.6,2395.6,2396.3,113
2024-05-15 19:55:00,2396.3,2396.6,2396.1,2396.5,98
2024-06-12 00:00:00,2330.7,2330.9,2330.3,2330.9,120
2024-06-12 00:05:00,2330.7,2331.0,2330.5,2330.5,79
2024-06-12 00:10:00,2330.5,2330.6,2330.2,2330.6,38
2024-06-12 00:15:00,2330.6,2330.6,2330.0,2330.3,44
2024-06-12 00:20:00,2330.1,2330.6,2329.7,2330.5,81
2024-06-12 00:25:00,2330.6,2330.8,2330.3,2330.4,125
2024-06-12 00:30:00,2330.8,2330.9,2329.9,2330.0,83
2024-06-12 00:35:00,2330.0,2330.2,2329.7,2330.0,45
2024-06-12 00:40:00,2330.0,2330.1,2329.5,2329.9,63
2024-06-12 00:45:00,2330.0,2330.3,2330.0,2330.1,64
2024-06-12 00:50:00,2330.1,2330.2,2329.9,2330.1,20
2024-06-12 00:55:00,2330.3,2330.3,2329.2,2329.5,209
2024-06-12 01:00:00,2329.5,2329.9,2329.3,2329.5,113
2024-06-12 01:05:00,2329.4,2330.0,2329.3,2329.8,79
2024-06-12 01:10:00,2329.7,2329.9,2329.6,2329.7,40
2024-06-12 01:15:00,2329.7,2329.8,2329.2,2329.7,75
2024-06-12 01:20:00,2329.6,2330.1,2329.6,2330.1,52
2024-06-12 01:25:00,2329.9,2330.4,2329.6,2330.1,66
2024-06-12 01:30:00,2330.1,2331.1,2329.8,2330.1,146
2024-06-12 01:35:00,2330.0,2330.4,2329.5,2329.5,84
2024-06-12 01:40:00,2329.6,2330.9,2329.2,2330.9,108
2024-06-12 01:45:00,2330.8,2330.9,2330.2,2330.2,40
2024-06-12 01:50:00,2330.4,2331.1,2330.1,2331.1,50
2024-06-12 01:55:00,2331.2,2332.1,2331.2,2331.7,147
2024-06-12 02:00:00,2331.6,2331.7,2330.5,2331.2,82
2024-06-12 02:05:00,2331.2,2331.7,2331.0,2331.1,60
2024-06-12 02:10:00,2331.4,2332.2,2331.2,2331.4,82
2024-06-12 02:15:00,2331.2,2333.4,2331.2,2332.9,269
2024-06-12 02:20:00,2332.9,2334.5,2332.2,2332.8,389
2024-06-12 02:25:00,2332.9,2333.2,2331.4,2332.4,251
2024-06-12 02:30:00,2332.5,2333.6,2332.0,2333.6,252
2024-06-12 02:35:00,2333.4,2333.6,2332.8,2333.1,118
2024-06-12 02:40:00,2333.2,2333.9,2333.2,2333.7,208
2024-06-12 02:45:00,2333.6,2333.6,2332.5,2332.9,277
2024-06-12 02:50:00,2333.0,2334.5,2332.6,2332.6,201
2024-06-12 02:55:00,2332.8,2332.8,2331.1,2331.4,202
2024-06-12 03:00:00,2331.4,2332.0,2331.0,2331.1,119
2024-06-12 03:05:00,2330.9,2331.4,2330.3,2331.4,118
2024-06-12 03:10:00,2331.3,2331.7,2330.5,2331.1,135
2024-06-12 03:15:00,2330.9,2330.9,2329.7,2330.5,272
2024-06-12 03:20:00,2330.2,2330.4,2328.4,2329.1,368
2024-06-12 03:25:00,2328.7,2329.6,2328.5,2329.2,156
2024-06-12 03:30:00,2329.0,2329.4,2328.7,2328.7,113
2024-06-12 03:35:00,2328.6,2329.1,2327.7,2328.6,336
2024-06-12 03:40:00,2328.3,2329.7,2328.2,2329.4,108
2024-06-12 03:45:00,2329.4,2329.9,2329.3,2329.6,76
2024-06-12 03:50:00,2329.8,2330.4,2329.7,2330.2,77
2024-06-12 03:55:00,2330.1,2331.2,2330.0,2331.1,140
2024-06-12 04:00:00,2331.2,2332.5,2330.9,2332.3,176
2024-06-12 04:05:00,2332.1,2332.3,2330.8,2331.5,214
2024-06-12 04:10:00,2331.6,2331.7,2330.8,2330.9,143
2024-06-12 04:15:00,2330.9,2331.2,2330.6,2331.1,98
2024-06-12 04:20:00,2331.2,2331.6,2330.8,2331.1,50
2024-06-12 04:25:00,2331.3,2331.5,2329.8,2329.9,78
2024-06-12 04:30:00,2329.7,2330.2,2329.6,2329.8,70
2024-06-12 04:35:00,2329.8,2329.9,2328.7,2329.3,180
2024-06-12 04:40:00,2329.3,2329.5,2328.1,2328.3,148
2024-06-12 04:45:00,2328.3,2328.9,2327.7,2328.9,216
2024-06-12 04:50:00,2329.0,2329.5,2328.7,2329.3,87
2024-06-12 04:55:00,2329.3,2329.9,2328.7,2329.6,88
2024-06-12 05:00:00,2329.5,2330.5,2329.3,2330.2,86
2024-06-12 05:05:00,2330.1,2330.9,2330.1,2330.7,73
2024-06-12 05:10:00,2330.8,2332.1,2330.8,2331.2,331
2024-06-12 05:15:00,2331.0,2331.9,2330.8,2331.7,130
2024-06-12 05:20:00,2331.7,2331.8,2330.6,2331.2,151
2024-06-12 05:25:00,2331.2,2331.5,2331.1,2331.2,59
2024-06-12 05:30:00,2331.1,2331.9,2331.1,2331.7,174
2024-06-12 05:35:00,2331.6,2331.6,2329.9,2330.2,133
2024-06-12 05:40:00,2330.3,2330.5,2329.2,2329.2,89
2024-06-12 05:45:00,2329.2,2330.1,2328.6,2330.1,109
2024-06-12 05:50:00,2330.1,2331.7,2329.7,2330.4,271
2024-06-12 05:55:00,2330.7,2331.1,2330.5,2330.7,53
2024-06-12 06:00:00,2330.7,2331.2,2329.7,2331.0,107
2024-06-12 06:05:00,2331.1,2331.2,2330.5,2330.5,46
2024-06-12 06:10:00,2330.5,2330.7,2329.8,2329.8,64
2024-06-12 06:15:00,2329.6,2330.0,2329.0,2329.8,143
2024-06-12 06:20:00,2329.7,2330.2,2329.3,2330.0,54
2024-06-12 06:25:00,2330.0,2330.8,2329.9,2330.4,52
2024-06-12 06:30:00,2330.4,2330.9,2330.3,2330.4,29
2024-06-12 06:35:00,2330.4,2330.4,2329.8,2330.1,51
2024-06-12 06:40:00,2330.3,2330.4,2329.9,2330.1,56
2024-06-12 06:45:00,2330.1,2330.5,2329.9,2330.5,28
2024-06-12 06:50:00,2330.6,2330.6,2330.0,2330.3,34
2024-06-12 06:55:00,2330.3,2330.3,2329.8,2330.0,76
2024-06-12 07:00:00,2330.0,2331.3,2329.5,2330.5,495
2024-06-12 07:05:00,2330.5,2330.6,2329.1,2329.7,192
2024-06-12 07:10:00,2329.7,2330.1,2329.4,2329.9,57
2024-06-12 07:15:00,2330.0,2330.6,2329.7,2330.3,82
2024-06-12 07:20:00,2330.1,2330.4,2329.2,2329.6,70
2024-06-12 07:25:00,2329.8,2330.5,2328.7,2330.4,248
2024-06-12 07:30:00,2330.4,2331.5,2330.0,2330.0,331
2024-06-12 07:35:00,2330.1,2330.1,2329.0,2329.5,116
2024-06-12 07:40:00,2329.4,2329.7,2329.0,2329.6,72
2024-06-12 07:45:00,2329.8,2330.5,2329.2,2329.5,222
2024-06-12 07:50:00,2329.4,2330.1,2329.4,2329.9,53
2024-06-12 07:55:00,2329.9,2330.1,2329.7,2329.8,74
2024-06-12 08:00:00,2329.6,2329.8,2328.7,2329.8,146
2024-06-12 08:05:00,2329.5,2329.6,2328.3,2329.3,183
2024-06-12 08:10:00,2329.2,2329.7,2328.9,2329.7,115
2024-06-12 08:15:00,2329.7,2332.1,2329.5,2331.1,537
2024-06-12 08:20:00,2331.2,2333.0,2329.8,2331.0,670
2024-06-12 08:25:00,2331.2,2332.9,2329.9,2332.6,388
2024-06-12 08:30:00,2332.8,2345.5,2332.8,2342.1,4228
2024-06-12 08:35:00,2342.4,2347.7,2339.2,2346.7,2323
2024-06-12 08:40:00,2346.8,2347.3,2342.8,2346.2,1437
2024-06-12 08:45:00,2346.2,2349.8,2346.2,2349.5,1750
2024-06-12 08:50:00,2349.3,2354.2,2348.7,2353.5,2224
2024-06-12 08:55:00,2353.5,2354.7,2351.9,2353.0,958
2024-06-12 09:00:00,2353.0,2356.7,2352.7,2354.7,1849
2024-06-12 09:05:00,2354.7,2357.4,2353.2,2357.1,1305
2024-06-12 09:10:00,2357.3,2358.9,2355.2,2357.9,1225
2024-06-12 09:15:00,2357.9,2358.3,2353.8,2355.3,980
2024-06-12 09:20:00,2355.6,2355.7,2353.1,2353.4,836
2024-06-12 09:25:00,2353.4,2357.6,2353.2,2357.6,934
2024-06-12 09:30:00,2357.7,2358.3,2349.8,2353.5,3545
2024-06-12 09:35:00,2353.6,2354.1,2344.3,2344.8,3566
2024-06-12 09:40:00,2344.5,2347.2,2344.0,2345.5,1524
2024-06-12 09:45:00,2345.3,2347.0,2342.2,2344.3,1376
2024-06-12 09:50:00,2344.4,2344.9,2341.8,2342.1,1235
2024-06-12 09:55:00,2342.2,2346.9,2342.2,2346.8,1067
2024-06-12 10:00:00,2346.7,2346.9,2341.2,2342.3,1290
2024-06-12 10:05:00,2342.4,2342.5,2337.1,2339.9,1921
2024-06-12 10:10:00,2340.0,2344.6,2339.5,2343.6,1262
2024-06-12 10:15:00,2343.6,2345.7,2342.8,2344.9,786
2024-06-12 10:20:00,2344.9,2346.5,2343.8,2345.8,524
2024-06-12 10:25:00,2345.6,2346.5,2342.8,2342.8,676
2024-06-12 10:30:00,2342.9,2342.9,2338.7,2339.2,1134
2024-06-12 10:35:00,2339.2,2340.8,2338.5,2339.8,662
2024-06-12 10:40:00,2339.8,2343.4,2339.2,2340.2,718
2024-06-12 10:45:00,2339.9,2341.5,2339.3,2341.5,331
2024-06-12 10:50:00,2341.3,2342.8,2340.2,2342.8,456
2024-06-12 10:55:00,2342.6,2343.1,2341.4,2342.1,292
2024-06-12 11:00:00,2342.3,2345.9,2341.9,2344.7,813
2024-06-12 11:05:00,2344.9,2345.4,2343.0,2343.4,487
2024-06-12 11:10:00,2343.4,2344.7,2341.6,2342.7,681
2024-06-12 11:15:00,2343.0,2344.6,2343.0,2343.9,477
2024-06-12 11:20:00,2344.1,2345.6,2343.3,2344.1,825
2024-06-12 11:25:00,2344.0,2347.0,2343.8,2346.8,778
2024-06-12 11:30:00,2346.8,2347.9,2345.8,2347.4,544
2024-06-12 11:35:00,2347.2,2353.8,2347.1,2353.5,1496
2024-06-12 11:40:00,2353.7,2354.4,2351.5,2351.6,816
2024-06-12 11:45:00,2351.5,2351.5,2347.2,2350.2,1054
2024-06-12 11:50:00,2350.1,2351.0,2348.9,2350.8,510
2024-06-12 11:55:00,2350.7,2352.3,2349.8,2352.3,399
2024-06-12 12:00:00,2352.4,2353.9,2350.8,2350.9,1095
2024-06-12 12:05:00,2350.8,2351.6,2350.1,2351.3,611
2024-06-12 12:10:00,2351.2,2352.6,2350.7,2351.6,265
2024-06-12 12:15:00,2351.6,2354.6,2351.6,2352.6,720
2024-06-12 12:20:00,2352.6,2353.4,2352.1,2353.2,260
2024-06-12 12:25:00,2353.1,2353.1,2351.4,2352.0,305
2024-06-12 12:30:00,2352.0,2354.5,2352.0,2354.3,336
2024-06-12 12:35:00,2354.5,2354.7,2353.0,2353.9,340
2024-06-12 12:40:00,2354.0,2354.6,2353.0,2354.1,192
2024-06-12 12:45:00,2353.9,2354.9,2353.3,2353.8,242
2024-06-12 12:50:00,2354.0,2354.9,2353.6,2354.7,176
2024-06-12 12:55:00,2354.5,2355.3,2353.6,2354.8,400
2024-06-12 13:00:00,2354.8,2354.9,2352.5,2352.9,414
2024-06-12 13:05:00,2353.0,2354.3,2352.7,2354.2,327
2024-06-12 13:10:00,2354.2,2356.3,2353.9,2355.1,494
2024-06-12 13:15:00,2355.2,2356.3,2354.7,2356.1,300
2024-06-12 13:20:00,2356.1,2356.8,2356.0,2356.7,268
2024-06-12 13:25:00,2356.6,2356.6,2354.5,2354.7,375
2024-06-12 13:30:00,2354.6,2355.2,2352.1,2352.5,461
2024-06-12 13:35:00,2352.5,2353.0,2350.1,2351.4,466
2024-06-12 13:40:00,2351.1,2351.9,2350.6,2351.8,274
2024-06-12 13:45:00,2351.7,2351.8,2350.5,2351.2,198
2024-06-12 13:50:00,2351.3,2351.5,2350.2,2350.5,146
2024-06-12 13:55:00,2350.4,2352.7,2350.0,2352.7,336
2024-06-12 14:00:00,2351.0,2351.9,2341.0,2347.2,1264
2024-06-12 14:05:00,2346.6,2348.7,2343.3,2344.4,1225
2024-06-12 14:10:00,2344.5,2347.1,2342.7,2343.3,931
2024-06-12 14:15:00,2343.0,2347.6,2342.1,2346.7,856
2024-06-12 14:20:00,2346.9,2347.8,2345.4,2346.5,538
2024-06-12 14:25:00,2346.4,2348.3,2345.9,2347.9,422
2024-06-12 14:30:00,2348.0,2350.1,2343.9,2347.2,799
2024-06-12 14:35:00,2347.2,2347.6,2343.6,2345.0,781
2024-06-12 14:40:00,2345.1,2346.9,2341.4,2342.7,616
2024-06-12 14:45:00,2342.7,2342.7,2337.6,2337.8,1274
2024-06-12 14:50:00,2338.0,2340.2,2336.0,2338.0,1004
2024-06-12 14:55:00,2338.0,2341.5,2337.7,2339.3,869
2024-06-12 15:00:00,2339.4,2341.4,2338.7,2340.5,502
2024-06-12 15:05:00,2340.2,2340.7,2338.2,2339.3,321
2024-06-12 15:10:00,2338.8,2339.9,2337.9,2339.8,275
2024-06-12 15:15:00,2339.7,2339.9,2338.2,2339.0,232
2024-06-12 15:20:00,2339.2,2339.4,2333.1,2333.4,884
2024-06-12 15:25:00,2333.7,2334.7,2332.5,2333.2,802
2024-06-12 15:30:00,2333.2,2334.2,2332.3,2333.9,449
2024-06-12 15:35:00,2333.9,2336.2,2333.7,2335.1,520
2024-06-12 15:40:00,2335.1,2336.1,2334.5,2335.7,273
2024-06-12 15:45:00,2335.6,2336.1,2334.5,2335.0,265
2024-06-12 15:50:00,2335.0,2336.3,2334.1,2336.3,329
2024-06-12 15:55:00,2336.3,2337.9,2335.9,2337.6,349
2024-06-12 16:00:00,2337.8,2338.4,2336.9,2337.1,185
2024-06-12 16:05:00,2337.0,2337.7,2336.8,2337.6,98
2024-06-12 16:10:00,2337.5,2339.4,2337.5,2339.4,222
2024-06-12 16:15:00,2339.2,2341.2,2339.1,2339.8,309
2024-06-12 16:20:00,2339.7,2340.1,2339.2,2340.1,79
2024-06-12 16:25:00,2339.8,2340.2,2339.5,2339.7,70
2024-06-12 16:30:00,2339.6,2339.8,2338.8,2339.1,110
2024-06-12 16:35:00,2339.1,2340.3,2339.0,2340.1,111
2024-06-12 16:40:00,2340.0,2340.9,2340.0,2340.4,63
2024-06-12 16:45:00,2340.3,2340.7,2340.0,2340.5,181
2024-06-12 16:50:00,2340.3,2341.1,2339.8,2340.7,116
2024-06-12 16:55:00,2340.7,2341.5,2340.5,2340.8,124
2024-06-12 18:00:00,2340.4,2341.2,2339.9,2340.1,281
2024-06-12 18:05:00,2340.1,2340.2,2338.8,2338.8,92
2024-06-12 18:10:00,2338.8,2339.3,2338.6,2338.8,54
2024-06-12 18:15:00,2338.9,2339.0,2338.5,2338.6,40
2024-06-12 18:20:00,2338.5,2338.8,2338.2,2338.4,58
2024-06-12 18:25:00,2338.4,2338.8,2338.2,2338.2,64
2024-06-12 18:30:00,2338.2,2338.7,2337.9,2338.7,57
2024-06-12 18:35:00,2338.5,2338.8,2338.2,2338.2,32
2024-06-12 18:40:00,2338.1,2338.4,2338.0,2338.1,49
2024-06-12 18:45:00,2338.2,2338.2,2337.7,2338.0,42
2024-06-12 18:50:00,2338.1,2338.1,2337.6,2337.7,32
2024-06-12 18:55:00,2337.6,2337.8,2337.1,2337.4,55
2024-06-12 19:00:00,2337.4,2337.9,2337.3,2337.5,84
2024-06-12 19:05:00,2337.5,2337.6,2336.6,2336.7,131
2024-06-12 19:10:00,2336.6,2336.6,2336.1,2336.6,72
2024-06-12 19:15:00,2336.4,2336.8,2336.3,2336.8,51
2024-06-12 19:20:00,2336.9,2337.3,2336.6,2336.6,65
2024-06-12 19:25:00,2336.8,2337.3,2336.7,2337.1,52
2024-06-12 19:30:00,2337.0,2337.9,2336.9,2337.5,88
2024-06-12 19:35:00,2337.5,2337.7,2336.8,2336.8,69
2024-06-12 19:40:00,2336.7,2336.9,2336.4,2336.9,45
2024-06-12 19:45:00,2336.9,2337.6,2336.9,2337.0,97
2024-06-12 19:50:00,2336.8,2336.8,2335.8,2336.5,193
2024-06-12 19:55:00,2336.4,2336.5,2336.3,2336.4,35
2024-07-11 00:00:00,2383.9,2384.3,2383.8,2384.2,47
2024-07-11 00:05:00,2384.2,2385.0,2384.2,2385.0,52
2024-07-11 00:10:00,2384.9,2385.3,2384.9,2385.2,36
2024-07-11 00:15:00,2385.3,2385.4,2384.9,2385.0,42
2024-07-11 00:20:00,2385.1,2385.6,2384.6,2385.6,117
2024-07-11 00:25:00,2385.6,2386.7,2385.5,2386.4,250
2024-07-11 00:30:00,2386.5,2387.2,2386.0,2387.2,277
2024-07-11 00:35:00,2387.1,2387.3,2386.8,2387.2,92
2024-07-11 00:40:00,2387.0,2387.5,2386.7,2387.4,125
2024-07-11 00:45:00,2387.3,2387.4,2386.4,2386.4,120
2024-07-11 00:50:00,2386.5,2386.9,2386.2,2386.7,75
2024-07-11 00:55:00,2386.5,2387.6,2386.5,2387.3,92
2024-07-11 01:00:00,2387.1,2388.1,2387.1,2387.9,181
2024-07-11 01:05:00,2387.8,2388.2,2387.2,2387.2,128
2024-07-11 01:10:00,2387.3,2387.7,2387.0,2387.3,71
2024-07-11 01:15:00,2387.4,2387.8,2386.9,2387.5,115
2024-07-11 01:20:00,2387.1,2387.7,2387.0,2387.6,42
2024-07-11 01:25:00,2387.4,2387.4,2386.6,2387.1,149
2024-07-11 01:30:00,2387.2,2387.7,2386.8,2387.5,109
2024-07-11 01:35:00,2387.4,2388.2,2386.8,2388.0,136
2024-07-11 01:40:00,2388.0,2388.0,2387.2,2387.2,111
2024-07-11 01:45:00,2387.1,2387.7,2386.8,2387.4,97
2024-07-11 01:50:00,2387.3,2387.6,2386.3,2387.5,155
2024-07-11 01:55:00,2387.4,2388.1,2387.3,2387.9,85
2024-07-11 02:00:00,2387.6,2387.9,2387.1,2387.1,92
2024-07-11 02:05:00,2387.2,2388.4,2387.2,2387.4,182
2024-07-11 02:10:00,2387.5,2387.5,2385.7,2386.0,231
2024-07-11 02:15:00,2386.1,2386.6,2385.5,2385.5,169
2024-07-11 02:20:00,2385.5,2386.7,2385.1,2386.0,277
2024-07-11 02:25:00,2386.0,2386.5,2385.2,2385.2,77
2024-07-11 02:30:00,2385.1,2385.5,2384.5,2385.1,249
2024-07-11 02:35:00,2385.2,2385.2,2384.1,2384.7,155
2024-07-11 02:40:00,2384.8,2385.0,2383.7,2383.9,146
2024-07-11 02:45:00,2383.8,2385.5,2383.6,2385.5,244
2024-07-11 02:50:00,2385.5,2386.6,2384.9,2386.5,198
2024-07-11 02:55:00,2386.5,2387.2,2386.5,2386.9,184
2024-07-11 03:00:00,2386.8,2387.0,2385.9,2386.2,130
2024-07-11 03:05:00,2386.3,2386.8,2385.7,2386.3,197
2024-07-11 03:10:00,2386.1,2386.2,2384.7,2385.0,174
2024-07-11 03:15:00,2384.9,2385.2,2384.1,2384.1,165
2024-07-11 03:20:00,2384.1,2385.6,2383.9,2385.6,131
2024-07-11 03:25:00,2385.2,2386.9,2384.9,2386.6,141
2024-07-11 03:30:00,2386.8,2387.2,2386.0,2386.2,123
2024-07-11 03:35:00,2386.3,2386.9,2385.8,2385.9,80
2024-07-11 03:40:00,2385.9,2386.2,2384.3,2384.3,165
2024-07-11 03:45:00,2384.3,2385.5,2384.2,2385.2,100
2024-07-11 03:50:00,2385.2,2385.3,2384.7,2385.1,53
2024-07-11 03:55:00,2385.1,2385.5,2384.8,2385.1,66
2024-07-11 04:00:00,2385.3,2386.5,2384.8,2386.0,145
2024-07-11 04:05:00,2386.2,2388.4,2386.2,2388.3,299
2024-07-11 04:10:00,2388.4,2389.5,2388.2,2388.6,316
2024-07-11 04:15:00,2388.6,2388.7,2386.4,2386.8,299
2024-07-11 04:20:00,2386.7,2387.2,2385.7,2386.1,442
2024-07-11 04:25:00,2386.2,2386.3,2385.2,2386.0,483
2024-07-11 04:30:00,2386.0,2386.1,2385.5,2385.8,114
2024-07-11 04:35:00,2385.9,2387.1,2385.7,2387.0,164
2024-07-11 04:40:00,2387.2,2388.2,2386.8,2387.5,152
2024-07-11 04:45:00,2387.5,2387.7,2386.8,2387.5,144
2024-07-11 04:50:00,2387.3,2387.4,2385.8,2385.9,117
2024-07-11 04:55:00,2385.7,2387.0,2385.3,2386.8,167
2024-07-11 05:00:00,2386.7,2388.2,2386.7,2388.1,149
2024-07-11 05:05:00,2388.3,2389.1,2388.2,2389.1,191
2024-07-11 05:10:00,2388.9,2390.0,2388.9,2389.7,254
2024-07-11 05:15:00,2389.9,2390.0,2389.0,2389.4,206
2024-07-11 05:20:00,2389.4,2389.4,2388.3,2388.7,174
2024-07-11 05:25:00,2388.8,2388.8,2388.2,2388.4,84
2024-07-11 05:30:00,2388.4,2388.9,2388.2,2388.9,233
2024-07-11 05:35:00,2388.9,2389.1,2388.6,2388.8,79
2024-07-11 05:40:00,2389.0,2389.5,2388.8,2389.1,99
2024-07-11 05:45:00,2389.2,2389.2,2387.8,2387.9,178
2024-07-11 05:50:00,2388.1,2389.5,2388.0,2389.1,145
2024-07-11 05:55:00,2389.3,2389.8,2389.2,2389.7,120
2024-07-11 06:00:00,2389.7,2389.7,2388.5,2388.8,85
2024-07-11 06:05:00,2389.0,2389.3,2388.9,2388.9,73
2024-07-11 06:10:00,2388.9,2388.9,2387.9,2388.6,126
2024-07-11 06:15:00,2388.7,2389.1,2388.4,2388.4,68
2024-07-11 06:20:00,2388.4,2388.6,2388.0,2388.4,85
2024-07-11 06:25:00,2388.2,2388.6,2387.8,2388.0,49
2024-07-11 06:30:00,2388.0,2388.2,2386.1,2386.7,291
2024-07-11 06:35:00,2386.5,2387.3,2385.9,2386.1,216
2024-07-11 06:40:00,2386.1,2386.9,2385.9,2386.1,155
2024-07-11 06:45:00,2386.3,2387.1,2386.1,2386.9,75
2024-07-11 06:50:00,2386.9,2387.2,2386.3,2387.0,77
2024-07-11 06:55:00,2387.0,2388.0,2387.0,2387.8,114
2024-07-11 07:00:00,2387.6,2387.8,2387.2,2387.3,55
2024-07-11 07:05:00,2387.3,2387.3,2386.4,2386.9,69
2024-07-11 07:10:00,2386.9,2387.6,2386.2,2387.3,102
2024-07-11 07:15:00,2387.3,2387.3,2386.0,2386.6,97
2024-07-11 07:20:00,2386.5,2388.0,2386.5,2387.8,106
2024-07-11 07:25:00,2387.8,2387.8,2386.5,2387.2,97
2024-07-11 07:30:00,2387.0,2388.0,2386.8,2387.8,97
2024-07-11 07:35:00,2387.7,2388.9,2387.5,2387.8,148
2024-07-11 07:40:00,2387.8,2387.8,2386.8,2386.8,91
2024-07-11 07:45:00,2386.6,2386.9,2386.0,2386.2,118
2024-07-11 07:50:00,2386.3,2386.7,2384.3,2384.8,457
2024-07-11 07:55:00,2384.8,2386.4,2384.6,2386.0,278
2024-07-11 08:00:00,2386.0,2386.9,2385.5,2386.8,204
2024-07-11 08:05:00,2386.7,2387.7,2386.2,2387.5,240
2024-07-11 08:10:00,2387.7,2387.9,2386.3,2386.9,222
2024-07-11 08:15:00,2386.9,2387.7,2386.2,2387.0,145
2024-07-11 08:20:00,2386.6,2387.2,2385.3,2386.3,191
2024-07-11 08:25:00,2386.3,2388.1,2382.5,2386.4,560
2024-07-11 08:30:00,2388.2,2407.1,2383.8,2405.4,5688
2024-07-11 08:35:00,2405.3,2409.3,2404.2,2405.2,2498
2024-07-11 08:40:00,2405.3,2414.2,2405.0,2413.3,3598
2024-07-11 08:45:00,2413.3,2414.5,2411.9,2414.0,1990
2024-07-11 08:50:00,2413.8,2414.6,2410.4,2412.5,1904
2024-07-11 08:55:00,2412.6,2415.5,2411.3,2411.9,1497
2024-07-11 09:00:00,2411.9,2414.7,2408.4,2410.7,2504
2024-07-11 09:05:00,2410.5,2414.3,2410.0,2412.2,1957
2024-07-11 09:10:00,2412.6,2414.4,2410.8,2410.9,1427
2024-07-11 09:15:00,2411.1,2412.6,2409.3,2412.0,1173
2024-07-11 09:20:00,2412.1,2415.4,2411.8,2415.2,1390
2024-07-11 09:25:00,2415.3,2418.6,2413.6,2414.1,2231
2024-07-11 09:30:00,2414.1,2415.0,2409.7,2412.9,2569
2024-07-11 09:35:00,2413.0,2414.0,2409.3,2410.5,1311
2024-07-11 09:40:00,2410.5,2410.7,2401.4,2405.1,4111
2024-07-11 09:45:00,2405.3,2405.6,2401.1,2404.6,2347
2024-07-11 09:50:00,2404.5,2408.9,2403.9,2408.7,1658
2024-07-11 09:55:00,2408.8,2413.1,2407.8,2412.3,1853
2024-07-11 10:00:00,2412.2,2415.1,2412.2,2414.0,2632
2024-07-11 10:05:00,2413.9,2417.4,2413.8,2417.0,1227
2024-07-11 10:10:00,2416.9,2417.4,2415.4,2416.2,1130
2024-07-11 10:15:00,2416.3,2417.4,2414.6,2415.4,813
2024-07-11 10:20:00,2415.2,2415.4,2412.8,2414.6,1103
2024-07-11 10:25:00,2414.7,2415.4,2413.0,2413.0,631
2024-07-11 10:30:00,2412.8,2415.3,2410.6,2410.7,894
2024-07-11 10:35:00,2410.7,2414.0,2409.8,2413.2,1003
2024-07-11 10:40:00,2413.5,2416.4,2413.0,2415.4,710
2024-07-11 10:45:00,2415.5,2418.0,2415.1,2417.6,988
2024-07-11 10:50:00,2417.6,2421.5,2417.6,2420.5,2186
2024-07-11 10:55:00,2420.6,2423.8,2420.4,2423.5,1554
2024-07-11 11:00:00,2423.6,2424.0,2418.1,2421.3,1775
2024-07-11 11:05:00,2421.5,2425.1,2421.2,2424.2,1390
2024-07-11 11:10:00,2424.5,2425.7,2424.0,2424.4,904
2024-07-11 11:15:00,2424.2,2426.6,2423.0,2426.2,1096
2024-07-11 11:20:00,2426.2,2429.0,2425.7,2427.5,1409
2024-07-11 11:25:00,2427.6,2429.8,2426.2,2426.3,1148
2024-07-11 11:30:00,2426.3,2430.4,2426.1,2429.3,931
2024-07-11 11:35:00,2429.5,2429.7,2425.5,2426.5,850
2024-07-11 11:40:00,2426.6,2426.6,2423.6,2425.1,885
2024-07-11 11:45:00,2425.2,2425.3,2422.7,2423.8,560
2024-07-11 11:50:00,2423.8,2425.1,2423.4,2425.0,560
2024-07-11 11:55:00,2425.0,2425.2,2422.8,2423.0,479
2024-07-11 12:00:00,2422.9,2424.8,2421.5,2424.5,831
2024-07-11 12:05:00,2424.5,2425.2,2423.3,2423.8,409
2024-07-11 12:10:00,2423.7,2423.7,2420.8,2421.5,642
2024-07-11 12:15:00,2421.4,2422.1,2420.4,2420.6,584
2024-07-11 12:20:00,2420.5,2421.1,2419.1,2419.6,599
2024-07-11 12:25:00,2419.7,2420.9,2418.5,2419.0,551
2024-07-11 12:30:00,2419.0,2419.4,2418.0,2419.0,625
2024-07-11 12:35:00,2419.1,2420.0,2417.6,2418.3,463
2024-07-11 12:40:00,2418.3,2421.0,2418.3,2421.0,475
2024-07-11 12:45:00,2421.0,2421.1,2419.7,2420.1,258
2024-07-11 12:50:00,2420.1,2420.4,2418.9,2419.3,175
2024-07-11 12:55:00,2419.2,2419.5,2417.1,2417.4,472
2024-07-11 13:00:00,2417.4,2419.2,2415.7,2418.8,850
2024-07-11 13:05:00,2418.8,2419.6,2417.7,2419.6,383
2024-07-11 13:10:00,2419.7,2420.5,2417.7,2418.2,479
2024-07-11 13:15:00,2418.3,2419.6,2418.1,2418.2,161
2024-07-11 13:20:00,2418.2,2420.6,2417.9,2420.5,365
2024-07-11 13:25:00,2420.4,2422.4,2420.2,2421.8,804
2024-07-11 13:30:00,2421.8,2422.4,2420.5,2421.3,399
2024-07-11 13:35:00,2421.2,2421.4,2418.8,2418.9,325
2024-07-11 13:40:00,2418.8,2419.6,2418.3,2419.4,270
2024-07-11 13:45:00,2419.5,2419.9,2418.7,2418.9,137
2024-07-11 13:50:00,2418.9,2419.5,2418.2,2418.4,189
2024-07-11 13:55:00,2418.4,2419.2,2417.8,2419.2,270
2024-07-11 14:00:00,2419.2,2421.2,2418.8,2420.9,259
2024-07-11 14:05:00,2421.2,2422.2,2420.8,2421.2,204
2024-07-11 14:10:00,2421.3,2421.3,2420.0,2420.4,152
2024-07-11 14:15:00,2420.3,2420.3,2419.5,2419.8,119
2024-07-11 14:20:00,2419.7,2420.5,2418.3,2418.9,224
2024-07-11 14:25:00,2419.0,2419.7,2418.3,2419.5,122
2024-07-11 14:30:00,2419.6,2421.3,2419.4,2421.3,152
2024-07-11 14:35:00,2421.4,2421.4,2420.3,2421.3,111
2024-07-11 14:40:00,2421.4,2421.8,2420.7,2421.7,195
2024-07-11 14:45:00,2421.6,2422.1,2421.4,2421.5,120
2024-07-11 14:50:00,2421.7,2422.2,2421.3,2422.0,114
2024-07-11 14:55:00,2421.9,2422.2,2421.3,2422.0,210
2024-07-11 15:00:00,2422.0,2422.1,2421.3,2421.5,73
2024-07-11 15:05:00,2421.8,2421.9,2421.3,2421.5,87
2024-07-11 15:10:00,2421.7,2422.0,2421.6,2421.8,72
2024-07-11 15:15:00,2421.8,2423.3,2421.7,2423.1,226
2024-07-11 15:20:00,2423.2,2424.0,2423.1,2423.5,263
2024-07-11 15:25:00,2423.5,2424.4,2422.5,2422.5,265
2024-07-11 15:30:00,2422.5,2422.9,2421.2,2421.6,280
2024-07-11 15:35:00,2421.7,2423.3,2421.6,2423.1,185
2024-07-11 15:40:00,2422.9,2423.1,2421.9,2422.3,146
2024-07-11 15:45:00,2422.4,2422.8,2421.7,2421.9,145
2024-07-11 15:50:00,2421.6,2421.7,2420.0,2420.5,293
2024-07-11 15:55:00,2420.0,2420.8,2419.6,2419.9,193
2024-07-11 16:00:00,2419.7,2420.4,2418.7,2419.0,313
2024-07-11 16:05:00,2419.1,2420.8,2419.1,2419.9,154
2024-07-11 16:10:00,2420.1,2420.7,2419.6,2419.6,66
2024-07-11 16:15:00,2419.5,2419.6,2418.7,2419.6,153
2024-07-11 16:20:00,2419.6,2419.9,2419.6,2419.9,60
2024-07-11 16:25:00,2419.8,2420.0,2419.5,2419.7,34
2024-07-11 16:30:00,2419.7,2420.3,2419.5,2419.5,65
2024-07-11 16:35:00,2419.6,2420.1,2419.6,2419.6,54
2024-07-11 16:40:00,2419.8,2420.1,2419.6,2419.8,76
2024-07-11 16:45:00,2419.8,2420.0,2419.1,2419.3,128
2024-07-11 16:50:00,2419.7,2420.1,2419.5,2419.9,56
2024-07-11 16:55:00,2420.0,2421.6,2419.8,2420.9,190
2024-07-11 18:00:00,2420.8,2421.5,2418.2,2418.5,236
2024-07-11 18:05:00,2418.4,2418.4,2417.2,2417.7,97
2024-07-11 18:10:00,2417.6,2418.3,2417.3,2418.0,98
2024-07-11 18:15:00,2418.2,2418.2,2417.3,2417.4,62
2024-07-11 18:20:00,2417.4,2418.0,2416.5,2417.5,109
2024-07-11 18:25:00,2417.4,2418.0,2417.3,2417.7,33
2024-07-11 18:30:00,2417.9,2418.8,2417.9,2418.6,135
2024-07-11 18:35:00,2418.5,2419.2,2418.4,2419.1,65
2024-07-11 18:40:00,2419.1,2419.1,2417.6,2418.2,114
2024-07-11 18:45:00,2418.1,2418.4,2418.1,2418.3,24
2024-07-11 18:50:00,2418.3,2418.5,2418.2,2418.3,25
2024-07-11 18:55:00,2418.3,2419.4,2418.3,2419.4,100
2024-07-11 19:00:00,2419.2,2419.4,2418.5,2418.7,95
2024-07-11 19:05:00,2418.6,2418.6,2417.8,2417.9,64
2024-07-11 19:10:00,2418.0,2418.2,2417.6,2418.2,61
2024-07-11 19:15:00,2418.0,2418.2,2417.9,2418.1,33
2024-07-11 19:20:00,2418.2,2418.5,2418.1,2418.2,21
2024-07-11 19:25:00,2418.2,2420.5,2418.2,2419.9,363
2024-07-11 19:30:00,2419.7,2419.8,2418.1,2418.2,202
2024-07-11 19:35:00,2418.3,2418.6,2417.5,2417.6,56
2024-07-11 19:40:00,2417.6,2417.9,2417.3,2417.9,81
2024-07-11 19:45:00,2417.9,2420.3,2417.7,2420.0,479
2024-07-11 19:50:00,2420.0,2420.7,2418.8,2419.8,272
2024-07-11 19:55:00,2420.0,2421.6,2419.8,2421.5,257
2024-08-14 00:00:00,2500.0,2500.3,2499.6,2499.8,82
2024-08-14 00:05:00,2499.8,2501.0,2499.6,2500.9,175
2024-08-14 00:10:00,2500.9,2501.5,2500.9,2501.5,117
2024-08-14 00:15:00,2501.6,2502.2,2500.5,2500.8,246
2024-08-14 00:20:00,2500.8,2500.9,2500.0,2500.4,146
2024-08-14 00:25:00,2500.4,2500.6,2500.0,2500.6,158
2024-08-14 00:30:00,2500.7,2501.2,2500.0,2500.9,236
2024-08-14 00:35:00,2501.1,2501.3,2499.2,2500.5,255
2024-08-14 00:40:00,2500.4,2500.5,2499.7,2500.5,72
2024-08-14 00:45:00,2500.7,2501.0,2500.5,2500.7,61
2024-08-14 00:50:00,2500.8,2501.2,2500.2,2501.0,176
2024-08-14 00:55:00,2501.0,2501.4,2501.0,2501.2,88
2024-08-14 01:00:00,2501.3,2501.6,2500.9,2501.3,66
2024-08-14 01:05:00,2501.2,2501.4,2501.0,2501.0,49
2024-08-14 01:10:00,2501.0,2501.4,2500.2,2500.7,144
2024-08-14 01:15:00,2500.9,2501.0,2500.5,2500.8,49
2024-08-14 01:20:00,2500.9,2501.1,2500.3,2500.3,71
2024-08-14 01:25:00,2500.4,2500.7,2500.2,2500.5,85
2024-08-14 01:30:00,2500.7,2500.7,2499.1,2499.9,245
2024-08-14 01:35:00,2499.9,2500.6,2499.7,2499.9,107
2024-08-14 01:40:00,2499.9,2501.0,2499.8,2499.8,105
2024-08-14 01:45:00,2499.9,2500.5,2499.0,2499.3,137
2024-08-14 01:50:00,2499.5,2499.6,2498.5,2499.1,162
2024-08-14 01:55:00,2498.9,2501.8,2498.9,2501.4,255
2024-08-14 02:00:00,2501.5,2502.5,2500.8,2501.2,282
2024-08-14 02:05:00,2501.4,2502.0,2500.3,2500.5,209
2024-08-14 02:10:00,2500.5,2501.0,2499.7,2500.9,232
2024-08-14 02:15:00,2501.0,2502.3,2500.8,2501.7,249
2024-08-14 02:20:00,2502.2,2504.5,2502.2,2504.2,435
2024-08-14 02:25:00,2504.2,2505.5,2503.5,2505.4,390
2024-08-14 02:30:00,2505.4,2506.2,2505.0,2505.6,558
2024-08-14 02:35:00,2505.7,2506.2,2504.0,2505.0,381
2024-08-14 02:40:00,2504.9,2505.7,2504.1,2504.6,144
2024-08-14 02:45:00,2504.6,2505.9,2504.6,2505.9,84
2024-08-14 02:50:00,2505.9,2506.8,2505.4,2505.9,304
2024-08-14 02:55:00,2506.1,2506.8,2506.0,2506.4,115
2024-08-14 03:00:00,2506.3,2506.5,2505.4,2505.8,208
2024-08-14 03:05:00,2505.9,2506.5,2505.6,2506.5,207
2024-08-14 03:10:00,2506.5,2508.9,2506.5,2508.7,454
2024-08-14 03:15:00,2508.6,2509.1,2507.7,2508.9,388
2024-08-14 03:20:00,2508.7,2509.0,2507.6,2507.8,228
2024-08-14 03:25:00,2507.7,2508.2,2507.4,2507.9,263
2024-08-14 03:30:00,2507.9,2509.0,2507.8,2508.2,274
2024-08-14 03:35:00,2508.1,2509.6,2508.0,2508.7,263
2024-08-14 03:40:00,2508.6,2509.8,2508.4,2509.5,241
2024-08-14 03:45:00,2509.5,2510.2,2509.0,2510.0,342
2024-08-14 03:50:00,2510.0,2510.7,2509.4,2510.3,333
2024-08-14 03:55:00,2510.1,2510.2,2509.2,2509.9,246
2024-08-14 04:00:00,2509.6,2511.3,2509.6,2510.6,376
2024-08-14 04:05:00,2510.5,2510.7,2508.9,2509.4,437
2024-08-14 04:10:00,2509.5,2509.8,2507.8,2507.9,426
2024-08-14 04:15:00,2508.1,2509.0,2507.8,2508.6,346
2024-08-14 04:20:00,2508.6,2509.7,2508.4,2508.8,309
2024-08-14 04:25:00,2508.8,2509.5,2508.3,2509.4,263
2024-08-14 04:30:00,2509.4,2511.8,2509.4,2511.5,313
2024-08-14 04:35:00,2511.4,2514.3,2510.8,2513.4,723
2024-08-14 04:40:00,2513.5,2518.1,2513.2,2516.9,1573
2024-08-14 04:45:00,2516.8,2517.0,2513.5,2514.0,902
2024-08-14 04:50:00,2513.8,2514.1,2512.8,2513.7,351
2024-08-14 04:55:00,2513.9,2514.2,2513.1,2513.5,186
2024-08-14 05:00:00,2513.5,2514.0,2513.4,2513.9,127
2024-08-14 05:05:00,2513.8,2514.0,2513.1,2513.4,174
2024-08-14 05:10:00,2513.5,2514.5,2513.3,2513.7,183
2024-08-14 05:15:00,2513.7,2514.2,2513.3,2513.8,153
2024-08-14 05:20:00,2513.8,2514.0,2513.2,2513.5,152
2024-08-14 05:25:00,2513.5,2513.6,2511.3,2511.3,475
2024-08-14 05:30:00,2511.2,2512.6,2510.2,2512.6,590
2024-08-14 05:35:00,2512.6,2513.6,2511.6,2513.4,200
2024-08-14 05:40:00,2513.5,2513.5,2512.1,2512.6,169
2024-08-14 05:45:00,2512.5,2513.0,2511.6,2512.5,181
2024-08-14 05:50:00,2512.4,2512.4,2511.6,2512.1,140
2024-08-14 05:55:00,2511.9,2512.3,2510.9,2511.9,236
2024-08-14 06:00:00,2511.9,2513.1,2511.8,2513.0,164
2024-08-14 06:05:00,2513.0,2513.3,2512.3,2512.8,174
2024-08-14 06:10:00,2512.8,2512.8,2511.2,2511.7,209
2024-08-14 06:15:00,2511.7,2511.7,2509.8,2510.7,378
2024-08-14 06:20:00,2510.6,2510.8,2509.5,2510.2,257
2024-08-14 06:25:00,2510.2,2511.7,2510.1,2511.6,126
2024-08-14 06:30:00,2511.6,2511.6,2510.9,2511.1,102
2024-08-14 06:35:00,2511.1,2512.1,2510.8,2512.0,274
2024-08-14 06:40:00,2511.7,2512.1,2511.5,2511.8,136
2024-08-14 06:45:00,2511.9,2513.0,2511.8,2512.8,163
2024-08-14 06:50:00,2512.8,2514.3,2512.8,2514.3,202
2024-08-14 06:55:00,2514.3,2515.3,2514.0,2514.1,311
2024-08-14 07:00:00,2514.0,2514.2,2511.7,2511.7,285
2024-08-14 07:05:00,2511.8,2512.6,2510.8,2512.5,303
2024-08-14 07:10:00,2512.4,2512.6,2512.0,2512.1,114
2024-08-14 07:15:00,2512.2,2512.4,2511.0,2511.0,230
2024-08-14 07:20:00,2511.1,2512.2,2510.6,2512.1,175
2024-08-14 07:25:00,2512.2,2512.8,2511.9,2512.6,111
2024-08-14 07:30:00,2512.5,2513.1,2512.2,2512.4,203
2024-08-14 07:35:00,2512.4,2513.4,2512.3,2513.0,275
2024-08-14 07:40:00,2512.9,2513.7,2512.7,2513.2,244
2024-08-14 07:45:00,2513.1,2513.9,2512.7,2513.7,178
2024-08-14 07:50:00,2513.8,2514.3,2512.6,2513.2,169
2024-08-14 07:55:00,2513.3,2514.3,2513.0,2513.7,148
2024-08-14 08:00:00,2513.8,2514.2,2512.6,2512.7,210
2024-08-14 08:05:00,2512.6,2513.2,2511.8,2512.5,261
2024-08-14 08:10:00,2512.8,2513.0,2512.0,2512.3,175
2024-08-14 08:15:00,2512.4,2513.1,2511.7,2512.5,318
2024-08-14 08:20:00,2512.5,2513.3,2511.1,2511.2,429
2024-08-14 08:25:00,2511.2,2512.3,2509.8,2509.9,434
2024-08-14 08:30:00,2509.8,2519.7,2500.7,2504.3,3662
2024-08-14 08:35:00,2504.6,2516.6,2503.5,2511.2,3493
2024-08-14 08:40:00,2511.3,2511.7,2508.1,2509.5,1464
2024-08-14 08:45:00,2509.6,2511.0,2505.0,2505.2,1278
2024-08-14 08:50:00,2505.3,2507.8,2502.8,2507.0,1429
2024-08-14 08:55:00,2506.7,2510.0,2506.7,2508.0,830
2024-08-14 09:00:00,2507.9,2508.8,2505.2,2505.3,777
2024-08-14 09:05:00,2505.2,2506.9,2503.2,2506.8,1005
2024-08-14 09:10:00,2506.8,2508.6,2503.6,2504.7,898
2024-08-14 09:15:00,2504.8,2504.9,2496.9,2497.7,2394
2024-08-14 09:20:00,2497.7,2497.7,2488.0,2492.6,4918
2024-08-14 09:25:00,2492.8,2494.2,2489.3,2489.4,1587
2024-08-14 09:30:00,2489.4,2493.8,2487.7,2490.9,2115
2024-08-14 09:35:00,2490.8,2495.6,2489.7,2495.0,1502
2024-08-14 09:40:00,2495.0,2498.5,2494.4,2496.8,1646
2024-08-14 09:45:00,2496.8,2500.0,2496.5,2497.3,1327
2024-08-14 09:50:00,2497.1,2497.6,2492.9,2494.8,1167
2024-08-14 09:55:00,2494.9,2498.1,2494.9,2496.2,720
2024-08-14 10:00:00,2496.0,2496.3,2493.4,2494.0,1006
2024-08-14 10:05:00,2494.0,2494.6,2490.3,2491.9,1149
2024-08-14 10:10:00,2492.0,2494.2,2491.3,2492.2,672
2024-08-14 10:15:00,2492.2,2496.3,2491.8,2495.2,909
2024-08-14 10:20:00,2495.0,2497.2,2494.5,2494.6,625
2024-08-14 10:25:00,2494.7,2495.8,2493.3,2495.6,395
2024-08-14 10:30:00,2495.5,2496.0,2487.3,2488.7,1314
2024-08-14 10:35:00,2488.8,2490.2,2485.4,2490.0,1568
2024-08-14 10:40:00,2489.5,2492.7,2487.2,2487.7,1217
2024-08-14 10:45:00,2487.8,2490.3,2486.4,2489.6,686
2024-08-14 10:50:00,2489.6,2489.8,2487.2,2489.4,599
2024-08-14 10:55:00,2489.3,2490.0,2488.4,2488.6,558
2024-08-14 11:00:00,2488.5,2490.7,2487.3,2489.0,724
2024-08-14 11:05:00,2489.0,2489.5,2487.8,2488.4,552
2024-08-14 11:10:00,2488.7,2490.5,2488.0,2488.8,463
2024-08-14 11:15:00,2488.9,2490.0,2487.5,2488.5,692
2024-08-14 11:20:00,2488.5,2490.0,2488.1,2488.9,447
2024-08-14 11:25:00,2488.9,2489.3,2487.0,2488.2,675
2024-08-14 11:30:00,2488.0,2488.4,2483.1,2484.0,1437
2024-08-14 11:35:00,2483.9,2485.4,2483.3,2484.9,641
2024-08-14 11:40:00,2484.9,2485.2,2483.0,2483.6,613
2024-08-14 11:45:00,2483.5,2483.6,2480.3,2481.6,993
2024-08-14 11:50:00,2481.3,2482.8,2480.6,2482.2,530
2024-08-14 11:55:00,2482.2,2482.8,2480.7,2482.4,420
2024-08-14 12:00:00,2482.4,2483.7,2482.0,2483.5,477
2024-08-14 12:05:00,2483.5,2483.5,2482.2,2482.9,225
2024-08-14 12:10:00,2483.0,2484.0,2482.4,2482.7,304
2024-08-14 12:15:00,2482.9,2483.4,2480.8,2481.6,369
2024-08-14 12:20:00,2481.5,2482.1,2477.6,2478.2,1455
2024-08-14 12:25:00,2478.3,2479.5,2477.2,2479.4,495
2024-08-14 12:30:00,2479.5,2479.8,2476.2,2478.3,502
2024-08-14 12:35:00,2478.0,2480.4,2477.1,2480.1,328
2024-08-14 12:40:00,2480.2,2482.3,2480.0,2481.2,564
2024-08-14 12:45:00,2480.8,2482.1,2480.8,2482.0,222
2024-08-14 12:50:00,2481.9,2483.4,2481.9,2482.9,250
2024-08-14 12:55:00,2483.0,2483.1,2481.9,2482.4,188
2024-08-14 13:00:00,2482.2,2483.7,2481.6,2483.0,233
2024-08-14 13:05:00,2482.8,2483.3,2482.1,2482.2,126
2024-08-14 13:10:00,2482.4,2482.5,2481.7,2482.1,164
2024-08-14 13:15:00,2482.2,2482.7,2480.8,2480.9,266
2024-08-14 13:20:00,2481.0,2481.0,2478.6,2480.2,470
2024-08-14 13:25:00,2480.4,2480.6,2478.8,2479.9,234
2024-08-14 13:30:00,2479.9,2480.5,2478.8,2480.0,200
2024-08-14 13:35:00,2480.0,2481.6,2480.0,2480.9,259
2024-08-14 13:40:00,2480.7,2480.7,2478.9,2479.1,158
2024-08-14 13:45:00,2479.0,2479.9,2478.7,2479.7,113
2024-08-14 13:50:00,2479.9,2480.3,2479.4,2479.5,204
2024-08-14 13:55:00,2479.5,2480.8,2479.3,2479.9,221
2024-08-14 14:00:00,2479.9,2480.4,2478.8,2479.3,292
2024-08-14 14:05:00,2479.3,2480.6,2479.3,2480.4,146
2024-08-14 14:10:00,2480.6,2481.2,2480.0,2480.0,209
2024-08-14 14:15:00,2479.9,2481.1,2479.8,2480.0,247
2024-08-14 14:20:00,2479.9,2481.4,2479.8,2481.3,169
2024-08-14 14:25:00,2481.3,2482.5,2480.6,2482.3,248
2024-08-14 14:30:00,2482.4,2483.3,2482.3,2482.9,217
2024-08-14 14:35:00,2483.1,2483.5,2482.5,2483.3,183
2024-08-14 14:40:00,2483.3,2484.5,2483.1,2484.3,217
2024-08-14 14:45:00,2484.2,2485.7,2484.0,2485.6,311
2024-08-14 14:50:00,2485.6,2486.2,2485.1,2485.4,322
2024-08-14 14:55:00,2485.5,2486.4,2485.3,2486.1,204
2024-08-14 15:00:00,2486.0,2486.8,2485.2,2485.2,187
2024-08-14 15:05:00,2485.2,2486.3,2485.2,2485.7,138
2024-08-14 15:10:00,2485.8,2486.2,2484.6,2484.9,247
2024-08-14 15:15:00,2484.8,2485.2,2483.3,2483.3,224
2024-08-14 15:20:00,2483.3,2483.9,2482.7,2483.2,211
2024-08-14 15:25:00,2483.1,2483.4,2483.0,2483.2,33
2024-08-14 15:30:00,2483.1,2483.8,2483.0,2483.2,99
2024-08-14 15:35:00,2483.2,2484.6,2483.1,2484.5,195
2024-08-14 15:40:00,2484.5,2484.6,2483.9,2483.9,84
2024-08-14 15:45:00,2483.9,2484.1,2483.3,2484.1,94
2024-08-14 15:50:00,2484.3,2484.9,2483.7,2484.8,124
2024-08-14 15:55:00,2484.8,2485.6,2484.0,2485.5,265
2024-08-14 16:00:00,2485.4,2485.6,2484.8,2485.5,95
2024-08-14 16:05:00,2485.6,2486.1,2485.2,2485.7,79
2024-08-14 16:10:00,2485.5,2486.4,2485.5,2486.0,78
2024-08-14 16:15:00,2485.8,2486.6,2485.5,2486.5,69
2024-08-14 16:20:00,2486.5,2486.5,2485.9,2486.1,34
2024-08-14 16:25:00,2486.0,2486.5,2486.0,2486.2,29
2024-08-14 16:30:00,2486.2,2486.3,2485.5,2485.7,135
2024-08-14 16:35:00,2485.6,2486.4,2485.6,2486.3,41
2024-08-14 16:40:00,2486.1,2486.7,2485.8,2486.1,94
2024-08-14 16:45:00,2486.1,2486.4,2486.0,2486.3,68
2024-08-14 16:50:00,2486.4,2486.7,2486.0,2486.0,60
2024-08-14 16:55:00,2486.0,2486.5,2485.9,2486.0,83
2024-08-14 18:00:00,2486.9,2487.0,2485.8,2486.3,132
2024-08-14 18:05:00,2486.2,2486.3,2485.5,2485.6,99
2024-08-14 18:10:00,2485.8,2485.8,2485.1,2485.3,80
2024-08-14 18:15:00,2485.3,2485.5,2485.2,2485.5,72
2024-08-14 18:20:00,2485.2,2485.3,2484.7,2485.3,69
2024-08-14 18:25:00,2485.3,2485.4,2484.4,2484.6,82
2024-08-14 18:30:00,2484.8,2485.2,2484.1,2484.3,138
2024-08-14 18:35:00,2484.4,2485.0,2484.2,2484.9,89
2024-08-14 18:40:00,2484.9,2485.5,2484.9,2485.2,116
2024-08-14 18:45:00,2485.1,2485.3,2484.9,2485.3,31
2024-08-14 18:50:00,2485.3,2485.7,2485.1,2485.7,41
2024-08-14 18:55:00,2485.7,2486.1,2485.5,2485.5,156
2024-08-14 19:00:00,2485.4,2485.5,2485.2,2485.4,20
2024-08-14 19:05:00,2485.4,2485.4,2484.8,2485.2,86
2024-08-14 19:10:00,2485.2,2485.3,2485.1,2485.1,14
2024-08-14 19:15:00,2485.1,2485.5,2484.9,2485.4,38
2024-08-14 19:20:00,2485.4,2485.6,2485.2,2485.5,64
2024-08-14 19:25:00,2485.4,2485.6,2485.3,2485.4,56
2024-08-14 19:30:00,2485.4,2485.6,2485.3,2485.5,28
2024-08-14 19:35:00,2485.5,2486.6,2485.5,2486.3,102
2024-08-14 19:40:00,2486.4,2486.5,2485.8,2486.1,407
2024-08-14 19:45:00,2486.1,2486.1,2485.6,2485.9,88
2024-08-14 19:50:00,2486.0,2486.0,2485.6,2485.7,88
2024-08-14 19:55:00,2485.9,2486.9,2485.0,2486.9,642
2024-09-11 00:00:00,2548.4,2548.8,2548.3,2548.6,71
2024-09-11 00:05:00,2548.5,2548.7,2548.2,2548.3,64
2024-09-11 00:10:00,2548.2,2548.8,2547.8,2547.9,154
2024-09-11 00:15:00,2547.8,2549.0,2547.7,2548.4,188
2024-09-11 00:20:00,2548.6,2548.9,2548.0,2548.2,244
2024-09-11 00:25:00,2548.2,2548.2,2547.3,2548.1,125
2024-09-11 00:30:00,2548.1,2548.5,2547.8,2548.2,101
2024-09-11 00:35:00,2548.0,2548.5,2547.8,2548.2,64
2024-09-11 00:40:00,2548.3,2548.3,2548.1,2548.2,33
2024-09-11 00:45:00,2548.3,2548.5,2548.2,2548.3,38
2024-09-11 00:50:00,2548.2,2548.8,2548.2,2548.5,81
2024-09-11 00:55:00,2548.5,2548.6,2548.1,2548.4,103
2024-09-11 01:00:00,2548.3,2549.0,2548.1,2549.0,120
2024-09-11 01:05:00,2548.9,2549.9,2548.8,2549.6,192
2024-09-11 01:10:00,2549.6,2549.8,2549.4,2549.5,81
2024-09-11 01:15:00,2549.6,2550.6,2549.6,2550.4,226
2024-09-11 01:20:00,2550.6,2551.3,2550.2,2551.2,153
2024-09-11 01:25:00,2551.2,2551.3,2550.0,2550.1,178
2024-09-11 01:30:00,2550.4,2551.2,2549.7,2550.1,247
2024-09-11 01:35:00,2549.9,2550.4,2549.3,2549.6,246
2024-09-11 01:40:00,2549.7,2549.7,2548.6,2548.6,166
2024-09-11 01:45:00,2548.9,2549.9,2548.7,2549.9,240
2024-09-11 01:50:00,2549.9,2550.0,2549.3,2549.8,169
2024-09-11 01:55:00,2549.8,2550.6,2549.6,2550.2,226
2024-09-11 02:00:00,2550.2,2552.9,2549.8,2551.1,986
2024-09-11 02:05:00,2551.2,2552.7,2551.1,2552.0,346
2024-09-11 02:10:00,2552.3,2555.1,2552.3,2554.1,1015
2024-09-11 02:15:00,2553.9,2554.4,2552.6,2553.9,382
2024-09-11 02:20:00,2554.0,2554.3,2553.6,2553.8,192
2024-09-11 02:25:00,2553.9,2554.6,2553.6,2553.9,185
2024-09-11 02:30:00,2553.7,2555.0,2553.4,2554.4,337
2024-09-11 02:35:00,2554.4,2556.4,2554.0,2556.4,642
2024-09-11 02:40:00,2556.4,2558.1,2553.9,2554.2,1020
2024-09-11 02:45:00,2554.2,2555.7,2554.1,2555.3,282
2024-09-11 02:50:00,2555.4,2555.8,2554.7,2554.9,201
2024-09-11 02:55:00,2554.9,2555.6,2554.5,2555.6,185
2024-09-11 03:00:00,2555.6,2556.1,2555.1,2555.1,328
2024-09-11 03:05:00,2555.2,2555.2,2553.4,2554.0,328
2024-09-11 03:10:00,2554.0,2554.9,2553.9,2554.4,137
2024-09-11 03:15:00,2554.2,2555.2,2554.2,2555.2,82
2024-09-11 03:20:00,2555.1,2556.1,2554.7,2556.0,193
2024-09-11 03:25:00,2555.9,2556.8,2555.7,2556.7,289
2024-09-11 03:30:00,2556.6,2556.6,2554.6,2554.8,258
2024-09-11 03:35:00,2554.7,2555.2,2553.6,2553.7,235
2024-09-11 03:40:00,2553.8,2553.9,2552.4,2552.5,382
2024-09-11 03:45:00,2552.5,2553.1,2551.7,2552.2,248
2024-09-11 03:50:00,2552.1,2552.6,2551.2,2551.2,261
2024-09-11 03:55:00,2551.2,2551.2,2549.8,2550.5,379
2024-09-11 04:00:00,2550.6,2552.2,2549.6,2552.1,620
2024-09-11 04:05:00,2552.1,2553.4,2551.7,2552.6,278
2024-09-11 04:10:00,2552.4,2552.5,2551.5,2552.1,290
2024-09-11 04:15:00,2552.1,2552.9,2552.0,2552.4,153
2024-09-11 04:20:00,2552.5,2552.9,2551.8,2551.8,130
2024-09-11 04:25:00,2551.8,2553.3,2551.4,2552.4,247
2024-09-11 04:30:00,2552.4,2552.4,2551.5,2551.6,130
2024-09-11 04:35:00,2551.6,2552.8,2550.8,2552.8,182
2024-09-11 04:40:00,2552.4,2556.0,2551.8,2555.2,667
2024-09-11 04:45:00,2555.2,2556.2,2553.8,2554.3,380
2024-09-11 04:50:00,2554.2,2554.3,2552.8,2553.3,218
2024-09-11 04:55:00,2553.1,2553.4,2552.8,2553.3,85
2024-09-11 05:00:00,2553.4,2553.8,2552.9,2553.0,182
2024-09-11 05:05:00,2553.2,2553.4,2551.8,2553.4,155
2024-09-11 05:10:00,2553.4,2553.4,2552.7,2552.9,96
2024-09-11 05:15:00,2552.9,2553.3,2552.2,2553.1,79
2024-09-11 05:20:00,2553.0,2553.1,2552.2,2552.4,50
2024-09-11 05:25:00,2552.1,2552.8,2551.1,2551.3,123
2024-09-11 05:30:00,2551.4,2553.3,2551.0,2553.1,302
2024-09-11 05:35:00,2553.2,2553.4,2552.7,2552.7,54
2024-09-11 05:40:00,2552.6,2553.2,2552.5,2553.1,78
2024-09-11 05:45:00,2553.0,2553.1,2552.5,2552.5,42
2024-09-11 05:50:00,2552.5,2552.5,2551.7,2552.5,104
2024-09-11 05:55:00,2552.6,2552.8,2552.2,2552.3,53
2024-09-11 06:00:00,2552.2,2552.2,2550.5,2550.7,281
2024-09-11 06:05:00,2550.5,2551.2,2549.7,2550.8,296
2024-09-11 06:10:00,2550.5,2551.2,2549.9,2549.9,189
2024-09-11 06:15:00,2550.1,2550.6,2549.0,2549.4,521
2024-09-11 06:20:00,2549.4,2550.4,2549.0,2549.5,452
2024-09-11 06:25:00,2549.3,2550.0,2548.6,2549.7,256
2024-09-11 06:30:00,2549.6,2550.6,2548.9,2550.6,180
2024-09-11 06:35:00,2550.6,2551.3,2550.4,2551.1,147
2024-09-11 06:40:00,2551.1,2551.7,2550.1,2550.3,126
2024-09-11 06:45:00,2550.2,2551.2,2549.7,2550.4,230
2024-09-11 06:50:00,2550.4,2551.1,2549.8,2550.2,161
2024-09-11 06:55:00,2550.3,2551.6,2550.3,2550.8,187
2024-09-11 07:00:00,2550.8,2551.8,2550.3,2550.9,162
2024-09-11 07:05:00,2551.1,2551.5,2550.7,2551.3,51
2024-09-11 07:10:00,2551.3,2551.3,2550.4,2551.3,89
2024-09-11 07:15:00,2551.5,2552.2,2550.7,2550.8,231
2024-09-11 07:20:00,2550.9,2551.0,2550.1,2550.4,121
2024-09-11 07:25:00,2550.4,2551.0,2550.2,2550.5,103
2024-09-11 07:30:00,2550.5,2551.9,2549.8,2551.8,438
2024-09-11 07:35:00,2551.7,2552.6,2549.4,2550.5,369
2024-09-11 07:40:00,2550.5,2551.6,2550.3,2551.5,159
2024-09-11 07:45:00,2551.7,2552.2,2551.2,2552.2,229
2024-09-11 07:50:00,2552.3,2553.3,2551.6,2551.9,282
2024-09-11 07:55:00,2552.0,2552.0,2550.8,2551.0,139
2024-09-11 08:00:00,2550.9,2551.0,2549.9,2550.2,195
2024-09-11 08:05:00,2550.2,2550.2,2548.3,2548.6,345
2024-09-11 08:10:00,2548.5,2549.1,2547.6,2548.0,473
2024-09-11 08:15:00,2548.0,2548.6,2546.7,2547.0,621
2024-09-11 08:20:00,2547.1,2548.4,2545.5,2546.7,628
2024-09-11 08:25:00,2546.8,2549.0,2546.3,2548.8,542
2024-09-11 08:30:00,2547.5,2553.0,2538.9,2540.2,3655
2024-09-11 08:35:00,2539.8,2540.9,2533.1,2536.3,3649
2024-09-11 08:40:00,2536.4,2537.3,2532.6,2533.2,2334
2024-09-11 08:45:00,2533.2,2537.6,2530.8,2536.3,2552
2024-09-11 08:50:00,2535.9,2535.9,2532.8,2535.0,1368
2024-09-11 08:55:00,2534.7,2539.5,2533.1,2537.1,1904
2024-09-11 09:00:00,2537.2,2540.0,2536.0,2539.1,1684
2024-09-11 09:05:00,2539.2,2540.7,2533.5,2535.2,2039
2024-09-11 09:10:00,2535.2,2537.7,2534.9,2537.3,941
2024-09-11 09:15:00,2537.0,2541.1,2535.8,2540.7,1371
2024-09-11 09:20:00,2540.7,2541.8,2539.6,2541.1,941
2024-09-11 09:25:00,2541.1,2541.5,2536.0,2536.3,1107
2024-09-11 09:30:00,2536.2,2536.2,2531.6,2534.4,2097
2024-09-11 09:35:00,2534.1,2536.3,2533.4,2533.8,740
2024-09-11 09:40:00,2533.9,2536.7,2533.2,2535.6,687
2024-09-11 09:45:00,2535.9,2538.2,2535.1,2536.1,942
2024-09-11 09:50:00,2535.9,2538.8,2534.7,2537.9,708
2024-09-11 09:55:00,2538.2,2539.6,2536.8,2538.5,861
2024-09-11 10:00:00,2538.2,2538.7,2532.8,2533.7,1422
2024-09-11 10:05:00,2533.7,2535.4,2528.5,2533.5,2311
2024-09-11 10:10:00,2533.6,2534.0,2532.4,2532.9,700
2024-09-11 10:15:00,2533.1,2537.1,2532.6,2536.0,913
2024-09-11 10:20:00,2536.1,2536.4,2533.9,2536.1,698
2024-09-11 10:25:00,2536.1,2537.2,2534.4,2535.5,582
2024-09-11 10:30:00,2535.6,2536.7,2532.4,2534.8,803
2024-09-11 10:35:00,2534.7,2535.4,2533.5,2534.9,468
2024-09-11 10:40:00,2534.6,2537.5,2534.0,2535.2,438
2024-09-11 10:45:00,2535.2,2535.9,2533.5,2535.8,403
2024-09-11 10:50:00,2536.0,2538.7,2535.8,2538.6,624
2024-09-11 10:55:00,2538.6,2539.1,2537.8,2538.0,390
2024-09-11 11:00:00,2538.1,2539.1,2537.3,2538.2,355
2024-09-11 11:05:00,2538.1,2541.5,2537.8,2540.9,708
2024-09-11 11:10:00,2540.9,2543.1,2539.8,2542.6,768
2024-09-11 11:15:00,2542.4,2543.7,2541.9,2542.0,933
2024-09-11 11:20:00,2542.0,2542.5,2540.4,2540.7,429
2024-09-11 11:25:00,2540.5,2542.2,2539.8,2541.7,341
2024-09-11 11:30:00,2541.6,2542.8,2541.2,2542.3,212
2024-09-11 11:35:00,2542.2,2543.7,2541.9,2543.0,262
2024-09-11 11:40:00,2542.6,2542.7,2540.5,2540.8,299
2024-09-11 11:45:00,2540.6,2542.4,2540.3,2542.2,189
2024-09-11 11:50:00,2542.5,2543.0,2541.9,2542.2,230
2024-09-11 11:55:00,2542.3,2543.8,2542.3,2543.6,337
2024-09-11 12:00:00,2543.5,2544.1,2542.5,2543.7,341
2024-09-11 12:05:00,2543.6,2545.1,2542.9,2544.9,420
2024-09-11 12:10:00,2544.7,2545.3,2543.9,2544.5,359
2024-09-11 12:15:00,2544.4,2544.7,2542.2,2543.8,427
2024-09-11 12:20:00,2544.0,2544.3,2543.0,2544.2,255
2024-09-11 12:25:00,2544.2,2544.9,2543.3,2544.7,180
2024-09-11 12:30:00,2544.7,2545.5,2543.6,2545.1,253
2024-09-11 12:35:00,2545.2,2546.4,2545.0,2545.5,429
2024-09-11 12:40:00,2545.4,2548.2,2545.4,2547.5,534
2024-09-11 12:45:00,2547.8,2549.0,2546.3,2546.3,631
2024-09-11 12:50:00,2546.3,2546.7,2545.8,2546.0,171
2024-09-11 12:55:00,2546.0,2546.2,2544.0,2544.1,274
2024-09-11 13:00:00,2544.1,2544.9,2543.2,2544.7,546
2024-09-11 13:05:00,2544.5,2545.5,2544.3,2545.1,212
2024-09-11 13:10:00,2545.2,2545.8,2544.0,2544.1,310
2024-09-11 13:15:00,2544.1,2544.4,2542.7,2543.3,338
2024-09-11 13:20:00,2543.1,2543.5,2541.8,2541.9,300
2024-09-11 13:25:00,2542.0,2542.8,2541.2,2542.7,487
2024-09-11 13:30:00,2542.6,2544.3,2541.8,2543.3,309
2024-09-11 13:35:00,2543.1,2543.1,2541.1,2541.3,285
2024-09-11 13:40:00,2541.2,2542.1,2541.0,2541.7,196
2024-09-11 13:45:00,2541.9,2543.6,2541.8,2543.1,462
2024-09-11 13:50:00,2542.6,2543.7,2542.3,2542.4,329
2024-09-11 13:55:00,2542.4,2543.5,2542.2,2543.5,120
2024-09-11 14:00:00,2543.3,2544.3,2542.9,2543.5,230
2024-09-11 14:05:00,2543.5,2545.1,2543.5,2544.3,215
2024-09-11 14:10:00,2544.2,2545.1,2544.1,2544.8,297
2024-09-11 14:15:00,2544.7,2544.7,2543.1,2543.1,273
2024-09-11 14:20:00,2543.0,2543.0,2541.5,2541.5,197
2024-09-11 14:25:00,2541.6,2541.9,2540.7,2541.1,421
2024-09-11 14:30:00,2540.9,2541.2,2540.3,2541.2,219
2024-09-11 14:35:00,2541.1,2541.1,2539.8,2541.0,248
2024-09-11 14:40:00,2541.1,2541.9,2540.8,2541.3,192
2024-09-11 14:45:00,2541.5,2541.5,2540.4,2541.2,103
2024-09-11 14:50:00,2541.0,2541.0,2540.2,2540.7,98
2024-09-11 14:55:00,2540.5,2540.7,2539.8,2540.1,168
2024-09-11 15:00:00,2540.0,2540.0,2538.4,2539.0,227
2024-09-11 15:05:00,2539.0,2539.2,2538.3,2539.2,133
2024-09-11 15:10:00,2539.1,2540.2,2539.1,2539.7,209
2024-09-11 15:15:00,2539.9,2540.6,2539.7,2540.1,120
2024-09-11 15:20:00,2540.2,2540.2,2538.8,2539.8,129
2024-09-11 15:25:00,2540.0,2540.7,2539.9,2540.3,116
2024-09-11 15:30:00,2540.4,2540.5,2539.4,2539.9,82
2024-09-11 15:35:00,2539.8,2539.9,2538.8,2539.2,337
2024-09-11 15:40:00,2539.2,2539.2,2538.4,2538.8,106
2024-09-11 15:45:00,2539.0,2539.9,2538.8,2539.9,133
2024-09-11 15:50:00,2539.8,2540.7,2539.6,2540.6,163
2024-09-11 15:55:00,2540.6,2541.8,2540.5,2541.4,382
2024-09-11 16:00:00,2541.5,2541.6,2540.8,2541.1,139
2024-09-11 16:05:00,2541.1,2541.6,2541.1,2541.5,59
2024-09-11 16:10:00,2541.4,2541.8,2541.1,2541.3,105
2024-09-11 16:15:00,2541.1,2541.8,2540.9,2541.8,52
2024-09-11 16:20:00,2541.9,2541.9,2541.0,2541.7,74
2024-09-11 16:25:00,2541.7,2542.5,2541.7,2541.9,103
2024-09-11 16:30:00,2541.9,2542.2,2541.4,2541.4,63
2024-09-11 16:35:00,2541.3,2542.3,2541.1,2542.0,121
2024-09-11 16:40:00,2542.0,2542.2,2541.3,2541.3,66
2024-09-11 16:45:00,2541.5,2541.7,2541.0,2541.2,150
2024-09-11 16:50:00,2541.1,2541.4,2540.9,2541.1,76
2024-09-11 16:55:00,2541.0,2541.1,2539.9,2540.2,144
2024-09-11 18:00:00,2540.2,2541.4,2539.3,2540.9,133
2024-09-11 18:05:00,2541.1,2541.3,2541.0,2541.2,52
2024-09-11 18:10:00,2541.1,2541.4,2541.0,2541.1,40
2024-09-11 18:15:00,2541.0,2541.5,2541.0,2541.2,30
2024-09-11 18:20:00,2541.2,2541.5,2541.2,2541.4,22
2024-09-11 18:25:00,2541.6,2541.6,2541.4,2541.5,31
2024-09-11 18:30:00,2541.3,2541.5,2541.2,2541.5,11
2024-09-11 18:35:00,2541.5,2541.6,2541.4,2541.6,26
2024-09-11 18:40:00,2541.6,2541.6,2541.1,2541.2,78
2024-09-11 18:45:00,2541.2,2541.5,2540.5,2540.8,121
2024-09-11 18:50:00,2540.8,2540.9,2540.6,2540.8,37
2024-09-11 18:55:00,2540.8,2540.8,2540.4,2540.6,59
2024-09-11 19:00:00,2540.5,2540.6,2540.2,2540.2,35
2024-09-11 19:05:00,2540.3,2540.9,2540.3,2540.5,68
2024-09-11 19:10:00,2540.4,2540.4,2539.8,2539.8,51
2024-09-11 19:15:00,2539.9,2540.1,2539.8,2540.1,42
2024-09-11 19:20:00,2540.1,2540.2,2540.1,2540.1,7
2024-09-11 19:25:00,2540.0,2540.2,2540.0,2540.1,25
2024-09-11 19:30:00,2540.2,2540.6,2540.1,2540.4,32
2024-09-11 19:35:00,2540.3,2540.5,2540.3,2540.3,30
2024-09-11 19:40:00,2540.4,2540.4,2539.9,2540.0,42
2024-09-11 19:45:00,2539.9,2540.1,2539.6,2539.6,55
2024-09-11 19:50:00,2539.7,2540.8,2539.7,2539.8,73
2024-09-11 19:55:00,2539.9,2540.3,2539.6,2539.6,75
2024-10-10 00:00:00,2628.9,2630.0,2628.8,2629.5,155
2024-10-10 00:05:00,2629.6,2629.7,2628.8,2629.6,116
2024-10-10 00:10:00,2629.5,2630.9,2629.5,2630.2,264
2024-10-10 00:15:00,2630.3,2630.6,2630.1,2630.2,85
2024-10-10 00:20:00,2630.2,2630.5,2630.0,2630.2,46
2024-10-10 00:25:00,2630.0,2630.5,2629.7,2629.9,94
2024-10-10 00:30:00,2629.8,2629.8,2629.1,2629.3,67
2024-10-10 00:35:00,2629.3,2630.4,2629.3,2630.4,90
2024-10-10 00:40:00,2630.4,2631.8,2630.2,2631.5,172
2024-10-10 00:45:00,2631.4,2631.9,2631.1,2631.1,170
2024-10-10 00:50:00,2631.1,2631.8,2631.1,2631.4,60
2024-10-10 00:55:00,2631.4,2631.5,2630.8,2630.9,54
2024-10-10 01:00:00,2631.2,2632.2,2631.0,2631.9,84
2024-10-10 01:05:00,2631.9,2631.9,2630.7,2631.1,64
2024-10-10 01:10:00,2631.1,2631.2,2630.6,2631.1,31
2024-10-10 01:15:00,2631.1,2631.1,2630.1,2630.6,121
2024-10-10 01:20:00,2630.5,2630.7,2629.8,2629.8,55
2024-10-10 01:25:00,2629.8,2630.3,2629.4,2630.3,95
2024-10-10 01:30:00,2630.5,2631.6,2629.9,2631.6,161
2024-10-10 01:35:00,2631.8,2631.8,2630.8,2631.7,170
2024-10-10 01:40:00,2631.5,2632.3,2631.5,2632.1,116
2024-10-10 01:45:00,2632.0,2632.5,2631.2,2631.6,150
2024-10-10 01:50:00,2631.5,2632.5,2630.4,2630.6,143
2024-10-10 01:55:00,2630.6,2630.8,2629.8,2630.3,139
2024-10-10 02:00:00,2630.3,2631.0,2630.0,2630.4,192
2024-10-10 02:05:00,2630.4,2631.2,2630.2,2630.7,122
2024-10-10 02:10:00,2630.7,2632.6,2630.7,2632.3,219
2024-10-10 02:15:00,2632.2,2632.2,2631.4,2631.9,139
2024-10-10 02:20:00,2631.7,2633.5,2631.7,2632.7,257
2024-10-10 02:25:00,2632.7,2633.7,2632.2,2633.2,137
2024-10-10 02:30:00,2633.1,2633.2,2631.3,2631.6,269
2024-10-10 02:35:00,2631.5,2632.5,2630.4,2630.4,232
2024-10-10 02:40:00,2630.8,2630.8,2628.6,2629.1,338
2024-10-10 02:45:00,2629.1,2629.6,2628.7,2629.4,191
2024-10-10 02:50:00,2629.3,2629.5,2628.8,2628.9,163
2024-10-10 02:55:00,2628.9,2630.2,2627.8,2629.9,352
2024-10-10 03:00:00,2629.6,2630.8,2628.2,2628.4,250
2024-10-10 03:05:00,2628.2,2629.5,2628.0,2629.3,145
2024-10-10 03:10:00,2629.0,2630.0,2628.1,2628.4,140
2024-10-10 03:15:00,2628.4,2629.1,2627.4,2628.5,288
2024-10-10 03:20:00,2628.5,2631.4,2628.2,2630.6,318
2024-10-10 03:25:00,2630.8,2631.6,2630.6,2631.2,116
2024-10-10 03:30:00,2631.3,2633.1,2631.3,2632.9,386
2024-10-10 03:35:00,2633.2,2633.7,2632.3,2632.7,292
2024-10-10 03:40:00,2632.5,2634.3,2632.5,2632.8,363
2024-10-10 03:45:00,2633.0,2634.2,2632.7,2633.6,198
2024-10-10 03:50:00,2633.7,2634.1,2632.3,2632.6,195
2024-10-10 03:55:00,2632.5,2634.0,2632.4,2633.9,212
2024-10-10 04:00:00,2633.9,2634.0,2631.3,2631.3,270
2024-10-10 04:05:00,2631.5,2631.8,2630.6,2631.4,221
2024-10-10 04:10:00,2631.2,2633.4,2630.9,2633.2,267
2024-10-10 04:15:00,2633.1,2634.5,2633.1,2633.5,300
2024-10-10 04:20:00,2633.4,2633.8,2632.3,2633.3,152
2024-10-10 04:25:00,2633.1,2633.3,2632.6,2632.6,82
2024-10-10 04:30:00,2632.7,2633.2,2632.4,2633.0,113
2024-10-10 04:35:00,2633.0,2633.6,2632.7,2632.8,80
2024-10-10 04:40:00,2632.9,2633.2,2631.7,2632.8,134
2024-10-10 04:45:00,2632.8,2633.1,2631.8,2632.2,147
2024-10-10 04:50:00,2632.0,2632.3,2631.4,2632.3,89
2024-10-10 04:55:00,2632.5,2633.0,2632.2,2632.4,123
2024-10-10 05:00:00,2632.4,2632.4,2631.3,2632.2,107
2024-10-10 05:05:00,2632.3,2632.3,2631.3,2631.6,66
2024-10-10 05:10:00,2631.8,2632.6,2631.6,2632.3,97
2024-10-10 05:15:00,2632.1,2632.3,2631.3,2631.9,75
2024-10-10 05:20:00,2632.0,2632.8,2632.0,2632.8,48
2024-10-10 05:25:00,2633.0,2634.7,2633.0,2633.8,285
2024-10-10 05:30:00,2633.7,2635.1,2633.3,2634.7,282
2024-10-10 05:35:00,2634.6,2635.8,2634.4,2634.4,209
2024-10-10 05:40:00,2634.5,2634.7,2633.4,2633.6,157
2024-10-10 05:45:00,2633.6,2634.0,2633.2,2633.3,95
2024-10-10 05:50:00,2633.3,2633.6,2632.8,2633.4,116
2024-10-10 05:55:00,2633.4,2634.2,2633.0,2634.2,107
2024-10-10 06:00:00,2634.1,2634.5,2633.8,2633.9,106
2024-10-10 06:05:00,2633.9,2634.1,2633.0,2633.2,98
2024-10-10 06:10:00,2633.1,2634.2,2632.8,2633.9,74
2024-10-10 06:15:00,2633.8,2634.4,2633.1,2633.6,103
2024-10-10 06:20:00,2633.6,2633.6,2632.8,2632.9,68
2024-10-10 06:25:00,2632.9,2633.3,2632.5,2633.0,120
2024-10-10 06:30:00,2633.0,2634.6,2633.0,2634.4,147
2024-10-10 06:35:00,2634.4,2634.9,2633.6,2634.2,117
2024-10-10 06:40:00,2634.1,2635.3,2633.8,2635.0,127
2024-10-10 06:45:00,2635.1,2635.4,2634.0,2634.4,133
2024-10-10 06:50:00,2634.6,2634.9,2634.1,2634.5,134
2024-10-10 06:55:00,2634.5,2635.5,2634.0,2635.1,181
2024-10-10 07:00:00,2634.9,2636.0,2634.0,2634.0,217
2024-10-10 07:05:00,2634.0,2635.0,2633.5,2634.7,162
2024-10-10 07:10:00,2634.7,2635.2,2634.3,2634.4,155
2024-10-10 07:15:00,2634.3,2634.7,2633.8,2634.4,126
2024-10-10 07:20:00,2634.3,2634.3,2632.3,2632.4,347
2024-10-10 07:25:00,2632.3,2632.3,2630.2,2631.1,519
2024-10-10 07:30:00,2631.1,2631.2,2629.8,2630.5,275
2024-10-10 07:35:00,2630.4,2630.5,2628.0,2628.6,547
2024-10-10 07:40:00,2628.7,2629.9,2628.3,2629.5,265
2024-10-10 07:45:00,2629.4,2629.9,2628.7,2629.5,219
2024-10-10 07:50:00,2629.6,2630.0,2629.0,2629.6,172
2024-10-10 07:55:00,2629.5,2630.3,2628.8,2629.8,174
2024-10-10 08:00:00,2630.0,2631.8,2629.9,2631.5,365
2024-10-10 08:05:00,2631.2,2632.4,2630.8,2631.8,260
2024-10-10 08:10:00,2631.8,2632.0,2630.6,2631.3,229
2024-10-10 08:15:00,2631.2,2632.5,2631.1,2631.2,256
2024-10-10 08:20:00,2631.3,2631.8,2630.2,2631.1,266
2024-10-10 08:25:00,2631.1,2631.9,2629.5,2630.5,328
2024-10-10 08:30:00,2631.2,2641.8,2619.3,2638.1,5784
2024-10-10 08:35:00,2638.1,2641.8,2634.6,2634.9,2696
2024-10-10 08:40:00,2634.8,2638.8,2633.9,2638.1,1896
2024-10-10 08:45:00,2638.1,2644.0,2637.2,2641.7,2497
2024-10-10 08:50:00,2641.9,2644.5,2640.6,2640.6,1437
2024-10-10 08:55:00,2640.7,2642.5,2638.1,2642.2,1156
2024-10-10 09:00:00,2642.1,2644.2,2636.9,2644.1,1727
2024-10-10 09:05:00,2644.2,2645.0,2639.4,2640.9,1505
2024-10-10 09:10:00,2640.4,2641.0,2636.7,2637.2,1077
2024-10-10 09:15:00,2637.3,2637.6,2635.4,2636.5,1048
2024-10-10 09:20:00,2636.4,2637.6,2634.6,2637.4,978
2024-10-10 09:25:00,2637.3,2638.1,2634.8,2635.0,876
2024-10-10 09:30:00,2634.9,2636.2,2632.6,2635.3,1545
2024-10-10 09:35:00,2635.1,2638.4,2634.4,2636.9,1148
2024-10-10 09:40:00,2637.0,2640.8,2634.1,2634.4,1584
2024-10-10 09:45:00,2634.6,2641.7,2634.6,2640.5,1336
2024-10-10 09:50:00,2640.5,2645.3,2639.8,2642.9,1776
2024-10-10 09:55:00,2643.0,2645.4,2642.5,2644.3,1254
2024-10-10 10:00:00,2644.3,2647.2,2644.2,2644.5,3115
2024-10-10 10:05:00,2644.3,2645.1,2641.2,2642.1,1396
2024-10-10 10:10:00,2642.0,2645.9,2641.6,2644.1,1401
2024-10-10 10:15:00,2643.8,2647.0,2643.0,2643.7,1152
2024-10-10 10:20:00,2643.6,2645.1,2641.2,2642.0,1058
2024-10-10 10:25:00,2641.9,2642.3,2640.0,2641.5,1286
2024-10-10 10:30:00,2641.6,2643.1,2640.2,2642.2,702
2024-10-10 10:35:00,2642.0,2643.1,2640.7,2642.5,531
2024-10-10 10:40:00,2642.4,2643.4,2641.6,2642.8,463
2024-10-10 10:45:00,2642.7,2643.5,2641.1,2642.0,302
2024-10-10 10:50:00,2641.8,2643.2,2639.6,2639.9,544
2024-10-10 10:55:00,2640.4,2643.0,2640.1,2642.6,452
2024-10-10 11:00:00,2642.5,2643.2,2639.9,2640.3,496
2024-10-10 11:05:00,2640.5,2641.5,2639.2,2640.1,536
2024-10-10 11:10:00,2639.8,2642.0,2639.7,2641.8,411
2024-10-10 11:15:00,2641.6,2643.3,2639.6,2640.0,712
2024-10-10 11:20:00,2639.7,2640.6,2638.0,2640.3,658
2024-10-10 11:25:00,2640.4,2641.7,2640.1,2641.6,291
2024-10-10 11:30:00,2641.5,2641.6,2637.5,2637.6,511
2024-10-10 11:35:00,2637.5,2639.0,2635.8,2638.6,913
2024-10-10 11:40:00,2638.6,2638.6,2637.0,2637.6,555
2024-10-10 11:45:00,2637.7,2640.0,2637.6,2639.3,469
2024-10-10 11:50:00,2639.4,2640.6,2638.9,2640.5,268
2024-10-10 11:55:00,2640.5,2641.0,2639.6,2640.9,234
2024-10-10 12:00:00,2640.9,2643.6,2640.6,2643.5,697
2024-10-10 12:05:00,2643.6,2644.0,2642.4,2643.0,301
2024-10-10 12:10:00,2642.9,2645.6,2642.9,2645.4,547
2024-10-10 12:15:00,2645.3,2646.3,2644.9,2645.0,483
2024-10-10 12:20:00,2645.0,2645.1,2643.4,2643.6,558
2024-10-10 12:25:00,2643.5,2644.6,2643.5,2644.3,195
2024-10-10 12:30:00,2644.4,2645.1,2643.5,2644.9,343
2024-10-10 12:35:00,2644.8,2645.9,2642.8,2643.5,371
2024-10-10 12:40:00,2643.2,2643.4,2640.8,2641.2,665
2024-10-10 12:45:00,2641.2,2641.6,2637.0,2637.2,1094
2024-10-10 12:50:00,2637.2,2639.6,2637.1,2638.1,545
2024-10-10 12:55:00,2638.3,2638.5,2635.6,2636.5,500
2024-10-10 13:00:00,2636.4,2637.3,2635.1,2635.8,623
2024-10-10 13:05:00,2635.8,2635.9,2633.5,2634.9,819
2024-10-10 13:10:00,2635.1,2635.7,2634.4,2635.1,255
2024-10-10 13:15:00,2635.3,2636.3,2634.5,2636.1,474
2024-10-10 13:20:00,2636.1,2639.1,2636.1,2638.5,651
2024-10-10 13:25:00,2638.4,2640.0,2637.5,2639.4,538
2024-10-10 13:30:00,2639.3,2641.4,2639.3,2641.3,470
2024-10-10 13:35:00,2641.3,2643.6,2641.2,2642.9,559
2024-10-10 13:40:00,2643.1,2643.3,2642.3,2642.4,223
2024-10-10 13:45:00,2642.5,2643.2,2641.8,2642.9,308
2024-10-10 13:50:00,2642.7,2643.4,2640.5,2641.3,338
2024-10-10 13:55:00,2641.5,2641.6,2640.5,2641.0,213
2024-10-10 14:00:00,2641.0,2642.5,2640.7,2640.8,384
2024-10-10 14:05:00,2641.0,2642.3,2640.8,2642.1,118
2024-10-10 14:10:00,2642.2,2642.6,2641.3,2641.4,128
2024-10-10 14:15:00,2641.4,2642.5,2640.5,2642.5,168
2024-10-10 14:20:00,2642.6,2643.3,2642.5,2642.7,233
2024-10-10 14:25:00,2642.7,2643.5,2641.9,2642.2,179
2024-10-10 14:30:00,2642.3,2643.8,2642.1,2643.3,247
2024-10-10 14:35:00,2643.4,2645.8,2643.1,2645.7,335
2024-10-10 14:40:00,2645.6,2646.3,2645.0,2645.7,319
2024-10-10 14:45:00,2645.7,2646.5,2644.9,2646.4,238
2024-10-10 14:50:00,2646.2,2646.2,2643.4,2643.7,354
2024-10-10 14:55:00,2643.8,2643.9,2642.9,2643.6,251
2024-10-10 15:00:00,2643.6,2645.8,2643.2,2645.4,421
2024-10-10 15:05:00,2645.4,2647.7,2645.4,2645.9,448
2024-10-10 15:10:00,2645.8,2647.6,2645.6,2647.2,176
2024-10-10 15:15:00,2647.0,2648.5,2646.8,2647.1,373
2024-10-10 15:20:00,2647.2,2648.4,2647.2,2647.8,269
2024-10-10 15:25:00,2647.8,2648.6,2647.5,2648.1,204
2024-10-10 15:30:00,2648.2,2648.9,2646.7,2647.0,421
2024-10-10 15:35:00,2646.9,2647.7,2646.2,2646.2,251
2024-10-10 15:40:00,2646.2,2647.5,2646.2,2647.3,83
2024-10-10 15:45:00,2647.3,2647.4,2646.2,2646.5,126
2024-10-10 15:50:00,2646.6,2647.4,2645.7,2646.8,202
2024-10-10 15:55:00,2646.8,2647.2,2646.3,2646.5,143
2024-10-10 16:00:00,2646.6,2647.1,2646.6,2646.9,94
2024-10-10 16:05:00,2647.0,2647.3,2646.8,2647.0,56
2024-10-10 16:10:00,2647.2,2648.0,2646.7,2646.8,138
2024-10-10 16:15:00,2646.7,2647.4,2646.3,2646.8,140
2024-10-10 16:20:00,2646.8,2647.0,2646.2,2646.7,44
2024-10-10 16:25:00,2646.7,2648.0,2646.6,2647.6,103
2024-10-10 16:30:00,2647.6,2648.9,2647.6,2648.9,164
2024-10-10 16:35:00,2648.7,2648.7,2647.2,2647.3,152
2024-10-10 16:40:00,2647.4,2647.5,2646.2,2647.0,136
2024-10-10 16:45:00,2646.9,2647.2,2646.4,2646.4,135
2024-10-10 16:50:00,2646.7,2647.1,2646.7,2647.0,49
2024-10-10 16:55:00,2646.9,2647.4,2646.6,2647.4,79
2024-10-10 18:00:00,2647.3,2647.6,2645.5,2646.0,220
2024-10-10 18:05:00,2645.8,2646.4,2645.6,2646.3,112
2024-10-10 18:10:00,2646.3,2646.5,2645.7,2646.3,145
2024-10-10 18:15:00,2646.1,2646.3,2645.9,2646.0,72
2024-10-10 18:20:00,2646.0,2646.0,2645.3,2645.4,75
2024-10-10 18:25:00,2645.4,2645.6,2645.3,2645.5,31
2024-10-10 18:30:00,2645.5,2645.9,2645.3,2645.9,32
2024-10-10 18:35:00,2645.8,2646.0,2645.6,2645.7,31
2024-10-10 18:40:00,2645.7,2645.8,2645.5,2645.8,30
2024-10-10 18:45:00,2645.8,2646.1,2645.7,2645.7,34
2024-10-10 18:50:00,2645.8,2646.0,2645.6,2645.7,32
2024-10-10 18:55:00,2645.8,2645.8,2645.5,2645.6,26
2024-10-10 19:00:00,2645.5,2646.6,2645.5,2646.3,144
2024-10-10 19:05:00,2646.6,2647.0,2646.4,2647.0,77
2024-10-10 19:10:00,2646.9,2647.3,2646.8,2647.2,85
2024-10-10 19:15:00,2647.3,2648.8,2647.3,2648.4,417
2024-10-10 19:20:00,2648.4,2650.4,2648.3,2649.9,371
2024-10-10 19:25:00,2649.9,2650.0,2649.4,2649.6,184
2024-10-10 19:30:00,2649.7,2653.4,2649.5,2649.8,713
2024-10-10 19:35:00,2649.8,2650.9,2649.7,2650.6,148
2024-10-10 19:40:00,2650.7,2653.0,2650.7,2651.2,355
2024-10-10 19:45:00,2651.3,2651.3,2649.7,2650.4,128
2024-10-10 19:50:00,2650.3,2650.6,2650.0,2650.0,54
2024-10-10 19:55:00,2650.1,2650.6,2649.7,2650.6,134
2024-11-13 00:00:00,2612.3,2613.8,2612.3,2613.3,335
2024-11-13 00:05:00,2613.2,2613.7,2613.0,2613.0,83
2024-11-13 00:10:00,2612.9,2612.9,2612.2,2612.4,121
2024-11-13 00:15:00,2612.4,2612.9,2611.6,2612.3,212
2024-11-13 00:20:00,2612.3,2613.0,2611.8,2612.1,183
2024-11-13 00:25:00,2612.1,2612.8,2611.9,2612.2,89
2024-11-13 00:30:00,2612.2,2612.4,2609.3,2610.6,837
2024-11-13 00:35:00,2610.6,2611.4,2610.6,2611.4,295
2024-11-13 00:40:00,2611.3,2612.3,2610.5,2610.9,297
2024-11-13 00:45:00,2611.0,2611.3,2609.9,2611.1,219
2024-11-13 00:50:00,2610.8,2612.4,2610.2,2612.3,215
2024-11-13 00:55:00,2612.2,2612.7,2611.2,2611.6,198
2024-11-13 01:00:00,2611.6,2613.3,2611.2,2612.5,260
2024-11-13 01:05:00,2612.6,2613.1,2611.0,2612.2,236
2024-11-13 01:10:00,2612.1,2612.2,2610.3,2610.3,249
2024-11-13 01:15:00,2610.3,2611.4,2610.0,2611.4,239
2024-11-13 01:20:00,2611.4,2612.7,2611.2,2611.9,252
2024-11-13 01:25:00,2612.0,2613.0,2611.5,2611.7,168
2024-11-13 01:30:00,2611.6,2612.7,2611.2,2612.2,158
2024-11-13 01:35:00,2612.0,2612.1,2610.8,2611.5,139
2024-11-13 01:40:00,2611.4,2611.5,2610.7,2610.8,147
2024-11-13 01:45:00,2610.7,2611.8,2610.1,2611.2,261
2024-11-13 01:50:00,2611.2,2612.4,2611.2,2612.0,104
2024-11-13 01:55:00,2612.1,2612.2,2610.8,2611.1,152
2024-11-13 02:00:00,2611.0,2612.1,2610.3,2612.0,175
2024-11-13 02:05:00,2612.2,2613.3,2610.5,2611.3,281
2024-11-13 02:10:00,2611.3,2611.3,2610.6,2611.0,126
2024-11-13 02:15:00,2611.0,2611.5,2610.0,2611.3,235
2024-11-13 02:20:00,2611.5,2612.4,2611.4,2612.1,185
2024-11-13 02:25:00,2612.2,2613.2,2612.0,2612.1,206
2024-11-13 02:30:00,2612.1,2612.5,2611.1,2611.8,150
2024-11-13 02:35:00,2612.0,2612.9,2611.9,2612.3,124
2024-11-13 02:40:00,2612.1,2613.2,2611.5,2613.1,190
2024-11-13 02:45:00,2613.1,2613.2,2611.6,2611.9,178
2024-11-13 02:50:00,2611.9,2612.9,2611.9,2612.9,143
2024-11-13 02:55:00,2612.5,2612.8,2611.7,2612.0,239
2024-11-13 03:00:00,2612.1,2612.1,2609.6,2610.2,433
2024-11-13 03:05:00,2610.3,2610.7,2609.6,2609.6,297
2024-11-13 03:10:00,2609.5,2609.8,2607.0,2607.6,975
2024-11-13 03:15:00,2607.5,2611.9,2606.7,2609.9,1097
2024-11-13 03:20:00,2609.8,2610.6,2608.7,2610.6,683
2024-11-13 03:25:00,2610.6,2610.8,2609.3,2610.6,303
2024-11-13 03:30:00,2610.4,2614.2,2610.3,2613.2,628
2024-11-13 03:35:00,2613.2,2616.3,2611.8,2615.5,621
2024-11-13 03:40:00,2615.5,2616.7,2614.4,2615.0,717
2024-11-13 03:45:00,2615.0,2616.6,2614.4,2615.1,295
2024-11-13 03:50:00,2614.9,2615.2,2613.6,2614.3,223
2024-11-13 03:55:00,2614.3,2614.9,2613.4,2613.6,261
2024-11-13 04:00:00,2613.7,2616.3,2613.2,2614.8,430
2024-11-13 04:05:00,2614.8,2615.0,2613.8,2614.4,214
2024-11-13 04:10:00,2614.2,2615.8,2614.1,2615.4,192
2024-11-13 04:15:00,2615.4,2616.0,2614.3,2614.3,147
2024-11-13 04:20:00,2614.3,2616.5,2613.7,2616.3,213
2024-11-13 04:25:00,2616.1,2616.6,2615.6,2615.7,279
2024-11-13 04:30:00,2615.6,2617.8,2615.6,2616.4,362
2024-11-13 04:35:00,2616.4,2616.7,2615.5,2616.2,177
2024-11-13 04:40:00,2616.7,2616.9,2614.4,2615.5,294
2024-11-13 04:45:00,2615.5,2615.8,2613.9,2615.5,452
2024-11-13 04:50:00,2615.9,2616.6,2614.9,2616.3,287
2024-11-13 04:55:00,2616.2,2616.3,2613.8,2614.4,196
2024-11-13 05:00:00,2614.3,2614.5,2612.8,2613.8,376
2024-11-13 05:05:00,2613.8,2614.7,2613.5,2613.7,183
2024-11-13 05:10:00,2613.7,2614.3,2613.3,2613.4,186
2024-11-13 05:15:00,2613.2,2614.3,2612.7,2612.7,206
2024-11-13 05:20:00,2612.6,2614.9,2612.5,2614.9,187
2024-11-13 05:25:00,2614.9,2615.8,2614.3,2615.6,152
2024-11-13 05:30:00,2615.7,2616.3,2614.5,2615.7,297
2024-11-13 05:35:00,2615.6,2615.6,2613.7,2614.3,277
2024-11-13 05:40:00,2614.4,2614.6,2612.8,2612.9,273
2024-11-13 05:45:00,2613.0,2615.0,2612.9,2614.8,179
2024-11-13 05:50:00,2614.7,2616.1,2614.7,2615.5,236
2024-11-13 05:55:00,2615.4,2615.4,2614.6,2614.9,153
2024-11-13 06:00:00,2614.7,2614.9,2614.0,2614.3,165
2024-11-13 06:05:00,2614.3,2617.1,2614.0,2617.0,269
2024-11-13 06:10:00,2617.0,2617.5,2615.0,2615.6,240
2024-11-13 06:15:00,2615.5,2616.2,2614.9,2615.6,118
2024-11-13 06:20:00,2615.7,2615.8,2614.7,2614.8,107
2024-11-13 06:25:00,2614.8,2615.5,2614.1,2614.7,177
2024-11-13 06:30:00,2614.5,2614.5,2612.9,2613.1,257
2024-11-13 06:35:00,2613.0,2613.0,2611.8,2611.9,422
2024-11-13 06:40:00,2611.9,2614.5,2611.6,2614.1,328
2024-11-13 06:45:00,2614.0,2615.7,2613.4,2615.7,371
2024-11-13 06:50:00,2615.7,2616.7,2614.8,2616.4,367
2024-11-13 06:55:00,2616.3,2616.8,2615.8,2616.6,293
2024-11-13 07:00:00,2616.8,2618.9,2616.8,2618.1,718
2024-11-13 07:05:00,2617.8,2618.1,2617.2,2617.5,202
2024-11-13 07:10:00,2617.5,2617.6,2616.3,2617.1,275
2024-11-13 07:15:00,2617.2,2617.9,2617.1,2617.3,188
2024-11-13 07:20:00,2617.2,2617.9,2616.4,2616.6,238
2024-11-13 07:25:00,2616.6,2617.6,2615.8,2616.8,197
2024-11-13 07:30:00,2616.6,2617.5,2615.6,2617.5,213
2024-11-13 07:35:00,2617.4,2617.6,2616.0,2616.3,173
2024-11-13 07:40:00,2616.1,2617.4,2616.0,2617.1,172
2024-11-13 07:45:00,2617.2,2617.5,2615.6,2616.2,281
2024-11-13 07:50:00,2616.0,2616.2,2614.9,2615.5,312
2024-11-13 07:55:00,2615.4,2616.1,2615.2,2615.6,144
2024-11-13 08:00:00,2615.7,2617.1,2614.8,2616.1,576
2024-11-13 08:05:00,2615.9,2617.0,2614.8,2614.9,297
2024-11-13 08:10:00,2614.8,2615.3,2613.5,2614.1,509
2024-11-13 08:15:00,2614.0,2615.5,2613.9,2615.3,460
2024-11-13 08:20:00,2615.5,2615.6,2613.1,2614.0,559
2024-11-13 08:25:00,2613.9,2615.8,2613.2,2614.2,359
2024-11-13 08:30:00,2615.1,2625.1,2615.1,2618.2,3607
2024-11-13 08:35:00,2618.1,2621.3,2617.0,2618.1,2590
2024-11-13 08:40:00,2618.0,2620.3,2615.4,2615.5,1961
2024-11-13 08:45:00,2615.6,2618.2,2614.1,2617.2,1838
2024-11-13 08:50:00,2617.1,2619.6,2616.6,2619.5,1042
2024-11-13 08:55:00,2619.5,2620.5,2616.6,2618.7,1290
2024-11-13 09:00:00,2618.4,2619.9,2617.1,2618.0,1103
2024-11-13 09:05:00,2617.9,2621.0,2617.2,2619.5,1175
2024-11-13 09:10:00,2619.6,2622.6,2619.4,2621.8,1101
2024-11-13 09:15:00,2621.6,2622.0,2617.6,2618.6,1224
2024-11-13 09:20:00,2618.4,2621.1,2617.6,2620.9,855
2024-11-13 09:25:00,2621.2,2622.2,2618.9,2619.3,844
2024-11-13 09:30:00,2619.3,2621.4,2616.8,2617.0,1381
2024-11-13 09:35:00,2616.9,2617.1,2612.1,2613.5,1920
2024-11-13 09:40:00,2613.4,2616.0,2612.2,2615.9,1141
2024-11-13 09:45:00,2615.7,2615.7,2611.1,2611.3,1412
2024-11-13 09:50:00,2611.2,2611.4,2606.6,2609.0,2386
2024-11-13 09:55:00,2609.0,2610.8,2606.9,2607.8,1423
2024-11-13 10:00:00,2607.7,2608.8,2604.2,2606.4,2616
2024-11-13 10:05:00,2606.2,2606.3,2599.4,2604.3,2423
2024-11-13 10:10:00,2604.4,2606.4,2601.1,2602.1,1716
2024-11-13 10:15:00,2602.1,2606.2,2601.7,2605.5,1259
2024-11-13 10:20:00,2605.6,2606.1,2603.7,2606.0,839
2024-11-13 10:25:00,2606.0,2606.1,2602.7,2603.0,730
2024-11-13 10:30:00,2602.8,2607.0,2602.6,2604.2,1265
2024-11-13 10:35:00,2604.3,2606.2,2603.7,2604.5,727
2024-11-13 10:40:00,2604.4,2607.8,2602.9,2606.8,1092
2024-11-13 10:45:00,2607.0,2608.8,2605.5,2607.7,1082
2024-11-13 10:50:00,2607.7,2611.0,2607.2,2610.4,1127
2024-11-13 10:55:00,2610.4,2612.7,2610.2,2611.4,1045
2024-11-13 11:00:00,2611.2,2612.0,2609.1,2609.2,894
2024-11-13 11:05:00,2609.1,2610.8,2608.1,2610.4,654
2024-11-13 11:10:00,2610.3,2610.9,2607.3,2607.7,910
2024-11-13 11:15:00,2607.6,2607.7,2605.2,2606.3,798
2024-11-13 11:20:00,2606.3,2606.8,2604.2,2604.6,658
2024-11-13 11:25:00,2604.6,2604.6,2601.3,2601.5,1146
2024-11-13 11:30:00,2601.4,2602.4,2593.1,2594.7,2911
2024-11-13 11:35:00,2594.5,2597.3,2593.2,2595.8,1849
2024-11-13 11:40:00,2596.0,2597.8,2595.1,2596.3,1064
2024-11-13 11:45:00,2596.1,2598.8,2595.7,2597.6,742
2024-11-13 11:50:00,2597.7,2597.7,2593.9,2594.1,848
2024-11-13 11:55:00,2593.8,2594.0,2590.5,2591.5,2161
2024-11-13 12:00:00,2591.6,2592.6,2589.1,2589.6,1185
2024-11-13 12:05:00,2589.5,2591.4,2588.2,2590.1,1180
2024-11-13 12:10:00,2590.0,2590.1,2585.4,2587.9,1539
2024-11-13 12:15:00,2587.9,2589.4,2587.3,2587.8,832
2024-11-13 12:20:00,2587.8,2588.0,2585.6,2585.8,669
2024-11-13 12:25:00,2585.7,2586.5,2583.3,2584.4,1265
2024-11-13 12:30:00,2584.6,2588.0,2584.6,2586.5,1057
2024-11-13 12:35:00,2586.5,2588.6,2586.0,2588.4,713
2024-11-13 12:40:00,2588.7,2590.6,2587.8,2587.9,890
2024-11-13 12:45:00,2588.0,2589.1,2587.4,2588.1,515
2024-11-13 12:50:00,2588.7,2590.7,2588.2,2590.4,437
2024-11-13 12:55:00,2590.4,2590.9,2588.6,2589.1,494
2024-11-13 13:00:00,2589.1,2591.3,2587.7,2590.9,629
2024-11-13 13:05:00,2590.8,2590.9,2588.2,2588.6,449
2024-11-13 13:10:00,2588.6,2590.9,2588.6,2590.4,308
2024-11-13 13:15:00,2590.1,2590.3,2589.0,2589.0,333
2024-11-13 13:20:00,2589.2,2589.5,2586.9,2587.1,587
2024-11-13 13:25:00,2587.3,2587.7,2585.6,2586.3,743
2024-11-13 13:30:00,2586.3,2588.0,2586.3,2586.8,408
2024-11-13 13:35:00,2586.9,2589.7,2586.9,2587.7,547
2024-11-13 13:40:00,2587.7,2588.3,2585.9,2587.5,440
2024-11-13 13:45:00,2587.7,2589.0,2585.5,2586.4,520
2024-11-13 13:50:00,2586.5,2589.8,2586.0,2588.9,479
2024-11-13 13:55:00,2588.8,2589.5,2587.9,2588.7,387
2024-11-13 14:00:00,2588.7,2589.1,2587.1,2587.5,183
2024-11-13 14:05:00,2587.7,2588.1,2586.6,2587.8,139
2024-11-13 14:10:00,2587.9,2589.0,2587.5,2588.6,228
2024-11-13 14:15:00,2588.7,2589.2,2587.6,2588.0,204
2024-11-13 14:20:00,2588.2,2589.4,2588.1,2589.1,183
2024-11-13 14:25:00,2589.0,2591.0,2589.0,2590.3,598
2024-11-13 14:30:00,2590.3,2590.7,2589.4,2590.1,201
2024-11-13 14:35:00,2590.1,2590.4,2589.0,2589.0,202
2024-11-13 14:40:00,2588.9,2589.4,2588.4,2589.0,171
2024-11-13 14:45:00,2589.3,2589.8,2587.7,2587.8,192
2024-11-13 14:50:00,2587.8,2588.0,2586.6,2586.9,216
2024-11-13 14:55:00,2586.9,2587.3,2586.4,2586.9,160
2024-11-13 15:00:00,2586.8,2587.1,2581.6,2582.0,1019
2024-11-13 15:05:00,2581.8,2583.6,2580.1,2582.3,913
2024-11-13 15:10:00,2582.4,2583.2,2581.2,2582.9,376
2024-11-13 15:15:00,2583.0,2584.4,2582.3,2582.7,444
2024-11-13 15:20:00,2582.5,2582.6,2581.3,2582.0,275
2024-11-13 15:25:00,2581.8,2581.8,2581.2,2581.5,177
2024-11-13 15:30:00,2581.5,2581.5,2579.6,2580.9,527
2024-11-13 15:35:00,2580.8,2582.6,2580.8,2581.7,259
2024-11-13 15:40:00,2581.7,2581.7,2580.4,2581.0,194
2024-11-13 15:45:00,2581.3,2582.0,2580.5,2581.3,285
2024-11-13 15:50:00,2581.1,2581.4,2579.1,2579.3,433
2024-11-13 15:55:00,2579.3,2580.0,2578.7,2579.5,456
2024-11-13 16:00:00,2579.7,2582.3,2579.2,2582.0,537
2024-11-13 16:05:00,2581.9,2583.0,2581.9,2582.9,206
2024-11-13 16:10:00,2582.7,2583.0,2581.4,2581.5,250
2024-11-13 16:15:00,2581.7,2582.3,2581.6,2581.8,92
2024-11-13 16:20:00,2581.7,2581.8,2581.2,2581.8,121
2024-11-13 16:25:00,2581.7,2582.1,2581.3,2581.7,119
2024-11-13 16:30:00,2581.8,2581.8,2580.9,2581.1,128
2024-11-13 16:35:00,2581.1,2581.6,2580.9,2581.3,91
2024-11-13 16:40:00,2581.4,2581.5,2580.6,2581.0,240
2024-11-13 16:45:00,2581.0,2581.2,2578.9,2579.7,244
2024-11-13 16:50:00,2579.7,2580.0,2579.4,2579.4,113
2024-11-13 16:55:00,2579.2,2579.4,2578.0,2578.1,332
2024-11-13 18:00:00,2578.4,2578.9,2576.6,2578.6,458
2024-11-13 18:05:00,2579.0,2579.3,2578.3,2578.6,165
2024-11-13 18:10:00,2578.5,2580.4,2578.4,2580.2,158
2024-11-13 18:15:00,2580.0,2581.7,2579.7,2581.5,205
2024-11-13 18:20:00,2581.5,2585.5,2581.4,2584.5,650
2024-11-13 18:25:00,2584.4,2585.9,2584.4,2585.4,306
2024-11-13 18:30:00,2585.4,2585.6,2574.3,2577.0,1711
2024-11-13 18:35:00,2577.2,2580.1,2573.4,2576.5,1703
2024-11-13 18:40:00,2576.7,2578.3,2575.8,2576.6,510
2024-11-13 18:45:00,2576.7,2576.9,2573.6,2574.5,635
2024-11-13 18:50:00,2574.5,2575.6,2573.9,2574.3,256
2024-11-13 18:55:00,2574.1,2576.0,2574.0,2575.1,212
2024-12-11 00:00:00,2735.9,2737.1,2735.6,2735.7,592
2024-12-11 00:05:00,2735.5,2735.6,2733.5,2734.7,770
2024-12-11 00:10:00,2734.4,2737.0,2734.4,2735.9,484
2024-12-11 00:15:00,2735.8,2739.8,2735.8,2738.7,999
2024-12-11 00:20:00,2738.8,2738.9,2735.3,2735.8,846
2024-12-11 00:25:00,2735.6,2735.8,2734.5,2734.8,412
2024-12-11 00:30:00,2734.7,2734.7,2730.5,2734.0,1765
2024-12-11 00:35:00,2734.1,2736.0,2731.9,2734.9,3137
2024-12-11 00:40:00,2735.0,2736.5,2732.7,2733.1,1408
2024-12-11 00:45:00,2733.0,2733.4,2731.0,2732.2,1464
2024-12-11 00:50:00,2732.3,2732.4,2729.6,2730.0,1043
2024-12-11 00:55:00,2729.9,2730.9,2727.7,2728.0,1157
2024-12-11 01:00:00,2727.8,2731.4,2727.3,2730.1,1882
2024-12-11 01:05:00,2730.1,2731.1,2729.3,2730.1,756
2024-12-11 01:10:00,2729.9,2730.2,2728.0,2728.3,549
2024-12-11 01:15:00,2728.2,2729.6,2726.4,2727.5,841
2024-12-11 01:20:00,2727.7,2731.7,2726.8,2730.4,829
2024-12-11 01:25:00,2730.3,2732.1,2729.1,2731.4,563
2024-12-11 01:30:00,2731.3,2731.8,2729.6,2729.8,283
2024-12-11 01:35:00,2729.9,2731.3,2729.1,2731.1,301
2024-12-11 01:40:00,2731.1,2731.4,2730.4,2730.5,191
2024-12-11 01:45:00,2730.7,2731.0,2730.0,2730.7,162
2024-12-11 01:50:00,2730.7,2730.9,2730.3,2730.7,118
2024-12-11 01:55:00,2730.7,2731.9,2730.2,2731.8,234
2024-12-11 02:00:00,2731.8,2731.8,2730.4,2730.5,426
2024-12-11 02:05:00,2730.7,2731.4,2725.9,2725.9,822
2024-12-11 02:10:00,2726.0,2727.8,2724.0,2726.4,1506
2024-12-11 02:15:00,2726.4,2729.8,2726.2,2729.2,566
2024-12-11 02:20:00,2729.3,2729.4,2727.1,2727.1,453
2024-12-11 02:25:00,2727.0,2727.5,2724.7,2726.0,781
2024-12-11 02:30:00,2726.0,2729.0,2725.7,2728.7,670
2024-12-11 02:35:00,2728.8,2729.3,2726.8,2728.8,480
2024-12-11 02:40:00,2728.8,2729.1,2727.5,2728.4,353
2024-12-11 02:45:00,2728.3,2729.3,2727.8,2729.1,219
2024-12-11 02:50:00,2729.2,2729.3,2726.6,2726.8,246
2024-12-11 02:55:00,2726.8,2727.3,2725.9,2726.2,403
2024-12-11 03:00:00,2726.1,2726.7,2724.3,2726.3,957
2024-12-11 03:05:00,2726.3,2728.9,2726.3,2728.3,623
2024-12-11 03:10:00,2728.4,2729.5,2727.7,2728.9,404
2024-12-11 03:15:00,2729.2,2729.9,2728.6,2729.3,425
2024-12-11 03:20:00,2729.4,2730.8,2728.7,2730.5,493
2024-12-11 03:25:00,2730.6,2733.3,2730.6,2733.3,943
2024-12-11 03:30:00,2733.2,2735.0,2732.5,2734.6,781
2024-12-11 03:35:00,2734.5,2735.4,2734.0,2734.4,611
2024-12-11 03:40:00,2734.5,2734.6,2731.8,2731.9,508
2024-12-11 03:45:00,2731.9,2731.9,2728.7,2729.3,806
2024-12-11 03:50:00,2729.4,2730.4,2728.0,2730.2,732
2024-12-11 03:55:00,2730.2,2730.2,2727.8,2728.0,382
2024-12-11 04:00:00,2728.0,2728.2,2725.0,2725.7,647
2024-12-11 04:05:00,2725.7,2725.9,2721.1,2722.8,1889
2024-12-11 04:10:00,2722.7,2725.4,2721.7,2724.0,1171
2024-12-11 04:15:00,2723.9,2725.5,2722.6,2725.4,997
2024-12-11 04:20:00,2725.5,2725.7,2722.3,2723.6,699
2024-12-11 04:25:00,2723.8,2725.0,2723.1,2724.7,409
2024-12-11 04:30:00,2724.8,2726.9,2724.4,2726.0,482
2024-12-11 04:35:00,2726.1,2726.5,2725.2,2726.4,325
2024-12-11 04:40:00,2726.4,2727.8,2725.3,2727.1,640
2024-12-11 04:45:00,2727.1,2727.4,2725.5,2725.7,345
2024-12-11 04:50:00,2725.7,2727.1,2725.6,2726.3,259
2024-12-11 04:55:00,2726.3,2727.7,2725.6,2727.4,245
2024-12-11 05:00:00,2727.4,2727.5,2725.5,2725.9,411
2024-12-11 05:05:00,2725.8,2727.7,2724.9,2726.3,617
2024-12-11 05:10:00,2726.5,2729.2,2725.9,2728.7,500
2024-12-11 05:15:00,2728.6,2728.7,2727.3,2727.9,384
2024-12-11 05:20:00,2728.0,2729.5,2727.5,2729.4,314
2024-12-11 05:25:00,2729.4,2731.2,2728.4,2730.5,568
2024-12-11 05:30:00,2730.4,2731.0,2727.1,2727.4,585
2024-12-11 05:35:00,2727.4,2727.4,2723.4,2723.8,708
2024-12-11 05:40:00,2723.9,2724.2,2722.2,2722.2,535
2024-12-11 05:45:00,2722.4,2724.7,2722.1,2724.0,516
2024-12-11 05:50:00,2724.0,2725.7,2723.4,2725.6,356
2024-12-11 05:55:00,2725.5,2726.7,2725.5,2725.7,346
2024-12-11 06:00:00,2725.5,2725.8,2723.9,2724.6,316
2024-12-11 06:05:00,2724.6,2725.5,2723.5,2725.3,289
2024-12-11 06:10:00,2725.3,2726.0,2724.9,2725.2,210
2024-12-11 06:15:00,2725.2,2725.8,2724.3,2725.2,204
2024-12-11 06:20:00,2725.3,2727.5,2725.3,2726.7,297
2024-12-11 06:25:00,2726.8,2727.2,2725.6,2726.6,239
2024-12-11 06:30:00,2726.7,2727.0,2725.8,2726.4,226
2024-12-11 06:35:00,2726.2,2726.5,2725.0,2725.8,166
2024-12-11 06:40:00,2726.0,2726.1,2725.5,2725.5,163
2024-12-11 06:45:00,2725.6,2726.2,2723.8,2724.0,340
2024-12-11 06:50:00,2723.9,2728.0,2723.8,2727.2,457
2024-12-11 06:55:00,2727.2,2728.5,2726.9,2727.3,324
2024-12-11 07:00:00,2727.4,2728.7,2725.8,2725.9,386
2024-12-11 07:05:00,2725.9,2727.4,2724.4,2727.2,437
2024-12-11 07:10:00,2727.3,2727.6,2724.7,2727.4,419
2024-12-11 07:15:00,2727.2,2728.4,2726.3,2726.9,339
2024-12-11 07:20:00,2727.2,2727.8,2726.7,2727.1,209
2024-12-11 07:25:00,2727.1,2727.5,2725.3,2725.3,179
2024-12-11 07:30:00,2725.4,2726.2,2724.4,2725.6,374
2024-12-11 07:35:00,2725.8,2727.0,2725.8,2725.9,226
2024-12-11 07:40:00,2726.1,2727.2,2725.9,2726.8,178
2024-12-11 07:45:00,2726.7,2727.3,2725.6,2726.1,192
2024-12-11 07:50:00,2726.0,2726.6,2725.3,2725.9,216
2024-12-11 07:55:00,2726.0,2726.7,2725.2,2725.5,180
2024-12-11 08:00:00,2725.5,2727.7,2725.0,2727.2,480
2024-12-11 08:05:00,2727.2,2728.2,2725.9,2727.5,467
2024-12-11 08:10:00,2727.5,2728.0,2726.6,2727.0,320
2024-12-11 08:15:00,2727.0,2728.0,2725.6,2725.9,355
2024-12-11 08:20:00,2725.8,2726.1,2719.0,2720.4,1809
2024-12-11 08:25:00,2720.4,2724.7,2720.3,2724.7,702
2024-12-11 08:30:00,2724.7,2730.5,2722.8,2729.0,1860
2024-12-11 08:35:00,2729.0,2731.9,2727.0,2727.0,1936
2024-12-11 08:40:00,2727.0,2731.8,2726.1,2730.7,1468
2024-12-11 08:45:00,2730.8,2731.0,2728.0,2730.0,907
2024-12-11 08:50:00,2729.9,2733.0,2729.3,2732.3,1355
2024-12-11 08:55:00,2732.3,2733.1,2730.5,2731.9,986
2024-12-11 09:00:00,2732.1,2736.0,2732.1,2735.0,1660
2024-12-11 09:05:00,2735.1,2735.5,2730.6,2731.3,1193
2024-12-11 09:10:00,2731.3,2734.9,2731.3,2734.8,839
2024-12-11 09:15:00,2734.8,2736.5,2734.3,2735.0,964
2024-12-11 09:20:00,2735.0,2735.5,2732.1,2732.9,862
2024-12-11 09:25:00,2732.7,2733.9,2731.9,2733.0,597
2024-12-11 09:30:00,2733.0,2734.2,2728.6,2732.4,1835
2024-12-11 09:35:00,2732.7,2735.1,2731.7,2733.7,856
2024-12-11 09:40:00,2733.4,2735.4,2733.2,2734.6,685
2024-12-11 09:45:00,2734.8,2736.4,2733.4,2734.4,894
2024-12-11 09:50:00,2734.4,2738.9,2734.2,2738.9,1749
2024-12-11 09:55:00,2739.0,2742.5,2739.0,2742.0,2097
2024-12-11 10:00:00,2742.1,2749.8,2742.0,2749.1,4266
2024-12-11 10:05:00,2749.2,2750.6,2747.4,2748.0,2411
2024-12-11 10:10:00,2747.9,2754.5,2747.2,2753.5,2454
2024-12-11 10:15:00,2753.5,2754.6,2750.7,2752.5,1604
2024-12-11 10:20:00,2752.7,2752.8,2749.9,2752.1,974
2024-12-11 10:25:00,2752.2,2753.8,2750.1,2753.2,1193
2024-12-11 10:30:00,2753.0,2756.0,2752.7,2755.7,1461
2024-12-11 10:35:00,2755.5,2757.7,2753.6,2757.3,1948
2024-12-11 10:40:00,2757.3,2759.6,2757.1,2758.3,1509
2024-12-11 10:45:00,2758.2,2758.8,2755.9,2756.2,1126
2024-12-11 10:50:00,2756.4,2758.8,2756.4,2757.5,833
2024-12-11 10:55:00,2757.5,2757.8,2754.2,2754.8,1193
2024-12-11 11:00:00,2754.8,2755.6,2752.9,2754.6,1537
2024-12-11 11:05:00,2754.5,2755.1,2750.7,2752.4,1238
2024-12-11 11:10:00,2752.5,2755.5,2752.3,2755.5,996
2024-12-11 11:15:00,2755.5,2756.9,2753.9,2754.0,1027
2024-12-11 11:20:00,2754.0,2755.6,2753.7,2754.9,584
2024-12-11 11:25:00,2754.8,2756.7,2754.8,2755.5,596
2024-12-11 11:30:00,2755.6,2757.7,2753.0,2753.0,954
2024-12-11 11:35:00,2752.9,2753.5,2751.1,2752.1,929
2024-12-11 11:40:00,2752.3,2752.3,2750.9,2752.2,555
2024-12-11 11:45:00,2752.2,2752.9,2749.8,2751.0,907
2024-12-11 11:50:00,2751.3,2754.0,2750.8,2753.5,671
2024-12-11 11:55:00,2753.4,2754.2,2752.2,2753.0,452
2024-12-11 12:00:00,2752.9,2756.6,2752.9,2756.3,677
2024-12-11 12:05:00,2756.4,2758.3,2756.1,2757.4,775
2024-12-11 12:10:00,2757.5,2758.2,2756.7,2757.4,532
2024-12-11 12:15:00,2757.3,2757.3,2754.8,2755.0,456
2024-12-11 12:20:00,2754.7,2756.9,2754.3,2756.8,334
2024-12-11 12:25:00,2756.7,2757.0,2755.5,2756.0,240
2024-12-11 12:30:00,2756.0,2756.5,2753.9,2754.0,376
2024-12-11 12:35:00,2753.9,2756.3,2753.3,2755.8,422
2024-12-11 12:40:00,2755.7,2757.9,2755.7,2757.6,339
2024-12-11 12:45:00,2757.7,2758.3,2756.7,2757.1,376
2024-12-11 12:50:00,2757.2,2757.6,2756.0,2757.6,341
2024-12-11 12:55:00,2757.6,2757.8,2756.2,2757.1,242
2024-12-11 13:00:00,2756.9,2759.0,2755.8,2758.3,693
2024-12-11 13:05:00,2758.2,2758.8,2757.6,2757.8,210
2024-12-11 13:10:00,2757.9,2758.9,2757.3,2757.7,175
2024-12-11 13:15:00,2757.8,2758.4,2757.0,2757.5,801
2024-12-11 13:20:00,2757.5,2758.6,2757.2,2757.8,653
2024-12-11 13:25:00,2757.6,2758.6,2756.0,2756.3,530
2024-12-11 13:30:00,2756.4,2757.3,2755.0,2755.2,378
2024-12-11 13:35:00,2755.2,2756.7,2755.2,2755.6,203
2024-12-11 13:40:00,2755.6,2755.9,2753.7,2753.7,306
2024-12-11 13:45:00,2753.7,2754.8,2752.6,2753.0,496
2024-12-11 13:50:00,2752.5,2752.7,2751.5,2751.7,341
2024-12-11 13:55:00,2751.5,2751.9,2750.3,2750.7,411
2024-12-11 14:00:00,2750.5,2751.4,2749.5,2751.0,580
2024-12-11 14:05:00,2751.2,2751.7,2750.1,2751.0,312
2024-12-11 14:10:00,2750.8,2752.4,2750.7,2752.3,226
2024-12-11 14:15:00,2752.3,2752.5,2751.4,2752.2,167
2024-12-11 14:20:00,2752.3,2752.7,2750.8,2751.1,245
2024-12-11 14:25:00,2751.0,2752.4,2750.7,2752.2,186
2024-12-11 14:30:00,2752.0,2753.6,2751.6,2753.6,228
2024-12-11 14:35:00,2753.6,2754.9,2753.6,2754.0,421
2024-12-11 14:40:00,2753.9,2755.1,2753.7,2755.0,330
2024-12-11 14:45:00,2755.0,2755.4,2754.4,2754.6,173
2024-12-11 14:50:00,2754.6,2754.7,2753.1,2753.4,255
2024-12-11 14:55:00,2753.4,2753.8,2752.8,2753.2,199
2024-12-11 15:00:00,2753.2,2754.3,2752.9,2754.1,287
2024-12-11 15:05:00,2754.3,2754.7,2754.0,2754.1,138
2024-12-11 15:10:00,2753.9,2755.0,2753.8,2755.0,103
2024-12-11 15:15:00,2755.0,2755.2,2754.1,2754.8,190
2024-12-11 15:20:00,2754.9,2755.3,2753.9,2753.9,125
2024-12-11 15:25:00,2753.8,2755.0,2753.7,2754.4,158
2024-12-11 15:30:00,2754.4,2754.5,2752.3,2752.5,255
2024-12-11 15:35:00,2752.5,2754.4,2752.2,2754.4,438
2024-12-11 15:40:00,2754.1,2754.2,2753.3,2753.3,96
2024-12-11 15:45:00,2753.2,2754.5,2753.2,2753.9,134
2024-12-11 15:50:00,2753.8,2754.2,2753.0,2753.1,165
2024-12-11 15:55:00,2753.0,2753.1,2752.3,2752.7,285
2024-12-11 16:00:00,2752.7,2752.8,2751.3,2751.6,316
2024-12-11 16:05:00,2751.6,2752.8,2751.5,2752.7,96
2024-12-11 16:10:00,2752.8,2753.8,2752.7,2753.6,105
2024-12-11 16:15:00,2753.5,2753.8,2753.0,2753.3,65
2024-12-11 16:20:00,2753.4,2753.5,2752.8,2752.9,105
2024-12-11 16:25:00,2752.8,2753.1,2752.1,2752.8,179
2024-12-11 16:30:00,2752.7,2753.7,2752.6,2753.2,123
2024-12-11 16:35:00,2753.2,2753.7,2753.0,2753.0,97
2024-12-11 16:40:00,2752.9,2754.0,2752.9,2753.5,109
2024-12-11 16:45:00,2753.6,2754.6,2753.4,2753.7,228
2024-12-11 16:50:00,2753.7,2754.2,2753.5,2753.5,85
2024-12-11 16:55:00,2753.6,2754.2,2753.3,2753.7,93
2024-12-11 18:00:00,2753.9,2754.6,2751.9,2752.9,333
2024-12-11 18:05:00,2753.0,2753.7,2752.2,2752.6,142
2024-12-11 18:10:00,2752.9,2753.3,2752.5,2753.1,50
2024-12-11 18:15:00,2753.2,2753.5,2752.5,2752.6,55
2024-12-11 18:20:00,2752.7,2753.0,2752.2,2752.7,53
2024-12-11 18:25:00,2752.5,2753.0,2752.2,2752.6,45
2024-12-11 18:30:00,2752.6,2753.4,2752.0,2753.3,67
2024-12-11 18:35:00,2753.2,2754.4,2753.2,2754.4,72
2024-12-11 18:40:00,2754.4,2754.7,2753.3,2754.2,140
2024-12-11 18:45:00,2754.1,2754.8,2754.1,2754.4,145
2024-12-11 18:50:00,2754.3,2754.7,2753.9,2754.2,112
2024-12-11 18:55:00,2754.2,2754.3,2753.1,2754.2,286
2025-01-15 00:00:00,2690.6,2691.0,2690.4,2690.8,95
2025-01-15 00:05:00,2690.9,2691.2,2690.1,2690.2,97
2025-01-15 00:10:00,2690.2,2690.6,2689.9,2690.0,110
2025-01-15 00:15:00,2690.0,2690.4,2689.4,2689.5,88
2025-01-15 00:20:00,2689.7,2689.9,2689.4,2689.6,76
2025-01-15 00:25:00,2689.6,2690.3,2689.6,2689.8,89
2025-01-15 00:30:00,2689.9,2690.9,2689.9,2690.9,183
2025-01-15 00:35:00,2690.7,2692.3,2690.7,2691.1,350
2025-01-15 00:40:00,2691.1,2692.2,2691.1,2691.9,209
2025-01-15 00:45:00,2692.0,2692.7,2691.8,2692.6,310
2025-01-15 00:50:00,2692.7,2692.9,2692.0,2692.6,193
2025-01-15 00:55:00,2692.7,2693.6,2692.7,2693.4,329
2025-01-15 01:00:00,2693.5,2694.3,2693.2,2693.5,360
2025-01-15 01:05:00,2693.6,2694.4,2693.5,2694.0,220
2025-01-15 01:10:00,2694.0,2695.9,2693.8,2695.5,537
2025-01-15 01:15:00,2695.4,2695.9,2694.5,2694.8,249
2025-01-15 01:20:00,2695.0,2697.1,2694.8,2696.0,451
2025-01-15 01:25:00,2696.2,2696.9,2695.6,2696.2,243
2025-01-15 01:30:00,2696.2,2696.4,2695.6,2696.2,121
2025-01-15 01:35:00,2696.3,2696.5,2695.6,2696.3,163
2025-01-15 01:40:00,2696.3,2697.7,2696.1,2697.5,463
2025-01-15 01:45:00,2697.5,2697.8,2696.1,2696.2,269
2025-01-15 01:50:00,2696.2,2696.5,2695.3,2695.5,221
2025-01-15 01:55:00,2695.6,2696.3,2695.6,2695.7,161
2025-01-15 02:00:00,2695.6,2696.4,2695.0,2696.0,281
2025-01-15 02:05:00,2696.2,2696.8,2695.3,2696.1,210
2025-01-15 02:10:00,2696.1,2696.6,2695.6,2696.4,119
2025-01-15 02:15:00,2696.5,2696.9,2695.9,2696.8,124
2025-01-15 02:20:00,2696.7,2698.0,2696.7,2697.2,236
2025-01-15 02:25:00,2697.2,2698.9,2696.8,2698.5,534
2025-01-15 02:30:00,2698.7,2699.3,2697.7,2698.3,431
2025-01-15 02:35:00,2698.3,2699.2,2698.2,2698.8,279
2025-01-15 02:40:00,2698.7,2700.3,2698.7,2699.5,434
2025-01-15 02:45:00,2699.4,2699.8,2698.1,2698.2,286
2025-01-15 02:50:00,2698.1,2698.5,2697.5,2698.1,236
2025-01-15 02:55:00,2698.0,2698.4,2696.9,2697.9,219
2025-01-15 03:00:00,2697.9,2700.1,2697.8,2699.4,445
2025-01-15 03:05:00,2699.5,2702.2,2699.5,2701.2,659
2025-01-15 03:10:00,2701.1,2701.7,2700.6,2700.6,252
2025-01-15 03:15:00,2700.6,2701.5,2700.0,2700.5,272
2025-01-15 03:20:00,2700.4,2701.9,2700.3,2701.7,229
2025-01-15 03:25:00,2701.6,2702.0,2700.8,2700.9,188
2025-01-15 03:30:00,2700.7,2701.5,2699.1,2699.1,244
2025-01-15 03:35:00,2699.1,2701.2,2699.1,2701.2,205
2025-01-15 03:40:00,2701.0,2701.5,2699.9,2701.4,231
2025-01-15 03:45:00,2701.6,2702.6,2701.3,2702.4,263
2025-01-15 03:50:00,2702.6,2702.6,2701.8,2701.9,172
2025-01-15 03:55:00,2701.8,2702.8,2701.5,2702.2,187
2025-01-15 04:00:00,2702.2,2702.8,2701.0,2702.7,299
2025-01-15 04:05:00,2702.6,2704.4,2702.3,2704.1,629
2025-01-15 04:10:00,2704.2,2704.7,2703.9,2704.2,321
2025-01-15 04:15:00,2704.2,2705.4,2704.0,2705.0,464
2025-01-15 04:20:00,2705.1,2706.1,2703.7,2703.9,456
2025-01-15 04:25:00,2703.8,2705.2,2703.5,2705.0,283
2025-01-15 04:30:00,2705.2,2705.8,2704.8,2705.5,257
2025-01-15 04:35:00,2705.6,2707.0,2705.5,2707.0,238
2025-01-15 04:40:00,2707.0,2708.8,2706.7,2708.8,571
2025-01-15 04:45:00,2708.8,2709.3,2707.5,2708.3,558
2025-01-15 04:50:00,2708.2,2708.5,2707.6,2708.2,253
2025-01-15 04:55:00,2708.3,2708.8,2707.3,2707.6,340
2025-01-15 05:00:00,2707.8,2708.4,2707.0,2708.4,378
2025-01-15 05:05:00,2708.3,2709.2,2708.1,2708.2,375
2025-01-15 05:10:00,2708.4,2709.6,2707.9,2708.4,309
2025-01-15 05:15:00,2708.8,2709.5,2708.5,2709.0,193
2025-01-15 05:20:00,2709.1,2709.2,2707.6,2708.4,309
2025-01-15 05:25:00,2708.5,2709.3,2707.7,2708.2,352
2025-01-15 05:30:00,2708.4,2711.6,2708.2,2711.6,771
2025-01-15 05:35:00,2711.6,2712.8,2710.8,2711.5,499
2025-01-15 05:40:00,2711.4,2711.9,2709.5,2709.8,350
2025-01-15 05:45:00,2709.7,2711.7,2709.6,2711.6,283
2025-01-15 05:50:00,2711.8,2712.3,2710.6,2710.6,331
2025-01-15 05:55:00,2710.5,2711.2,2709.3,2711.0,262
2025-01-15 06:00:00,2711.5,2711.8,2710.1,2710.2,271
2025-01-15 06:05:00,2710.2,2711.4,2708.6,2709.0,363
2025-01-15 06:10:00,2708.9,2709.9,2708.1,2708.4,552
2025-01-15 06:15:00,2708.5,2708.6,2707.4,2707.4,413
2025-01-15 06:20:00,2707.4,2708.0,2706.6,2707.2,378
2025-01-15 06:25:00,2707.0,2708.5,2707.0,2708.2,261
2025-01-15 06:30:00,2708.3,2708.3,2706.5,2706.5,254
2025-01-15 06:35:00,2706.5,2707.0,2705.9,2706.0,363
2025-01-15 06:40:00,2706.1,2709.2,2706.1,2708.3,381
2025-01-15 06:45:00,2708.4,2709.4,2708.0,2708.2,199
2025-01-15 06:50:00,2708.1,2708.5,2707.6,2707.8,195
2025-01-15 06:55:00,2707.7,2708.5,2707.2,2708.1,126
2025-01-15 07:00:00,2708.0,2708.9,2707.1,2707.4,196
2025-01-15 07:05:00,2707.4,2707.8,2706.4,2707.6,235
2025-01-15 07:10:00,2707.4,2709.0,2707.3,2708.1,215
2025-01-15 07:15:00,2708.1,2708.3,2707.1,2707.4,167
2025-01-15 07:20:00,2707.4,2707.4,2706.0,2707.0,276
2025-01-15 07:25:00,2706.9,2708.2,2706.5,2708.2,181
2025-01-15 07:30:00,2708.2,2708.9,2706.5,2706.7,323
2025-01-15 07:35:00,2706.7,2707.9,2706.7,2707.7,179
2025-01-15 07:40:00,2707.7,2708.6,2707.2,2707.3,129
2025-01-15 07:45:00,2707.2,2708.0,2706.1,2707.3,366
2025-01-15 07:50:00,2707.3,2707.8,2707.1,2707.2,124
2025-01-15 07:55:00,2707.1,2707.1,2705.6,2705.8,409
2025-01-15 08:00:00,2706.0,2706.3,2703.5,2704.4,1171
2025-01-15 08:05:00,2704.2,2705.8,2703.9,2705.1,312
2025-01-15 08:10:00,2705.3,2707.5,2705.3,2707.5,446
2025-01-15 08:15:00,2707.6,2708.2,2706.5,2706.7,536
2025-01-15 08:20:00,2706.6,2706.6,2702.4,2703.2,888
2025-01-15 08:25:00,2703.4,2708.2,2703.3,2703.6,504
2025-01-15 08:30:00,2705.5,2716.6,2705.2,2711.9,2889
2025-01-15 08:35:00,2711.8,2714.7,2708.8,2711.7,1972
2025-01-15 08:40:00,2712.0,2712.8,2708.2,2710.0,1308
2025-01-15 08:45:00,2710.1,2714.6,2709.0,2712.5,1568
2025-01-15 08:50:00,2712.4,2714.1,2710.1,2711.7,1552
2025-01-15 08:55:00,2711.5,2717.2,2711.0,2716.6,1478
2025-01-15 09:00:00,2716.7,2719.0,2716.4,2717.5,1695
2025-01-15 09:05:00,2717.4,2717.4,2712.0,2712.4,1300
2025-01-15 09:10:00,2712.6,2713.0,2710.4,2711.9,1021
2025-01-15 09:15:00,2711.9,2712.5,2709.6,2710.1,873
2025-01-15 09:20:00,2710.0,2713.4,2708.1,2713.3,1128
2025-01-15 09:25:00,2713.3,2713.7,2711.3,2713.1,688
2025-01-15 09:30:00,2713.2,2714.1,2704.8,2705.3,1808
2025-01-15 09:35:00,2705.3,2706.5,2699.6,2702.8,3428
2025-01-15 09:40:00,2703.0,2706.3,2702.5,2703.1,1532
2025-01-15 09:45:00,2703.1,2705.4,2700.3,2704.7,1903
2025-01-15 09:50:00,2704.8,2707.6,2704.7,2707.0,1765
2025-01-15 09:55:00,2706.9,2707.2,2703.7,2704.3,980
2025-01-15 10:00:00,2704.2,2704.3,2697.9,2698.7,3071
2025-01-15 10:05:00,2698.9,2702.1,2698.5,2701.1,2055
2025-01-15 10:10:00,2701.2,2703.4,2698.0,2699.8,1870
2025-01-15 10:15:00,2699.9,2702.4,2698.7,2700.1,1457
2025-01-15 10:20:00,2700.1,2704.6,2699.5,2703.6,1152
2025-01-15 10:25:00,2703.7,2705.4,2702.9,2703.8,625
2025-01-15 10:30:00,2703.7,2704.6,2701.2,2703.7,794
2025-01-15 10:35:00,2703.8,2704.2,2700.9,2701.9,510
2025-01-15 10:40:00,2702.0,2703.5,2700.8,2701.9,367
2025-01-15 10:45:00,2701.7,2703.0,2700.6,2702.3,484
2025-01-15 10:50:00,2702.5,2702.5,2699.3,2699.8,603
2025-01-15 10:55:00,2699.9,2701.2,2699.7,2699.8,339
2025-01-15 11:00:00,2699.9,2702.2,2698.2,2702.2,916
2025-01-15 11:05:00,2702.1,2702.4,2699.3,2699.6,523
2025-01-15 11:10:00,2699.6,2703.5,2698.9,2703.2,861
2025-01-15 11:15:00,2703.2,2705.4,2702.9,2704.9,1691
2025-01-15 11:20:00,2704.9,2707.2,2704.6,2705.7,892
2025-01-15 11:25:00,2705.8,2705.9,2703.5,2704.8,1025
2025-01-15 11:30:00,2705.0,2705.8,2703.3,2703.9,513
2025-01-15 11:35:00,2704.0,2707.9,2703.7,2707.3,686
2025-01-15 11:40:00,2707.5,2708.5,2705.6,2708.0,575
2025-01-15 11:45:00,2708.0,2710.0,2707.2,2709.6,597
2025-01-15 11:50:00,2709.6,2711.5,2709.3,2710.8,915
2025-01-15 11:55:00,2710.6,2712.8,2710.2,2712.0,801
2025-01-15 12:00:00,2712.1,2714.0,2712.0,2713.7,662
2025-01-15 12:05:00,2713.8,2716.2,2713.7,2715.6,901
2025-01-15 12:10:00,2715.7,2716.4,2714.7,2715.0,668
2025-01-15 12:15:00,2714.8,2714.8,2712.7,2712.7,822
2025-01-15 12:20:00,2713.2,2714.0,2711.7,2711.8,558
2025-01-15 12:25:00,2711.9,2714.6,2711.8,2714.2,501
2025-01-15 12:30:00,2714.1,2715.7,2713.6,2715.6,326
2025-01-15 12:35:00,2715.4,2716.4,2714.1,2714.6,439
2025-01-15 12:40:00,2714.6,2716.4,2714.2,2716.4,398
2025-01-15 12:45:00,2716.4,2716.5,2715.3,2716.2,285
2025-01-15 12:50:00,2716.1,2716.3,2714.9,2716.2,246
2025-01-15 12:55:00,2716.1,2716.3,2715.0,2715.8,263
2025-01-15 13:00:00,2715.9,2716.5,2715.3,2715.8,253
2025-01-15 13:05:00,2715.9,2717.3,2715.2,2716.6,490
2025-01-15 13:10:00,2716.6,2718.1,2716.4,2717.2,404
2025-01-15 13:15:00,2717.1,2718.0,2716.0,2717.8,365
2025-01-15 13:20:00,2718.0,2718.9,2717.2,2717.9,626
2025-01-15 13:25:00,2717.8,2719.4,2716.7,2717.4,798
2025-01-15 13:30:00,2717.5,2718.6,2717.0,2718.0,190
2025-01-15 13:35:00,2718.0,2718.0,2715.4,2715.9,391
2025-01-15 13:40:00,2715.8,2716.1,2715.0,2715.2,330
2025-01-15 13:45:00,2715.3,2716.0,2714.6,2716.0,312
2025-01-15 13:50:00,2716.1,2717.2,2716.0,2716.7,264
2025-01-15 13:55:00,2716.7,2718.3,2716.7,2718.1,210
2025-01-15 14:00:00,2718.1,2719.3,2718.1,2718.5,364
2025-01-15 14:05:00,2718.5,2718.8,2717.6,2717.8,341
2025-01-15 14:10:00,2717.8,2718.7,2717.1,2718.5,322
2025-01-15 14:15:00,2718.6,2718.9,2717.7,2718.5,304
2025-01-15 14:20:00,2718.5,2719.2,2718.1,2718.1,165
2025-01-15 14:25:00,2718.1,2719.1,2718.1,2718.7,186
2025-01-15 14:30:00,2718.8,2718.8,2717.9,2718.6,208
2025-01-15 14:35:00,2718.5,2719.4,2718.4,2719.0,143
2025-01-15 14:40:00,2719.0,2719.6,2718.2,2718.2,211
2025-01-15 14:45:00,2718.3,2719.3,2717.9,2719.1,233
2025-01-15 14:50:00,2719.2,2719.2,2718.4,2718.8,159
2025-01-15 14:55:00,2718.8,2719.3,2718.1,2718.6,170
2025-01-15 15:00:00,2718.3,2718.5,2717.4,2718.5,164
2025-01-15 15:05:00,2718.6,2719.9,2718.6,2719.3,218
2025-01-15 15:10:00,2719.1,2720.4,2719.1,2720.0,252
2025-01-15 15:15:00,2720.0,2720.2,2719.3,2719.5,120
2025-01-15 15:20:00,2719.4,2719.8,2719.4,2719.6,63
2025-01-15 15:25:00,2719.5,2719.9,2719.3,2719.8,73
2025-01-15 15:30:00,2719.9,2719.9,2718.9,2719.1,104
2025-01-15 15:35:00,2719.0,2719.5,2718.8,2719.1,133
2025-01-15 15:40:00,2719.2,2719.9,2718.3,2719.6,331
2025-01-15 15:45:00,2719.6,2720.1,2718.7,2719.0,196
2025-01-15 15:50:00,2718.9,2720.3,2718.9,2720.0,161
2025-01-15 15:55:00,2719.9,2720.2,2719.3,2719.7,462
2025-01-15 16:00:00,2719.8,2720.4,2719.6,2720.2,226
2025-01-15 16:05:00,2720.2,2720.8,2720.0,2720.4,127
2025-01-15 16:10:00,2720.4,2721.8,2720.3,2721.5,393
2025-01-15 16:15:00,2721.4,2721.7,2720.9,2721.2,159
2025-01-15 16:20:00,2721.4,2721.5,2720.1,2720.2,185
2025-01-15 16:25:00,2720.2,2720.2,2719.5,2719.8,134
2025-01-15 16:30:00,2719.8,2720.0,2718.8,2719.1,179
2025-01-15 16:35:00,2719.0,2719.8,2718.7,2719.4,170
2025-01-15 16:40:00,2719.5,2720.4,2719.0,2720.1,137
2025-01-15 16:45:00,2720.2,2721.3,2720.1,2721.2,129
2025-01-15 16:50:00,2721.2,2722.1,2721.1,2722.1,162
2025-01-15 16:55:00,2722.1,2722.8,2721.9,2722.4,240
2025-01-15 18:00:00,2722.5,2723.8,2721.6,2723.2,399
2025-01-15 18:05:00,2723.1,2723.8,2722.8,2723.4,158
2025-01-15 18:10:00,2723.5,2724.0,2723.3,2723.9,98
2025-01-15 18:15:00,2724.0,2725.0,2723.6,2725.0,230
2025-01-15 18:20:00,2725.1,2725.2,2723.2,2724.5,217
2025-01-15 18:25:00,2724.4,2724.7,2724.0,2724.2,105
2025-01-15 18:30:00,2724.3,2724.5,2723.4,2723.7,109
2025-01-15 18:35:00,2723.6,2723.7,2723.0,2723.3,97
2025-01-15 18:40:00,2723.4,2723.5,2723.0,2723.5,83
2025-01-15 18:45:00,2723.3,2723.6,2722.9,2723.5,120
2025-01-15 18:50:00,2723.5,2723.6,2723.0,2723.4,194
2025-01-15 18:55:00,2723.2,2723.6,2723.2,2723.5,59
2025-02-12 00:00:00,2910.5,2910.9,2909.2,2910.6,308
2025-02-12 00:05:00,2910.6,2911.5,2909.7,2910.2,257
2025-02-12 00:10:00,2910.1,2910.3,2909.4,2909.6,167
2025-02-12 00:15:00,2909.7,2910.4,2909.4,2910.0,111
2025-02-12 00:20:00,2909.9,2910.8,2909.4,2910.0,165
2025-02-12 00:25:00,2909.9,2910.6,2909.2,2910.3,190
2025-02-12 00:30:00,2910.4,2912.7,2909.6,2912.2,483
2025-02-12 00:35:00,2912.0,2912.6,2911.2,2912.4,281
2025-02-12 00:40:00,2912.4,2913.4,2911.6,2912.9,406
2025-02-12 00:45:00,2912.9,2913.0,2911.5,2912.1,239
2025-02-12 00:50:00,2912.2,2913.6,2911.6,2913.1,253
2025-02-12 00:55:00,2913.0,2913.0,2910.9,2911.4,236
2025-02-12 01:00:00,2911.4,2912.8,2910.9,2912.2,176
2025-02-12 01:05:00,2912.3,2914.1,2911.6,2914.1,241
2025-02-12 01:10:00,2914.1,2917.4,2914.0,2916.7,973
2025-02-12 01:15:00,2916.6,2919.3,2916.6,2918.2,1374
2025-02-12 01:20:00,2918.3,2919.8,2916.9,2917.2,569
2025-02-12 01:25:00,2917.2,2917.4,2915.1,2916.6,481
2025-02-12 01:30:00,2916.5,2916.9,2915.1,2916.6,256
2025-02-12 01:35:00,2916.4,2916.9,2914.2,2914.9,229
2025-02-12 01:40:00,2915.0,2915.5,2913.4,2914.6,328
2025-02-12 01:45:00,2914.8,2916.2,2914.2,2916.0,282
2025-02-12 01:50:00,2916.2,2919.6,2916.0,2918.2,593
2025-02-12 01:55:00,2918.1,2920.4,2918.0,2919.0,444
2025-02-12 02:00:00,2919.0,2920.2,2918.9,2919.3,301
2025-02-12 02:05:00,2919.3,2921.0,2918.7,2919.0,371
2025-02-12 02:10:00,2919.0,2919.0,2916.8,2918.2,517
2025-02-12 02:15:00,2918.2,2919.4,2916.8,2919.4,370
2025-02-12 02:20:00,2919.2,2919.6,2918.4,2918.7,253
2025-02-12 02:25:00,2918.6,2920.3,2918.4,2919.2,247
2025-02-12 02:30:00,2919.0,2919.6,2916.4,2917.0,321
2025-02-12 02:35:00,2917.0,2918.2,2916.3,2918.1,277
2025-02-12 02:40:00,2918.0,2918.9,2916.9,2918.2,260
2025-02-12 02:45:00,2918.2,2919.1,2918.1,2918.4,159
2025-02-12 02:50:00,2918.4,2919.5,2918.0,2919.0,199
2025-02-12 02:55:00,2919.0,2919.0,2917.3,2918.0,152
2025-02-12 03:00:00,2918.1,2918.3,2915.3,2917.6,527
2025-02-12 03:05:00,2917.5,2919.0,2916.4,2916.6,286
2025-02-12 03:10:00,2916.4,2916.5,2913.9,2915.9,649
2025-02-12 03:15:00,2916.0,2917.2,2914.8,2915.3,329
2025-02-12 03:20:00,2915.1,2915.1,2913.1,2915.1,365
2025-02-12 03:25:00,2915.1,2917.5,2914.9,2916.6,329
2025-02-12 03:30:00,2916.6,2918.6,2916.2,2918.2,211
2025-02-12 03:35:00,2918.0,2919.3,2917.9,2918.3,230
2025-02-12 03:40:00,2918.3,2919.7,2917.9,2918.0,225
2025-02-12 03:45:00,2918.0,2918.0,2915.7,2916.8,348
2025-02-12 03:50:00,2917.1,2917.4,2915.5,2916.5,220
2025-02-12 03:55:00,2916.1,2916.9,2915.3,2916.6,228
2025-02-12 04:00:00,2916.4,2917.6,2915.9,2916.1,228
2025-02-12 04:05:00,2916.1,2917.2,2914.5,2915.2,253
2025-02-12 04:10:00,2915.2,2916.3,2915.0,2915.7,263
2025-02-12 04:15:00,2915.5,2916.7,2914.9,2916.5,213
2025-02-12 04:20:00,2916.4,2917.2,2914.2,2914.4,265
2025-02-12 04:25:00,2914.4,2915.9,2913.0,2913.0,403
2025-02-12 04:30:00,2913.0,2914.3,2912.4,2913.3,414
2025-02-12 04:35:00,2913.4,2914.1,2912.3,2913.6,265
2025-02-12 04:40:00,2913.6,2914.8,2913.2,2914.0,191
2025-02-12 04:45:00,2914.1,2914.1,2911.7,2912.2,221
2025-02-12 04:50:00,2912.2,2912.9,2911.5,2912.2,258
2025-02-12 04:55:00,2912.0,2912.7,2910.5,2910.9,262
2025-02-12 05:00:00,2911.0,2912.5,2910.5,2911.3,261
2025-02-12 05:05:00,2911.4,2912.0,2910.6,2910.7,182
2025-02-12 05:10:00,2910.8,2911.6,2910.8,2911.6,127
2025-02-12 05:15:00,2911.5,2912.5,2911.1,2912.1,157
2025-02-12 05:20:00,2912.1,2914.5,2911.9,2913.4,331
2025-02-12 05:25:00,2913.2,2915.3,2913.1,2915.2,233
2025-02-12 05:30:00,2915.3,2916.0,2906.2,2909.4,2178
2025-02-12 05:35:00,2909.3,2911.2,2909.2,2910.1,486
2025-02-12 05:40:00,2909.8,2910.3,2904.7,2906.9,1595
2025-02-12 05:45:00,2907.0,2909.1,2906.9,2908.2,819
2025-02-12 05:50:00,2908.4,2910.1,2907.8,2909.3,301
2025-02-12 05:55:00,2909.2,2909.8,2907.0,2907.5,308
2025-02-12 06:00:00,2907.5,2908.8,2906.2,2906.9,592
2025-02-12 06:05:00,2907.0,2907.6,2905.4,2905.4,369
2025-02-12 06:10:00,2905.3,2906.0,2903.2,2905.1,1243
2025-02-12 06:15:00,2905.3,2906.1,2904.2,2905.9,525
2025-02-12 06:20:00,2906.0,2906.9,2904.3,2906.7,513
2025-02-12 06:25:00,2906.6,2907.3,2905.9,2906.5,255
2025-02-12 06:30:00,2906.5,2909.2,2906.5,2909.0,456
2025-02-12 06:35:00,2909.0,2911.9,2909.0,2909.5,682
2025-02-12 06:40:00,2909.5,2910.4,2908.4,2908.8,294
2025-02-12 06:45:00,2908.8,2908.9,2907.3,2908.3,367
2025-02-12 06:50:00,2908.2,2908.7,2907.4,2907.6,149
2025-02-12 06:55:00,2907.6,2908.3,2905.4,2906.0,472
2025-02-12 07:00:00,2905.8,2908.0,2904.7,2906.6,548
2025-02-12 07:05:00,2907.0,2907.5,2906.4,2906.7,188
2025-02-12 07:10:00,2906.9,2907.3,2905.9,2906.7,191
2025-02-12 07:15:00,2906.8,2907.3,2905.6,2906.7,257
2025-02-12 07:20:00,2906.6,2909.0,2906.4,2908.5,393
2025-02-12 07:25:00,2908.6,2908.6,2906.8,2908.2,259
2025-02-12 07:30:00,2908.5,2908.5,2905.8,2907.5,318
2025-02-12 07:35:00,2907.2,2908.4,2905.3,2908.1,342
2025-02-12 07:40:00,2908.0,2908.8,2906.9,2907.7,253
2025-02-12 07:45:00,2907.4,2910.0,2907.4,2910.0,365
2025-02-12 07:50:00,2909.7,2912.5,2909.4,2912.0,879
2025-02-12 07:55:00,2911.9,2912.5,2910.3,2911.7,683
2025-02-12 08:00:00,2911.7,2912.0,2908.8,2909.9,491
2025-02-12 08:05:00,2909.9,2910.4,2907.9,2908.4,444
2025-02-12 08:10:00,2908.3,2908.3,2901.5,2902.8,1668
2025-02-12 08:15:00,2902.9,2904.0,2896.9,2897.5,2565
2025-02-12 08:20:00,2897.4,2900.6,2896.6,2900.4,1674
2025-02-12 08:25:00,2900.3,2901.8,2898.3,2900.8,926
2025-02-12 08:30:00,2900.5,2900.5,2886.4,2891.2,4341
2025-02-12 08:35:00,2891.2,2896.1,2889.4,2894.5,2687
2025-02-12 08:40:00,2895.0,2897.4,2889.3,2894.6,2737
2025-02-12 08:45:00,2894.6,2901.8,2894.0,2899.3,2173
2025-02-12 08:50:00,2899.4,2903.8,2896.7,2900.8,1972
2025-02-12 08:55:00,2900.6,2910.6,2899.8,2909.8,3088
2025-02-12 09:00:00,2909.6,2911.2,2906.4,2908.6,2752
2025-02-12 09:05:00,2908.3,2912.4,2906.0,2911.5,2191
2025-02-12 09:10:00,2911.5,2919.9,2910.0,2919.3,3877
2025-02-12 09:15:00,2919.1,2921.7,2917.5,2920.2,2598
2025-02-12 09:20:00,2920.1,2920.3,2916.7,2916.9,1742
2025-02-12 09:25:00,2916.8,2923.5,2916.6,2922.8,2093
2025-02-12 09:30:00,2923.0,2925.2,2920.8,2925.2,1791
2025-02-12 09:35:00,2925.0,2925.2,2921.4,2922.5,1463
2025-02-12 09:40:00,2922.4,2922.6,2918.8,2919.6,1630
2025-02-12 09:45:00,2919.7,2922.4,2918.6,2918.6,1063
2025-02-12 09:50:00,2918.8,2920.2,2916.3,2918.0,1706
2025-02-12 09:55:00,2918.1,2922.6,2916.4,2921.1,1110
2025-02-12 10:00:00,2921.4,2922.1,2915.0,2915.2,1344
2025-02-12 10:05:00,2915.1,2918.4,2913.5,2915.6,1399
2025-02-12 10:10:00,2915.5,2916.2,2912.9,2915.8,1175
2025-02-12 10:15:00,2915.7,2917.2,2914.9,2916.0,690
2025-02-12 10:20:00,2916.2,2921.3,2916.0,2920.8,1207
2025-02-12 10:25:00,2920.7,2921.6,2918.7,2919.1,871
2025-02-12 10:30:00,2918.9,2923.0,2918.5,2922.6,1049
2025-02-12 10:35:00,2922.3,2923.9,2921.4,2923.4,754
2025-02-12 10:40:00,2923.2,2923.8,2920.8,2922.8,720
2025-02-12 10:45:00,2923.2,2923.4,2921.5,2922.3,385
2025-02-12 10:50:00,2922.6,2922.7,2920.3,2922.3,503
2025-02-12 10:55:00,2922.1,2923.7,2921.6,2922.3,428
2025-02-12 11:00:00,2922.1,2924.8,2921.0,2921.3,805
2025-02-12 11:05:00,2921.5,2922.2,2920.4,2920.9,410
2025-02-12 11:10:00,2921.0,2922.6,2918.3,2920.2,784
2025-02-12 11:15:00,2920.3,2921.1,2917.9,2918.9,603
2025-02-12 11:20:00,2918.6,2920.6,2918.1,2919.4,429
2025-02-12 11:25:00,2919.4,2920.5,2919.3,2919.8,257
2025-02-12 11:30:00,2919.9,2921.8,2919.1,2919.5,389
2025-02-12 11:35:00,2919.4,2923.3,2919.4,2922.7,530
2025-02-12 11:40:00,2922.5,2923.9,2921.1,2923.9,400
2025-02-12 11:45:00,2923.6,2925.9,2923.0,2925.3,701
2025-02-12 11:50:00,2925.3,2928.3,2924.8,2927.8,1139
2025-02-12 11:55:00,2927.7,2931.5,2927.5,2929.6,1463
2025-02-12 12:00:00,2929.6,2932.6,2929.6,2930.6,1168
2025-02-12 12:05:00,2930.6,2932.9,2930.3,2932.5,639
2025-02-12 12:10:00,2932.7,2936.4,2932.5,2936.2,1414
2025-02-12 12:15:00,2936.2,2936.3,2930.5,2931.8,1254
2025-02-12 12:20:00,2932.0,2933.7,2931.4,2931.7,514
2025-02-12 12:25:00,2931.7,2933.1,2931.0,2932.1,346
2025-02-12 12:30:00,2931.9,2933.5,2931.1,2932.6,312
2025-02-12 12:35:00,2932.7,2932.7,2930.7,2930.7,224
2025-02-12 12:40:00,2930.6,2931.2,2929.1,2930.4,582
2025-02-12 12:45:00,2930.4,2932.0,2929.4,2931.3,349
2025-02-12 12:50:00,2931.5,2931.5,2930.5,2930.9,245
2025-02-12 12:55:00,2931.0,2931.4,2929.7,2930.7,250
2025-02-12 13:00:00,2930.9,2931.3,2928.2,2928.2,415
2025-02-12 13:05:00,2928.5,2929.1,2927.8,2928.9,365
2025-02-12 13:10:00,2929.0,2931.4,2928.9,2930.2,315
2025-02-12 13:15:00,2930.5,2930.5,2928.6,2929.7,253
2025-02-12 13:20:00,2929.8,2930.4,2928.4,2930.0,251
2025-02-12 13:25:00,2929.4,2929.4,2927.7,2928.7,424
2025-02-12 13:30:00,2928.8,2929.7,2927.4,2929.1,394
2025-02-12 13:35:00,2929.2,2930.3,2929.0,2929.6,165
2025-02-12 13:40:00,2929.8,2930.2,2927.9,2928.3,149
2025-02-12 13:45:00,2928.3,2929.0,2927.4,2928.4,206
2025-02-12 13:50:00,2928.2,2928.9,2927.4,2927.7,169
2025-02-12 13:55:00,2927.9,2928.0,2926.6,2927.4,329
2025-02-12 14:00:00,2927.6,2928.0,2925.8,2925.9,368
2025-02-12 14:05:00,2925.8,2926.1,2923.1,2923.1,616
2025-02-12 14:10:00,2923.2,2923.7,2922.0,2923.1,388
2025-02-12 14:15:00,2923.1,2923.7,2920.5,2921.6,573
2025-02-12 14:20:00,2921.6,2921.7,2918.7,2919.7,668
2025-02-12 14:25:00,2919.5,2920.8,2918.7,2920.1,490
2025-02-12 14:30:00,2920.1,2921.5,2920.0,2920.8,391
2025-02-12 14:35:00,2920.8,2921.6,2920.1,2920.5,205
2025-02-12 14:40:00,2920.5,2920.8,2918.3,2919.4,339
2025-02-12 14:45:00,2919.5,2920.8,2919.3,2920.5,217
2025-02-12 14:50:00,2920.5,2922.1,2920.5,2921.8,298
2025-02-12 14:55:00,2921.6,2923.3,2921.5,2922.3,319
2025-02-12 15:00:00,2922.2,2922.2,2919.3,2920.1,348
2025-02-12 15:05:00,2920.1,2920.9,2919.8,2920.4,120
2025-02-12 15:10:00,2920.3,2921.8,2920.3,2921.7,87
2025-02-12 15:15:00,2921.5,2922.1,2921.1,2922.0,87
2025-02-12 15:20:00,2922.2,2924.4,2922.2,2924.3,308
2025-02-12 15:25:00,2924.2,2924.5,2923.5,2924.3,148
2025-02-12 15:30:00,2924.3,2925.2,2923.9,2925.1,215
2025-02-12 15:35:00,2925.1,2925.4,2924.3,2924.6,213
2025-02-12 15:40:00,2924.9,2926.0,2924.7,2925.8,179
2025-02-12 15:45:00,2925.8,2926.2,2925.0,2925.4,187
2025-02-12 15:50:00,2925.5,2925.7,2924.0,2924.4,283
2025-02-12 15:55:00,2924.6,2925.2,2924.2,2924.6,123
2025-02-12 16:00:00,2924.5,2925.1,2924.1,2924.6,143
2025-02-12 16:05:00,2924.8,2925.2,2924.4,2924.7,60
2025-02-12 16:10:00,2924.6,2925.8,2924.5,2924.8,108
2025-02-12 16:15:00,2925.3,2926.8,2925.2,2926.3,106
2025-02-12 16:20:00,2926.2,2926.9,2926.2,2926.5,97
2025-02-12 16:25:00,2926.4,2928.4,2926.3,2927.5,350
2025-02-12 16:30:00,2927.4,2927.6,2926.6,2927.5,121
2025-02-12 16:35:00,2927.3,2927.6,2926.6,2927.3,87
2025-02-12 16:40:00,2927.2,2927.8,2927.0,2927.8,126
2025-02-12 16:45:00,2927.9,2928.9,2927.6,2928.4,141
2025-02-12 16:50:00,2928.4,2929.2,2928.3,2928.6,110
2025-02-12 16:55:00,2928.8,2929.2,2928.2,2929.1,135
2025-02-12 18:00:00,2929.1,2930.5,2928.1,2929.7,420
2025-02-12 18:05:00,2929.7,2930.1,2929.6,2929.8,156
2025-02-12 18:10:00,2929.7,2929.8,2929.2,2929.2,110
2025-02-12 18:15:00,2929.3,2929.5,2928.7,2928.7,112
2025-02-12 18:20:00,2928.8,2929.0,2928.6,2928.7,106
2025-02-12 18:25:00,2928.8,2928.9,2927.2,2927.6,189
2025-02-12 18:30:00,2927.6,2927.7,2925.8,2926.2,221
2025-02-12 18:35:00,2926.1,2927.4,2926.0,2926.5,160
2025-02-12 18:40:00,2926.3,2926.7,2926.1,2926.3,105
2025-02-12 18:45:00,2926.5,2929.0,2926.3,2928.7,347
2025-02-12 18:50:00,2928.6,2930.1,2928.5,2929.9,330
2025-02-12 18:55:00,2929.9,2930.1,2929.4,2929.6,213
2025-03-12 00:00:00,2920.7,2920.9,2919.9,2920.5,312
2025-03-12 00:05:00,2920.6,2920.7,2919.7,2920.4,136
2025-03-12 00:10:00,2920.6,2920.6,2919.8,2919.8,88
2025-03-12 00:15:00,2919.7,2920.4,2918.6,2918.8,227
2025-03-12 00:20:00,2918.6,2921.3,2918.5,2920.8,256
2025-03-12 00:25:00,2920.7,2921.4,2920.5,2921.1,276
2025-03-12 00:30:00,2920.9,2920.9,2919.8,2920.3,287
2025-03-12 00:35:00,2920.2,2920.8,2920.1,2920.7,154
2025-03-12 00:40:00,2920.7,2921.1,2920.6,2920.6,71
2025-03-12 00:45:00,2920.6,2921.5,2920.3,2921.2,121
2025-03-12 00:50:00,2921.1,2921.4,2920.5,2921.2,172
2025-03-12 00:55:00,2920.9,2921.2,2920.0,2920.2,64
2025-03-12 01:00:00,2920.3,2920.6,2919.0,2919.1,209
2025-03-12 01:05:00,2919.2,2919.8,2918.5,2918.7,181
2025-03-12 01:10:00,2918.8,2919.7,2918.5,2919.7,100
2025-03-12 01:15:00,2919.6,2919.9,2918.7,2919.5,68
2025-03-12 01:20:00,2919.3,2919.4,2918.3,2918.5,90
2025-03-12 01:25:00,2918.6,2919.0,2917.9,2918.3,212
2025-03-12 01:30:00,2918.8,2920.0,2917.8,2919.9,313
2025-03-12 01:35:00,2919.9,2920.7,2919.1,2920.1,181
2025-03-12 01:40:00,2920.0,2920.9,2919.6,2920.7,140
2025-03-12 01:45:00,2920.7,2921.5,2920.4,2921.5,164
2025-03-12 01:50:00,2921.4,2922.4,2921.0,2921.5,253
2025-03-12 01:55:00,2921.3,2922.0,2921.2,2921.5,98
2025-03-12 02:00:00,2921.5,2923.2,2921.2,2922.9,325
2025-03-12 02:05:00,2922.8,2925.2,2922.6,2925.1,360
2025-03-12 02:10:00,2925.2,2926.3,2924.1,2925.0,402
2025-03-12 02:15:00,2925.1,2925.6,2923.3,2924.9,317
2025-03-12 02:20:00,2925.1,2925.1,2922.7,2922.9,280
2025-03-12 02:25:00,2922.9,2923.7,2921.7,2921.9,284
2025-03-12 02:30:00,2921.7,2922.7,2920.7,2921.2,268
2025-03-12 02:35:00,2921.0,2921.4,2919.1,2919.1,330
2025-03-12 02:40:00,2919.4,2920.3,2918.8,2919.0,331
2025-03-12 02:45:00,2919.2,2919.5,2917.4,2917.9,405
2025-03-12 02:50:00,2917.7,2920.3,2917.5,2919.1,402
2025-03-12 02:55:00,2919.2,2919.5,2916.3,2917.3,500
2025-03-12 03:00:00,2917.2,2917.6,2916.0,2916.8,566
2025-03-12 03:05:00,2916.7,2917.8,2916.1,2917.2,234
2025-03-12 03:10:00,2917.1,2918.1,2917.1,2917.4,158
2025-03-12 03:15:00,2917.5,2917.7,2916.5,2916.6,200
2025-03-12 03:20:00,2916.7,2917.6,2914.4,2917.5,609
2025-03-12 03:25:00,2917.6,2918.2,2917.0,2917.0,309
2025-03-12 03:30:00,2917.0,2919.3,2917.0,2918.9,288
2025-03-12 03:35:00,2918.8,2919.7,2916.4,2917.6,299
2025-03-12 03:40:00,2917.5,2919.0,2917.5,2918.2,154
2025-03-12 03:45:00,2918.0,2918.6,2917.6,2918.1,167
2025-03-12 03:50:00,2918.2,2920.1,2918.1,2918.8,217
2025-03-12 03:55:00,2918.9,2921.2,2918.6,2919.9,719
2025-03-12 04:00:00,2919.7,2921.1,2919.2,2920.3,333
2025-03-12 04:05:00,2920.6,2922.5,2919.9,2922.5,356
2025-03-12 04:10:00,2922.3,2922.8,2921.1,2921.8,368
2025-03-12 04:15:00,2921.8,2923.0,2921.8,2922.7,292
2025-03-12 04:20:00,2922.7,2923.2,2922.1,2923.0,144
2025-03-12 04:25:00,2923.0,2923.7,2922.3,2922.5,318
2025-03-12 04:30:00,2922.4,2925.0,2921.9,2924.3,495
2025-03-12 04:35:00,2924.4,2924.8,2923.2,2924.0,230
2025-03-12 04:40:00,2924.5,2925.2,2924.0,2924.3,288
2025-03-12 04:45:00,2924.2,2925.6,2923.1,2925.6,394
2025-03-12 04:50:00,2925.6,2926.4,2925.1,2925.8,523
2025-03-12 04:55:00,2925.9,2927.7,2925.8,2927.5,383
2025-03-12 05:00:00,2927.6,2931.5,2926.6,2926.7,1793
2025-03-12 05:05:00,2926.7,2928.2,2925.0,2927.6,980
2025-03-12 05:10:00,2927.4,2927.4,2924.3,2925.5,645
2025-03-12 05:15:00,2925.6,2926.1,2924.5,2925.7,286
2025-03-12 05:20:00,2925.8,2926.5,2925.3,2925.5,226
2025-03-12 05:25:00,2925.5,2925.9,2924.6,2925.9,267
2025-03-12 05:30:00,2925.8,2926.1,2925.1,2925.9,158
2025-03-12 05:35:00,2925.9,2926.3,2923.3,2923.7,386
2025-03-12 05:40:00,2923.7,2924.1,2921.2,2921.5,501
2025-03-12 05:45:00,2921.3,2922.2,2920.0,2921.0,491
2025-03-12 05:50:00,2920.8,2921.2,2919.5,2920.0,397
2025-03-12 05:55:00,2920.2,2922.4,2920.2,2921.1,555
2025-03-12 06:00:00,2920.8,2922.3,2920.4,2921.8,254
2025-03-12 06:05:00,2921.9,2923.0,2921.3,2922.6,396
2025-03-12 06:10:00,2922.5,2923.0,2921.5,2921.5,192
2025-03-12 06:15:00,2921.4,2921.8,2919.0,2919.9,420
2025-03-12 06:20:00,2920.2,2921.0,2920.0,2920.2,147
2025-03-12 06:25:00,2920.1,2920.6,2918.8,2918.9,274
2025-03-12 06:30:00,2918.9,2920.5,2918.2,2920.1,366
2025-03-12 06:35:00,2920.0,2920.1,2918.4,2919.2,173
2025-03-12 06:40:00,2919.1,2920.4,2918.8,2919.9,127
2025-03-12 06:45:00,2920.1,2921.0,2919.5,2919.6,195
2025-03-12 06:50:00,2919.5,2921.2,2919.5,2920.9,211
2025-03-12 06:55:00,2920.4,2921.1,2919.9,2920.0,135
2025-03-12 07:00:00,2920.1,2920.6,2919.6,2920.4,163
2025-03-12 07:05:00,2920.3,2922.0,2920.3,2921.0,243
2025-03-12 07:10:00,2921.1,2921.6,2920.3,2920.9,134
2025-03-12 07:15:00,2921.0,2921.9,2920.9,2921.2,130
2025-03-12 07:20:00,2921.0,2921.7,2919.8,2919.8,176
2025-03-12 07:25:00,2919.8,2919.8,2918.7,2919.1,208
2025-03-12 07:30:00,2919.1,2920.9,2918.2,2920.6,341
2025-03-12 07:35:00,2920.7,2921.9,2920.3,2920.4,322
2025-03-12 07:40:00,2920.5,2921.4,2919.8,2920.7,240
2025-03-12 07:45:00,2920.5,2922.0,2920.0,2921.6,240
2025-03-12 07:50:00,2921.5,2922.2,2921.0,2921.9,299
2025-03-12 07:55:00,2921.8,2921.8,2920.6,2920.9,191
2025-03-12 08:00:00,2920.9,2921.1,2919.3,2919.5,324
2025-03-12 08:05:00,2919.3,2919.5,2917.3,2918.1,540
2025-03-12 08:10:00,2918.1,2919.5,2917.1,2919.1,333
2025-03-12 08:15:00,2919.1,2919.4,2918.4,2918.5,219
2025-03-12 08:20:00,2918.2,2920.3,2917.9,2919.9,302
2025-03-12 08:25:00,2919.8,2921.1,2918.5,2919.7,292
2025-03-12 08:30:00,2920.8,2929.2,2920.8,2926.4,2438
2025-03-12 08:35:00,2926.4,2927.0,2921.7,2925.0,1594
2025-03-12 08:40:00,2925.1,2927.4,2923.5,2924.5,1484
2025-03-12 08:45:00,2924.3,2925.2,2922.4,2923.8,921
2025-03-12 08:50:00,2923.7,2924.5,2922.9,2923.9,487
2025-03-12 08:55:00,2923.6,2925.5,2922.3,2923.4,792
2025-03-12 09:00:00,2923.0,2925.3,2921.0,2923.4,1321
2025-03-12 09:05:00,2923.3,2924.7,2921.9,2922.7,803
2025-03-12 09:10:00,2922.7,2923.5,2921.1,2923.0,734
2025-03-12 09:15:00,2922.8,2922.8,2915.5,2916.2,2064
2025-03-12 09:20:00,2916.2,2917.2,2912.4,2913.4,2016
2025-03-12 09:25:00,2913.2,2917.0,2911.2,2916.8,2091
2025-03-12 09:30:00,2916.7,2919.0,2916.2,2917.1,1473
2025-03-12 09:35:00,2917.3,2918.7,2915.2,2916.7,1046
2025-03-12 09:40:00,2916.7,2918.5,2915.6,2917.8,802
2025-03-12 09:45:00,2917.7,2921.5,2917.2,2920.7,1411
2025-03-12 09:50:00,2920.9,2922.7,2920.6,2922.6,1444
2025-03-12 09:55:00,2922.7,2923.5,2919.8,2920.8,1004
2025-03-12 10:00:00,2920.8,2922.9,2919.7,2922.7,923
2025-03-12 10:05:00,2922.8,2924.4,2920.9,2921.8,1183
2025-03-12 10:10:00,2921.7,2923.8,2920.5,2922.1,625
2025-03-12 10:15:00,2922.4,2923.6,2921.8,2922.7,400
2025-03-12 10:20:00,2922.5,2924.4,2921.8,2922.3,776
2025-03-12 10:25:00,2922.4,2923.1,2921.8,2922.3,309
2025-03-12 10:30:00,2922.5,2925.0,2922.5,2924.3,728
2025-03-12 10:35:00,2924.2,2926.3,2923.4,2923.6,1012
2025-03-12 10:40:00,2923.7,2925.8,2922.9,2925.7,599
2025-03-12 10:45:00,2925.7,2926.8,2924.5,2924.9,768
2025-03-12 10:50:00,2925.1,2928.0,2924.7,2927.7,847
2025-03-12 10:55:00,2927.7,2929.8,2926.3,2929.2,1069
2025-03-12 11:00:00,2929.1,2932.4,2928.6,2931.5,2098
2025-03-12 11:05:00,2931.4,2932.3,2930.2,2931.8,1009
2025-03-12 11:10:00,2931.8,2935.5,2931.8,2935.4,1622
2025-03-12 11:15:00,2935.4,2935.6,2931.1,2932.4,1516
2025-03-12 11:20:00,2932.4,2932.6,2930.0,2931.8,693
2025-03-12 11:25:00,2931.9,2932.6,2930.4,2930.7,578
2025-03-12 11:30:00,2930.8,2933.4,2930.1,2932.8,561
2025-03-12 11:35:00,2932.9,2934.1,2932.5,2933.6,606
2025-03-12 11:40:00,2933.7,2934.4,2933.0,2933.8,620
2025-03-12 11:45:00,2933.9,2934.8,2933.0,2934.7,549
2025-03-12 11:50:00,2934.7,2936.1,2934.3,2935.9,803
2025-03-12 11:55:00,2935.8,2937.1,2934.7,2935.6,740
2025-03-12 12:00:00,2935.7,2937.0,2934.9,2935.2,674
2025-03-12 12:05:00,2934.9,2944.5,2934.7,2943.3,2695
2025-03-12 12:10:00,2943.1,2944.5,2941.1,2942.2,1868
2025-03-12 12:15:00,2942.2,2942.5,2940.0,2941.8,1018
2025-03-12 12:20:00,2941.7,2944.3,2941.6,2944.2,1001
2025-03-12 12:25:00,2944.1,2946.3,2943.5,2946.0,1282
2025-03-12 12:30:00,2946.2,2947.7,2942.4,2944.7,1726
2025-03-12 12:35:00,2944.7,2945.5,2942.5,2943.7,693
2025-03-12 12:40:00,2943.4,2943.8,2942.2,2943.0,689
2025-03-12 12:45:00,2943.1,2943.3,2941.7,2942.1,569
2025-03-12 12:50:00,2942.5,2942.8,2941.5,2942.6,337
2025-03-12 12:55:00,2942.9,2944.4,2942.9,2943.8,429
2025-03-12 13:00:00,2943.8,2945.1,2943.5,2944.4,399
2025-03-12 13:05:00,2944.4,2946.7,2944.3,2945.0,728
2025-03-12 13:10:00,2945.0,2947.0,2944.8,2945.6,442
2025-03-12 13:15:00,2945.7,2946.9,2944.4,2944.5,588
2025-03-12 13:20:00,2944.6,2946.6,2944.4,2945.6,365
2025-03-12 13:25:00,2945.5,2947.8,2945.2,2946.0,742
2025-03-12 13:30:00,2945.9,2948.1,2945.5,2947.6,441
2025-03-12 13:35:00,2947.6,2948.1,2946.9,2947.6,235
2025-03-12 13:40:00,2947.5,2947.9,2946.7,2947.6,311
2025-03-12 13:45:00,2947.5,2948.9,2947.3,2947.7,530
2025-03-12 13:50:00,2947.7,2947.9,2945.4,2945.8,343
2025-03-12 13:55:00,2945.8,2946.0,2943.6,2944.0,571
2025-03-12 14:00:00,2943.8,2944.9,2943.3,2944.4,457
2025-03-12 14:05:00,2944.4,2944.6,2942.5,2944.1,418
2025-03-12 14:10:00,2944.0,2944.3,2942.5,2942.7,448
2025-03-12 14:15:00,2942.6,2942.9,2941.6,2942.1,332
2025-03-12 14:20:00,2942.2,2943.1,2941.3,2943.0,344
2025-03-12 14:25:00,2943.0,2943.4,2942.6,2943.2,222
2025-03-12 14:30:00,2943.4,2944.5,2943.2,2943.7,291
2025-03-12 14:35:00,2943.8,2944.8,2942.1,2942.1,280
2025-03-12 14:40:00,2942.2,2942.9,2942.0,2942.8,169
2025-03-12 14:45:00,2942.8,2943.5,2942.4,2942.9,217
2025-03-12 14:50:00,2943.0,2943.8,2942.6,2943.8,157
2025-03-12 14:55:00,2943.6,2943.8,2943.0,2943.1,137
2025-03-12 15:00:00,2943.2,2943.8,2942.6,2942.8,123
2025-03-12 15:05:00,2942.7,2943.4,2942.2,2942.9,179
2025-03-12 15:10:00,2943.1,2943.6,2942.4,2942.7,110
2025-03-12 15:15:00,2942.5,2943.4,2941.3,2943.0,267
2025-03-12 15:20:00,2943.0,2943.6,2941.7,2941.9,268
2025-03-12 15:25:00,2941.8,2943.3,2940.6,2943.0,391
2025-03-12 15:30:00,2943.0,2943.2,2941.6,2942.2,230
2025-03-12 15:35:00,2942.2,2942.3,2941.1,2941.4,177
2025-03-12 15:40:00,2941.5,2942.1,2941.3,2941.5,122
2025-03-12 15:45:00,2941.6,2942.2,2941.3,2941.5,163
2025-03-12 15:50:00,2941.3,2942.0,2940.5,2941.1,366
2025-03-12 15:55:00,2941.2,2941.3,2939.5,2940.1,590
2025-03-12 16:00:00,2940.0,2941.0,2939.9,2940.9,205
2025-03-12 16:05:00,2940.9,2941.9,2940.8,2941.8,67
2025-03-12 16:10:00,2941.5,2941.8,2940.5,2940.6,52
2025-03-12 16:15:00,2940.7,2941.0,2940.4,2940.9,97
2025-03-12 16:20:00,2940.8,2940.9,2939.4,2940.9,193
2025-03-12 16:25:00,2941.0,2941.4,2939.9,2940.8,251
2025-03-12 16:30:00,2940.9,2942.1,2940.8,2941.7,113
2025-03-12 16:35:00,2941.6,2943.1,2941.3,2942.9,215
2025-03-12 16:40:00,2942.7,2943.1,2942.5,2942.6,163
2025-03-12 16:45:00,2942.5,2943.2,2942.1,2942.2,201
2025-03-12 16:50:00,2942.2,2942.4,2941.3,2942.4,167
2025-03-12 16:55:00,2942.7,2943.6,2942.3,2943.5,166
2025-03-12 18:00:00,2943.4,2944.2,2941.8,2944.2,240
2025-03-12 18:05:00,2944.0,2944.3,2943.8,2944.1,135
2025-03-12 18:10:00,2944.2,2944.7,2943.7,2944.2,84
2025-03-12 18:15:00,2944.2,2944.4,2944.0,2944.3,45
2025-03-12 18:20:00,2943.8,2944.3,2943.2,2943.5,87
2025-03-12 18:25:00,2943.8,2944.2,2943.4,2943.7,93
2025-03-12 18:30:00,2943.6,2944.5,2943.6,2943.9,93
2025-03-12 18:35:00,2943.9,2944.1,2943.0,2943.2,88
2025-03-12 18:40:00,2943.3,2943.3,2942.4,2942.7,128
2025-03-12 18:45:00,2942.8,2944.2,2942.6,2943.8,228
2025-03-12 18:50:00,2943.7,2945.3,2943.2,2945.1,373
2025-03-12 18:55:00,2945.1,2945.8,2944.5,2945.0,167
2025-03-12 19:00:00,2944.9,2946.4,2944.8,2945.3,223
2025-03-12 19:05:00,2945.7,2946.2,2944.7,2944.7,144
2025-03-12 19:10:00,2944.8,2945.2,2944.3,2944.4,155
2025-03-12 19:15:00,2944.3,2944.5,2942.6,2943.6,269
2025-03-12 19:20:00,2943.2,2943.6,2942.6,2942.8,146
2025-03-12 19:25:00,2942.6,2943.4,2942.4,2942.9,143
2025-03-12 19:30:00,2942.8,2944.1,2942.5,2943.8,192
2025-03-12 19:35:00,2943.9,2945.5,2943.6,2945.5,191
2025-03-12 19:40:00,2945.4,2945.7,2945.0,2945.2,122
2025-03-12 19:45:00,2945.0,2945.0,2944.3,2944.7,88
2025-03-12 19:50:00,2944.8,2945.3,2944.4,2944.8,85
2025-03-12 19:55:00,2945.0,2945.4,2944.6,2945.4,61
2025-04-10 00:00:00,3141.5,3144.2,3140.5,3142.2,499
2025-04-10 00:05:00,3142.4,3143.8,3141.3,3142.5,256
2025-04-10 00:10:00,3142.6,3144.1,3140.8,3141.8,317
2025-04-10 00:15:00,3141.6,3142.2,3140.1,3140.3,226
2025-04-10 00:20:00,3140.5,3142.1,3140.0,3141.6,301
2025-04-10 00:25:00,3141.5,3144.4,3141.2,3142.1,478
2025-04-10 00:30:00,3142.0,3142.0,3137.7,3138.5,597
2025-04-10 00:35:00,3138.5,3139.5,3137.3,3137.3,259
2025-04-10 00:40:00,3137.5,3139.2,3136.5,3138.0,353
2025-04-10 00:45:00,3138.1,3143.3,3138.0,3141.7,617
2025-04-10 00:50:00,3141.6,3144.2,3140.7,3143.3,463
2025-04-10 00:55:00,3143.3,3143.6,3140.6,3142.0,196
2025-04-10 01:00:00,3141.7,3148.0,3141.3,3146.7,908
2025-04-10 01:05:00,3146.6,3149.1,3145.5,3146.5,710
2025-04-10 01:10:00,3146.3,3146.9,3144.5,3146.6,530
2025-04-10 01:15:00,3146.2,3147.5,3143.8,3144.8,564
2025-04-10 01:20:00,3144.7,3145.2,3142.6,3144.2,370
2025-04-10 01:25:00,3144.0,3144.5,3141.8,3142.4,405
2025-04-10 01:30:00,3142.3,3142.9,3139.5,3139.9,592
2025-04-10 01:35:00,3140.0,3140.5,3134.4,3136.0,1049
2025-04-10 01:40:00,3136.4,3136.5,3130.9,3132.8,1060
2025-04-10 01:45:00,3133.2,3134.7,3130.3,3132.1,658
2025-04-10 01:50:00,3132.2,3137.7,3132.2,3137.0,1245
2025-04-10 01:55:00,3137.2,3140.5,3137.0,3139.3,601
2025-04-10 02:00:00,3139.2,3141.7,3138.8,3140.7,611
2025-04-10 02:05:00,3140.5,3141.7,3138.0,3139.1,558
2025-04-10 02:10:00,3139.1,3142.7,3136.4,3142.0,921
2025-04-10 02:15:00,3141.5,3141.7,3137.3,3137.9,511
2025-04-10 02:20:00,3138.1,3139.7,3136.1,3138.1,410
2025-04-10 02:25:00,3137.8,3140.4,3137.1,3137.7,378
2025-04-10 02:30:00,3137.7,3138.2,3134.3,3135.8,532
2025-04-10 02:35:00,3135.4,3138.6,3135.4,3138.3,396
2025-04-10 02:40:00,3137.9,3138.5,3136.0,3136.7,267
2025-04-10 02:45:00,3136.6,3139.0,3136.3,3136.5,351
2025-04-10 02:50:00,3136.0,3137.9,3135.8,3136.1,320
2025-04-10 02:55:00,3136.2,3139.3,3135.7,3138.5,524
2025-04-10 03:00:00,3138.5,3139.1,3135.0,3135.9,511
2025-04-10 03:05:00,3135.8,3136.0,3132.0,3134.1,636
2025-04-10 03:10:00,3134.2,3134.8,3132.7,3133.8,400
2025-04-10 03:15:00,3133.8,3135.5,3132.6,3134.7,419
2025-04-10 03:20:00,3134.5,3139.1,3133.7,3138.4,791
2025-04-10 03:25:00,3138.5,3139.0,3132.5,3133.0,805
2025-04-10 03:30:00,3133.0,3133.3,3127.0,3127.3,1357
2025-04-10 03:35:00,3127.5,3128.5,3122.0,3124.0,1072
2025-04-10 03:40:00,3123.9,3129.9,3123.3,3127.3,987
2025-04-10 03:45:00,3127.3,3129.1,3126.1,3128.5,531
2025-04-10 03:50:00,3128.5,3131.4,3128.4,3130.7,538
2025-04-10 03:55:00,3130.8,3130.8,3124.2,3124.7,671
2025-04-10 04:00:00,3124.8,3131.6,3124.5,3131.1,857
2025-04-10 04:05:00,3130.6,3131.4,3125.0,3126.9,529
2025-04-10 04:10:00,3127.0,3128.0,3124.3,3126.2,347
2025-04-10 04:15:00,3126.2,3128.0,3125.3,3126.9,249
2025-04-10 04:20:00,3126.7,3130.7,3125.6,3129.8,420
2025-04-10 04:25:00,3129.9,3130.5,3127.5,3129.9,372
2025-04-10 04:30:00,3129.7,3129.7,3121.7,3123.5,852
2025-04-10 04:35:00,3124.0,3125.9,3120.6,3125.2,614
2025-04-10 04:40:00,3125.2,3128.7,3124.7,3128.2,436
2025-04-10 04:45:00,3128.4,3130.0,3127.0,3128.8,382
2025-04-10 04:50:00,3128.5,3128.8,3124.4,3124.4,341
2025-04-10 04:55:00,3124.1,3124.9,3121.8,3122.3,474
2025-04-10 05:00:00,3122.1,3124.9,3121.0,3121.9,752
2025-04-10 05:05:00,3122.1,3124.2,3120.7,3121.2,402
2025-04-10 05:10:00,3121.2,3124.2,3119.5,3123.6,472
2025-04-10 05:15:00,3123.5,3125.9,3123.0,3124.7,319
2025-04-10 05:20:00,3125.0,3126.1,3124.2,3126.1,175
2025-04-10 05:25:00,3126.2,3128.0,3125.7,3126.9,439
2025-04-10 05:30:00,3126.7,3127.5,3121.9,3123.0,487
2025-04-10 05:35:00,3123.2,3129.1,3123.0,3127.5,376
2025-04-10 05:40:00,3127.2,3128.1,3125.7,3126.9,312
2025-04-10 05:45:00,3127.2,3128.5,3126.0,3126.2,242
2025-04-10 05:50:00,3126.3,3130.0,3125.1,3129.8,337
2025-04-10 05:55:00,3129.8,3134.1,3129.5,3132.5,808
2025-04-10 06:00:00,3132.8,3135.0,3131.5,3134.4,453
2025-04-10 06:05:00,3134.4,3134.7,3131.2,3132.2,460
2025-04-10 06:10:00,3132.2,3135.8,3132.1,3135.2,500
2025-04-10 06:15:00,3135.4,3136.5,3132.7,3136.5,414
2025-04-10 06:20:00,3136.3,3138.1,3134.6,3136.9,524
2025-04-10 06:25:00,3136.8,3140.0,3136.2,3136.9,603
2025-04-10 06:30:00,3137.0,3137.0,3134.9,3136.4,288
2025-04-10 06:35:00,3135.8,3138.5,3133.5,3136.2,395
2025-04-10 06:40:00,3136.5,3136.7,3132.9,3133.6,378
2025-04-10 06:45:00,3133.6,3136.0,3132.9,3133.4,300
2025-04-10 06:50:00,3133.5,3135.6,3131.8,3135.6,330
2025-04-10 06:55:00,3135.5,3137.6,3135.2,3136.9,461
2025-04-10 07:00:00,3137.3,3138.0,3130.8,3131.7,922
2025-04-10 07:05:00,3132.0,3132.5,3128.5,3130.8,605
2025-04-10 07:10:00,3130.9,3131.8,3129.5,3131.3,256
2025-04-10 07:15:00,3131.4,3134.9,3130.0,3134.5,480
2025-04-10 07:20:00,3134.2,3134.8,3132.6,3133.6,182
2025-04-10 07:25:00,3133.6,3138.7,3133.6,3137.9,598
2025-04-10 07:30:00,3137.8,3140.7,3137.5,3137.6,761
2025-04-10 07:35:00,3137.8,3141.0,3136.9,3139.6,441
2025-04-10 07:40:00,3139.8,3141.4,3138.4,3139.3,451
2025-04-10 07:45:00,3139.2,3140.3,3137.1,3138.1,432
2025-04-10 07:50:00,3137.7,3138.5,3135.4,3138.2,296
2025-04-10 07:55:00,3138.4,3143.1,3136.7,3142.3,590
2025-04-10 08:00:00,3142.4,3143.1,3139.9,3143.0,506
2025-04-10 08:05:00,3143.0,3146.9,3140.8,3146.4,858
2025-04-10 08:10:00,3146.5,3146.6,3143.3,3143.7,605
2025-04-10 08:15:00,3143.8,3145.1,3141.8,3143.9,605
2025-04-10 08:20:00,3143.9,3145.3,3139.1,3142.3,1091
2025-04-10 08:25:00,3142.2,3145.3,3141.5,3143.7,714
2025-04-10 08:30:00,3143.0,3151.6,3141.3,3142.6,2339
2025-04-10 08:35:00,3142.0,3142.5,3134.1,3134.4,2016
2025-04-10 08:40:00,3134.3,3143.3,3133.7,3142.2,1533
2025-04-10 08:45:00,3142.2,3148.1,3140.8,3146.8,1667
2025-04-10 08:50:00,3146.9,3148.7,3141.7,3142.2,1283
2025-04-10 08:55:00,3142.1,3142.6,3137.4,3139.7,1046
2025-04-10 09:00:00,3140.0,3144.2,3138.2,3140.5,1173
2025-04-10 09:05:00,3141.1,3144.8,3141.0,3143.5,806
2025-04-10 09:10:00,3143.7,3145.4,3142.5,3143.5,704
2025-04-10 09:15:00,3143.5,3148.0,3143.5,3147.7,1250
2025-04-10 09:20:00,3147.4,3154.7,3146.7,3152.5,2444
2025-04-10 09:25:00,3152.7,3154.0,3147.8,3150.0,1325
2025-04-10 09:30:00,3150.3,3150.7,3137.2,3139.0,2373
2025-04-10 09:35:00,3139.1,3145.9,3138.2,3141.5,1865
2025-04-10 09:40:00,3141.4,3142.3,3137.7,3139.9,1379
2025-04-10 09:45:00,3139.6,3145.2,3139.3,3142.7,1239
2025-04-10 09:50:00,3142.0,3145.5,3140.8,3142.2,932
2025-04-10 09:55:00,3142.0,3142.6,3133.5,3134.5,1787
2025-04-10 10:00:00,3134.3,3153.8,3134.1,3152.9,4048
2025-04-10 10:05:00,3153.0,3160.8,3152.6,3160.1,3764
2025-04-10 10:10:00,3160.4,3163.5,3156.5,3161.3,2723
2025-04-10 10:15:00,3161.2,3164.4,3158.8,3161.5,1805
2025-04-10 10:20:00,3161.7,3166.8,3161.7,3166.6,1605
2025-04-10 10:25:00,3166.3,3167.5,3161.3,3162.4,1458
2025-04-10 10:30:00,3162.0,3167.3,3161.4,3163.8,1402
2025-04-10 10:35:00,3163.8,3170.6,3162.4,3169.3,2212
2025-04-10 10:40:00,3169.0,3170.9,3166.1,3168.4,1297
2025-04-10 10:45:00,3168.3,3168.7,3162.7,3167.2,1314
2025-04-10 10:50:00,3167.2,3170.5,3165.2,3169.1,1173
2025-04-10 10:55:00,3169.5,3173.5,3166.2,3173.0,1556
2025-04-10 11:00:00,3172.8,3177.0,3172.6,3176.5,2039
2025-04-10 11:05:00,3176.6,3176.8,3173.5,3175.1,978
2025-04-10 11:10:00,3175.2,3177.2,3174.1,3176.9,839
2025-04-10 11:15:00,3176.6,3184.6,3176.6,3182.1,2811
2025-04-10 11:20:00,3182.1,3183.8,3180.3,3183.3,876
2025-04-10 11:25:00,3183.0,3189.1,3183.0,3188.9,1814
2025-04-10 11:30:00,3188.9,3190.4,3180.4,3183.4,2314
2025-04-10 11:35:00,3183.8,3193.3,3183.6,3193.1,1932
2025-04-10 11:40:00,3193.0,3193.9,3185.3,3187.1,2178
2025-04-10 11:45:00,3186.9,3187.9,3182.7,3184.7,1500
2025-04-10 11:50:00,3184.5,3187.2,3182.0,3184.0,1275
2025-04-10 11:55:00,3184.0,3184.6,3171.2,3175.2,3448
2025-04-10 12:00:00,3175.1,3178.0,3171.5,3177.6,1696
2025-04-10 12:05:00,3177.8,3178.9,3173.0,3173.6,1155
2025-04-10 12:10:00,3173.6,3177.0,3170.6,3176.8,1444
2025-04-10 12:15:00,3176.7,3178.5,3173.3,3174.4,1129
2025-04-10 12:20:00,3174.2,3179.6,3174.2,3179.4,1143
2025-04-10 12:25:00,3179.5,3183.3,3177.5,3180.7,1839
2025-04-10 12:30:00,3180.5,3183.9,3177.9,3181.5,1034
2025-04-10 12:35:00,3181.1,3185.4,3179.5,3180.5,1091
2025-04-10 12:40:00,3180.6,3183.3,3179.5,3182.1,836
2025-04-10 12:45:00,3181.9,3183.8,3180.0,3182.9,532
2025-04-10 12:50:00,3182.6,3183.3,3178.8,3178.8,511
2025-04-10 12:55:00,3178.7,3179.9,3175.1,3175.4,996
2025-04-10 13:00:00,3175.6,3176.1,3172.8,3173.6,683
2025-04-10 13:05:00,3173.5,3174.0,3168.0,3170.4,1308
2025-04-10 13:10:00,3170.4,3175.4,3169.5,3174.8,846
2025-04-10 13:15:00,3174.8,3178.8,3174.0,3176.9,718
2025-04-10 13:20:00,3176.7,3180.7,3175.9,3177.7,778
2025-04-10 13:25:00,3177.6,3179.7,3176.0,3176.8,740
2025-04-10 13:30:00,3177.0,3180.2,3175.2,3179.3,799
2025-04-10 13:35:00,3179.3,3182.1,3178.7,3179.3,851
2025-04-10 13:40:00,3179.6,3183.1,3179.2,3181.4,464
2025-04-10 13:45:00,3181.2,3182.0,3178.2,3180.5,501
2025-04-10 13:50:00,3180.4,3182.3,3177.2,3178.0,572
2025-04-10 13:55:00,3177.8,3180.1,3176.2,3179.6,576
2025-04-10 14:00:00,3179.5,3181.1,3177.7,3179.8,445
2025-04-10 14:05:00,3179.7,3179.9,3176.7,3177.6,314
2025-04-10 14:10:00,3177.6,3178.9,3175.2,3175.6,609
2025-04-10 14:15:00,3175.6,3179.3,3175.5,3177.9,480
2025-04-10 14:20:00,3178.1,3183.3,3177.9,3181.8,493
2025-04-10 14:25:00,3181.9,3184.8,3181.3,3182.4,499
2025-04-10 14:30:00,3182.7,3188.2,3181.7,3187.1,1079
2025-04-10 14:35:00,3186.9,3189.8,3186.5,3189.5,596
2025-04-10 14:40:00,3189.6,3192.2,3189.0,3191.9,799
2025-04-10 14:45:00,3191.9,3193.4,3190.6,3192.4,608
2025-04-10 14:50:00,3192.5,3194.1,3189.0,3190.6,907
2025-04-10 14:55:00,3190.6,3192.5,3189.3,3190.9,496
2025-04-10 15:00:00,3191.0,3193.3,3190.1,3193.1,461
2025-04-10 15:05:00,3193.0,3193.1,3185.1,3187.0,841
2025-04-10 15:10:00,3187.4,3189.9,3187.3,3187.8,431
2025-04-10 15:15:00,3187.7,3189.3,3185.5,3188.9,667
2025-04-10 15:20:00,3189.1,3190.0,3188.4,3189.7,275
2025-04-10 15:25:00,3189.6,3191.1,3188.3,3188.7,360
2025-04-10 15:30:00,3188.6,3193.0,3187.1,3192.8,714
2025-04-10 15:35:00,3192.9,3193.1,3188.8,3188.9,546
2025-04-10 15:40:00,3188.8,3192.0,3188.4,3191.2,315
2025-04-10 15:45:00,3191.1,3193.2,3190.2,3191.6,428
2025-04-10 15:50:00,3191.7,3193.7,3190.4,3193.7,495
2025-04-10 15:55:00,3193.5,3193.5,3188.1,3188.9,511
2025-04-10 16:00:00,3188.7,3192.4,3188.2,3191.0,404
2025-04-10 16:05:00,3190.9,3194.7,3189.8,3194.3,410
2025-04-10 16:10:00,3194.2,3195.2,3191.3,3192.8,481
2025-04-10 16:15:00,3192.6,3192.9,3191.1,3192.2,165
2025-04-10 16:20:00,3192.0,3192.1,3190.6,3191.5,163
2025-04-10 16:25:00,3191.5,3191.5,3188.4,3188.4,230
2025-04-10 16:30:00,3188.6,3191.0,3188.2,3189.6,256
2025-04-10 16:35:00,3189.4,3190.6,3186.7,3186.7,268
2025-04-10 16:40:00,3186.8,3191.0,3186.6,3191.0,505
2025-04-10 16:45:00,3191.0,3191.6,3189.6,3191.3,184
2025-04-10 16:50:00,3191.4,3193.4,3191.0,3193.3,181
2025-04-10 16:55:00,3193.3,3195.0,3192.6,3193.8,642
2025-04-10 18:00:00,3194.1,3199.3,3192.2,3198.1,820
2025-04-10 18:05:00,3198.6,3198.7,3195.8,3198.7,278
2025-04-10 18:10:00,3198.3,3199.3,3197.2,3199.0,235
2025-04-10 18:15:00,3198.8,3199.3,3196.5,3197.0,202
2025-04-10 18:20:00,3196.9,3200.0,3196.8,3199.0,364
2025-04-10 18:25:00,3199.0,3199.5,3197.4,3198.2,213
2025-04-10 18:30:00,3198.1,3208.6,3196.7,3203.0,1490
2025-04-10 18:35:00,3202.6,3206.5,3202.0,3205.0,644
2025-04-10 18:40:00,3205.1,3208.3,3204.0,3207.7,641
2025-04-10 18:45:00,3207.7,3211.9,3207.3,3209.4,1436
2025-04-10 18:50:00,3209.8,3210.5,3204.4,3206.0,828
2025-04-10 18:55:00,3205.9,3208.7,3203.5,3208.4,763
2025-04-10 19:00:00,3208.5,3210.6,3207.8,3209.7,614
2025-04-10 19:05:00,3209.7,3209.9,3208.0,3208.6,253
2025-04-10 19:10:00,3208.5,3209.4,3203.1,3203.4,754
2025-04-10 19:15:00,3203.1,3204.1,3202.5,3204.0,399
2025-04-10 19:20:00,3203.9,3207.0,3203.3,3204.5,459
2025-04-10 19:25:00,3204.2,3209.0,3204.0,3208.9,355
2025-04-10 19:30:00,3209.0,3209.0,3205.9,3206.4,361
2025-04-10 19:35:00,3206.1,3210.2,3205.8,3208.3,462
2025-04-10 19:40:00,3208.6,3210.0,3207.7,3209.6,399
2025-04-10 19:45:00,3209.7,3209.8,3207.4,3208.9,247
2025-04-10 19:50:00,3208.7,3211.3,3208.6,3210.3,669
2025-04-10 19:55:00,3210.4,3211.4,3208.8,3209.2,551
2025-05-13 00:00:00,3240.5,3241.4,3239.3,3240.6,560
2025-05-13 00:05:00,3240.4,3240.6,3239.0,3239.2,520
2025-05-13 00:10:00,3239.1,3240.9,3239.0,3239.0,394
2025-05-13 00:15:00,3238.9,3240.7,3238.7,3240.2,383
2025-05-13 00:20:00,3240.3,3240.8,3239.8,3240.4,304
2025-05-13 00:25:00,3240.3,3242.7,3240.0,3242.7,553
2025-05-13 00:30:00,3242.8,3245.3,3242.5,3245.1,878
2025-05-13 00:35:00,3245.0,3250.0,3244.6,3249.7,1606
2025-05-13 00:40:00,3249.8,3252.4,3249.5,3251.3,1820
2025-05-13 00:45:00,3251.2,3252.7,3250.5,3252.5,1029
2025-05-13 00:50:00,3252.2,3258.3,3252.2,3256.2,2700
2025-05-13 00:55:00,3256.2,3257.4,3254.6,3257.1,1314
2025-05-13 01:00:00,3257.3,3257.8,3255.6,3256.7,942
2025-05-13 01:05:00,3256.4,3257.7,3255.6,3257.4,712
2025-05-13 01:10:00,3257.5,3265.2,3257.1,3264.6,3063
2025-05-13 01:15:00,3264.7,3264.7,3262.1,3263.2,1218
2025-05-13 01:20:00,3263.0,3263.8,3261.9,3262.8,925
2025-05-13 01:25:00,3262.7,3262.9,3259.9,3262.1,1622
2025-05-13 01:30:00,3262.1,3262.5,3258.1,3260.2,2293
2025-05-13 01:35:00,3260.4,3260.8,3258.3,3258.7,739
2025-05-13 01:40:00,3258.7,3259.9,3256.9,3257.3,944
2025-05-13 01:45:00,3257.5,3258.8,3255.9,3256.2,1132
2025-05-13 01:50:00,3256.0,3259.8,3256.0,3259.5,865
2025-05-13 01:55:00,3259.5,3261.7,3259.0,3260.8,1234
2025-05-13 02:00:00,3260.8,3262.7,3257.9,3260.4,1288
2025-05-13 02:05:00,3260.4,3260.9,3253.3,3253.5,1590
2025-05-13 02:10:00,3253.4,3257.0,3251.9,3255.7,1959
2025-05-13 02:15:00,3255.8,3259.4,3255.7,3258.4,893
2025-05-13 02:20:00,3258.6,3260.5,3253.5,3254.1,1337
2025-05-13 02:25:00,3253.9,3258.7,3253.5,3258.4,1007
2025-05-13 02:30:00,3258.5,3259.7,3256.2,3259.5,654
2025-05-13 02:35:00,3259.4,3260.0,3258.3,3259.9,465
2025-05-13 02:40:00,3260.0,3262.5,3259.1,3262.5,1039
2025-05-13 02:45:00,3262.4,3268.9,3262.0,3268.1,2337
2025-05-13 02:50:00,3268.3,3270.4,3265.8,3267.2,1725
2025-05-13 02:55:00,3267.2,3267.2,3264.6,3266.8,808
2025-05-13 03:00:00,3266.8,3269.6,3264.2,3264.5,1481
2025-05-13 03:05:00,3264.2,3266.8,3264.2,3266.0,783
2025-05-13 03:10:00,3265.8,3266.0,3263.5,3263.5,664
2025-05-13 03:15:00,3263.4,3265.2,3261.4,3263.6,912
2025-05-13 03:20:00,3263.6,3263.6,3260.0,3262.3,876
2025-05-13 03:25:00,3262.3,3263.6,3260.4,3260.6,513
2025-05-13 03:30:00,3260.7,3261.9,3259.2,3260.5,609
2025-05-13 03:35:00,3260.7,3261.6,3258.5,3258.6,545
2025-05-13 03:40:00,3258.6,3261.2,3258.4,3260.4,630
2025-05-13 03:45:00,3260.3,3263.4,3260.0,3262.8,649
2025-05-13 03:50:00,3262.7,3264.3,3261.8,3263.5,671
2025-05-13 03:55:00,3263.2,3263.6,3261.8,3263.1,405
2025-05-13 04:00:00,3263.3,3265.4,3262.0,3264.0,719
2025-05-13 04:05:00,3264.0,3264.9,3262.1,3262.9,497
2025-05-13 04:10:00,3262.8,3264.2,3261.3,3262.4,566
2025-05-13 04:15:00,3262.2,3263.6,3262.0,3262.4,351
2025-05-13 04:20:00,3262.3,3262.3,3259.3,3259.6,725
2025-05-13 04:25:00,3259.7,3260.6,3257.3,3258.0,771
2025-05-13 04:30:00,3257.9,3258.7,3255.8,3256.7,584
2025-05-13 04:35:00,3256.8,3258.4,3256.1,3258.4,389
2025-05-13 04:40:00,3258.2,3259.3,3257.1,3258.5,563
2025-05-13 04:45:00,3258.2,3259.9,3257.7,3257.9,288
2025-05-13 04:50:00,3258.0,3260.1,3257.8,3259.0,351
2025-05-13 04:55:00,3259.0,3260.6,3254.3,3259.5,1757
2025-05-13 05:00:00,3259.6,3260.0,3257.6,3258.6,506
2025-05-13 05:05:00,3258.4,3259.1,3257.2,3258.1,298
2025-05-13 05:10:00,3258.1,3258.8,3257.3,3257.9,187
2025-05-13 05:15:00,3258.0,3261.0,3257.6,3260.1,531
2025-05-13 05:20:00,3260.0,3260.0,3257.2,3257.5,409
2025-05-13 05:25:00,3257.6,3258.9,3256.4,3256.9,330
2025-05-13 05:30:00,3257.2,3259.4,3256.7,3257.9,548
2025-05-13 05:35:00,3257.8,3257.9,3256.1,3256.3,350
2025-05-13 05:40:00,3256.2,3257.0,3254.6,3255.8,681
2025-05-13 05:45:00,3255.8,3258.0,3255.4,3257.4,439
2025-05-13 05:50:00,3257.4,3260.3,3257.4,3259.5,518
2025-05-13 05:55:00,3259.4,3259.8,3257.6,3257.6,379
2025-05-13 06:00:00,3257.8,3259.3,3256.8,3258.8,339
2025-05-13 06:05:00,3258.8,3258.8,3255.3,3256.3,456
2025-05-13 06:10:00,3256.3,3256.8,3255.7,3256.1,275
2025-05-13 06:15:00,3256.0,3259.3,3255.8,3259.3,422
2025-05-13 06:20:00,3259.4,3260.7,3258.7,3259.0,509
2025-05-13 06:25:00,3259.2,3259.4,3258.0,3259.0,268
2025-05-13 06:30:00,3259.0,3259.9,3257.2,3257.4,375
2025-05-13 06:35:00,3257.4,3258.4,3256.8,3257.1,252
2025-05-13 06:40:00,3257.0,3258.6,3256.8,3258.2,211
2025-05-13 06:45:00,3258.3,3258.9,3257.2,3258.5,222
2025-05-13 06:50:00,3258.5,3259.1,3257.2,3258.1,240
2025-05-13 06:55:00,3258.3,3258.3,3256.0,3257.0,266
2025-05-13 07:00:00,3256.9,3258.5,3255.8,3256.7,523
2025-05-13 07:05:00,3256.8,3258.6,3256.7,3258.3,321
2025-05-13 07:10:00,3258.1,3258.1,3256.1,3256.8,324
2025-05-13 07:15:00,3256.9,3260.3,3254.5,3259.1,1102
2025-05-13 07:20:00,3259.4,3263.4,3257.8,3263.2,1013
2025-05-13 07:25:00,3263.2,3263.4,3259.3,3260.3,881
2025-05-13 07:30:00,3260.4,3263.1,3259.0,3262.7,525
2025-05-13 07:35:00,3262.8,3262.9,3260.3,3261.0,515
2025-05-13 07:40:00,3261.0,3261.5,3258.3,3259.5,552
2025-05-13 07:45:00,3259.4,3260.2,3256.2,3256.6,961
2025-05-13 07:50:00,3256.8,3259.0,3255.8,3256.6,623
2025-05-13 07:55:00,3256.6,3256.6,3252.5,3253.2,1367
2025-05-13 08:00:00,3253.1,3253.9,3247.5,3247.9,2499
2025-05-13 08:05:00,3247.8,3249.2,3245.6,3248.1,1651
2025-05-13 08:10:00,3248.2,3248.6,3244.6,3246.0,1222
2025-05-13 08:15:00,3246.0,3246.8,3243.2,3244.7,1405
2025-05-13 08:20:00,3244.6,3244.9,3242.2,3243.1,1119
2025-05-13 08:25:00,3243.2,3247.0,3241.6,3245.2,1272
2025-05-13 08:30:00,3245.2,3253.7,3242.3,3247.0,3313
2025-05-13 08:35:00,3246.9,3251.1,3244.8,3246.3,2738
2025-05-13 08:40:00,3246.3,3252.7,3244.1,3252.1,2178
2025-05-13 08:45:00,3252.0,3253.8,3248.8,3249.5,1825
2025-05-13 08:50:00,3249.6,3249.6,3246.5,3248.8,1148
2025-05-13 08:55:00,3248.7,3249.7,3244.6,3246.4,1057
2025-05-13 09:00:00,3246.0,3250.3,3245.2,3249.7,1690
2025-05-13 09:05:00,3249.9,3251.4,3246.6,3248.5,1299
2025-05-13 09:10:00,3248.6,3250.3,3246.7,3247.7,854
2025-05-13 09:15:00,3247.4,3247.4,3240.0,3245.3,3027
2025-05-13 09:20:00,3245.0,3247.1,3244.6,3245.9,1059
2025-05-13 09:25:00,3245.8,3250.9,3245.1,3248.9,1566
2025-05-13 09:30:00,3248.9,3250.3,3244.3,3245.5,2385
2025-05-13 09:35:00,3245.2,3247.0,3241.7,3241.8,1912
2025-05-13 09:40:00,3241.9,3242.9,3236.0,3242.6,4028
2025-05-13 09:45:00,3242.3,3243.5,3236.1,3238.8,2520
2025-05-13 09:50:00,3238.8,3239.4,3234.9,3235.5,2284
2025-05-13 09:55:00,3235.4,3236.9,3231.5,3231.9,2467
2025-05-13 10:00:00,3231.8,3235.5,3229.4,3235.4,3161
2025-05-13 10:05:00,3235.5,3239.2,3234.1,3238.7,2539
2025-05-13 10:10:00,3238.8,3239.7,3236.2,3237.0,1839
2025-05-13 10:15:00,3236.8,3243.8,3235.9,3243.6,2256
2025-05-13 10:20:00,3243.5,3246.1,3241.9,3242.6,2628
2025-05-13 10:25:00,3242.5,3245.5,3240.5,3245.4,1953
2025-05-13 10:30:00,3245.3,3249.7,3243.9,3249.6,2139
2025-05-13 10:35:00,3249.4,3249.9,3247.4,3248.5,1319
2025-05-13 10:40:00,3248.7,3252.7,3246.1,3252.3,2389
2025-05-13 10:45:00,3252.4,3253.4,3249.0,3253.2,1843
2025-05-13 10:50:00,3253.4,3253.4,3248.1,3249.0,1662
2025-05-13 10:55:00,3249.0,3249.5,3247.1,3247.5,1226
2025-05-13 11:00:00,3247.6,3250.5,3247.3,3249.9,1187
2025-05-13 11:05:00,3250.0,3252.8,3247.2,3247.5,1575
2025-05-13 11:10:00,3247.3,3250.5,3246.5,3250.2,1201
2025-05-13 11:15:00,3250.1,3250.4,3247.9,3249.0,686
2025-05-13 11:20:00,3249.0,3252.5,3248.3,3252.4,1162
2025-05-13 11:25:00,3252.2,3253.5,3251.1,3252.7,1303
2025-05-13 11:30:00,3252.9,3256.4,3250.4,3256.4,2020
2025-05-13 11:35:00,3256.5,3256.6,3253.2,3254.0,1740
2025-05-13 11:40:00,3254.0,3255.9,3252.4,3254.9,922
2025-05-13 11:45:00,3254.7,3257.2,3254.1,3257.2,1024
2025-05-13 11:50:00,3257.2,3259.9,3255.4,3259.3,1495
2025-05-13 11:55:00,3259.2,3260.9,3257.8,3258.2,1392
2025-05-13 12:00:00,3258.0,3261.6,3257.1,3260.7,1339
2025-05-13 12:05:00,3260.5,3262.2,3259.3,3259.8,1033
2025-05-13 12:10:00,3259.6,3262.0,3259.5,3261.0,749
2025-05-13 12:15:00,3261.0,3261.1,3258.7,3259.6,939
2025-05-13 12:20:00,3259.6,3260.0,3258.1,3259.2,727
2025-05-13 12:25:00,3259.1,3259.5,3256.6,3257.8,1003
2025-05-13 12:30:00,3258.0,3259.8,3257.7,3258.3,756
2025-05-13 12:35:00,3258.3,3258.7,3255.3,3255.6,1023
2025-05-13 12:40:00,3255.7,3257.4,3253.9,3254.5,910
2025-05-13 12:45:00,3254.4,3255.6,3253.4,3254.7,660
2025-05-13 12:50:00,3254.6,3254.8,3252.7,3253.9,763
2025-05-13 12:55:00,3253.8,3255.8,3253.3,3255.5,655
2025-05-13 13:00:00,3255.6,3257.6,3255.1,3256.7,949
2025-05-13 13:05:00,3256.6,3257.3,3254.0,3254.2,644
2025-05-13 13:10:00,3254.2,3254.3,3251.5,3251.7,1254
2025-05-13 13:15:00,3251.7,3252.5,3249.4,3249.8,1011
2025-05-13 13:20:00,3249.9,3250.7,3249.2,3250.0,630
2025-05-13 13:25:00,3250.2,3250.2,3246.5,3248.0,1207
2025-05-13 13:30:00,3248.0,3250.1,3246.5,3249.0,928
2025-05-13 13:35:00,3249.0,3249.9,3247.3,3247.3,462
2025-05-13 13:40:00,3247.4,3249.1,3247.1,3248.6,263
2025-05-13 13:45:00,3248.5,3251.1,3248.5,3250.5,695
2025-05-13 13:50:00,3250.4,3251.4,3249.6,3250.8,565
2025-05-13 13:55:00,3250.5,3252.6,3250.4,3251.9,793
2025-05-13 14:00:00,3251.9,3254.8,3251.8,3253.9,736
2025-05-13 14:05:00,3254.0,3254.7,3253.1,3254.0,417
2025-05-13 14:10:00,3254.0,3254.2,3250.8,3251.0,897
2025-05-13 14:15:00,3250.9,3253.0,3250.3,3252.4,606
2025-05-13 14:20:00,3252.2,3253.5,3251.4,3251.8,433
2025-05-13 14:25:00,3252.3,3252.8,3251.6,3252.3,201
2025-05-13 14:30:00,3252.3,3254.0,3252.3,3252.6,458
2025-05-13 14:35:00,3252.7,3254.6,3252.5,3254.0,318
2025-05-13 14:40:00,3253.9,3255.6,3253.6,3254.5,457
2025-05-13 14:45:00,3254.4,3255.9,3253.6,3254.7,491
2025-05-13 14:50:00,3254.6,3255.2,3252.8,3253.5,500
2025-05-13 14:55:00,3253.4,3254.5,3253.0,3253.2,302
2025-05-13 15:00:00,3253.5,3254.1,3251.9,3254.0,327
2025-05-13 15:05:00,3253.8,3254.6,3252.0,3252.7,436
2025-05-13 15:10:00,3252.7,3253.5,3251.8,3251.8,274
2025-05-13 15:15:00,3251.7,3252.5,3250.8,3251.5,389
2025-05-13 15:20:00,3251.3,3254.2,3250.7,3254.0,393
2025-05-13 15:25:00,3254.2,3254.7,3252.9,3253.6,247
2025-05-13 15:30:00,3253.6,3253.6,3252.1,3253.3,314
2025-05-13 15:35:00,3253.3,3254.0,3252.7,3253.2,187
2025-05-13 15:40:00,3253.2,3254.5,3253.2,3253.9,199
2025-05-13 15:45:00,3253.8,3254.1,3252.6,3253.9,219
2025-05-13 15:50:00,3253.8,3255.9,3253.6,3254.8,644
2025-05-13 15:55:00,3254.8,3255.4,3252.4,3254.1,492
2025-05-13 16:00:00,3254.1,3254.7,3252.9,3254.0,329
2025-05-13 16:05:00,3253.6,3253.9,3253.2,3253.8,127
2025-05-13 16:10:00,3253.8,3254.6,3253.0,3254.1,198
2025-05-13 16:15:00,3254.0,3254.7,3253.3,3254.4,276
2025-05-13 16:20:00,3254.4,3256.5,3254.4,3256.4,307
2025-05-13 16:25:00,3256.4,3259.5,3256.0,3259.0,490
2025-05-13 16:30:00,3258.8,3259.6,3257.8,3258.9,472
2025-05-13 16:35:00,3259.1,3259.1,3256.7,3258.0,345
2025-05-13 16:40:00,3257.8,3258.8,3257.3,3258.5,227
2025-05-13 16:45:00,3258.3,3258.9,3256.0,3256.0,458
2025-05-13 16:50:00,3256.1,3257.4,3256.0,3256.7,126
2025-05-13 16:55:00,3256.7,3256.9,3254.4,3254.6,249
2025-05-13 18:00:00,3254.0,3257.9,3253.0,3256.3,690
2025-05-13 18:05:00,3256.2,3256.5,3255.1,3255.6,218
2025-05-13 18:10:00,3255.6,3255.9,3254.5,3254.8,235
2025-05-13 18:15:00,3254.8,3255.0,3254.5,3254.5,78
2025-05-13 18:20:00,3254.5,3256.4,3254.4,3256.4,178
2025-05-13 18:25:00,3256.3,3256.4,3254.8,3255.7,250
2025-05-13 18:30:00,3255.9,3256.9,3254.3,3254.4,392
2025-05-13 18:35:00,3254.6,3256.7,3253.7,3256.7,622
2025-05-13 18:40:00,3256.8,3257.8,3256.0,3256.2,319
2025-05-13 18:45:00,3256.1,3257.2,3255.8,3256.0,182
2025-05-13 18:50:00,3256.1,3257.8,3255.5,3257.7,198
2025-05-13 18:55:00,3257.6,3258.8,3257.3,3258.7,275
2025-05-13 19:00:00,3258.5,3260.3,3258.3,3259.5,543
2025-05-13 19:05:00,3259.7,3261.0,3259.5,3259.9,424
2025-05-13 19:10:00,3259.9,3260.1,3258.7,3259.5,297
2025-05-13 19:15:00,3259.3,3259.4,3257.4,3258.6,351
2025-05-13 19:20:00,3258.3,3259.3,3258.2,3258.7,296
2025-05-13 19:25:00,3258.7,3259.7,3258.7,3259.1,214
2025-05-13 19:30:00,3259.4,3259.9,3258.6,3258.8,185
2025-05-13 19:35:00,3258.8,3258.8,3256.0,3256.2,484
2025-05-13 19:40:00,3256.1,3259.4,3256.1,3259.2,318
2025-05-13 19:45:00,3259.3,3259.8,3258.5,3258.5,355
2025-05-13 19:50:00,3258.6,3258.6,3257.8,3258.2,164
2025-05-13 19:55:00,3258.2,3258.7,3257.1,3258.2,278
2025-06-11 00:00:00,3360.8,3360.9,3358.1,3359.6,600
2025-06-11 00:05:00,3359.6,3362.7,3359.5,3362.2,674
2025-06-11 00:10:00,3362.2,3364.3,3362.2,3364.0,855
2025-06-11 00:15:00,3364.2,3364.2,3362.0,3362.2,441
2025-06-11 00:20:00,3362.1,3362.2,3360.8,3361.6,765
2025-06-11 00:25:00,3361.6,3363.3,3361.1,3363.0,620
2025-06-11 00:30:00,3362.8,3363.1,3360.9,3361.1,337
2025-06-11 00:35:00,3361.0,3361.9,3360.5,3360.8,436
2025-06-11 00:40:00,3360.8,3361.8,3360.5,3361.8,277
2025-06-11 00:45:00,3361.8,3363.4,3361.6,3363.1,441
2025-06-11 00:50:00,3363.1,3364.0,3362.4,3363.6,470
2025-06-11 00:55:00,3363.5,3363.9,3363.0,3363.4,322
2025-06-11 01:00:00,3363.2,3364.9,3362.8,3364.3,541
2025-06-11 01:05:00,3364.3,3364.4,3362.6,3363.8,323
2025-06-11 01:10:00,3364.0,3364.5,3361.8,3361.8,462
2025-06-11 01:15:00,3361.9,3361.9,3360.3,3361.3,485
2025-06-11 01:20:00,3361.1,3362.8,3360.9,3362.6,458
2025-06-11 01:25:00,3362.7,3363.6,3362.1,3362.4,299
2025-06-11 01:30:00,3362.2,3363.9,3361.0,3363.1,567
2025-06-11 01:35:00,3363.2,3363.9,3361.5,3361.9,531
2025-06-11 01:40:00,3361.9,3361.9,3357.5,3359.2,1820
2025-06-11 01:45:00,3359.4,3360.1,3357.0,3358.2,919
2025-06-11 01:50:00,3358.3,3359.8,3356.2,3356.6,774
2025-06-11 01:55:00,3356.4,3360.6,3356.4,3360.6,788
2025-06-11 02:00:00,3360.4,3361.1,3357.9,3359.3,834
2025-06-11 02:05:00,3359.3,3360.9,3359.0,3360.6,423
2025-06-11 02:10:00,3360.3,3360.9,3358.7,3358.8,354
2025-06-11 02:15:00,3358.9,3359.6,3357.6,3358.1,500
2025-06-11 02:20:00,3358.2,3358.2,3356.0,3356.8,629
2025-06-11 02:25:00,3356.6,3357.0,3353.3,3354.1,1418
2025-06-11 02:30:00,3354.4,3358.0,3354.0,3357.6,1047
2025-06-11 02:35:00,3357.7,3358.4,3355.8,3356.8,656
2025-06-11 02:40:00,3356.8,3359.1,3356.7,3358.5,480
2025-06-11 02:45:00,3358.6,3359.7,3357.3,3358.0,482
2025-06-11 02:50:00,3358.0,3360.2,3357.9,3358.8,490
2025-06-11 02:55:00,3358.6,3358.9,3357.0,3358.1,447
2025-06-11 03:00:00,3358.1,3359.2,3356.5,3358.6,510
2025-06-11 03:05:00,3358.5,3359.3,3357.0,3357.5,424
2025-06-11 03:10:00,3357.3,3357.4,3355.6,3356.4,580
2025-06-11 03:15:00,3356.5,3359.3,3356.5,3359.1,612
2025-06-11 03:20:00,3359.0,3361.4,3358.8,3359.9,796
2025-06-11 03:25:00,3359.9,3360.2,3358.6,3359.8,348
2025-06-11 03:30:00,3359.8,3362.1,3359.4,3360.2,606
2025-06-11 03:35:00,3359.8,3359.9,3356.8,3356.9,581
2025-06-11 03:40:00,3356.9,3361.0,3356.7,3360.7,522
2025-06-11 03:45:00,3360.8,3363.2,3360.3,3362.8,785
2025-06-11 03:50:00,3363.0,3367.8,3362.9,3367.0,2020
2025-06-11 03:55:00,3366.9,3369.3,3366.0,3366.8,1094
2025-06-11 04:00:00,3366.5,3366.9,3364.8,3366.7,746
2025-06-11 04:05:00,3366.7,3367.1,3364.9,3366.7,399
2025-06-11 04:10:00,3366.7,3366.9,3365.3,3366.2,331
2025-06-11 04:15:00,3366.5,3366.8,3364.6,3365.4,354
2025-06-11 04:20:00,3365.3,3367.6,3365.1,3365.8,590
2025-06-11 04:25:00,3365.8,3367.2,3364.5,3366.7,394
2025-06-11 04:30:00,3366.5,3367.8,3365.9,3365.9,405
2025-06-11 04:35:00,3365.8,3366.6,3363.5,3364.6,617
2025-06-11 04:40:00,3364.7,3367.6,3364.7,3367.3,483
2025-06-11 04:45:00,3367.3,3367.6,3366.1,3366.4,268
2025-06-11 04:50:00,3366.7,3367.3,3366.1,3367.0,213
2025-06-11 04:55:00,3366.9,3367.2,3365.3,3365.7,221
2025-06-11 05:00:00,3365.5,3365.8,3361.2,3361.8,1022
2025-06-11 05:05:00,3361.6,3362.0,3354.3,3356.2,2693
2025-06-11 05:10:00,3356.4,3362.7,3356.4,3362.4,1274
2025-06-11 05:15:00,3362.5,3362.9,3361.0,3361.5,564
2025-06-11 05:20:00,3361.5,3361.7,3358.5,3360.0,518
2025-06-11 05:25:00,3360.0,3361.9,3359.4,3359.7,519
2025-06-11 05:30:00,3359.8,3360.4,3357.6,3360.1,761
2025-06-11 05:35:00,3360.0,3360.7,3357.9,3358.8,443
2025-06-11 05:40:00,3358.7,3359.5,3357.3,3357.5,316
2025-06-11 05:45:00,3357.5,3358.4,3355.7,3356.3,734
2025-06-11 05:50:00,3356.5,3356.5,3352.4,3355.0,1244
2025-06-11 05:55:00,3355.2,3355.8,3353.0,3354.5,626
2025-06-11 06:00:00,3354.8,3357.2,3353.5,3355.9,619
2025-06-11 06:05:00,3356.0,3356.7,3355.0,3355.4,292
2025-06-11 06:10:00,3355.4,3355.6,3353.0,3354.5,584
2025-06-11 06:15:00,3354.5,3357.4,3354.3,3354.8,590
2025-06-11 06:20:00,3354.8,3355.7,3354.4,3354.7,238
2025-06-11 06:25:00,3354.6,3354.6,3351.7,3352.4,698
2025-06-11 06:30:00,3352.3,3354.3,3350.9,3353.7,891
2025-06-11 06:35:00,3353.5,3353.8,3352.0,3353.3,300
2025-06-11 06:40:00,3353.4,3354.3,3351.2,3351.6,543
2025-06-11 06:45:00,3351.5,3353.6,3351.3,3351.9,350
2025-06-11 06:50:00,3351.6,3352.7,3350.5,3351.2,685
2025-06-11 06:55:00,3351.2,3351.7,3348.5,3350.4,1070
2025-06-11 07:00:00,3350.2,3350.6,3346.5,3347.5,1148
2025-06-11 07:05:00,3347.5,3351.8,3346.1,3348.3,1605
2025-06-11 07:10:00,3348.3,3351.7,3348.1,3350.6,536
2025-06-11 07:15:00,3350.6,3352.5,3350.6,3351.0,650
2025-06-11 07:20:00,3351.0,3351.9,3350.4,3351.0,395
2025-06-11 07:25:00,3350.9,3353.3,3350.3,3352.4,710
2025-06-11 07:30:00,3352.4,3353.1,3350.5,3353.0,396
2025-06-11 07:35:00,3353.0,3355.1,3352.9,3354.6,834
2025-06-11 07:40:00,3354.7,3355.8,3353.7,3355.1,704
2025-06-11 07:45:00,3355.2,3355.8,3353.7,3353.8,429
2025-06-11 07:50:00,3354.0,3354.0,3352.5,3353.5,523
2025-06-11 07:55:00,3353.5,3354.7,3352.2,3353.8,425
2025-06-11 08:00:00,3353.8,3357.3,3349.2,3350.0,2132
2025-06-11 08:05:00,3350.1,3353.8,3347.8,3352.2,1858
2025-06-11 08:10:00,3352.4,3356.4,3350.9,3355.1,964
2025-06-11 08:15:00,3355.3,3358.7,3354.2,3358.3,1160
2025-06-11 08:20:00,3358.4,3361.8,3358.0,3361.3,1614
2025-06-11 08:25:00,3361.3,3363.5,3359.4,3360.9,1160
2025-06-11 08:30:00,3359.3,3378.7,3359.3,3376.7,8514
2025-06-11 08:35:00,3376.7,3382.3,3376.7,3378.3,4963
2025-06-11 08:40:00,3378.0,3379.5,3373.8,3375.1,3555
2025-06-11 08:45:00,3375.0,3376.7,3370.1,3370.9,2891
2025-06-11 08:50:00,3371.0,3373.4,3361.0,3363.3,4503
2025-06-11 08:55:00,3363.4,3363.7,3352.7,3357.4,5954
2025-06-11 09:00:00,3357.5,3360.0,3352.1,3356.1,4927
2025-06-11 09:05:00,3356.3,3362.4,3354.2,3362.2,3046
2025-06-11 09:10:00,3362.4,3362.7,3357.6,3362.4,2656
2025-06-11 09:15:00,3362.5,3365.8,3360.7,3365.1,2621
2025-06-11 09:20:00,3365.1,3365.8,3360.1,3360.8,2137
2025-06-11 09:25:00,3361.0,3363.5,3358.0,3358.7,2386
2025-06-11 09:30:00,3358.5,3359.3,3354.3,3357.8,2648
2025-06-11 09:35:00,3357.4,3360.5,3356.4,3359.2,1931
2025-06-11 09:40:00,3359.3,3360.5,3353.6,3353.6,2136
2025-06-11 09:45:00,3353.5,3355.3,3348.2,3353.4,4169
2025-06-11 09:50:00,3353.7,3356.1,3351.8,3355.0,1624
2025-06-11 09:55:00,3354.7,3355.5,3349.3,3351.1,1916
2025-06-11 10:00:00,3350.6,3354.2,3349.1,3351.7,2143
2025-06-11 10:05:00,3351.5,3354.1,3350.4,3353.7,1258
2025-06-11 10:10:00,3353.6,3355.1,3351.3,3352.7,1117
2025-06-11 10:15:00,3352.6,3356.3,3352.4,3356.1,1251
2025-06-11 10:20:00,3355.8,3356.7,3353.7,3355.4,1038
2025-06-11 10:25:00,3355.4,3355.4,3352.3,3354.2,1030
2025-06-11 10:30:00,3354.1,3355.9,3353.2,3354.6,774
2025-06-11 10:35:00,3355.2,3356.1,3354.4,3355.6,539
2025-06-11 10:40:00,3355.7,3362.0,3354.4,3361.3,2704
2025-06-11 10:45:00,3361.2,3361.4,3358.3,3358.7,1347
2025-06-11 10:50:00,3358.6,3361.5,3357.9,3359.2,1421
2025-06-11 10:55:00,3359.0,3360.0,3357.8,3358.5,625
2025-06-11 11:00:00,3358.7,3360.0,3357.5,3358.3,918
2025-06-11 11:05:00,3358.3,3362.4,3357.5,3360.6,1385
2025-06-11 11:10:00,3360.6,3362.7,3358.9,3361.7,1094
2025-06-11 11:15:00,3361.7,3363.2,3359.6,3362.1,953
2025-06-11 11:20:00,3362.1,3363.6,3360.2,3360.4,877
2025-06-11 11:25:00,3360.5,3361.1,3359.0,3360.6,807
2025-06-11 11:30:00,3360.6,3360.6,3357.0,3358.4,1188
2025-06-11 11:35:00,3358.3,3361.0,3358.3,3359.4,752
2025-06-11 11:40:00,3359.5,3359.6,3355.8,3355.8,1015
2025-06-11 11:45:00,3355.9,3356.3,3349.9,3353.3,2673
2025-06-11 11:50:00,3353.2,3354.7,3351.9,3353.3,953
2025-06-11 11:55:00,3353.2,3354.4,3352.1,3353.7,532
2025-06-11 12:00:00,3353.8,3355.9,3353.2,3354.9,654
2025-06-11 12:05:00,3354.8,3354.8,3352.5,3353.7,405
2025-06-11 12:10:00,3353.5,3353.6,3350.3,3350.7,767
2025-06-11 12:15:00,3350.4,3352.4,3349.8,3352.3,658
2025-06-11 12:20:00,3352.1,3352.9,3350.9,3352.9,372
2025-06-11 12:25:00,3352.8,3352.9,3350.8,3352.3,414
2025-06-11 12:30:00,3352.4,3352.6,3349.9,3350.2,353
2025-06-11 12:35:00,3350.3,3351.1,3349.2,3349.4,544
2025-06-11 12:40:00,3349.3,3350.8,3348.8,3350.2,603
2025-06-11 12:45:00,3350.0,3353.2,3349.6,3352.7,814
2025-06-11 12:50:00,3352.7,3353.4,3351.0,3351.4,505
2025-06-11 12:55:00,3351.3,3351.8,3349.5,3351.0,485
2025-06-11 13:00:00,3351.1,3352.0,3349.2,3351.8,611
2025-06-11 13:05:00,3351.7,3352.5,3346.7,3348.1,1376
2025-06-11 13:10:00,3348.1,3348.2,3344.2,3347.5,1812
2025-06-11 13:15:00,3347.6,3348.8,3346.3,3346.4,852
2025-06-11 13:20:00,3346.4,3347.3,3344.2,3345.8,894
2025-06-11 13:25:00,3346.2,3346.4,3341.7,3344.2,1711
2025-06-11 13:30:00,3344.2,3345.9,3343.7,3344.6,873
2025-06-11 13:35:00,3344.5,3344.8,3340.7,3341.3,1025
2025-06-11 13:40:00,3341.3,3343.1,3339.3,3342.7,1062
2025-06-11 13:45:00,3342.5,3343.9,3342.0,3343.3,496
2025-06-11 13:50:00,3343.1,3346.0,3343.1,3345.0,748
2025-06-11 13:55:00,3345.1,3346.5,3343.5,3344.4,732
2025-06-11 14:00:00,3344.7,3354.3,3344.1,3353.3,2296
2025-06-11 14:05:00,3353.4,3360.9,3353.4,3358.4,3856
2025-06-11 14:10:00,3358.3,3363.3,3357.2,3362.8,2293
2025-06-11 14:15:00,3363.0,3364.7,3360.4,3361.7,2145
2025-06-11 14:20:00,3361.7,3366.7,3361.7,3362.8,1820
2025-06-11 14:25:00,3363.0,3366.9,3362.5,3366.7,1394
2025-06-11 14:30:00,3366.7,3368.4,3359.2,3360.0,3075
2025-06-11 14:35:00,3360.2,3363.4,3359.5,3359.8,1246
2025-06-11 14:40:00,3359.9,3363.1,3359.0,3361.7,1393
2025-06-11 14:45:00,3361.8,3363.8,3361.2,3362.3,852
2025-06-11 14:50:00,3362.3,3364.9,3362.3,3363.7,789
2025-06-11 14:55:00,3363.5,3365.2,3363.1,3364.4,577
2025-06-11 15:00:00,3364.4,3365.8,3362.8,3364.0,672
2025-06-11 15:05:00,3364.1,3365.8,3362.7,3363.6,924
2025-06-11 15:10:00,3363.5,3365.0,3362.7,3364.9,336
2025-06-11 15:15:00,3364.9,3367.1,3364.3,3366.1,807
2025-06-11 15:20:00,3366.1,3366.1,3363.7,3364.0,488
2025-06-11 15:25:00,3364.2,3366.2,3364.1,3365.7,694
2025-06-11 15:30:00,3365.8,3370.1,3365.3,3369.9,1545
2025-06-11 15:35:00,3370.0,3370.3,3367.3,3367.9,649
2025-06-11 15:40:00,3367.8,3369.4,3367.8,3369.3,700
2025-06-11 15:45:00,3369.4,3369.6,3367.5,3368.8,501
2025-06-11 15:50:00,3368.7,3368.8,3367.3,3367.9,459
2025-06-11 15:55:00,3367.8,3368.4,3367.3,3367.9,443
2025-06-11 16:00:00,3368.1,3370.2,3367.9,3369.9,521
2025-06-11 16:05:00,3369.9,3369.9,3367.7,3367.9,305
2025-06-11 16:10:00,3367.8,3369.4,3367.7,3369.3,226
2025-06-11 16:15:00,3369.4,3369.4,3368.3,3369.0,156
2025-06-11 16:20:00,3368.8,3370.6,3368.7,3370.3,238
2025-06-11 16:25:00,3370.4,3374.4,3370.0,3374.0,935
2025-06-11 16:30:00,3374.0,3375.1,3373.8,3374.9,543
2025-06-11 16:35:00,3374.4,3376.4,3372.3,3374.0,792
2025-06-11 16:40:00,3373.8,3374.8,3372.6,3373.2,329
2025-06-11 16:45:00,3373.1,3374.3,3372.6,3374.1,404
2025-06-11 16:50:00,3374.0,3375.0,3373.5,3374.1,282
2025-06-11 16:55:00,3374.1,3376.6,3373.9,3375.9,384
2025-06-11 18:00:00,3377.0,3379.9,3376.2,3377.9,1003
2025-06-11 18:05:00,3377.9,3380.5,3376.1,3380.0,733
2025-06-11 18:10:00,3380.0,3381.7,3378.7,3381.0,1048
2025-06-11 18:15:00,3380.8,3384.3,3379.5,3383.0,1134
2025-06-11 18:20:00,3382.8,3385.7,3382.8,3383.8,622
2025-06-11 18:25:00,3383.7,3385.4,3383.4,3383.8,542
2025-06-11 18:30:00,3383.7,3385.8,3382.8,3385.5,743
2025-06-11 18:35:00,3385.2,3387.9,3385.2,3387.5,941
2025-06-11 18:40:00,3387.4,3387.8,3385.9,3386.1,504
2025-06-11 18:45:00,3386.1,3386.6,3384.8,3385.2,842
2025-06-11 18:50:00,3385.6,3387.9,3384.7,3387.3,561
2025-06-11 18:55:00,3387.7,3390.5,3387.0,3389.5,1184
2025-06-11 19:00:00,3389.4,3393.9,3389.3,3392.5,1927
2025-06-11 19:05:00,3392.5,3393.6,3389.9,3390.5,1316
2025-06-11 19:10:00,3390.7,3391.2,3386.9,3387.3,1327
2025-06-11 19:15:00,3387.3,3388.3,3383.5,3386.9,1818
2025-06-11 19:20:00,3386.7,3387.4,3385.0,3386.8,684
2025-06-11 19:25:00,3387.1,3387.2,3384.3,3385.0,586
2025-06-11 19:30:00,3385.0,3387.8,3384.4,3386.7,822
2025-06-11 19:35:00,3386.6,3387.1,3383.8,3384.8,622
2025-06-11 19:40:00,3384.8,3386.8,3384.8,3386.0,527
2025-06-11 19:45:00,3386.1,3386.9,3383.1,3383.2,1226
2025-06-11 19:50:00,3383.3,3383.9,3377.9,3379.3,1588
2025-06-11 19:55:00,3379.3,3386.3,3379.2,3386.0,1430
2025-07-15 00:00:00,3367.0,3368.4,3366.9,3367.2,690
2025-07-15 00:05:00,3367.3,3367.9,3366.8,3367.9,371
2025-07-15 00:10:00,3367.9,3370.5,3367.0,3370.4,989
2025-07-15 00:15:00,3370.5,3370.6,3368.7,3369.1,568
2025-07-15 00:20:00,3369.3,3370.1,3369.0,3369.5,235
2025-07-15 00:25:00,3369.7,3370.2,3369.4,3369.5,299
2025-07-15 00:30:00,3369.7,3370.3,3369.3,3369.7,271
2025-07-15 00:35:00,3369.7,3370.4,3369.0,3369.2,363
2025-07-15 00:40:00,3369.1,3369.9,3368.8,3369.5,367
2025-07-15 00:45:00,3369.4,3370.5,3369.4,3370.0,399
2025-07-15 00:50:00,3370.1,3370.3,3369.0,3369.6,147
2025-07-15 00:55:00,3369.6,3369.9,3368.9,3369.8,190
2025-07-15 01:00:00,3369.6,3370.9,3369.6,3370.9,404
2025-07-15 01:05:00,3370.9,3372.3,3370.2,3372.3,558
2025-07-15 01:10:00,3372.2,3372.8,3371.7,3372.3,395
2025-07-15 01:15:00,3372.3,3373.0,3371.9,3372.6,400
2025-07-15 01:20:00,3372.7,3374.0,3371.8,3373.9,574
2025-07-15 01:25:00,3373.7,3374.0,3372.9,3373.1,274
2025-07-15 01:30:00,3373.1,3374.3,3372.1,3373.8,696
2025-07-15 01:35:00,3373.7,3374.0,3372.1,3373.7,403
2025-07-15 01:40:00,3373.6,3374.5,3373.4,3373.4,323
2025-07-15 01:45:00,3373.5,3374.6,3373.2,3373.5,286
2025-07-15 01:50:00,3373.5,3374.4,3372.4,3373.0,357
2025-07-15 01:55:00,3372.9,3373.2,3370.9,3371.2,828
2025-07-15 02:00:00,3371.2,3371.4,3369.3,3369.5,848
2025-07-15 02:05:00,3369.3,3371.4,3368.0,3371.3,917
2025-07-15 02:10:00,3371.3,3373.2,3371.1,3371.6,610
2025-07-15 02:15:00,3371.6,3371.9,3369.8,3370.2,482
2025-07-15 02:20:00,3370.1,3370.1,3367.5,3367.9,805
2025-07-15 02:25:00,3367.9,3370.0,3367.8,3368.7,447
2025-07-15 02:30:00,3368.7,3369.5,3366.8,3368.0,500
2025-07-15 02:35:00,3368.0,3371.1,3367.6,3370.8,638
2025-07-15 02:40:00,3370.9,3371.5,3369.2,3370.2,394
2025-07-15 02:45:00,3370.3,3370.7,3369.4,3370.4,251
2025-07-15 02:50:00,3370.5,3370.5,3368.1,3368.1,322
2025-07-15 02:55:00,3368.1,3368.2,3366.5,3367.0,700
2025-07-15 03:00:00,3367.4,3368.3,3366.2,3366.9,528
2025-07-15 03:05:00,3366.9,3368.3,3366.0,3368.3,468
2025-07-15 03:10:00,3368.2,3369.0,3366.7,3368.7,509
2025-07-15 03:15:00,3368.9,3369.8,3368.6,3368.7,322
2025-07-15 03:20:00,3368.7,3371.5,3368.7,3370.7,477
2025-07-15 03:25:00,3370.7,3371.7,3370.3,3371.2,456
2025-07-15 03:30:00,3371.4,3371.7,3370.4,3370.9,289
2025-07-15 03:35:00,3370.9,3371.7,3370.0,3371.7,309
2025-07-15 03:40:00,3371.4,3372.5,3371.3,3372.3,361
2025-07-15 03:45:00,3372.2,3373.8,3372.2,3372.5,507
2025-07-15 03:50:00,3372.4,3373.5,3372.3,3373.0,280
2025-07-15 03:55:00,3373.0,3373.3,3372.3,3372.8,210
2025-07-15 04:00:00,3372.5,3373.9,3370.8,3372.1,812
2025-07-15 04:05:00,3372.0,3373.8,3371.8,3372.9,440
2025-07-15 04:10:00,3372.7,3374.3,3371.9,3371.9,344
2025-07-15 04:15:00,3372.0,3372.2,3367.7,3367.9,845
2025-07-15 04:20:00,3367.9,3368.1,3365.6,3366.6,1037
2025-07-15 04:25:00,3366.6,3367.4,3365.2,3366.5,609
2025-07-15 04:30:00,3366.5,3370.4,3366.3,3369.8,842
2025-07-15 04:35:00,3369.8,3371.7,3369.5,3370.9,494
2025-07-15 04:40:00,3370.9,3372.0,3370.3,3370.8,340
2025-07-15 04:45:00,3370.7,3371.0,3369.2,3370.1,486
2025-07-15 04:50:00,3370.2,3372.7,3370.2,3371.9,386
2025-07-15 04:55:00,3371.7,3372.0,3368.9,3369.6,448
2025-07-15 05:00:00,3369.5,3372.8,3369.3,3372.7,380
2025-07-15 05:05:00,3372.8,3373.6,3371.9,3372.6,501
2025-07-15 05:10:00,3372.7,3373.1,3371.4,3371.7,285
2025-07-15 05:15:00,3371.5,3371.8,3367.5,3368.2,616
2025-07-15 05:20:00,3368.2,3371.4,3368.1,3371.0,492
2025-07-15 05:25:00,3371.0,3372.2,3369.7,3370.0,288
2025-07-15 05:30:00,3370.1,3370.8,3367.6,3369.6,584
2025-07-15 05:35:00,3369.7,3371.6,3368.2,3371.6,333
2025-07-15 05:40:00,3371.7,3372.0,3370.5,3370.8,299
2025-07-15 05:45:00,3370.8,3371.0,3369.7,3370.5,153
2025-07-15 05:50:00,3370.6,3371.5,3370.3,3371.2,138
2025-07-15 05:55:00,3371.1,3372.7,3370.9,3372.6,311
2025-07-15 06:00:00,3372.7,3373.7,3371.4,3373.6,470
2025-07-15 06:05:00,3373.5,3375.4,3372.4,3373.2,1406
2025-07-15 06:10:00,3373.2,3373.7,3372.5,3373.7,170
2025-07-15 06:15:00,3373.8,3374.6,3373.2,3374.4,318
2025-07-15 06:20:00,3374.4,3375.5,3373.5,3373.5,562
2025-07-15 06:25:00,3373.6,3373.7,3372.1,3372.1,348
2025-07-15 06:30:00,3372.0,3372.8,3371.2,3372.5,350
2025-07-15 06:35:00,3372.5,3373.6,3371.7,3372.6,369
2025-07-15 06:40:00,3372.5,3372.6,3371.0,3371.9,229
2025-07-15 06:45:00,3371.9,3372.3,3371.2,3371.4,158
2025-07-15 06:50:00,3371.5,3371.8,3370.8,3371.3,184
2025-07-15 06:55:00,3371.2,3371.4,3370.3,3370.5,280
2025-07-15 07:00:00,3370.7,3371.1,3369.6,3369.9,343
2025-07-15 07:05:00,3369.9,3370.5,3367.9,3369.1,572
2025-07-15 07:10:00,3369.0,3370.3,3368.7,3369.6,343
2025-07-15 07:15:00,3369.6,3370.1,3367.9,3368.2,423
2025-07-15 07:20:00,3368.2,3368.9,3367.1,3367.7,434
2025-07-15 07:25:00,3367.6,3367.8,3366.7,3367.0,361
2025-07-15 07:30:00,3366.8,3368.3,3366.3,3366.7,464
2025-07-15 07:35:00,3366.7,3367.0,3365.3,3366.5,771
2025-07-15 07:40:00,3366.4,3367.5,3365.0,3365.9,571
2025-07-15 07:45:00,3366.0,3366.9,3362.9,3365.3,1295
2025-07-15 07:50:00,3365.1,3365.2,3363.3,3363.8,578
2025-07-15 07:55:00,3363.7,3364.6,3362.8,3363.6,600
2025-07-15 08:00:00,3363.4,3363.6,3361.6,3362.4,882
2025-07-15 08:05:00,3362.7,3362.8,3360.5,3361.2,603
2025-07-15 08:10:00,3361.1,3362.1,3360.8,3361.3,621
2025-07-15 08:15:00,3361.2,3361.2,3357.9,3359.2,1632
2025-07-15 08:20:00,3359.1,3364.3,3357.6,3364.0,1588
2025-07-15 08:25:00,3364.0,3364.2,3360.8,3363.2,982
2025-07-15 08:30:00,3363.0,3369.4,3358.4,3362.0,4136
2025-07-15 08:35:00,3361.7,3362.3,3356.1,3356.7,2125
2025-07-15 08:40:00,3356.6,3360.3,3355.0,3359.9,2259
2025-07-15 08:45:00,3360.0,3362.9,3358.0,3362.6,1717
2025-07-15 08:50:00,3362.4,3363.2,3359.1,3359.6,1516
2025-07-15 08:55:00,3359.5,3360.4,3356.9,3357.3,1085
2025-07-15 09:00:00,3357.6,3360.0,3354.7,3359.8,2307
2025-07-15 09:05:00,3359.6,3360.7,3355.7,3356.6,1360
2025-07-15 09:10:00,3356.3,3356.6,3353.6,3354.7,1850
2025-07-15 09:15:00,3354.7,3355.1,3350.6,3352.4,2408
2025-07-15 09:20:00,3352.2,3352.9,3350.2,3351.0,1346
2025-07-15 09:25:00,3350.9,3350.9,3345.7,3348.6,3603
2025-07-15 09:30:00,3348.5,3350.1,3344.0,3346.5,3365
2025-07-15 09:35:00,3346.4,3346.4,3341.5,3343.9,3493
2025-07-15 09:40:00,3344.1,3346.9,3343.5,3345.9,1992
2025-07-15 09:45:00,3346.0,3349.6,3342.5,3347.9,3547
2025-07-15 09:50:00,3347.7,3352.8,3347.6,3352.6,2919
2025-07-15 09:55:00,3352.8,3356.3,3351.4,3354.8,3162
2025-07-15 10:00:00,3355.0,3356.4,3351.4,3351.6,2665
2025-07-15 10:05:00,3351.7,3355.5,3350.6,3354.2,2222
2025-07-15 10:10:00,3354.4,3355.9,3353.4,3354.8,1052
2025-07-15 10:15:00,3354.9,3355.0,3351.7,3352.0,1242
2025-07-15 10:20:00,3352.0,3356.0,3351.2,3354.5,1535
2025-07-15 10:25:00,3354.4,3357.4,3353.9,3355.0,1459
2025-07-15 10:30:00,3354.9,3359.3,3354.7,3359.1,1762
2025-07-15 10:35:00,3359.3,3360.4,3357.8,3358.0,1475
2025-07-15 10:40:00,3358.0,3359.2,3356.4,3358.0,1039
2025-07-15 10:45:00,3357.9,3358.6,3354.3,3354.9,1206
2025-07-15 10:50:00,3355.1,3355.4,3352.8,3354.3,1109
2025-07-15 10:55:00,3354.2,3356.3,3353.5,3355.7,730
2025-07-15 11:00:00,3355.6,3357.7,3354.7,3355.0,1068
2025-07-15 11:05:00,3355.2,3355.4,3353.2,3354.1,844
2025-07-15 11:10:00,3354.4,3354.8,3352.5,3353.0,696
2025-07-15 11:15:00,3353.0,3353.2,3349.5,3350.0,1212
2025-07-15 11:20:00,3350.0,3350.4,3347.5,3347.9,1414
2025-07-15 11:25:00,3348.0,3348.1,3339.0,3341.4,3849
2025-07-15 11:30:00,3341.1,3341.2,3332.7,3333.7,5412
2025-07-15 11:35:00,3333.5,3337.8,3332.6,3337.8,2378
2025-07-15 11:40:00,3337.7,3341.5,3337.6,3339.3,2490
2025-07-15 11:45:00,3339.6,3339.7,3337.1,3337.7,1172
2025-07-15 11:50:00,3337.5,3337.5,3335.2,3336.2,1000
2025-07-15 11:55:00,3335.8,3337.9,3335.5,3336.4,967
2025-07-15 12:00:00,3336.4,3336.5,3333.7,3334.6,1288
2025-07-15 12:05:00,3334.5,3335.0,3330.9,3333.7,2087
2025-07-15 12:10:00,3333.7,3334.2,3328.0,3329.9,2304
2025-07-15 12:15:00,3329.9,3331.0,3327.3,3329.9,2241
2025-07-15 12:20:00,3329.9,3331.5,3329.5,3331.1,1067
2025-07-15 12:25:00,3331.3,3333.4,3330.6,3333.3,1538
2025-07-15 12:30:00,3333.3,3334.7,3332.6,3332.6,955
2025-07-15 12:35:00,3332.6,3333.4,3331.5,3332.7,690
2025-07-15 12:40:00,3333.0,3333.8,3332.6,3333.4,470
2025-07-15 12:45:00,3333.4,3335.6,3333.2,3335.6,847
2025-07-15 12:50:00,3335.5,3336.1,3334.7,3336.1,640
2025-07-15 12:55:00,3336.2,3337.6,3334.8,3336.5,1022
2025-07-15 13:00:00,3336.5,3336.7,3334.7,3335.9,377
2025-07-15 13:05:00,3335.8,3337.0,3335.4,3337.0,343
2025-07-15 13:10:00,3336.8,3338.6,3336.4,3338.4,671
2025-07-15 13:15:00,3338.4,3338.6,3337.6,3338.5,375
2025-07-15 13:20:00,3338.5,3338.5,3336.5,3337.3,587
2025-07-15 13:25:00,3337.6,3338.2,3335.6,3336.4,592
2025-07-15 13:30:00,3336.5,3337.5,3335.0,3335.0,465
2025-07-15 13:35:00,3335.1,3336.3,3334.4,3334.6,522
2025-07-15 13:40:00,3334.4,3335.2,3333.7,3335.0,394
2025-07-15 13:45:00,3334.8,3335.2,3333.8,3334.0,284
2025-07-15 13:50:00,3334.1,3334.7,3332.3,3334.6,698
2025-07-15 13:55:00,3334.4,3335.6,3334.1,3334.8,492
2025-07-15 14:00:00,3334.9,3336.1,3334.4,3336.1,422
2025-07-15 14:05:00,3335.9,3336.2,3334.5,3336.1,275
2025-07-15 14:10:00,3336.0,3336.1,3335.0,3335.5,172
2025-07-15 14:15:00,3335.3,3335.5,3333.4,3333.5,294
2025-07-15 14:20:00,3333.5,3333.8,3332.5,3332.8,381
2025-07-15 14:25:00,3332.8,3333.5,3332.4,3333.1,244
2025-07-15 14:30:00,3333.2,3334.6,3333.0,3334.4,366
2025-07-15 14:35:00,3334.6,3336.7,3334.4,3335.9,552
2025-07-15 14:40:00,3335.8,3336.9,3335.5,3336.6,276
2025-07-15 14:45:00,3336.5,3338.4,3336.3,3337.2,621
2025-07-15 14:50:00,3337.1,3337.6,3336.2,3336.4,439
2025-07-15 14:55:00,3336.2,3336.4,3335.1,3335.4,332
2025-07-15 15:00:00,3335.3,3336.6,3335.3,3335.8,260
2025-07-15 15:05:00,3335.6,3335.6,3334.0,3334.6,409
2025-07-15 15:10:00,3334.7,3334.9,3333.7,3334.0,166
2025-07-15 15:15:00,3334.0,3335.1,3334.0,3334.9,111
2025-07-15 15:20:00,3334.6,3334.6,3333.9,3334.2,136
2025-07-15 15:25:00,3334.0,3334.3,3333.0,3333.5,233
2025-07-15 15:30:00,3333.6,3334.6,3333.5,3334.0,223
2025-07-15 15:35:00,3334.0,3335.2,3334.0,3334.9,184
2025-07-15 15:40:00,3334.8,3336.5,3334.5,3335.8,265
2025-07-15 15:45:00,3336.0,3336.4,3335.3,3335.5,189
2025-07-15 15:50:00,3335.6,3337.1,3335.3,3337.0,237
2025-07-15 15:55:00,3337.0,3337.8,3335.9,3337.0,607
2025-07-15 16:00:00,3337.0,3337.7,3336.5,3336.8,293
2025-07-15 16:05:00,3336.8,3337.4,3336.1,3337.3,186
2025-07-15 16:10:00,3336.8,3337.3,3336.7,3336.9,121
2025-07-15 16:15:00,3337.0,3337.3,3335.0,3335.3,307
2025-07-15 16:20:00,3335.3,3335.6,3334.1,3334.4,204
2025-07-15 16:25:00,3334.5,3335.6,3334.1,3334.8,163
2025-07-15 16:30:00,3334.9,3335.8,3334.8,3335.4,127
2025-07-15 16:35:00,3335.5,3335.6,3334.4,3334.8,230
2025-07-15 16:40:00,3334.7,3334.9,3333.3,3333.3,332
2025-07-15 16:45:00,3333.5,3333.5,3332.2,3332.3,343
2025-07-15 16:50:00,3332.2,3332.6,3331.2,3331.5,357
2025-07-15 16:55:00,3331.6,3333.0,3330.1,3330.5,420
2025-07-15 18:00:00,3331.3,3332.9,3329.1,3332.1,643
2025-07-15 18:05:00,3332.3,3333.6,3331.9,3333.5,372
2025-07-15 18:10:00,3333.4,3333.9,3332.2,3333.2,264
2025-07-15 18:15:00,3333.4,3333.7,3332.3,3333.0,119
2025-07-15 18:20:00,3333.0,3334.3,3332.0,3332.7,215
2025-07-15 18:25:00,3332.6,3333.0,3332.2,3332.8,97
2025-07-15 18:30:00,3332.7,3332.9,3332.3,3332.3,95
2025-07-15 18:35:00,3332.4,3333.5,3332.4,3333.2,148
2025-07-15 18:40:00,3332.9,3333.3,3332.0,3332.8,140
2025-07-15 18:45:00,3332.8,3332.9,3331.8,3331.9,179
2025-07-15 18:50:00,3331.9,3332.7,3331.6,3332.5,125
2025-07-15 18:55:00,3332.6,3333.1,3332.5,3333.1,66
2025-07-15 19:00:00,3332.9,3333.8,3332.4,3333.6,214
2025-07-15 19:05:00,3333.6,3333.7,3332.7,3333.1,128
2025-07-15 19:10:00,3333.3,3335.1,3333.3,3334.8,309
2025-07-15 19:15:00,3334.8,3335.4,3334.5,3334.8,205
2025-07-15 19:20:00,3334.7,3336.4,3334.7,3336.3,465
2025-07-15 19:25:00,3336.4,3336.4,3335.1,3335.3,108
2025-07-15 19:30:00,3335.0,3336.9,3335.0,3336.4,250
2025-07-15 19:35:00,3336.6,3338.5,3336.4,3336.9,635
2025-07-15 19:40:00,3336.9,3337.2,3336.1,3336.3,236
2025-07-15 19:45:00,3336.3,3337.7,3336.3,3337.2,170
2025-07-15 19:50:00,3337.3,3337.7,3337.1,3337.5,154
2025-07-15 19:55:00,3337.7,3338.3,3337.0,3337.4,287
2025-08-12 00:00:00,3400.7,3401.4,3399.7,3401.4,312
2025-08-12 00:05:00,3401.3,3403.2,3401.0,3403.2,395
2025-08-12 00:10:00,3403.0,3403.5,3402.0,3402.4,283
2025-08-12 00:15:00,3402.5,3403.5,3402.3,3402.6,153
2025-08-12 00:20:00,3402.5,3403.3,3402.3,3403.0,148
2025-08-12 00:25:00,3402.8,3403.3,3401.9,3402.3,254
2025-08-12 00:30:00,3402.4,3402.8,3400.0,3402.6,387
2025-08-12 00:35:00,3402.4,3403.9,3401.7,3403.9,452
2025-08-12 00:40:00,3403.8,3404.6,3402.5,3404.5,304
2025-08-12 00:45:00,3404.3,3405.3,3404.0,3404.5,280
2025-08-12 00:50:00,3404.4,3405.9,3403.2,3405.9,348
2025-08-12 00:55:00,3405.6,3405.6,3404.3,3404.6,226
2025-08-12 01:00:00,3404.7,3405.1,3403.8,3404.7,417
2025-08-12 01:05:00,3404.5,3405.0,3404.4,3404.7,195
2025-08-12 01:10:00,3404.7,3405.1,3403.6,3404.3,251
2025-08-12 01:15:00,3404.2,3405.1,3403.2,3403.9,299
2025-08-12 01:20:00,3403.9,3405.0,3403.9,3404.6,179
2025-08-12 01:25:00,3404.5,3404.5,3402.8,3403.0,166
2025-08-12 01:30:00,3403.2,3404.2,3402.5,3404.0,329
2025-08-12 01:35:00,3403.7,3403.7,3402.2,3403.1,187
2025-08-12 01:40:00,3403.1,3404.0,3401.7,3402.1,269
2025-08-12 01:45:00,3402.0,3403.8,3401.4,3402.7,388
2025-08-12 01:50:00,3402.6,3402.9,3400.6,3402.5,402
2025-08-12 01:55:00,3402.7,3406.0,3401.7,3404.7,532
2025-08-12 02:00:00,3405.0,3405.3,3400.3,3400.8,590
2025-08-12 02:05:00,3400.7,3401.8,3399.2,3399.5,709
2025-08-12 02:10:00,3399.5,3400.0,3396.5,3397.8,1053
2025-08-12 02:15:00,3397.7,3397.7,3392.6,3394.9,1919
2025-08-12 02:20:00,3394.7,3395.0,3390.2,3393.0,1603
2025-08-12 02:25:00,3393.0,3395.2,3392.2,3394.3,766
2025-08-12 02:30:00,3394.3,3395.0,3391.4,3394.3,761
2025-08-12 02:35:00,3394.3,3398.4,3394.1,3397.2,1197
2025-08-12 02:40:00,3397.2,3397.9,3396.2,3397.7,372
2025-08-12 02:45:00,3397.7,3397.9,3394.7,3395.9,590
2025-08-12 02:50:00,3395.8,3395.9,3393.6,3395.3,431
2025-08-12 02:55:00,3395.4,3395.5,3393.2,3395.0,586
2025-08-12 03:00:00,3395.1,3396.8,3393.3,3396.5,703
2025-08-12 03:05:00,3396.5,3397.5,3393.9,3394.5,471
2025-08-12 03:10:00,3394.5,3395.4,3393.0,3394.0,678
2025-08-12 03:15:00,3393.9,3397.0,3393.8,3396.2,335
2025-08-12 03:20:00,3396.2,3396.8,3395.1,3395.6,377
2025-08-12 03:25:00,3395.5,3398.5,3395.5,3398.4,419
2025-08-12 03:30:00,3398.3,3402.4,3397.4,3402.0,1215
2025-08-12 03:35:00,3402.1,3407.2,3402.0,3405.4,1436
2025-08-12 03:40:00,3405.2,3405.3,3402.7,3404.5,681
2025-08-12 03:45:00,3404.3,3406.1,3403.8,3404.9,540
2025-08-12 03:50:00,3404.8,3404.8,3401.1,3403.6,983
2025-08-12 03:55:00,3403.6,3405.2,3403.1,3404.7,417
2025-08-12 04:00:00,3404.6,3404.9,3402.0,3402.3,506
2025-08-12 04:05:00,3402.1,3404.7,3400.8,3404.2,656
2025-08-12 04:10:00,3404.3,3404.7,3402.2,3403.0,378
2025-08-12 04:15:00,3403.0,3403.6,3401.8,3402.3,298
2025-08-12 04:20:00,3402.3,3403.2,3399.5,3400.6,585
2025-08-12 04:25:00,3400.4,3400.6,3397.6,3399.1,520
2025-08-12 04:30:00,3399.1,3400.5,3397.6,3398.3,492
2025-08-12 04:35:00,3398.3,3398.4,3395.7,3396.4,717
2025-08-12 04:40:00,3396.5,3397.3,3395.3,3396.5,456
2025-08-12 04:45:00,3396.6,3396.8,3395.4,3395.8,346
2025-08-12 04:50:00,3395.9,3397.0,3395.0,3396.5,564
2025-08-12 04:55:00,3396.7,3398.8,3396.7,3397.2,533
2025-08-12 05:00:00,3397.4,3399.3,3396.2,3399.1,520
2025-08-12 05:05:00,3399.1,3400.2,3398.6,3400.2,428
2025-08-12 05:10:00,3400.3,3401.2,3399.3,3400.6,534
2025-08-12 05:15:00,3400.6,3401.2,3399.7,3400.0,230
2025-08-12 05:20:00,3399.7,3399.9,3398.8,3398.9,334
2025-08-12 05:25:00,3398.9,3399.1,3397.7,3397.7,341
2025-08-12 05:30:00,3397.7,3398.5,3396.7,3397.9,434
2025-08-12 05:35:00,3398.0,3398.1,3397.1,3397.6,215
2025-08-12 05:40:00,3397.4,3398.4,3396.4,3397.3,279
2025-08-12 05:45:00,3397.1,3397.7,3395.1,3395.4,363
2025-08-12 05:50:00,3395.4,3396.4,3395.2,3395.2,258
2025-08-12 05:55:00,3395.3,3395.6,3393.6,3394.6,570
2025-08-12 06:00:00,3394.6,3395.9,3393.1,3393.8,501
2025-08-12 06:05:00,3393.7,3396.7,3393.0,3396.6,641
2025-08-12 06:10:00,3396.5,3397.7,3395.9,3397.5,489
2025-08-12 06:15:00,3397.4,3398.8,3397.3,3398.3,371
2025-08-12 06:20:00,3398.5,3399.0,3395.9,3395.9,533
2025-08-12 06:25:00,3396.0,3399.5,3395.8,3398.2,625
2025-08-12 06:30:00,3398.0,3398.8,3396.7,3397.5,427
2025-08-12 06:35:00,3397.3,3397.5,3394.6,3395.8,426
2025-08-12 06:40:00,3395.8,3396.5,3393.6,3393.6,355
2025-08-12 06:45:00,3393.6,3395.1,3391.8,3393.8,979
2025-08-12 06:50:00,3393.8,3395.5,3393.4,3394.7,363
2025-08-12 06:55:00,3394.9,3394.9,3393.5,3394.2,336
2025-08-12 07:00:00,3394.4,3394.8,3391.0,3393.0,925
2025-08-12 07:05:00,3392.8,3394.6,3392.0,3394.0,531
2025-08-12 07:10:00,3394.0,3394.9,3393.3,3393.4,399
2025-08-12 07:15:00,3393.5,3393.7,3390.9,3391.8,596
2025-08-12 07:20:00,3391.6,3392.2,3387.8,3392.0,1902
2025-08-12 07:25:00,3391.9,3392.2,3390.6,3391.6,468
2025-08-12 07:30:00,3391.5,3392.8,3388.7,3389.1,908
2025-08-12 07:35:00,3388.9,3392.1,3384.4,3391.6,2981
2025-08-12 07:40:00,3391.6,3395.0,3391.6,3394.8,1477
2025-08-12 07:45:00,3395.0,3395.6,3393.1,3395.0,862
2025-08-12 07:50:00,3394.8,3396.9,3394.8,3396.5,650
2025-08-12 07:55:00,3396.5,3397.0,3394.7,3396.0,677
2025-08-12 08:00:00,3396.1,3396.9,3394.5,3394.9,664
2025-08-12 08:05:00,3394.8,3395.0,3393.3,3393.3,555
2025-08-12 08:10:00,3393.7,3394.0,3392.0,3392.1,790
2025-08-12 08:15:00,3392.4,3392.8,3391.4,3391.9,526
2025-08-12 08:20:00,3392.0,3392.2,3387.1,3387.3,1823
2025-08-12 08:25:00,3387.2,3389.8,3386.5,3388.6,988
2025-08-12 08:30:00,3387.9,3404.0,3386.7,3400.4,6161
2025-08-12 08:35:00,3399.8,3399.8,3392.7,3397.0,2779
2025-08-12 08:40:00,3396.7,3401.9,3394.1,3397.4,2971
2025-08-12 08:45:00,3397.6,3406.5,3397.0,3406.3,3129
2025-08-12 08:50:00,3406.3,3406.6,3397.2,3399.8,2918
2025-08-12 08:55:00,3400.1,3400.5,3395.9,3398.0,1679
2025-08-12 09:00:00,3397.9,3402.8,3396.3,3399.5,2197
2025-08-12 09:05:00,3399.7,3400.7,3394.7,3396.2,1786
2025-08-12 09:10:00,3396.4,3398.1,3390.4,3392.3,2740
2025-08-12 09:15:00,3392.4,3398.5,3391.9,3394.0,2239
2025-08-12 09:20:00,3393.9,3396.8,3392.9,3396.0,1164
2025-08-12 09:25:00,3395.9,3398.2,3393.4,3397.1,1313
2025-08-12 09:30:00,3397.1,3399.9,3395.4,3396.3,1795
2025-08-12 09:35:00,3396.7,3396.8,3389.8,3390.2,2466
2025-08-12 09:40:00,3390.3,3406.1,3389.3,3404.9,6181
2025-08-12 09:45:00,3404.9,3407.8,3395.9,3401.0,8325
2025-08-12 09:50:00,3400.9,3401.4,3393.1,3395.3,3254
2025-08-12 09:55:00,3395.5,3398.4,3394.5,3395.1,1867
2025-08-12 10:00:00,3395.1,3396.4,3391.7,3392.7,2611
2025-08-12 10:05:00,3392.6,3394.7,3392.4,3393.1,1249
2025-08-12 10:10:00,3392.8,3393.0,3384.7,3384.9,3837
2025-08-12 10:15:00,3385.0,3385.3,3378.6,3381.1,5879
2025-08-12 10:20:00,3381.3,3384.4,3379.6,3383.4,2745
2025-08-12 10:25:00,3383.3,3387.1,3383.0,3384.7,2444
2025-08-12 10:30:00,3384.5,3388.4,3382.6,3386.7,2135
2025-08-12 10:35:00,3386.7,3388.3,3385.0,3385.7,1065
2025-08-12 10:40:00,3385.7,3387.1,3384.6,3385.3,749
2025-08-12 10:45:00,3385.1,3385.3,3381.0,3381.7,1507
2025-08-12 10:50:00,3381.7,3385.2,3381.5,3384.1,1242
2025-08-12 10:55:00,3383.9,3388.2,3382.3,3387.0,1260
2025-08-12 11:00:00,3386.9,3391.8,3386.3,3390.9,1898
2025-08-12 11:05:00,3391.0,3392.0,3390.3,3391.2,938
2025-08-12 11:10:00,3391.1,3395.4,3391.1,3393.4,1631
2025-08-12 11:15:00,3393.3,3396.1,3391.9,3395.6,1368
2025-08-12 11:20:00,3395.4,3398.8,3395.1,3398.5,1723
2025-08-12 11:25:00,3398.4,3410.9,3398.0,3406.2,5981
2025-08-12 11:30:00,3406.4,3409.6,3400.5,3402.1,4300
2025-08-12 11:35:00,3402.0,3404.1,3400.9,3402.3,1720
2025-08-12 11:40:00,3402.3,3404.9,3401.8,3403.5,1437
2025-08-12 11:45:00,3403.5,3403.8,3401.8,3402.2,809
2025-08-12 11:50:00,3402.2,3404.5,3398.8,3400.5,1675
2025-08-12 11:55:00,3400.5,3402.3,3399.9,3400.3,880
2025-08-12 12:00:00,3400.4,3400.9,3398.0,3399.3,1046
2025-08-12 12:05:00,3399.4,3401.3,3398.7,3399.9,691
2025-08-12 12:10:00,3400.0,3400.1,3396.7,3397.2,905
2025-08-12 12:15:00,3397.2,3398.0,3396.3,3397.5,764
2025-08-12 12:20:00,3397.3,3398.8,3397.3,3397.7,580
2025-08-12 12:25:00,3397.5,3399.2,3397.0,3398.9,564
2025-08-12 12:30:00,3398.9,3401.1,3397.0,3401.0,1057
2025-08-12 12:35:00,3400.9,3401.5,3398.5,3399.4,820
2025-08-12 12:40:00,3399.6,3400.8,3398.8,3399.3,515
2025-08-12 12:45:00,3399.4,3400.0,3397.3,3398.7,541
2025-08-12 12:50:00,3398.6,3400.9,3398.6,3399.8,515
2025-08-12 12:55:00,3400.0,3400.8,3399.0,3400.8,298
2025-08-12 13:00:00,3400.7,3400.9,3399.1,3399.2,392
2025-08-12 13:05:00,3399.3,3400.8,3399.3,3400.3,235
2025-08-12 13:10:00,3400.3,3401.7,3399.4,3401.5,282
2025-08-12 13:15:00,3401.3,3401.6,3399.4,3400.8,407
2025-08-12 13:20:00,3400.7,3402.7,3400.4,3401.1,520
2025-08-12 13:25:00,3401.1,3401.2,3398.2,3399.0,780
2025-08-12 13:30:00,3398.9,3400.3,3398.7,3399.2,360
2025-08-12 13:35:00,3399.4,3400.9,3399.2,3400.7,294
2025-08-12 13:40:00,3400.5,3400.6,3398.7,3399.2,209
2025-08-12 13:45:00,3399.1,3399.8,3398.4,3398.6,369
2025-08-12 13:50:00,3398.5,3399.2,3397.3,3398.7,583
2025-08-12 13:55:00,3398.7,3399.9,3398.2,3399.8,161
2025-08-12 14:00:00,3399.7,3401.0,3399.1,3400.7,426
2025-08-12 14:05:00,3400.9,3401.7,3399.3,3400.7,470
2025-08-12 14:10:00,3400.7,3400.8,3399.9,3400.0,252
2025-08-12 14:15:00,3400.0,3401.5,3399.8,3399.9,269
2025-08-12 14:20:00,3400.0,3400.2,3398.6,3399.1,314
2025-08-12 14:25:00,3399.1,3399.7,3398.6,3399.6,203
2025-08-12 14:30:00,3399.5,3400.1,3399.5,3399.9,155
2025-08-12 14:35:00,3399.7,3400.0,3398.6,3398.6,216
2025-08-12 14:40:00,3398.6,3399.1,3397.7,3398.8,307
2025-08-12 14:45:00,3398.8,3399.3,3398.0,3399.1,244
2025-08-12 14:50:00,3399.1,3399.4,3398.5,3399.2,133
2025-08-12 14:55:00,3399.5,3399.8,3398.6,3399.0,191
2025-08-12 15:00:00,3398.9,3399.4,3398.6,3399.2,187
2025-08-12 15:05:00,3399.1,3399.2,3395.7,3396.8,625
2025-08-12 15:10:00,3396.7,3397.9,3396.1,3397.2,366
2025-08-12 15:15:00,3397.3,3397.6,3396.9,3397.5,192
2025-08-12 15:20:00,3397.5,3397.9,3396.8,3397.9,269
2025-08-12 15:25:00,3397.8,3399.9,3397.6,3399.7,359
2025-08-12 15:30:00,3399.7,3400.8,3399.5,3399.9,597
2025-08-12 15:35:00,3400.1,3400.5,3399.4,3399.5,246
2025-08-12 15:40:00,3399.6,3399.8,3398.8,3399.5,241
2025-08-12 15:45:00,3399.3,3399.9,3399.2,3399.3,171
2025-08-12 15:50:00,3399.6,3399.7,3398.6,3398.6,169
2025-08-12 15:55:00,3398.6,3399.8,3398.0,3398.8,354
2025-08-12 16:00:00,3398.8,3399.2,3397.5,3397.6,250
2025-08-12 16:05:00,3397.7,3398.3,3397.2,3397.8,295
2025-08-12 16:10:00,3397.7,3398.9,3397.5,3398.2,427
2025-08-12 16:15:00,3398.1,3399.5,3397.5,3398.9,358
2025-08-12 16:20:00,3399.1,3399.6,3398.9,3399.6,71
2025-08-12 16:25:00,3399.4,3399.8,3399.2,3399.4,131
2025-08-12 16:30:00,3399.5,3400.0,3398.8,3399.3,233
2025-08-12 16:35:00,3399.4,3399.6,3399.0,3399.5,109
2025-08-12 16:40:00,3399.5,3401.1,3399.4,3401.0,169
2025-08-12 16:45:00,3401.0,3401.8,3400.8,3401.1,244
2025-08-12 16:50:00,3400.9,3401.0,3399.5,3400.0,177
2025-08-12 16:55:00,3399.9,3400.0,3398.9,3400.0,238
2025-08-12 18:00:00,3400.0,3403.1,3399.0,3401.2,539
2025-08-12 18:05:00,3401.1,3402.0,3400.1,3401.3,240
2025-08-12 18:10:00,3401.5,3402.8,3401.1,3402.6,190
2025-08-12 18:15:00,3402.4,3404.9,3402.3,3403.3,433
2025-08-12 18:20:00,3403.3,3404.5,3403.2,3403.5,328
2025-08-12 18:25:00,3403.7,3403.7,3402.2,3403.2,178
2025-08-12 18:30:00,3403.1,3403.3,3402.5,3402.8,96
2025-08-12 18:35:00,3402.7,3402.8,3401.7,3402.5,152
2025-08-12 18:40:00,3402.4,3402.6,3401.6,3401.7,183
2025-08-12 18:45:00,3401.5,3402.8,3401.4,3402.7,99
2025-08-12 18:50:00,3402.6,3402.7,3401.5,3401.5,122
2025-08-12 18:55:00,3401.5,3401.8,3401.0,3401.7,140
2025-08-12 19:00:00,3401.9,3402.8,3401.7,3402.6,120
2025-08-12 19:05:00,3402.6,3402.6,3401.4,3402.2,170
2025-08-12 19:10:00,3402.3,3403.2,3401.7,3402.6,149
2025-08-12 19:15:00,3402.4,3403.2,3402.3,3402.9,144
2025-08-12 19:20:00,3402.8,3403.8,3402.7,3403.3,148
2025-08-12 19:25:00,3403.3,3403.8,3402.7,3402.9,212
2025-08-12 19:30:00,3402.9,3403.2,3401.8,3402.2,217
2025-08-12 19:35:00,3402.2,3403.0,3401.8,3403.0,148
2025-08-12 19:40:00,3403.1,3403.1,3401.9,3402.3,114
2025-08-12 19:45:00,3402.2,3402.3,3400.5,3401.7,339
2025-08-12 19:50:00,3401.6,3402.4,3401.3,3401.3,138
2025-08-12 19:55:00,3401.3,3401.8,3401.1,3401.5,75
2025-09-11 00:00:00,3669.8,3671.2,3669.5,3670.9,469
2025-09-11 00:05:00,3670.9,3671.6,3670.3,3671.3,454
2025-09-11 00:10:00,3671.3,3672.6,3671.0,3671.6,612
2025-09-11 00:15:00,3671.7,3672.0,3671.2,3671.8,195
2025-09-11 00:20:00,3671.8,3672.1,3670.3,3670.6,318
2025-09-11 00:25:00,3670.6,3671.3,3670.2,3671.1,361
2025-09-11 00:30:00,3671.1,3672.2,3671.1,3671.4,360
2025-09-11 00:35:00,3671.3,3671.3,3669.0,3669.5,438
2025-09-11 00:40:00,3669.4,3670.2,3667.5,3669.3,721
2025-09-11 00:45:00,3669.3,3669.3,3667.9,3668.0,242
2025-09-11 00:50:00,3667.9,3669.4,3667.8,3669.4,289
2025-09-11 00:55:00,3669.5,3669.8,3668.1,3668.4,355
2025-09-11 01:00:00,3668.3,3669.4,3667.2,3669.0,655
2025-09-11 01:05:00,3668.9,3668.9,3666.5,3667.2,1085
2025-09-11 01:10:00,3667.2,3667.8,3666.6,3667.4,584
2025-09-11 01:15:00,3667.1,3667.9,3666.3,3666.5,442
2025-09-11 01:20:00,3666.5,3667.2,3666.3,3667.0,367
2025-09-11 01:25:00,3667.0,3668.4,3665.9,3667.8,718
2025-09-11 01:30:00,3667.7,3667.8,3661.8,3666.9,2879
2025-09-11 01:35:00,3667.0,3670.2,3666.9,3669.5,1486
2025-09-11 01:40:00,3669.4,3670.1,3666.2,3666.5,1067
2025-09-11 01:45:00,3666.4,3666.4,3664.4,3665.8,1084
2025-09-11 01:50:00,3665.8,3666.6,3663.1,3663.9,973
2025-09-11 01:55:00,3663.8,3666.0,3661.3,3663.2,1987
2025-09-11 02:00:00,3662.9,3665.8,3660.5,3664.2,1855
2025-09-11 02:05:00,3664.3,3669.9,3664.2,3669.6,1551
2025-09-11 02:10:00,3669.6,3670.9,3669.0,3669.6,1197
2025-09-11 02:15:00,3669.8,3670.4,3668.3,3669.7,820
2025-09-11 02:20:00,3669.7,3671.6,3668.9,3669.1,1141
2025-09-11 02:25:00,3669.3,3671.5,3668.6,3670.8,727
2025-09-11 02:30:00,3670.9,3671.9,3669.3,3671.5,1015
2025-09-11 02:35:00,3671.5,3672.9,3670.0,3671.3,756
2025-09-11 02:40:00,3671.1,3674.5,3671.0,3674.0,907
2025-09-11 02:45:00,3673.9,3675.5,3672.6,3673.0,1146
2025-09-11 02:50:00,3673.0,3673.8,3671.7,3673.0,639
2025-09-11 02:55:00,3672.7,3672.7,3669.8,3670.9,777
2025-09-11 03:00:00,3670.8,3671.1,3666.4,3667.6,1168
2025-09-11 03:05:00,3667.3,3668.4,3663.3,3663.9,1576
2025-09-11 03:10:00,3664.0,3667.4,3663.7,3665.2,1131
2025-09-11 03:15:00,3665.1,3666.3,3661.6,3663.0,1065
2025-09-11 03:20:00,3662.8,3665.9,3662.7,3665.3,644
2025-09-11 03:25:00,3665.0,3667.9,3662.9,3663.4,1000
2025-09-11 03:30:00,3663.1,3665.0,3661.4,3664.3,764
2025-09-11 03:35:00,3664.3,3666.3,3663.7,3666.3,444
2025-09-11 03:40:00,3666.0,3667.3,3665.7,3665.7,491
2025-09-11 03:45:00,3665.6,3666.1,3664.1,3666.1,567
2025-09-11 03:50:00,3666.1,3666.9,3664.3,3665.6,473
2025-09-11 03:55:00,3665.6,3667.7,3665.3,3667.7,396
2025-09-11 04:00:00,3667.7,3669.6,3667.1,3669.2,949
2025-09-11 04:05:00,3669.2,3669.3,3666.7,3667.7,596
2025-09-11 04:10:00,3667.6,3667.7,3664.9,3667.2,696
2025-09-11 04:15:00,3667.0,3668.1,3666.4,3667.3,307
2025-09-11 04:20:00,3667.4,3668.1,3666.8,3667.8,179
2025-09-11 04:25:00,3667.8,3668.1,3666.8,3667.0,228
2025-09-11 04:30:00,3667.0,3667.4,3664.8,3665.5,440
2025-09-11 04:35:00,3665.6,3665.8,3664.2,3665.2,485
2025-09-11 04:40:00,3665.3,3666.3,3664.5,3664.7,360
2025-09-11 04:45:00,3664.7,3666.1,3664.3,3666.1,333
2025-09-11 04:50:00,3666.0,3669.0,3665.8,3667.4,554
2025-09-11 04:55:00,3667.3,3667.3,3663.7,3664.4,582
2025-09-11 05:00:00,3664.2,3664.2,3660.0,3661.2,1318
2025-09-11 05:05:00,3661.0,3661.6,3659.4,3659.5,754
2025-09-11 05:10:00,3659.6,3661.3,3656.4,3656.5,1669
2025-09-11 05:15:00,3656.5,3657.1,3651.8,3655.6,3625
2025-09-11 05:20:00,3655.6,3656.8,3654.6,3655.3,824
2025-09-11 05:25:00,3655.3,3656.3,3654.4,3654.8,703
2025-09-11 05:30:00,3654.6,3659.0,3654.5,3657.4,868
2025-09-11 05:35:00,3657.4,3658.3,3655.9,3657.4,672
2025-09-11 05:40:00,3657.3,3657.9,3656.3,3657.1,275
2025-09-11 05:45:00,3657.2,3661.0,3656.8,3660.5,853
2025-09-11 05:50:00,3660.3,3660.4,3658.4,3659.0,637
2025-09-11 05:55:00,3659.0,3659.6,3657.8,3659.6,396
2025-09-11 06:00:00,3659.8,3659.9,3657.6,3658.7,502
2025-09-11 06:05:00,3658.6,3659.7,3657.6,3659.7,621
2025-09-11 06:10:00,3659.8,3660.8,3659.1,3660.3,459
2025-09-11 06:15:00,3660.3,3661.2,3659.6,3660.8,200
2025-09-11 06:20:00,3660.8,3662.0,3660.2,3660.7,311
2025-09-11 06:25:00,3660.7,3660.8,3658.4,3658.9,470
2025-09-11 06:30:00,3658.9,3659.7,3657.7,3659.5,416
2025-09-11 06:35:00,3659.6,3663.3,3659.6,3661.0,734
2025-09-11 06:40:00,3661.1,3661.4,3657.9,3660.5,590
2025-09-11 06:45:00,3660.7,3662.0,3660.6,3661.2,282
2025-09-11 06:50:00,3661.5,3662.2,3660.4,3661.0,323
2025-09-11 06:55:00,3661.1,3661.1,3659.1,3659.9,344
2025-09-11 07:00:00,3659.9,3660.2,3658.5,3659.2,343
2025-09-11 07:05:00,3659.0,3659.9,3658.1,3658.6,502
2025-09-11 07:10:00,3658.4,3658.8,3657.1,3658.0,616
2025-09-11 07:15:00,3657.7,3658.5,3657.5,3658.2,350
2025-09-11 07:20:00,3658.0,3659.0,3657.3,3658.1,256
2025-09-11 07:25:00,3658.2,3658.7,3657.4,3658.7,352
2025-09-11 07:30:00,3658.8,3659.2,3656.5,3657.7,577
2025-09-11 07:35:00,3657.7,3658.0,3655.4,3655.9,786
2025-09-11 07:40:00,3655.9,3656.1,3652.7,3653.3,1091
2025-09-11 07:45:00,3653.1,3655.9,3653.1,3654.5,702
2025-09-11 07:50:00,3654.5,3655.7,3654.0,3655.7,532
2025-09-11 07:55:00,3655.8,3656.4,3654.2,3655.1,479
2025-09-11 08:00:00,3655.1,3657.9,3654.7,3656.8,788
2025-09-11 08:05:00,3656.9,3659.0,3656.9,3657.2,919
2025-09-11 08:10:00,3657.3,3658.7,3655.7,3658.2,548
2025-09-11 08:15:00,3658.3,3658.7,3655.8,3657.5,600
2025-09-11 08:20:00,3657.7,3665.0,3657.7,3663.1,2261
2025-09-11 08:25:00,3662.9,3662.9,3659.9,3662.3,1237
2025-09-11 08:30:00,3662.2,3679.5,3650.0,3677.1,14327
2025-09-11 08:35:00,3677.5,3681.9,3673.9,3676.2,6359
2025-09-11 08:40:00,3676.1,3677.4,3669.0,3674.8,5472
2025-09-11 08:45:00,3674.7,3674.9,3664.5,3668.6,4700
2025-09-11 08:50:00,3668.8,3669.9,3663.7,3668.9,2969
2025-09-11 08:55:00,3669.0,3669.2,3664.2,3666.7,1959
2025-09-11 09:00:00,3666.9,3673.5,3665.1,3671.4,3638
2025-09-11 09:05:00,3671.2,3674.6,3670.7,3673.5,1623
2025-09-11 09:10:00,3673.5,3675.3,3670.3,3672.1,1891
2025-09-11 09:15:00,3672.2,3672.4,3660.6,3662.7,4175
2025-09-11 09:20:00,3662.6,3667.3,3657.8,3664.6,4345
2025-09-11 09:25:00,3664.6,3665.0,3658.8,3659.2,2838
2025-09-11 09:30:00,3659.6,3665.2,3659.3,3661.1,3064
2025-09-11 09:35:00,3661.0,3662.7,3655.5,3661.7,4084
2025-09-11 09:40:00,3661.8,3668.2,3659.1,3666.4,3413
2025-09-11 09:45:00,3666.3,3669.8,3663.9,3666.0,3298
2025-09-11 09:50:00,3665.8,3670.3,3664.8,3669.2,1753
2025-09-11 09:55:00,3669.1,3670.8,3667.3,3667.9,1954
2025-09-11 10:00:00,3667.7,3669.2,3663.3,3664.3,3368
2025-09-11 10:05:00,3664.6,3672.4,3664.2,3671.6,2747
2025-09-11 10:10:00,3671.5,3672.6,3670.1,3671.5,1667
2025-09-11 10:15:00,3671.8,3675.9,3670.9,3675.0,1812
2025-09-11 10:20:00,3675.0,3675.3,3672.4,3675.2,1154
2025-09-11 10:25:00,3675.3,3676.3,3672.8,3673.3,1517
2025-09-11 10:30:00,3673.4,3673.8,3670.7,3671.7,1434
2025-09-11 10:35:00,3671.8,3672.7,3669.1,3669.5,1420
2025-09-11 10:40:00,3669.6,3670.1,3665.0,3665.1,2115
2025-09-11 10:45:00,3665.0,3668.3,3664.8,3668.0,1630
2025-09-11 10:50:00,3668.0,3669.0,3666.5,3667.3,1248
2025-09-11 10:55:00,3667.0,3668.6,3666.0,3668.0,593
2025-09-11 11:00:00,3668.1,3671.4,3668.1,3670.5,1602
2025-09-11 11:05:00,3670.4,3672.3,3669.6,3669.7,926
2025-09-11 11:10:00,3669.6,3672.4,3669.6,3672.4,607
2025-09-11 11:15:00,3672.5,3675.2,3672.0,3675.2,1485
2025-09-11 11:20:00,3675.1,3677.0,3674.3,3676.9,1580
2025-09-11 11:25:00,3677.0,3677.1,3673.9,3674.6,1454
2025-09-11 11:30:00,3674.4,3676.5,3673.4,3674.2,1368
2025-09-11 11:35:00,3674.4,3674.8,3672.3,3673.3,1043
2025-09-11 11:40:00,3673.2,3674.1,3672.6,3673.3,623
2025-09-11 11:45:00,3673.0,3673.3,3670.2,3670.8,953
2025-09-11 11:50:00,3670.9,3672.2,3670.0,3670.9,785
2025-09-11 11:55:00,3671.5,3672.5,3670.1,3672.2,762
2025-09-11 12:00:00,3672.1,3676.6,3672.0,3674.3,1613
2025-09-11 12:05:00,3674.4,3678.0,3674.4,3677.9,1547
2025-09-11 12:10:00,3678.0,3680.6,3677.7,3678.7,1968
2025-09-11 12:15:00,3678.6,3679.6,3675.0,3675.7,1413
2025-09-11 12:20:00,3675.3,3677.3,3674.6,3677.1,815
2025-09-11 12:25:00,3677.1,3677.3,3675.0,3675.5,685
2025-09-11 12:30:00,3675.6,3677.0,3674.7,3676.3,457
2025-09-11 12:35:00,3676.1,3677.6,3674.1,3674.3,956
2025-09-11 12:40:00,3674.2,3675.6,3672.5,3673.4,1029
2025-09-11 12:45:00,3673.5,3674.4,3671.5,3674.2,844
2025-09-11 12:50:00,3674.2,3675.1,3673.3,3674.7,485
2025-09-11 12:55:00,3674.5,3675.5,3673.8,3674.1,467
2025-09-11 13:00:00,3674.4,3674.6,3670.3,3671.4,928
2025-09-11 13:05:00,3671.2,3673.2,3670.9,3671.5,638
2025-09-11 13:10:00,3671.5,3672.6,3670.0,3671.2,726
2025-09-11 13:15:00,3671.2,3674.3,3671.2,3673.5,621
2025-09-11 13:20:00,3673.4,3674.3,3672.7,3673.9,632
2025-09-11 13:25:00,3674.1,3674.9,3673.0,3673.8,853
2025-09-11 13:30:00,3673.9,3675.3,3673.1,3674.9,640
2025-09-11 13:35:00,3674.7,3675.2,3673.8,3674.4,351
2025-09-11 13:40:00,3674.4,3674.6,3672.4,3672.9,580
2025-09-11 13:45:00,3672.9,3673.6,3671.6,3672.7,395
2025-09-11 13:50:00,3672.6,3674.4,3672.6,3673.8,407
2025-09-11 13:55:00,3673.6,3673.6,3672.8,3673.1,198
2025-09-11 14:00:00,3673.1,3674.2,3672.9,3673.7,341
2025-09-11 14:05:00,3673.7,3675.0,3673.7,3674.5,434
2025-09-11 14:10:00,3674.6,3675.3,3672.4,3673.0,611
2025-09-11 14:15:00,3673.0,3673.4,3670.8,3670.9,764
2025-09-11 14:20:00,3670.9,3673.0,3670.9,3672.4,506
2025-09-11 14:25:00,3672.3,3672.3,3670.9,3670.9,400
2025-09-11 14:30:00,3671.1,3671.3,3669.3,3670.2,1087
2025-09-11 14:35:00,3670.3,3671.5,3669.8,3671.1,572
2025-09-11 14:40:00,3671.2,3671.3,3669.9,3670.6,674
2025-09-11 14:45:00,3670.5,3671.4,3670.4,3671.4,395
2025-09-11 14:50:00,3671.3,3672.5,3671.1,3672.0,539
2025-09-11 14:55:00,3672.0,3672.1,3671.2,3671.3,359
2025-09-11 15:00:00,3671.3,3673.1,3671.1,3672.9,743
2025-09-11 15:05:00,3672.8,3674.7,3672.6,3674.1,698
2025-09-11 15:10:00,3674.0,3674.4,3672.7,3673.4,958
2025-09-11 15:15:00,3673.5,3674.8,3672.8,3674.8,634
2025-09-11 15:20:00,3674.9,3676.4,3674.4,3675.0,980
2025-09-11 15:25:00,3674.8,3674.8,3673.0,3673.7,575
2025-09-11 15:30:00,3673.7,3675.6,3673.3,3675.1,511
2025-09-11 15:35:00,3675.3,3676.7,3675.3,3676.2,494
2025-09-11 15:40:00,3676.2,3676.5,3675.2,3675.3,304
2025-09-11 15:45:00,3675.4,3676.4,3675.3,3676.0,218
2025-09-11 15:50:00,3675.9,3676.3,3674.6,3674.6,296
2025-09-11 15:55:00,3674.8,3675.6,3674.4,3675.4,459
2025-09-11 16:00:00,3675.5,3675.8,3674.7,3675.1,343
2025-09-11 16:05:00,3675.0,3676.4,3675.0,3675.5,197
2025-09-11 16:10:00,3675.4,3675.4,3674.1,3674.6,146
2025-09-11 16:15:00,3674.5,3674.8,3674.4,3674.7,55
2025-09-11 16:20:00,3674.6,3675.2,3674.4,3675.0,102
2025-09-11 16:25:00,3675.1,3675.2,3673.7,3674.0,157
2025-09-11 16:30:00,3674.0,3674.2,3672.6,3672.7,221
2025-09-11 16:35:00,3672.6,3673.4,3672.5,3672.8,153
2025-09-11 16:40:00,3672.7,3673.1,3672.3,3672.6,288
2025-09-11 16:45:00,3672.9,3673.6,3672.4,3673.0,337
2025-09-11 16:50:00,3673.2,3673.3,3672.1,3672.6,199
2025-09-11 16:55:00,3672.4,3673.4,3672.1,3673.2,243
2025-09-11 18:00:00,3673.6,3674.9,3671.7,3674.3,586
2025-09-11 18:05:00,3674.4,3675.0,3673.9,3674.5,196
2025-09-11 18:10:00,3674.5,3675.3,3673.8,3675.3,170
2025-09-11 18:15:00,3675.3,3676.1,3674.8,3675.2,309
2025-09-11 18:20:00,3675.0,3676.5,3675.0,3675.7,246
2025-09-11 18:25:00,3675.6,3676.0,3675.3,3675.3,104
2025-09-11 18:30:00,3675.3,3675.4,3673.7,3673.7,355
2025-09-11 18:35:00,3673.9,3675.0,3673.7,3674.9,205
2025-09-11 18:40:00,3674.7,3674.7,3673.0,3673.5,262
2025-09-11 18:45:00,3673.3,3673.7,3671.3,3672.3,494
2025-09-11 18:50:00,3672.3,3672.9,3672.1,3672.6,152
2025-09-11 18:55:00,3672.5,3673.1,3672.4,3672.8,145
2025-09-11 19:00:00,3672.9,3674.1,3672.6,3673.1,279
2025-09-11 19:05:00,3673.2,3673.3,3671.9,3672.3,229
2025-09-11 19:10:00,3672.2,3672.2,3671.0,3671.8,216
2025-09-11 19:15:00,3671.6,3672.5,3671.3,3672.2,157
2025-09-11 19:20:00,3672.1,3673.3,3671.9,3673.2,217
2025-09-11 19:25:00,3673.1,3673.1,3671.8,3672.9,197
2025-09-11 19:30:00,3672.8,3673.5,3672.0,3672.0,291
2025-09-11 19:35:00,3672.0,3673.3,3672.0,3673.1,78
2025-09-11 19:40:00,3673.0,3673.3,3672.2,3672.5,122
2025-09-11 19:45:00,3672.5,3672.6,3670.4,3670.5,438
2025-09-11 19:50:00,3670.5,3670.7,3669.3,3669.9,594
2025-09-11 19:55:00,3669.9,3670.9,3669.0,3669.2,498
2025-10-15 00:00:00,4205.9,4206.4,4201.3,4204.5,1793
2025-10-15 00:05:00,4204.5,4205.8,4204.1,4205.2,855
2025-10-15 00:10:00,4205.0,4205.6,4203.4,4203.9,562
2025-10-15 00:15:00,4203.8,4204.5,4201.6,4201.8,754
2025-10-15 00:20:00,4201.7,4202.1,4198.8,4199.3,1476
2025-10-15 00:25:00,4199.2,4199.6,4192.4,4195.6,3586
2025-10-15 00:30:00,4195.7,4198.9,4193.7,4194.9,1704
2025-10-15 00:35:00,4194.7,4196.8,4193.3,4196.3,1209
2025-10-15 00:40:00,4196.0,4199.6,4194.8,4198.2,1635
2025-10-15 00:45:00,4198.5,4199.4,4196.8,4198.2,743
2025-10-15 00:50:00,4198.2,4199.0,4197.2,4197.9,421
2025-10-15 00:55:00,4197.9,4199.0,4197.5,4198.9,420
2025-10-15 01:00:00,4198.8,4199.6,4195.5,4198.1,1126
2025-10-15 01:05:00,4198.2,4203.8,4198.0,4203.4,1695
2025-10-15 01:10:00,4203.4,4209.2,4202.8,4208.1,2841
2025-10-15 01:15:00,4208.1,4209.0,4204.6,4208.1,1829
2025-10-15 01:20:00,4208.3,4210.5,4207.4,4209.3,2061
2025-10-15 01:25:00,4209.4,4210.5,4208.6,4210.0,1148
2025-10-15 01:30:00,4209.9,4210.9,4201.8,4204.3,3704
2025-10-15 01:35:00,4204.4,4208.0,4202.4,4203.0,1889
2025-10-15 01:40:00,4203.1,4211.2,4201.8,4206.3,3051
2025-10-15 01:45:00,4206.3,4208.7,4206.0,4207.7,1156
2025-10-15 01:50:00,4207.5,4209.7,4207.1,4208.4,1108
2025-10-15 01:55:00,4208.2,4208.7,4202.5,4203.8,1614
2025-10-15 02:00:00,4203.9,4205.7,4202.2,4205.1,2044
2025-10-15 02:05:00,4205.0,4210.2,4204.6,4209.4,1733
2025-10-15 02:10:00,4209.5,4211.7,4208.1,4210.1,1669
2025-10-15 02:15:00,4210.0,4210.7,4205.3,4206.4,1690
2025-10-15 02:20:00,4206.4,4209.5,4205.9,4208.0,966
2025-10-15 02:25:00,4208.1,4209.4,4206.1,4208.1,967
2025-10-15 02:30:00,4208.2,4208.8,4205.6,4207.0,872
2025-10-15 02:35:00,4207.2,4208.0,4205.3,4207.0,844
2025-10-15 02:40:00,4207.1,4212.2,4206.1,4211.8,1762
2025-10-15 02:45:00,4212.0,4215.1,4211.1,4213.9,2312
2025-10-15 02:50:00,4214.0,4216.7,4213.6,4216.1,1616
2025-10-15 02:55:00,4215.8,4218.1,4215.6,4217.1,1405
2025-10-15 03:00:00,4217.0,4217.3,4212.2,4216.4,2443
2025-10-15 03:05:00,4216.3,4218.4,4215.0,4218.3,1507
2025-10-15 03:10:00,4218.2,4218.6,4216.1,4217.2,909
2025-10-15 03:15:00,4217.2,4218.8,4216.4,4218.3,895
2025-10-15 03:20:00,4218.2,4218.2,4215.4,4218.0,945
2025-10-15 03:25:00,4218.2,4218.4,4216.5,4217.3,636
2025-10-15 03:30:00,4217.3,4219.4,4216.9,4218.1,1430
2025-10-15 03:35:00,4218.0,4226.6,4217.4,4223.7,4273
2025-10-15 03:40:00,4223.6,4225.2,4221.8,4223.2,1716
2025-10-15 03:45:00,4223.1,4224.5,4222.6,4224.0,737
2025-10-15 03:50:00,4224.1,4225.2,4222.2,4225.0,961
2025-10-15 03:55:00,4225.1,4228.0,4223.1,4225.8,2300
2025-10-15 04:00:00,4225.7,4227.6,4225.0,4226.9,1496
2025-10-15 04:05:00,4227.0,4232.8,4226.8,4232.0,2946
2025-10-15 04:10:00,4231.9,4234.2,4229.8,4230.6,2492
2025-10-15 04:15:00,4230.6,4235.8,4230.4,4235.1,2221
2025-10-15 04:20:00,4235.3,4235.8,4232.4,4233.3,1343
2025-10-15 04:25:00,4233.4,4233.9,4226.2,4228.4,3465
2025-10-15 04:30:00,4228.6,4234.6,4228.3,4232.4,2230
2025-10-15 04:35:00,4232.5,4233.9,4230.8,4233.8,1173
2025-10-15 04:40:00,4234.0,4234.1,4232.2,4232.7,693
2025-10-15 04:45:00,4232.7,4234.0,4231.4,4232.4,703
2025-10-15 04:50:00,4232.5,4234.5,4230.7,4231.8,957
2025-10-15 04:55:00,4231.9,4232.3,4225.1,4225.6,1621
2025-10-15 05:00:00,4225.7,4229.1,4224.3,4227.1,2014
2025-10-15 05:05:00,4227.1,4229.5,4223.7,4224.6,1848
2025-10-15 05:10:00,4224.9,4225.4,4219.5,4219.7,2717
2025-10-15 05:15:00,4219.8,4220.9,4207.3,4207.9,6247
2025-10-15 05:20:00,4208.0,4209.1,4180.0,4200.4,12389
2025-10-15 05:25:00,4200.5,4209.4,4196.6,4206.2,5662
2025-10-15 05:30:00,4206.0,4210.5,4204.3,4205.6,3208
2025-10-15 05:35:00,4205.5,4211.6,4203.7,4206.4,2808
2025-10-15 05:40:00,4206.3,4209.9,4204.8,4208.1,1717
2025-10-15 05:45:00,4207.7,4211.6,4205.6,4206.7,1845
2025-10-15 05:50:00,4206.7,4210.4,4206.6,4209.1,1274
2025-10-15 05:55:00,4209.2,4211.2,4207.3,4208.9,1188
2025-10-15 06:00:00,4208.8,4211.8,4207.4,4209.7,1570
2025-10-15 06:05:00,4209.6,4215.7,4208.2,4213.7,2434
2025-10-15 06:10:00,4213.5,4217.9,4213.2,4216.4,1966
2025-10-15 06:15:00,4216.4,4222.3,4216.4,4219.8,2546
2025-10-15 06:20:00,4219.7,4223.7,4213.0,4215.8,3001
2025-10-15 06:25:00,4216.0,4219.3,4214.8,4218.1,1439
2025-10-15 06:30:00,4218.2,4219.0,4216.4,4217.6,814
2025-10-15 06:35:00,4217.3,4218.2,4214.2,4214.6,1545
2025-10-15 06:40:00,4214.7,4215.3,4206.0,4208.1,2876
2025-10-15 06:45:00,4207.9,4213.1,4207.4,4212.9,1919
2025-10-15 06:50:00,4213.2,4216.9,4211.1,4216.7,1400
2025-10-15 06:55:00,4216.8,4219.3,4212.5,4218.8,1613
2025-10-15 07:00:00,4218.6,4219.7,4213.5,4215.1,1558
2025-10-15 07:05:00,4215.2,4218.2,4212.9,4217.4,1499
2025-10-15 07:10:00,4217.3,4218.4,4215.0,4217.9,1056
2025-10-15 07:15:00,4218.0,4218.2,4215.5,4216.3,615
2025-10-15 07:20:00,4216.1,4218.1,4215.6,4217.0,564
2025-10-15 07:25:00,4216.9,4218.9,4216.7,4217.8,506
2025-10-15 07:30:00,4217.9,4218.1,4213.2,4214.9,1555
2025-10-15 07:35:00,4214.7,4218.9,4213.7,4218.1,1523
2025-10-15 07:40:00,4218.1,4219.9,4212.3,4213.6,1726
2025-10-15 07:45:00,4213.7,4214.5,4209.0,4209.9,1544
2025-10-15 07:50:00,4209.6,4214.3,4209.4,4212.9,1623
2025-10-15 07:55:00,4213.3,4216.5,4212.3,4214.5,1429
2025-10-15 08:00:00,4214.5,4218.7,4213.8,4217.7,1296
2025-10-15 08:05:00,4217.5,4217.5,4213.3,4213.4,1038
2025-10-15 08:10:00,4213.4,4214.5,4208.1,4208.2,2463
2025-10-15 08:15:00,4208.4,4209.3,4197.2,4203.7,6433
2025-10-15 08:20:00,4204.1,4204.1,4194.5,4197.6,5654
2025-10-15 08:25:00,4197.8,4200.9,4195.0,4197.6,2662
2025-10-15 08:30:00,4196.8,4202.9,4191.2,4202.3,4385
2025-10-15 08:35:00,4202.1,4205.7,4200.4,4203.4,3632
2025-10-15 08:40:00,4203.3,4204.0,4201.0,4201.7,1509
2025-10-15 08:45:00,4201.7,4202.5,4197.4,4198.3,2026
2025-10-15 08:50:00,4198.3,4206.1,4197.5,4204.9,2754
2025-10-15 08:55:00,4204.8,4209.2,4203.3,4207.1,2477
2025-10-15 09:00:00,4207.2,4207.3,4198.7,4203.1,4117
2025-10-15 09:05:00,4203.3,4206.4,4200.7,4203.6,2407
2025-10-15 09:10:00,4203.6,4213.8,4203.5,4211.8,4156
2025-10-15 09:15:00,4211.6,4214.4,4209.5,4210.5,2820
2025-10-15 09:20:00,4210.5,4210.9,4204.4,4206.3,2650
2025-10-15 09:25:00,4206.3,4210.6,4206.2,4209.6,2512
2025-10-15 09:30:00,4209.6,4211.8,4198.7,4202.6,5594
2025-10-15 09:35:00,4202.5,4209.5,4199.3,4208.6,4284
2025-10-15 09:40:00,4208.6,4214.0,4206.1,4209.9,4547
2025-10-15 09:45:00,4209.8,4210.8,4202.0,4208.9,3647
2025-10-15 09:50:00,4209.1,4212.5,4206.0,4209.8,2773
2025-10-15 09:55:00,4209.9,4210.8,4206.2,4207.6,2784
2025-10-15 10:00:00,4207.7,4221.2,4207.3,4216.8,7584
2025-10-15 10:05:00,4217.3,4222.2,4215.8,4221.6,4369
2025-10-15 10:10:00,4221.6,4227.8,4220.7,4224.1,5216
2025-10-15 10:15:00,4224.2,4225.0,4219.8,4224.4,4509
2025-10-15 10:20:00,4224.4,4227.6,4222.7,4225.3,3017
2025-10-15 10:25:00,4225.2,4226.1,4221.4,4222.9,3518
2025-10-15 10:30:00,4223.2,4224.3,4217.7,4218.4,3176
2025-10-15 10:35:00,4218.4,4219.6,4212.5,4214.4,4325
2025-10-15 10:40:00,4214.1,4216.8,4210.7,4215.0,4331
2025-10-15 10:45:00,4214.6,4220.2,4214.2,4218.3,3219
2025-10-15 10:50:00,4218.5,4218.7,4210.8,4211.5,3446
2025-10-15 10:55:00,4211.4,4216.5,4207.5,4216.3,5051
2025-10-15 11:00:00,4216.2,4218.0,4209.7,4211.9,4228
2025-10-15 11:05:00,4211.9,4218.0,4211.3,4217.6,3105
2025-10-15 11:10:00,4217.8,4218.9,4212.9,4216.4,3148
2025-10-15 11:15:00,4216.5,4220.2,4215.0,4220.0,3867
2025-10-15 11:20:00,4220.0,4220.3,4215.8,4218.8,2432
2025-10-15 11:25:00,4218.5,4221.8,4218.5,4220.3,2368
2025-10-15 11:30:00,4220.2,4220.7,4205.2,4208.6,4676
2025-10-15 11:35:00,4208.3,4211.2,4202.8,4210.2,5617
2025-10-15 11:40:00,4209.8,4215.3,4208.5,4212.2,3515
2025-10-15 11:45:00,4212.4,4216.4,4206.1,4207.6,3230
2025-10-15 11:50:00,4207.4,4207.4,4196.0,4206.4,6817
2025-10-15 11:55:00,4206.1,4210.7,4202.8,4206.6,2997
2025-10-15 12:00:00,4206.9,4208.9,4204.0,4208.8,2391
2025-10-15 12:05:00,4208.8,4212.9,4205.0,4208.4,2955
2025-10-15 12:10:00,4208.5,4208.5,4202.4,4207.4,2796
2025-10-15 12:15:00,4207.4,4213.1,4207.2,4210.8,2308
2025-10-15 12:20:00,4210.6,4215.9,4209.6,4215.4,2613
2025-10-15 12:25:00,4215.5,4216.3,4212.4,4213.5,1743
2025-10-15 12:30:00,4213.7,4214.9,4209.4,4211.8,1657
2025-10-15 12:35:00,4211.5,4212.5,4206.1,4206.8,1942
2025-10-15 12:40:00,4206.8,4213.1,4206.3,4213.1,1860
2025-10-15 12:45:00,4213.0,4214.0,4209.2,4213.2,1412
2025-10-15 12:50:00,4213.2,4214.2,4211.1,4211.6,1017
2025-10-15 12:55:00,4211.5,4216.7,4211.1,4215.6,1819
2025-10-15 13:00:00,4215.4,4215.9,4212.6,4214.5,1422
2025-10-15 13:05:00,4214.2,4216.2,4210.3,4212.6,1479
2025-10-15 13:10:00,4212.4,4212.5,4198.5,4201.3,4897
2025-10-15 13:15:00,4201.2,4208.7,4199.6,4205.2,4408
2025-10-15 13:20:00,4205.0,4209.4,4201.4,4203.0,2802
2025-10-15 13:25:00,4203.2,4207.4,4198.3,4204.7,3542
2025-10-15 13:30:00,4204.8,4208.2,4202.2,4205.0,2053
2025-10-15 13:35:00,4204.7,4207.8,4203.6,4207.0,1196
2025-10-15 13:40:00,4206.8,4209.4,4206.6,4209.0,1115
2025-10-15 13:45:00,4209.0,4213.4,4208.3,4210.2,2346
2025-10-15 13:50:00,4210.1,4213.4,4209.9,4212.5,1044
2025-10-15 13:55:00,4212.7,4214.3,4211.0,4214.3,1169
2025-10-15 14:00:00,4214.4,4218.7,4213.1,4217.5,3063
2025-10-15 14:05:00,4217.7,4221.7,4217.6,4220.4,3299
2025-10-15 14:10:00,4220.3,4222.3,4216.2,4218.1,2410
2025-10-15 14:15:00,4218.1,4218.7,4214.6,4216.3,1505
2025-10-15 14:20:00,4216.1,4216.9,4213.4,4216.5,1496
2025-10-15 14:25:00,4216.5,4218.2,4215.1,4216.6,1423
2025-10-15 14:30:00,4216.2,4218.4,4214.7,4216.9,982
2025-10-15 14:35:00,4216.9,4217.6,4215.3,4217.0,561
2025-10-15 14:40:00,4216.7,4217.9,4216.0,4217.0,569
2025-10-15 14:45:00,4217.1,4217.1,4214.0,4215.5,926
2025-10-15 14:50:00,4215.5,4218.4,4215.1,4216.7,839
2025-10-15 14:55:00,4216.8,4219.8,4215.9,4218.9,1157
2025-10-15 15:00:00,4218.8,4223.2,4218.4,4222.0,1623
2025-10-15 15:05:00,4222.0,4222.8,4219.5,4221.9,1113
2025-10-15 15:10:00,4221.8,4223.5,4220.4,4223.0,881
2025-10-15 15:15:00,4223.1,4228.0,4222.5,4227.8,2148
2025-10-15 15:20:00,4227.8,4228.9,4226.1,4226.7,1771
2025-10-15 15:25:00,4226.6,4228.5,4225.4,4228.0,1312
2025-10-15 15:30:00,4227.7,4229.6,4227.4,4227.8,1509
2025-10-15 15:35:00,4227.8,4228.4,4223.1,4223.7,2143
2025-10-15 15:40:00,4223.6,4224.5,4222.0,4223.1,1435
2025-10-15 15:45:00,4223.1,4228.6,4222.8,4228.1,2236
2025-10-15 15:50:00,4227.9,4228.7,4226.4,4228.0,1431
2025-10-15 15:55:00,4228.0,4229.2,4225.5,4226.0,1617
2025-10-15 16:00:00,4226.1,4228.6,4224.2,4226.9,1384
2025-10-15 16:05:00,4227.0,4227.2,4224.9,4225.7,477
2025-10-15 16:10:00,4225.8,4228.0,4224.8,4225.1,714
2025-10-15 16:15:00,4225.1,4226.4,4223.7,4224.2,678
2025-10-15 16:20:00,4223.9,4225.0,4221.9,4224.6,815
2025-10-15 16:25:00,4224.4,4226.0,4223.5,4224.1,633
2025-10-15 16:30:00,4224.2,4225.2,4223.9,4224.0,454
2025-10-15 16:35:00,4223.9,4228.1,4223.6,4227.6,699
2025-10-15 16:40:00,4227.4,4228.2,4226.3,4228.0,499
2025-10-15 16:45:00,4227.4,4227.6,4226.4,4226.4,434
2025-10-15 16:50:00,4226.7,4227.4,4224.1,4224.1,537
2025-10-15 16:55:00,4224.2,4225.9,4224.0,4225.0,664
2025-10-15 18:00:00,4225.0,4229.9,4222.1,4228.9,1585
2025-10-15 18:05:00,4228.9,4229.4,4221.0,4222.1,1663
2025-10-15 18:10:00,4221.9,4224.8,4218.7,4220.2,1793
2025-10-15 18:15:00,4220.4,4223.3,4214.5,4222.6,2294
2025-10-15 18:20:00,4222.5,4228.0,4221.7,4225.3,1699
2025-10-15 18:25:00,4225.3,4227.1,4223.6,4226.7,858
2025-10-15 18:30:00,4226.8,4228.6,4225.0,4225.6,993
2025-10-15 18:35:00,4225.9,4230.9,4225.9,4229.5,1072
2025-10-15 18:40:00,4229.7,4230.7,4228.0,4230.2,1078
2025-10-15 18:45:00,4230.2,4230.5,4226.8,4227.2,1045
2025-10-15 18:50:00,4227.0,4229.3,4226.6,4228.8,590
2025-10-15 18:55:00,4228.7,4229.1,4226.4,4227.5,732
2025-10-15 19:00:00,4227.5,4230.3,4226.0,4226.0,1007
2025-10-15 19:05:00,4226.0,4227.3,4222.8,4223.4,1203
2025-10-15 19:10:00,4223.3,4226.9,4222.2,4224.6,1316
2025-10-15 19:15:00,4224.4,4226.8,4222.5,4223.8,1041
2025-10-15 19:20:00,4224.0,4226.5,4223.7,4224.8,562
2025-10-15 19:25:00,4224.9,4226.7,4224.3,4226.2,477
2025-10-15 19:30:00,4226.0,4227.1,4224.2,4224.8,692
2025-10-15 19:35:00,4224.8,4225.8,4222.6,4222.8,711
2025-10-15 19:40:00,4222.6,4223.4,4220.1,4222.1,1398
2025-10-15 19:45:00,4222.0,4224.9,4220.9,4223.0,1581
2025-10-15 19:50:00,4222.8,4224.0,4220.5,4222.9,909
2025-10-15 19:55:00,4222.7,4225.4,4221.0,4223.2,1074
2025-11-13 00:00:00,4213.4,4215.6,4211.6,4213.0,1115
2025-11-13 00:05:00,4213.1,4219.9,4213.1,4219.6,2030
2025-11-13 00:10:00,4219.4,4221.3,4217.0,4220.7,2194
2025-11-13 00:15:00,4221.0,4221.6,4218.1,4219.5,1241
2025-11-13 00:20:00,4219.5,4220.0,4216.6,4216.8,1032
2025-11-13 00:25:00,4216.7,4219.4,4215.6,4216.0,1346
2025-11-13 00:30:00,4216.2,4219.6,4213.6,4217.9,2252
2025-11-13 00:35:00,4218.1,4219.6,4215.3,4218.8,1372
2025-11-13 00:40:00,4219.1,4220.9,4217.5,4218.9,1368
2025-11-13 00:45:00,4218.8,4220.4,4216.3,4216.5,1675
2025-11-13 00:50:00,4216.3,4219.3,4211.0,4218.9,2505
2025-11-13 00:55:00,4218.9,4219.0,4214.3,4216.0,1364
2025-11-13 01:00:00,4215.8,4215.8,4208.8,4211.1,2816
2025-11-13 01:05:00,4211.3,4214.9,4211.1,4213.9,1564
2025-11-13 01:10:00,4213.9,4214.0,4209.5,4209.9,1150
2025-11-13 01:15:00,4209.5,4211.7,4206.8,4210.7,2001
2025-11-13 01:20:00,4210.5,4212.7,4209.9,4211.5,1366
2025-11-13 01:25:00,4211.3,4215.2,4211.2,4213.0,1704
2025-11-13 01:30:00,4212.8,4213.9,4210.6,4213.0,958
2025-11-13 01:35:00,4213.0,4213.6,4209.6,4210.2,808
2025-11-13 01:40:00,4209.9,4212.1,4209.3,4209.9,812
2025-11-13 01:45:00,4209.7,4211.8,4209.1,4211.3,793
2025-11-13 01:50:00,4211.4,4216.2,4211.1,4216.0,1399
2025-11-13 01:55:00,4215.9,4216.3,4214.4,4214.5,700
2025-11-13 02:00:00,4214.6,4216.7,4213.7,4214.9,862
2025-11-13 02:05:00,4214.6,4215.6,4212.4,4214.8,1001
2025-11-13 02:10:00,4214.8,4215.8,4212.4,4214.6,868
2025-11-13 02:15:00,4214.7,4215.9,4214.0,4214.4,650
2025-11-13 02:20:00,4214.5,4219.0,4213.8,4218.5,1168
2025-11-13 02:25:00,4218.6,4222.0,4217.8,4220.0,1895
2025-11-13 02:30:00,4220.1,4223.2,4218.9,4220.2,1447
2025-11-13 02:35:00,4220.4,4220.7,4217.1,4218.8,1095
2025-11-13 02:40:00,4219.0,4220.3,4218.0,4219.2,607
2025-11-13 02:45:00,4219.4,4222.1,4217.9,4218.2,945
2025-11-13 02:50:00,4218.1,4222.6,4216.1,4222.3,1292
2025-11-13 02:55:00,4222.3,4225.2,4221.2,4224.7,1883
2025-11-13 03:00:00,4224.6,4231.6,4223.4,4229.5,4137
2025-11-13 03:05:00,4229.2,4234.2,4226.7,4234.2,2935
2025-11-13 03:10:00,4234.3,4235.3,4231.6,4234.4,1900
2025-11-13 03:15:00,4234.3,4239.7,4232.9,4238.6,2875
2025-11-13 03:20:00,4238.7,4241.9,4235.8,4241.2,2679
2025-11-13 03:25:00,4241.3,4242.5,4239.1,4241.5,1505
2025-11-13 03:30:00,4241.5,4244.2,4239.6,4241.7,1961
2025-11-13 03:35:00,4241.8,4242.2,4238.0,4238.5,1666
2025-11-13 03:40:00,4238.3,4241.8,4237.4,4240.3,1373
2025-11-13 03:45:00,4240.6,4240.7,4237.9,4240.4,918
2025-11-13 03:50:00,4240.5,4243.0,4239.2,4239.2,1433
2025-11-13 03:55:00,4239.2,4241.6,4236.7,4237.4,1198
2025-11-13 04:00:00,4237.5,4239.4,4232.3,4234.5,2218
2025-11-13 04:05:00,4234.6,4239.3,4234.2,4238.8,1412
2025-11-13 04:10:00,4238.9,4239.1,4236.1,4238.1,670
2025-11-13 04:15:00,4238.2,4244.0,4236.8,4243.6,1664
2025-11-13 04:20:00,4243.6,4245.0,4237.9,4238.4,1642
2025-11-13 04:25:00,4238.1,4239.4,4231.6,4232.0,2017
2025-11-13 04:30:00,4231.9,4238.9,4229.8,4236.8,2370
2025-11-13 04:35:00,4236.7,4238.8,4234.6,4234.6,1014
2025-11-13 04:40:00,4234.8,4235.6,4232.2,4232.6,949
2025-11-13 04:45:00,4232.7,4238.9,4232.4,4238.3,1215
2025-11-13 04:50:00,4238.2,4238.9,4236.7,4237.8,747
2025-11-13 04:55:00,4237.7,4239.1,4236.3,4238.1,813
2025-11-13 05:00:00,4238.1,4239.4,4237.5,4238.6,553
2025-11-13 05:05:00,4238.7,4240.7,4236.6,4240.3,979
2025-11-13 05:10:00,4240.4,4243.9,4240.4,4242.2,1495
2025-11-13 05:15:00,4242.1,4243.8,4239.7,4242.8,1000
2025-11-13 05:20:00,4242.9,4245.4,4241.4,4243.5,1184
2025-11-13 05:25:00,4243.6,4244.4,4239.7,4240.0,998
2025-11-13 05:30:00,4239.9,4241.6,4236.6,4238.8,2404
2025-11-13 05:35:00,4238.8,4238.9,4232.8,4237.1,1886
2025-11-13 05:40:00,4237.2,4239.6,4235.0,4239.1,1312
2025-11-13 05:45:00,4238.6,4240.1,4237.6,4238.5,671
2025-11-13 05:50:00,4238.7,4239.0,4233.1,4233.8,1217
2025-11-13 05:55:00,4234.1,4234.2,4226.6,4230.5,3528
2025-11-13 06:00:00,4230.8,4233.2,4226.5,4232.9,2409
2025-11-13 06:05:00,4233.0,4236.3,4232.2,4234.2,1798
2025-11-13 06:10:00,4234.3,4234.8,4231.2,4231.8,854
2025-11-13 06:15:00,4231.8,4233.1,4226.8,4230.1,1688
2025-11-13 06:20:00,4230.0,4230.2,4224.0,4230.0,2311
2025-11-13 06:25:00,4230.1,4230.8,4226.1,4227.8,1120
2025-11-13 06:30:00,4227.8,4230.8,4226.5,4230.4,961
2025-11-13 06:35:00,4230.4,4231.7,4229.1,4231.5,907
2025-11-13 06:40:00,4231.6,4237.0,4230.8,4236.6,1468
2025-11-13 06:45:00,4236.7,4236.7,4232.9,4233.2,1218
2025-11-13 06:50:00,4233.0,4236.9,4232.9,4236.6,701
2025-11-13 06:55:00,4236.6,4237.1,4234.5,4235.1,929
2025-11-13 07:00:00,4234.6,4236.3,4234.2,4235.5,807
2025-11-13 07:05:00,4235.5,4240.2,4234.3,4238.7,1929
2025-11-13 07:10:00,4238.9,4240.1,4237.0,4239.4,1156
2025-11-13 07:15:00,4239.4,4240.4,4238.2,4240.1,1125
2025-11-13 07:20:00,4240.1,4242.2,4240.0,4240.9,1153
2025-11-13 07:25:00,4240.8,4241.0,4235.1,4238.1,1681
2025-11-13 07:30:00,4237.9,4239.7,4236.6,4239.3,722
2025-11-13 07:35:00,4239.6,4242.4,4239.1,4241.5,1137
2025-11-13 07:40:00,4241.4,4241.7,4239.3,4240.4,765
2025-11-13 07:45:00,4240.4,4244.1,4240.3,4242.4,997
2025-11-13 07:50:00,4242.4,4244.4,4240.6,4244.4,858
2025-11-13 07:55:00,4244.3,4250.0,4243.5,4247.4,3235
2025-11-13 08:00:00,4247.2,4248.7,4232.9,4235.0,5107
2025-11-13 08:05:00,4235.0,4237.8,4230.8,4234.6,3946
2025-11-13 08:10:00,4234.4,4235.7,4230.2,4235.1,2790
2025-11-13 08:15:00,4235.0,4239.9,4233.0,4234.7,3132
2025-11-13 08:20:00,4234.4,4241.8,4233.5,4241.6,2197
2025-11-13 08:25:00,4241.5,4242.5,4238.8,4239.2,1766
2025-11-13 08:30:00,4240.0,4240.9,4227.5,4228.7,4209
2025-11-13 08:35:00,4228.9,4232.9,4224.4,4228.4,4333
2025-11-13 08:40:00,4228.5,4235.4,4226.4,4233.0,2497
2025-11-13 08:45:00,4232.9,4235.7,4228.8,4229.4,2186
2025-11-13 08:50:00,4229.5,4236.4,4229.0,4236.4,1770
2025-11-13 08:55:00,4236.5,4237.5,4234.4,4236.6,1506
2025-11-13 09:00:00,4236.8,4237.4,4226.2,4229.7,3002
2025-11-13 09:05:00,4229.7,4230.5,4218.0,4221.1,5733
2025-11-13 09:10:00,4221.0,4226.6,4218.3,4225.1,4039
2025-11-13 09:15:00,4225.0,4225.8,4221.3,4221.5,1731
2025-11-13 09:20:00,4221.5,4221.5,4216.3,4220.2,3991
2025-11-13 09:25:00,4220.1,4220.1,4212.0,4215.8,4584
2025-11-13 09:30:00,4215.6,4220.3,4208.0,4218.6,7565
2025-11-13 09:35:00,4218.6,4224.2,4214.4,4215.3,6552
2025-11-13 09:40:00,4215.1,4216.1,4188.6,4192.3,13064
2025-11-13 09:45:00,4192.4,4199.3,4189.6,4192.9,8684
2025-11-13 09:50:00,4193.0,4199.5,4190.2,4197.3,5729
2025-11-13 09:55:00,4197.2,4205.6,4194.8,4199.9,5693
2025-11-13 10:00:00,4199.7,4202.1,4193.2,4201.3,5540
2025-11-13 10:05:00,4201.3,4209.6,4198.5,4207.1,5335
2025-11-13 10:10:00,4207.2,4207.7,4202.7,4205.8,3384
2025-11-13 10:15:00,4205.6,4209.1,4203.8,4204.7,2783
2025-11-13 10:20:00,4205.0,4208.5,4200.6,4207.3,3421
2025-11-13 10:25:00,4207.1,4207.5,4195.6,4198.5,3998
2025-11-13 10:30:00,4198.7,4202.0,4190.2,4194.3,4469
2025-11-13 10:35:00,4194.2,4202.6,4193.1,4201.5,3864
2025-11-13 10:40:00,4201.5,4205.0,4200.2,4201.6,2940
2025-11-13 10:45:00,4201.6,4202.4,4192.3,4201.2,3783
2025-11-13 10:50:00,4201.0,4203.6,4196.6,4197.9,2770
2025-11-13 10:55:00,4197.9,4207.8,4196.5,4206.7,3375
2025-11-13 11:00:00,4206.7,4213.5,4206.4,4208.0,5092
2025-11-13 11:05:00,4208.4,4212.4,4208.0,4212.3,2215
2025-11-13 11:10:00,4212.5,4215.7,4211.9,4214.6,3577
2025-11-13 11:15:00,4214.5,4215.9,4210.3,4211.9,2379
2025-11-13 11:20:00,4211.9,4213.4,4209.2,4209.4,1653
2025-11-13 11:25:00,4209.6,4212.2,4206.9,4210.4,2920
2025-11-13 11:30:00,4210.3,4213.0,4210.1,4212.0,1540
2025-11-13 11:35:00,4212.2,4213.1,4202.9,4204.5,3265
2025-11-13 11:40:00,4204.3,4206.7,4199.9,4202.4,3758
2025-11-13 11:45:00,4202.2,4206.1,4201.7,4205.7,2168
2025-11-13 11:50:00,4206.0,4210.2,4203.1,4207.8,2511
2025-11-13 11:55:00,4207.9,4211.5,4206.1,4210.9,1633
2025-11-13 12:00:00,4210.9,4212.9,4205.0,4206.7,2533
2025-11-13 12:05:00,4206.5,4208.3,4204.2,4205.0,1802
2025-11-13 12:10:00,4205.0,4206.8,4198.2,4198.9,2602
2025-11-13 12:15:00,4199.0,4202.0,4197.4,4199.0,2161
2025-11-13 12:20:00,4198.8,4207.1,4198.7,4206.4,2726
2025-11-13 12:25:00,4206.4,4209.5,4204.7,4206.9,1943
2025-11-13 12:30:00,4207.1,4211.0,4206.5,4210.4,1251
2025-11-13 12:35:00,4210.5,4211.1,4206.3,4207.3,2167
2025-11-13 12:40:00,4207.3,4208.4,4204.1,4205.2,1606
2025-11-13 12:45:00,4205.3,4208.5,4200.7,4208.1,2010
2025-11-13 12:50:00,4208.1,4210.0,4206.5,4208.5,1683
2025-11-13 12:55:00,4208.4,4208.6,4205.1,4206.3,1032
2025-11-13 13:00:00,4206.4,4208.1,4205.1,4206.3,747
2025-11-13 13:05:00,4206.5,4207.3,4204.3,4206.1,806
2025-11-13 13:10:00,4206.2,4207.9,4204.0,4206.5,1050
2025-11-13 13:15:00,4206.5,4207.6,4204.0,4205.1,852
2025-11-13 13:20:00,4205.3,4205.6,4201.7,4202.9,1175
2025-11-13 13:25:00,4203.1,4203.4,4192.0,4195.1,3975
2025-11-13 13:30:00,4194.9,4195.2,4163.8,4169.2,12039
2025-11-13 13:35:00,4169.3,4170.0,4148.4,4151.4,12448
2025-11-13 13:40:00,4152.0,4162.7,4150.0,4159.2,5664
2025-11-13 13:45:00,4159.3,4162.7,4153.5,4161.8,3444
2025-11-13 13:50:00,4161.9,4165.8,4158.3,4158.8,3653
2025-11-13 13:55:00,4158.7,4163.1,4155.3,4161.7,2757
2025-11-13 14:00:00,4161.5,4161.6,4149.4,4153.9,3728
2025-11-13 14:05:00,4153.7,4160.8,4152.9,4158.5,2583
2025-11-13 14:10:00,4158.9,4161.0,4156.0,4157.5,1585
2025-11-13 14:15:00,4157.3,4163.1,4154.2,4162.2,2061
2025-11-13 14:20:00,4162.2,4163.1,4158.5,4161.6,1912
2025-11-13 14:25:00,4161.5,4165.4,4160.5,4163.7,2441
2025-11-13 14:30:00,4163.7,4167.8,4162.0,4166.0,1969
2025-11-13 14:35:00,4165.9,4173.3,4165.9,4172.1,3291
2025-11-13 14:40:00,4172.1,4173.7,4169.6,4173.7,1331
2025-11-13 14:45:00,4173.6,4174.6,4168.8,4169.6,1840
2025-11-13 14:50:00,4169.9,4173.3,4169.9,4170.4,1044
2025-11-13 14:55:00,4170.4,4170.4,4166.3,4168.1,2326
2025-11-13 15:00:00,4167.7,4171.7,4165.4,4167.3,1532
2025-11-13 15:05:00,4167.2,4168.6,4164.1,4168.2,1240
2025-11-13 15:10:00,4168.2,4171.4,4167.0,4169.4,1217
2025-11-13 15:15:00,4169.3,4171.6,4165.9,4166.3,1357
2025-11-13 15:20:00,4166.5,4169.8,4164.8,4169.7,1130
2025-11-13 15:25:00,4169.5,4174.9,4168.3,4173.5,1521
2025-11-13 15:30:00,4173.8,4174.9,4169.8,4171.2,1250
2025-11-13 15:35:00,4171.4,4172.5,4169.8,4171.3,667
2025-11-13 15:40:00,4171.4,4171.8,4167.3,4168.9,769
2025-11-13 15:45:00,4168.8,4171.4,4166.0,4166.6,1020
2025-11-13 15:50:00,4166.7,4169.1,4164.5,4166.5,1197
2025-11-13 15:55:00,4167.0,4169.5,4166.1,4168.0,1192
2025-11-13 16:00:00,4168.0,4171.4,4165.0,4170.9,1043
2025-11-13 16:05:00,4171.1,4185.4,4171.0,4184.1,2287
2025-11-13 16:10:00,4184.1,4184.1,4179.0,4181.8,1497
2025-11-13 16:15:00,4182.2,4182.5,4179.1,4179.3,552
2025-11-13 16:20:00,4179.1,4182.0,4179.1,4179.6,534
2025-11-13 16:25:00,4179.7,4181.1,4176.1,4178.0,822
2025-11-13 16:30:00,4177.9,4179.6,4176.7,4178.8,471
2025-11-13 16:35:00,4179.1,4179.2,4172.8,4173.1,1073
2025-11-13 16:40:00,4173.1,4176.9,4172.7,4176.5,652
2025-11-13 16:45:00,4176.7,4177.4,4174.6,4175.0,368
2025-11-13 16:50:00,4175.0,4175.9,4174.5,4175.2,234
2025-11-13 16:55:00,4175.1,4177.4,4174.2,4174.5,472
2025-11-13 18:00:00,4174.9,4180.4,4172.6,4180.3,1321
2025-11-13 18:05:00,4180.0,4184.9,4180.0,4180.6,1375
2025-11-13 18:10:00,4180.6,4182.1,4178.7,4179.7,728
2025-11-13 18:15:00,4179.8,4184.5,4178.8,4183.8,709
2025-11-13 18:20:00,4183.7,4185.5,4182.0,4182.3,838
2025-11-13 18:25:00,4182.3,4187.9,4181.4,4182.3,1091
2025-11-13 18:30:00,4182.1,4184.3,4179.8,4183.5,1073
2025-11-13 18:35:00,4183.5,4184.6,4180.2,4184.6,684
2025-11-13 18:40:00,4184.4,4184.6,4180.5,4182.3,557
2025-11-13 18:45:00,4182.1,4188.5,4181.7,4188.3,1362
2025-11-13 18:50:00,4188.3,4189.7,4185.5,4186.3,1648
2025-11-13 18:55:00,4186.6,4189.1,4185.3,4188.7,700
2025-12-10 00:00:00,4235.6,4235.9,4235.0,4235.8,159
2025-12-10 00:05:00,4235.7,4235.9,4233.0,4233.6,532
2025-12-10 00:10:00,4233.6,4234.3,4231.4,4231.9,742
2025-12-10 00:15:00,4231.9,4232.6,4230.0,4230.6,1091
2025-12-10 00:20:00,4230.7,4232.9,4230.5,4232.5,765
2025-12-10 00:25:00,4232.3,4234.0,4231.5,4234.0,447
2025-12-10 00:30:00,4234.0,4236.8,4233.2,4236.4,1230
2025-12-10 00:35:00,4236.2,4239.4,4235.9,4239.3,1055
2025-12-10 00:40:00,4239.2,4240.5,4238.6,4240.3,673
2025-12-10 00:45:00,4240.4,4242.7,4240.2,4240.8,1037
2025-12-10 00:50:00,4240.7,4241.9,4239.9,4240.4,665
2025-12-10 00:55:00,4240.3,4241.6,4237.9,4239.1,740
2025-12-10 01:00:00,4239.4,4239.5,4237.3,4237.4,625
2025-12-10 01:05:00,4237.5,4239.9,4237.2,4237.2,624
2025-12-10 01:10:00,4237.3,4238.9,4236.7,4237.5,550
2025-12-10 01:15:00,4237.7,4238.4,4232.9,4233.1,1143
2025-12-10 01:20:00,4233.1,4234.8,4232.2,4232.9,905
2025-12-10 01:25:00,4232.8,4235.7,4232.6,4235.3,546
2025-12-10 01:30:00,4235.4,4235.5,4231.0,4231.1,711
2025-12-10 01:35:00,4231.2,4233.0,4231.0,4232.6,372
2025-12-10 01:40:00,4232.7,4234.9,4232.7,4234.2,579
2025-12-10 01:45:00,4234.1,4235.5,4233.0,4235.3,542
2025-12-10 01:50:00,4235.3,4235.3,4233.1,4234.3,457
2025-12-10 01:55:00,4234.3,4235.4,4233.2,4235.2,320
2025-12-10 02:00:00,4235.2,4235.6,4232.7,4235.6,462
2025-12-10 02:05:00,4235.5,4237.3,4234.9,4235.5,658
2025-12-10 02:10:00,4235.4,4235.4,4232.5,4233.9,492
2025-12-10 02:15:00,4234.0,4236.9,4233.2,4236.2,467
2025-12-10 02:20:00,4236.2,4236.6,4234.0,4234.4,493
2025-12-10 02:25:00,4234.6,4235.3,4234.0,4235.3,155
2025-12-10 02:30:00,4235.2,4236.2,4235.0,4235.3,405
2025-12-10 02:35:00,4235.2,4236.0,4234.7,4235.5,233
2025-12-10 02:40:00,4235.5,4236.3,4234.3,4234.7,270
2025-12-10 02:45:00,4234.8,4235.1,4233.1,4233.9,677
2025-12-10 02:50:00,4233.9,4233.9,4231.5,4232.3,676
2025-12-10 02:55:00,4232.1,4233.3,4231.1,4231.1,808
2025-12-10 03:00:00,4231.1,4234.1,4229.1,4232.7,1877
2025-12-10 03:05:00,4232.6,4233.5,4230.0,4230.4,431
2025-12-10 03:10:00,4230.4,4231.5,4227.7,4230.4,1407
2025-12-10 03:15:00,4230.3,4233.1,4230.1,4233.0,589
2025-12-10 03:20:00,4232.9,4234.8,4231.9,4233.2,1006
2025-12-10 03:25:00,4233.0,4233.5,4231.7,4231.9,421
2025-12-10 03:30:00,4232.0,4232.2,4229.6,4230.7,622
2025-12-10 03:35:00,4230.9,4231.7,4228.8,4229.8,521
2025-12-10 03:40:00,4229.7,4230.3,4226.5,4228.0,1098
2025-12-10 03:45:00,4227.6,4229.9,4226.5,4229.3,784
2025-12-10 03:50:00,4229.2,4229.4,4225.1,4226.7,935
2025-12-10 03:55:00,4226.7,4227.4,4224.7,4225.6,752
2025-12-10 04:00:00,4225.6,4226.1,4222.2,4225.6,2033
2025-12-10 04:05:00,4225.7,4228.5,4225.6,4227.3,1057
2025-12-10 04:10:00,4227.1,4227.1,4224.6,4225.9,608
2025-12-10 04:15:00,4225.8,4226.7,4223.5,4223.7,538
2025-12-10 04:20:00,4223.7,4224.8,4223.0,4224.3,536
2025-12-10 04:25:00,4224.4,4226.3,4224.0,4226.0,528
2025-12-10 04:30:00,4225.8,4226.3,4224.0,4224.4,408
2025-12-10 04:35:00,4224.3,4224.4,4222.2,4223.3,626
2025-12-10 04:40:00,4223.5,4224.3,4221.5,4222.8,770
2025-12-10 04:45:00,4222.8,4223.6,4221.5,4222.5,533
2025-12-10 04:50:00,4222.5,4223.1,4221.6,4222.2,268
2025-12-10 04:55:00,4222.2,4222.9,4220.2,4222.3,855
2025-12-10 05:00:00,4222.3,4223.6,4220.1,4221.0,721
2025-12-10 05:05:00,4220.7,4222.2,4219.4,4221.7,897
2025-12-10 05:10:00,4221.6,4224.7,4220.9,4224.0,685
2025-12-10 05:15:00,4223.8,4224.3,4222.5,4223.0,420
2025-12-10 05:20:00,4223.1,4223.2,4220.5,4220.6,448
2025-12-10 05:25:00,4220.6,4222.7,4219.5,4220.0,793
2025-12-10 05:30:00,4220.1,4220.7,4215.3,4219.9,2512
2025-12-10 05:35:00,4219.6,4222.6,4219.4,4221.6,863
2025-12-10 05:40:00,4221.7,4222.4,4221.1,4222.0,393
2025-12-10 05:45:00,4221.9,4222.5,4220.2,4220.4,403
2025-12-10 05:50:00,4220.3,4220.8,4218.9,4219.1,574
2025-12-10 05:55:00,4219.0,4222.0,4218.7,4221.1,628
2025-12-10 06:00:00,4221.1,4222.2,4220.5,4221.2,505
2025-12-10 06:05:00,4221.4,4221.9,4220.3,4221.5,229
2025-12-10 06:10:00,4221.5,4223.2,4220.8,4223.1,487
2025-12-10 06:15:00,4223.0,4223.4,4221.7,4222.6,498
2025-12-10 06:20:00,4222.4,4224.5,4222.2,4223.5,554
2025-12-10 06:25:00,4223.5,4223.6,4221.9,4222.5,500
2025-12-10 06:30:00,4222.4,4224.0,4221.3,4223.7,374
2025-12-10 06:35:00,4223.9,4225.3,4223.6,4224.0,661
2025-12-10 06:40:00,4224.1,4224.7,4223.0,4223.1,377
2025-12-10 06:45:00,4223.0,4224.8,4222.5,4224.4,413
2025-12-10 06:50:00,4224.4,4225.3,4224.0,4224.6,282
2025-12-10 06:55:00,4224.9,4226.0,4222.9,4225.4,567
2025-12-10 07:00:00,4225.3,4227.7,4225.2,4226.8,822
2025-12-10 07:05:00,4227.0,4229.4,4226.8,4228.6,787
2025-12-10 07:10:00,4228.7,4229.8,4227.8,4229.0,717
2025-12-10 07:15:00,4229.2,4230.3,4226.9,4227.2,835
2025-12-10 07:20:00,4227.0,4227.2,4225.0,4226.2,835
2025-12-10 07:25:00,4226.2,4227.0,4224.9,4225.3,430
2025-12-10 07:30:00,4225.4,4226.4,4224.5,4225.6,369
2025-12-10 07:35:00,4225.3,4227.0,4225.0,4225.5,680
2025-12-10 07:40:00,4225.5,4227.6,4224.8,4226.7,549
2025-12-10 07:45:00,4226.7,4226.7,4225.1,4226.2,279
2025-12-10 07:50:00,4226.2,4226.2,4223.2,4224.8,806
2025-12-10 07:55:00,4224.7,4224.8,4223.4,4224.3,528
2025-12-10 08:00:00,4224.5,4226.7,4221.5,4224.7,1617
2025-12-10 08:05:00,4224.7,4228.6,4224.2,4225.5,1333
2025-12-10 08:10:00,4225.2,4226.6,4221.6,4224.0,1043
2025-12-10 08:15:00,4224.0,4227.1,4222.5,4222.5,1126
2025-12-10 08:20:00,4222.4,4226.7,4220.8,4225.5,1637
2025-12-10 08:25:00,4225.5,4228.3,4225.2,4226.3,1051
2025-12-10 08:30:00,4226.5,4227.7,4224.9,4226.4,1098
2025-12-10 08:35:00,4226.7,4227.2,4224.5,4225.8,895
2025-12-10 08:40:00,4225.8,4230.9,4223.8,4230.9,1521
2025-12-10 08:45:00,4230.7,4232.5,4229.7,4230.7,1796
2025-12-10 08:50:00,4230.7,4233.2,4228.9,4230.7,1530
2025-12-10 08:55:00,4230.7,4232.2,4228.3,4228.9,1061
2025-12-10 09:00:00,4228.8,4230.5,4226.9,4227.8,1352
2025-12-10 09:05:00,4227.8,4233.5,4227.6,4233.2,1382
2025-12-10 09:10:00,4233.1,4235.4,4232.5,4233.6,1734
2025-12-10 09:15:00,4233.5,4234.5,4230.8,4231.8,1146
2025-12-10 09:20:00,4231.7,4231.9,4228.1,4228.7,1232
2025-12-10 09:25:00,4228.6,4230.3,4222.8,4224.9,2593
2025-12-10 09:30:00,4224.8,4228.4,4221.1,4224.0,3532
2025-12-10 09:35:00,4223.9,4224.8,4219.5,4221.5,2956
2025-12-10 09:40:00,4221.4,4227.4,4221.3,4226.1,2407
2025-12-10 09:45:00,4226.0,4229.9,4225.2,4229.3,2132
2025-12-10 09:50:00,4229.0,4230.7,4227.9,4228.3,1673
2025-12-10 09:55:00,4228.4,4228.4,4220.6,4221.1,3381
2025-12-10 10:00:00,4221.1,4229.9,4220.7,4227.3,3133
2025-12-10 10:05:00,4227.6,4229.3,4224.8,4226.0,1796
2025-12-10 10:10:00,4226.0,4227.8,4222.2,4222.9,1810
2025-12-10 10:15:00,4222.8,4223.5,4216.7,4219.8,3902
2025-12-10 10:20:00,4219.6,4223.4,4218.7,4222.6,2028
2025-12-10 10:25:00,4222.4,4225.3,4220.6,4224.6,1586
2025-12-10 10:30:00,4224.5,4226.4,4224.1,4225.2,1263
2025-12-10 10:35:00,4225.3,4227.5,4222.6,4223.8,1772
2025-12-10 10:40:00,4223.6,4224.7,4221.0,4222.0,1278
2025-12-10 10:45:00,4221.9,4223.3,4219.7,4221.9,1310
2025-12-10 10:50:00,4221.9,4222.4,4219.0,4219.1,1031
2025-12-10 10:55:00,4219.1,4222.2,4218.2,4222.2,954
2025-12-10 11:00:00,4222.1,4223.9,4220.5,4222.2,1274
2025-12-10 11:05:00,4222.4,4223.9,4221.9,4223.3,801
2025-12-10 11:10:00,4223.0,4224.5,4221.7,4223.2,555
2025-12-10 11:15:00,4223.0,4226.0,4222.2,4225.7,955
2025-12-10 11:20:00,4226.0,4227.0,4224.0,4226.9,1026
2025-12-10 11:25:00,4226.9,4229.9,4226.3,4229.2,1256
2025-12-10 11:30:00,4229.4,4232.0,4228.4,4228.9,1843
2025-12-10 11:35:00,4229.0,4230.2,4227.7,4230.0,792
2025-12-10 11:40:00,4229.9,4231.8,4229.3,4231.0,884
2025-12-10 11:45:00,4231.1,4233.4,4230.1,4231.9,1123
2025-12-10 11:50:00,4231.9,4233.7,4231.5,4232.3,840
2025-12-10 11:55:00,4232.5,4233.2,4230.6,4233.1,981
2025-12-10 12:00:00,4233.1,4233.2,4229.5,4229.8,927
2025-12-10 12:05:00,4229.8,4231.0,4227.9,4229.7,1071
2025-12-10 12:10:00,4230.0,4230.4,4227.0,4228.2,878
2025-12-10 12:15:00,4228.2,4230.7,4228.1,4230.2,705
2025-12-10 12:20:00,4230.2,4230.8,4229.0,4230.7,354
2025-12-10 12:25:00,4230.7,4231.7,4228.4,4228.8,859
2025-12-10 12:30:00,4228.7,4229.4,4227.5,4228.3,500
2025-12-10 12:35:00,4228.2,4229.2,4226.5,4228.7,788
2025-12-10 12:40:00,4228.8,4229.8,4226.6,4227.2,728
2025-12-10 12:45:00,4227.2,4227.2,4224.8,4226.4,809
2025-12-10 12:50:00,4226.1,4229.1,4226.0,4228.9,692
2025-12-10 12:55:00,4229.1,4230.2,4227.2,4228.0,622
2025-12-10 13:00:00,4228.0,4229.0,4227.2,4228.0,287
2025-12-10 13:05:00,4227.9,4228.4,4226.8,4227.7,376
2025-12-10 13:10:00,4227.5,4227.9,4227.0,4227.0,163
2025-12-10 13:15:00,4226.8,4227.6,4225.7,4226.0,431
2025-12-10 13:20:00,4226.1,4226.9,4222.9,4222.9,877
2025-12-10 13:25:00,4223.0,4225.1,4221.3,4224.7,1236
2025-12-10 13:30:00,4224.6,4225.1,4222.5,4224.1,561
2025-12-10 13:35:00,4224.0,4224.3,4220.1,4220.3,617
2025-12-10 13:40:00,4220.1,4222.7,4219.9,4222.0,916
2025-12-10 13:45:00,4222.0,4222.5,4221.1,4222.0,437
2025-12-10 13:50:00,4221.7,4224.9,4221.6,4223.6,731
2025-12-10 13:55:00,4223.6,4224.0,4222.0,4222.0,483
2025-12-10 14:00:00,4221.8,4242.0,4211.1,4234.7,8208
2025-12-10 14:05:00,4234.8,4248.4,4231.8,4244.6,6984
2025-12-10 14:10:00,4244.8,4249.0,4236.1,4240.9,4044
2025-12-10 14:15:00,4241.0,4245.8,4241.0,4241.3,2921
2025-12-10 14:20:00,4241.4,4242.9,4233.8,4235.8,2558
2025-12-10 14:25:00,4236.0,4238.2,4223.0,4227.0,3804
2025-12-10 14:30:00,4227.3,4241.4,4220.1,4238.0,4846
2025-12-10 14:35:00,4237.8,4243.3,4222.9,4233.0,6915
2025-12-10 14:40:00,4233.2,4235.7,4208.0,4215.1,9240
2025-12-10 14:45:00,4214.7,4223.5,4213.9,4219.5,4187
2025-12-10 14:50:00,4219.6,4236.4,4215.8,4234.3,4778
2025-12-10 14:55:00,4233.7,4247.0,4233.3,4245.8,4787
2025-12-10 15:00:00,4245.5,4254.8,4240.3,4253.2,5682
2025-12-10 15:05:00,4253.4,4258.7,4250.2,4257.6,4265
2025-12-10 15:10:00,4257.6,4265.9,4253.0,4265.0,4694
2025-12-10 15:15:00,4265.0,4268.9,4261.1,4263.7,4162
2025-12-10 15:20:00,4263.7,4267.8,4257.4,4258.5,3636
2025-12-10 15:25:00,4258.5,4264.1,4255.7,4262.5,2916
2025-12-10 15:30:00,4262.7,4265.3,4260.2,4264.2,2231
2025-12-10 15:35:00,4264.3,4264.7,4259.9,4261.2,1727
2025-12-10 15:40:00,4261.4,4263.7,4259.7,4262.5,1267
2025-12-10 15:45:00,4262.4,4267.6,4262.0,4265.8,1608
2025-12-10 15:50:00,4266.0,4267.1,4259.4,4262.0,1935
2025-12-10 15:55:00,4261.9,4263.4,4259.1,4259.1,1203
2025-12-10 16:00:00,4259.2,4262.4,4258.2,4260.4,1060
2025-12-10 16:05:00,4260.3,4261.3,4251.2,4256.7,1988
2025-12-10 16:10:00,4257.0,4258.2,4255.3,4257.7,713
2025-12-10 16:15:00,4258.0,4259.8,4256.5,4256.8,490
2025-12-10 16:20:00,4256.7,4257.9,4253.5,4256.7,1140
2025-12-10 16:25:00,4256.8,4258.0,4255.7,4256.6,322
2025-12-10 16:30:00,4256.6,4257.7,4256.3,4257.5,488
2025-12-10 16:35:00,4257.7,4257.8,4255.9,4256.9,607
2025-12-10 16:40:00,4256.8,4259.9,4256.6,4258.4,450
2025-12-10 16:45:00,4258.6,4259.5,4258.0,4258.4,271
2025-12-10 16:50:00,4258.6,4259.0,4257.1,4257.9,225
2025-12-10 16:55:00,4258.0,4259.7,4257.1,4258.3,595
2025-12-10 18:00:00,4258.4,4263.9,4257.2,4258.2,1071
2025-12-10 18:05:00,4258.0,4259.0,4256.8,4258.8,449
2025-12-10 18:10:00,4258.9,4259.0,4254.5,4254.8,614
2025-12-10 18:15:00,4254.9,4256.4,4253.5,4256.4,827
2025-12-10 18:20:00,4256.4,4256.6,4254.4,4255.0,403
2025-12-10 18:25:00,4255.2,4255.7,4254.4,4255.1,296
2025-12-10 18:30:00,4255.0,4258.3,4254.9,4257.0,611
2025-12-10 18:35:00,4257.0,4258.7,4256.7,4257.1,616
2025-12-10 18:40:00,4257.2,4258.1,4256.4,4257.4,299
2025-12-10 18:45:00,4257.6,4259.8,4257.5,4259.6,659
2025-12-10 18:50:00,4259.3,4262.8,4259.2,4262.3,1062
2025-12-10 18:55:00,4262.1,4263.4,4260.4,4261.7,866
2026-01-13 00:00:00,4605.6,4607.7,4605.4,4606.3,438
2026-01-13 00:05:00,4606.2,4606.2,4600.4,4603.0,1554
2026-01-13 00:10:00,4603.0,4604.2,4600.7,4603.3,836
2026-01-13 00:15:00,4603.4,4605.3,4603.2,4603.9,411
2026-01-13 00:20:00,4603.7,4607.0,4603.7,4606.9,549
2026-01-13 00:25:00,4606.9,4610.5,4606.9,4610.1,1283
2026-01-13 00:30:00,4610.3,4611.3,4593.9,4599.3,4236
2026-01-13 00:35:00,4599.3,4600.2,4594.5,4599.0,1822
2026-01-13 00:40:00,4599.1,4603.3,4597.6,4602.7,1415
2026-01-13 00:45:00,4602.7,4604.8,4600.8,4601.6,780
2026-01-13 00:50:00,4601.5,4603.9,4599.7,4602.1,931
2026-01-13 00:55:00,4602.1,4603.1,4600.7,4601.0,579
2026-01-13 01:00:00,4600.7,4600.7,4597.9,4599.9,1058
2026-01-13 01:05:00,4599.9,4601.0,4596.3,4597.3,1059
2026-01-13 01:10:00,4597.1,4599.9,4596.2,4598.9,1002
2026-01-13 01:15:00,4598.9,4599.1,4595.8,4597.5,810
2026-01-13 01:20:00,4597.3,4599.6,4593.5,4595.5,1146
2026-01-13 01:25:00,4595.4,4595.9,4591.4,4593.6,1249
2026-01-13 01:30:00,4593.7,4595.3,4588.2,4593.0,1731
2026-01-13 01:35:00,4592.9,4593.6,4586.0,4587.3,1821
2026-01-13 01:40:00,4587.3,4587.3,4582.1,4585.3,2871
2026-01-13 01:45:00,4585.2,4589.6,4584.3,4589.0,1390
2026-01-13 01:50:00,4589.1,4592.7,4588.9,4589.7,1327
2026-01-13 01:55:00,4589.6,4590.9,4587.8,4590.7,883
2026-01-13 02:00:00,4590.7,4592.3,4587.9,4590.5,1310
2026-01-13 02:05:00,4590.5,4594.2,4590.4,4593.3,1115
2026-01-13 02:10:00,4593.2,4594.2,4592.2,4593.3,510
2026-01-13 02:15:00,4593.3,4593.3,4589.0,4589.3,928
2026-01-13 02:20:00,4589.3,4590.7,4587.0,4589.2,1249
2026-01-13 02:25:00,4589.3,4593.3,4589.0,4591.8,963
2026-01-13 02:30:00,4592.0,4595.2,4591.9,4593.6,1335
2026-01-13 02:35:00,4593.8,4594.5,4591.7,4593.3,582
2026-01-13 02:40:00,4593.4,4593.7,4587.9,4588.5,1296
2026-01-13 02:45:00,4588.7,4589.2,4586.4,4587.6,692
2026-01-13 02:50:00,4587.5,4589.1,4585.7,4585.8,1023
2026-01-13 02:55:00,4586.0,4590.9,4585.6,4589.3,983
2026-01-13 03:00:00,4588.9,4594.1,4587.8,4593.5,1543
2026-01-13 03:05:00,4593.4,4596.7,4593.4,4596.0,1221
2026-01-13 03:10:00,4595.9,4600.3,4595.5,4596.7,1619
2026-01-13 03:15:00,4596.5,4596.7,4593.5,4596.2,1028
2026-01-13 03:20:00,4595.9,4598.6,4595.3,4598.1,917
2026-01-13 03:25:00,4598.2,4601.8,4597.3,4598.7,1324
2026-01-13 03:30:00,4598.9,4602.3,4597.8,4602.0,1387
2026-01-13 03:35:00,4602.2,4605.4,4602.2,4603.5,1409
2026-01-13 03:40:00,4603.7,4604.5,4600.9,4602.0,1091
2026-01-13 03:45:00,4602.2,4604.0,4600.9,4602.3,765
2026-01-13 03:50:00,4602.3,4602.9,4601.0,4601.6,453
2026-01-13 03:55:00,4601.6,4602.1,4600.1,4601.3,566
2026-01-13 04:00:00,4601.1,4602.8,4598.2,4600.0,1148
2026-01-13 04:05:00,4599.6,4604.5,4599.1,4603.5,721
2026-01-13 04:10:00,4603.4,4603.7,4602.3,4602.6,387
2026-01-13 04:15:00,4602.5,4603.9,4600.1,4601.1,524
2026-01-13 04:20:00,4601.2,4601.8,4598.4,4598.7,653
2026-01-13 04:25:00,4598.7,4598.9,4596.7,4597.8,794
2026-01-13 04:30:00,4597.8,4599.1,4596.9,4598.1,536
2026-01-13 04:35:00,4598.2,4599.3,4596.9,4599.0,485
2026-01-13 04:40:00,4599.2,4601.0,4595.4,4599.6,1320
2026-01-13 04:45:00,4599.5,4600.0,4596.3,4597.0,902
2026-01-13 04:50:00,4596.9,4597.5,4594.6,4594.8,633
2026-01-13 04:55:00,4594.8,4597.0,4594.5,4595.2,562
2026-01-13 05:00:00,4595.2,4596.2,4592.0,4592.1,946
2026-01-13 05:05:00,4592.2,4593.4,4591.6,4592.6,820
2026-01-13 05:10:00,4592.6,4593.3,4589.3,4592.5,955
2026-01-13 05:15:00,4592.4,4592.7,4589.9,4592.4,708
2026-01-13 05:20:00,4592.5,4595.4,4591.9,4592.7,810
2026-01-13 05:25:00,4592.9,4595.1,4592.2,4593.6,595
2026-01-13 05:30:00,4593.4,4593.4,4590.4,4592.3,892
2026-01-13 05:35:00,4592.5,4594.3,4590.7,4593.9,650
2026-01-13 05:40:00,4594.0,4597.4,4593.9,4596.1,852
2026-01-13 05:45:00,4596.1,4596.1,4594.7,4594.8,311
2026-01-13 05:50:00,4594.8,4596.2,4593.4,4594.9,487
2026-01-13 05:55:00,4594.8,4595.6,4594.2,4595.0,369
2026-01-13 06:00:00,4595.2,4597.8,4594.8,4594.8,675
2026-01-13 06:05:00,4594.8,4596.3,4594.6,4594.9,359
2026-01-13 06:10:00,4594.8,4596.0,4593.6,4593.8,455
2026-01-13 06:15:00,4593.5,4595.1,4590.8,4593.3,1253
2026-01-13 06:20:00,4593.3,4595.3,4593.2,4593.9,361
2026-01-13 06:25:00,4593.9,4598.0,4593.9,4595.6,1012
2026-01-13 06:30:00,4595.7,4596.0,4594.2,4595.5,298
2026-01-13 06:35:00,4595.6,4595.7,4593.9,4595.1,406
2026-01-13 06:40:00,4595.1,4598.8,4594.6,4598.7,592
2026-01-13 06:45:00,4598.8,4600.3,4596.2,4597.3,937
2026-01-13 06:50:00,4597.5,4600.9,4595.2,4595.4,1152
2026-01-13 06:55:00,4595.3,4597.4,4594.9,4597.0,687
2026-01-13 07:00:00,4596.9,4597.8,4595.7,4596.3,540
2026-01-13 07:05:00,4596.4,4596.4,4593.3,4594.3,764
2026-01-13 07:10:00,4594.3,4594.9,4591.6,4592.0,855
2026-01-13 07:15:00,4592.0,4593.3,4591.4,4592.2,602
2026-01-13 07:20:00,4592.1,4592.6,4587.4,4588.3,1632
2026-01-13 07:25:00,4588.2,4589.6,4586.1,4589.0,1430
2026-01-13 07:30:00,4588.8,4589.3,4587.7,4588.6,822
2026-01-13 07:35:00,4588.4,4593.1,4588.3,4592.4,1197
2026-01-13 07:40:00,4592.2,4594.8,4592.2,4594.4,776
2026-01-13 07:45:00,4594.3,4598.6,4593.9,4598.5,1109
2026-01-13 07:50:00,4598.4,4602.1,4597.8,4599.8,1895
2026-01-13 07:55:00,4599.8,4604.0,4599.5,4601.8,1567
2026-01-13 08:00:00,4601.7,4605.7,4598.8,4602.6,3536
2026-01-13 08:05:00,4602.7,4607.2,4602.0,4607.1,2191
2026-01-13 08:10:00,4607.1,4615.0,4605.2,4611.7,3930
2026-01-13 08:15:00,4611.6,4614.6,4609.1,4610.2,2412
2026-01-13 08:20:00,4610.3,4615.3,4608.2,4614.1,2304
2026-01-13 08:25:00,4614.2,4614.2,4608.3,4608.8,2423
2026-01-13 08:30:00,4610.6,4623.6,4610.6,4622.5,7162
2026-01-13 08:35:00,4622.4,4625.1,4618.0,4622.9,4217
2026-01-13 08:40:00,4622.9,4629.0,4621.1,4626.8,4229
2026-01-13 08:45:00,4626.5,4629.4,4623.2,4626.2,3261
2026-01-13 08:50:00,4626.2,4627.4,4620.6,4621.6,2537
2026-01-13 08:55:00,4621.6,4621.6,4615.4,4619.9,3897
2026-01-13 09:00:00,4619.7,4621.2,4616.7,4619.6,2299
2026-01-13 09:05:00,4619.4,4625.0,4618.7,4622.7,2552
2026-01-13 09:10:00,4622.6,4627.2,4619.9,4626.7,3037
2026-01-13 09:15:00,4626.7,4627.1,4622.6,4622.6,2029
2026-01-13 09:20:00,4622.7,4632.1,4622.4,4630.6,3378
2026-01-13 09:25:00,4630.5,4631.3,4626.3,4626.7,2369
2026-01-13 09:30:00,4626.7,4629.9,4619.4,4623.6,5389
2026-01-13 09:35:00,4623.6,4629.4,4621.5,4625.6,3560
2026-01-13 09:40:00,4625.6,4635.0,4624.2,4634.8,4654
2026-01-13 09:45:00,4634.7,4643.7,4633.7,4642.7,8528
2026-01-13 09:50:00,4643.0,4644.0,4631.5,4633.1,5640
2026-01-13 09:55:00,4633.2,4642.2,4632.1,4639.2,4190
2026-01-13 10:00:00,4638.7,4639.7,4623.3,4628.4,7563
2026-01-13 10:05:00,4628.7,4631.7,4625.7,4628.4,4150
2026-01-13 10:10:00,4628.5,4634.0,4626.7,4630.5,3732
2026-01-13 10:15:00,4630.6,4632.9,4612.1,4615.9,8199
2026-01-13 10:20:00,4615.8,4619.6,4608.7,4612.7,7334
2026-01-13 10:25:00,4612.8,4619.6,4611.8,4617.4,3391
2026-01-13 10:30:00,4617.4,4622.4,4613.3,4620.8,4258
2026-01-13 10:35:00,4621.0,4621.7,4613.5,4617.9,3426
2026-01-13 10:40:00,4617.8,4625.2,4614.6,4623.5,3025
2026-01-13 10:45:00,4623.3,4626.8,4622.5,4624.1,2308
2026-01-13 10:50:00,4624.0,4628.3,4621.5,4624.5,2333
2026-01-13 10:55:00,4624.3,4629.3,4623.3,4627.9,1994
2026-01-13 11:00:00,4627.6,4629.4,4621.2,4621.5,2395
2026-01-13 11:05:00,4621.6,4623.3,4615.4,4616.1,3271
2026-01-13 11:10:00,4616.0,4622.9,4615.6,4620.8,2096
2026-01-13 11:15:00,4620.7,4621.6,4615.5,4618.3,1681
2026-01-13 11:20:00,4618.4,4619.3,4612.4,4614.9,2450
2026-01-13 11:25:00,4614.9,4615.3,4601.6,4607.2,5883
2026-01-13 11:30:00,4607.0,4615.6,4605.4,4614.6,3084
2026-01-13 11:35:00,4614.7,4616.4,4609.9,4616.4,2190
2026-01-13 11:40:00,4616.3,4618.3,4614.8,4617.8,1782
2026-01-13 11:45:00,4617.7,4621.0,4616.2,4619.9,1474
2026-01-13 11:50:00,4620.0,4622.4,4618.8,4621.6,1500
2026-01-13 11:55:00,4621.7,4622.9,4619.9,4622.2,1262
2026-01-13 12:00:00,4622.1,4624.9,4622.0,4622.3,1545
2026-01-13 12:05:00,4622.2,4623.6,4619.4,4620.3,1988
2026-01-13 12:10:00,4620.1,4621.4,4615.3,4617.3,1653
2026-01-13 12:15:00,4617.3,4619.7,4615.0,4619.2,1228
2026-01-13 12:20:00,4619.2,4621.4,4618.0,4621.0,1127
2026-01-13 12:25:00,4620.8,4620.8,4615.3,4618.8,1565
2026-01-13 12:30:00,4618.6,4620.0,4611.5,4618.4,1940
2026-01-13 12:35:00,4618.6,4620.8,4616.3,4618.4,1166
2026-01-13 12:40:00,4618.2,4619.1,4612.2,4612.9,1383
2026-01-13 12:45:00,4612.6,4615.5,4610.1,4610.7,1779
2026-01-13 12:50:00,4610.4,4610.9,4605.3,4608.9,2380
2026-01-13 12:55:00,4608.9,4609.1,4595.0,4599.0,4594
2026-01-13 13:00:00,4598.8,4602.6,4594.0,4597.5,4335
2026-01-13 13:05:00,4597.2,4603.2,4595.3,4601.4,2959
2026-01-13 13:10:00,4601.6,4603.2,4599.6,4603.2,1601
2026-01-13 13:15:00,4603.2,4603.8,4592.5,4594.9,2929
2026-01-13 13:20:00,4595.2,4598.0,4589.3,4596.8,4167
2026-01-13 13:25:00,4597.2,4601.2,4597.1,4600.3,2587
2026-01-13 13:30:00,4600.4,4603.4,4598.2,4601.7,1724
2026-01-13 13:35:00,4601.6,4607.8,4601.5,4607.5,2231
2026-01-13 13:40:00,4607.3,4608.9,4606.3,4608.6,1172
2026-01-13 13:45:00,4608.7,4610.4,4607.5,4607.9,1615
2026-01-13 13:50:00,4607.8,4608.5,4605.7,4607.6,1347
2026-01-13 13:55:00,4607.5,4607.5,4602.1,4602.3,1419
2026-01-13 14:00:00,4602.5,4602.6,4592.4,4595.8,3036
2026-01-13 14:05:00,4595.9,4602.9,4594.4,4601.7,1821
2026-01-13 14:10:00,4601.2,4604.0,4598.8,4603.9,1472
2026-01-13 14:15:00,4603.8,4605.4,4592.7,4599.3,3048
2026-01-13 14:20:00,4599.1,4601.9,4599.0,4601.0,1115
2026-01-13 14:25:00,4600.9,4603.4,4600.7,4601.5,899
2026-01-13 14:30:00,4601.6,4604.9,4600.5,4604.1,1048
2026-01-13 14:35:00,4603.9,4606.6,4601.0,4606.3,1585
2026-01-13 14:40:00,4606.2,4606.9,4601.7,4604.0,1082
2026-01-13 14:45:00,4604.0,4604.0,4598.3,4600.5,1280
2026-01-13 14:50:00,4600.5,4603.8,4600.0,4603.4,945
2026-01-13 14:55:00,4603.7,4606.6,4603.5,4605.2,909
2026-01-13 15:00:00,4605.1,4605.6,4597.6,4600.1,1788
2026-01-13 15:05:00,4600.0,4602.5,4597.9,4600.0,1039
2026-01-13 15:10:00,4599.9,4603.0,4599.4,4600.5,617
2026-01-13 15:15:00,4600.7,4603.0,4598.3,4602.0,985
2026-01-13 15:20:00,4602.3,4603.2,4599.0,4600.5,957
2026-01-13 15:25:00,4600.6,4601.6,4595.4,4596.6,1493
2026-01-13 15:30:00,4596.5,4597.1,4578.4,4579.8,6266
2026-01-13 15:35:00,4579.8,4587.3,4576.6,4584.1,3273
2026-01-13 15:40:00,4584.1,4595.1,4582.4,4592.8,3332
2026-01-13 15:45:00,4592.8,4596.9,4591.1,4596.6,1554
2026-01-13 15:50:00,4596.4,4597.0,4591.1,4594.3,1593
2026-01-13 15:55:00,4594.3,4594.8,4590.2,4593.9,1404
2026-01-13 16:00:00,4594.2,4597.4,4592.7,4595.5,1186
2026-01-13 16:05:00,4595.5,4596.5,4594.0,4594.2,417
2026-01-13 16:10:00,4594.4,4595.5,4591.2,4591.4,548
2026-01-13 16:15:00,4591.6,4595.0,4590.6,4594.1,673
2026-01-13 16:20:00,4593.8,4595.6,4593.6,4595.0,389
2026-01-13 16:25:00,4594.8,4597.5,4594.6,4595.7,588
2026-01-13 16:30:00,4595.8,4596.9,4594.0,4595.1,617
2026-01-13 16:35:00,4594.9,4597.3,4593.5,4595.6,615
2026-01-13 16:40:00,4595.6,4597.0,4594.6,4597.0,612
2026-01-13 16:45:00,4596.8,4597.8,4595.3,4596.0,468
2026-01-13 16:50:00,4595.8,4596.2,4595.0,4595.4,198
2026-01-13 16:55:00,4595.4,4595.8,4593.7,4594.5,483
2026-01-13 18:00:00,4594.8,4599.9,4594.6,4598.7,1340
2026-01-13 18:05:00,4598.6,4602.6,4598.3,4600.0,1120
2026-01-13 18:10:00,4600.1,4603.2,4600.0,4603.1,762
2026-01-13 18:15:00,4602.9,4603.9,4600.0,4602.1,1120
2026-01-13 18:20:00,4602.1,4603.5,4601.2,4603.5,560
2026-01-13 18:25:00,4603.4,4605.3,4603.3,4604.5,1151
2026-01-13 18:30:00,4604.5,4604.7,4601.8,4603.1,1059
2026-01-13 18:35:00,4603.3,4604.0,4601.9,4604.0,672
2026-01-13 18:40:00,4603.9,4603.9,4600.2,4601.5,804
2026-01-13 18:45:00,4601.6,4603.5,4600.7,4603.3,694
2026-01-13 18:50:00,4603.3,4604.6,4601.6,4604.4,492
2026-01-13 18:55:00,4604.4,4606.4,4604.0,4604.2,1089
2026-02-11 00:00:00,5071.1,5072.4,5068.5,5071.5,1296
2026-02-11 00:05:00,5071.3,5072.5,5067.6,5071.5,894
2026-02-11 00:10:00,5071.4,5074.4,5070.9,5072.6,921
2026-02-11 00:15:00,5072.4,5075.6,5070.2,5075.3,942
2026-02-11 00:20:00,5075.3,5076.3,5073.0,5073.2,512
2026-02-11 00:25:00,5073.4,5078.0,5073.4,5077.1,843
2026-02-11 00:30:00,5077.3,5082.2,5076.6,5081.6,1654
2026-02-11 00:35:00,5081.7,5087.3,5081.4,5086.5,2131
2026-02-11 00:40:00,5086.5,5088.2,5084.3,5086.5,1179
2026-02-11 00:45:00,5086.5,5087.0,5078.0,5078.3,1453
2026-02-11 00:50:00,5078.3,5078.6,5071.2,5071.6,2129
2026-02-11 00:55:00,5071.5,5077.3,5070.3,5076.8,1591
2026-02-11 01:00:00,5076.9,5078.6,5074.4,5074.8,906
2026-02-11 01:05:00,5074.9,5081.5,5073.2,5079.8,1160
2026-02-11 01:10:00,5079.6,5080.7,5076.4,5078.3,866
2026-02-11 01:15:00,5078.6,5085.8,5077.3,5085.1,1298
2026-02-11 01:20:00,5085.1,5085.7,5079.6,5080.8,926
2026-02-11 01:25:00,5081.0,5082.3,5078.9,5080.6,493
2026-02-11 01:30:00,5080.6,5083.6,5078.0,5081.0,837
2026-02-11 01:35:00,5081.2,5083.4,5077.2,5077.4,637
2026-02-11 01:40:00,5077.4,5084.3,5077.2,5078.2,1090
2026-02-11 01:45:00,5078.3,5084.6,5076.1,5082.4,1262
2026-02-11 01:50:00,5082.3,5086.9,5081.6,5084.4,1484
2026-02-11 01:55:00,5084.5,5088.6,5083.0,5088.0,1318
2026-02-11 02:00:00,5088.1,5089.8,5083.4,5086.7,1976
2026-02-11 02:05:00,5087.0,5089.5,5083.7,5087.0,1283
2026-02-11 02:10:00,5087.3,5093.3,5080.7,5083.2,3950
2026-02-11 02:15:00,5082.8,5089.9,5082.4,5083.1,1975
2026-02-11 02:20:00,5083.2,5087.7,5078.4,5080.4,2007
2026-02-11 02:25:00,5080.3,5084.4,5076.4,5083.9,2114
2026-02-11 02:30:00,5083.9,5086.0,5080.1,5081.9,1669
2026-02-11 02:35:00,5081.7,5085.1,5078.4,5080.8,1128
2026-02-11 02:40:00,5081.0,5081.7,5076.4,5078.1,1605
2026-02-11 02:45:00,5078.1,5078.7,5072.5,5075.9,1345
2026-02-11 02:50:00,5076.0,5079.4,5075.7,5078.4,999
2026-02-11 02:55:00,5078.2,5080.0,5076.8,5079.1,662
2026-02-11 03:00:00,5079.0,5084.0,5078.1,5082.8,1306
2026-02-11 03:05:00,5082.6,5082.6,5076.1,5077.4,965
2026-02-11 03:10:00,5077.5,5080.3,5075.2,5075.5,705
2026-02-11 03:15:00,5075.3,5076.8,5073.9,5075.7,768
2026-02-11 03:20:00,5075.6,5079.0,5074.6,5077.9,807
2026-02-11 03:25:00,5077.9,5079.2,5074.1,5075.1,705
2026-02-11 03:30:00,5074.9,5075.2,5068.4,5071.6,1663
2026-02-11 03:35:00,5071.9,5075.5,5069.8,5074.7,1356
2026-02-11 03:40:00,5074.8,5077.2,5073.8,5076.3,741
2026-02-11 03:45:00,5075.6,5078.2,5075.4,5077.5,615
2026-02-11 03:50:00,5077.6,5078.7,5073.8,5076.8,655
2026-02-11 03:55:00,5076.8,5078.0,5074.8,5076.8,551
2026-02-11 04:00:00,5077.3,5079.5,5075.8,5076.1,692
2026-02-11 04:05:00,5076.4,5076.8,5070.5,5074.9,995
2026-02-11 04:10:00,5074.6,5077.5,5073.5,5074.8,641
2026-02-11 04:15:00,5074.8,5078.4,5073.4,5078.0,542
2026-02-11 04:20:00,5077.6,5077.6,5074.9,5075.8,439
2026-02-11 04:25:00,5076.0,5078.4,5075.7,5078.0,581
2026-02-11 04:30:00,5077.9,5083.6,5076.9,5081.1,1084
2026-02-11 04:35:00,5081.2,5085.2,5080.6,5082.1,977
2026-02-11 04:40:00,5082.2,5090.0,5079.4,5087.9,1713
2026-02-11 04:45:00,5087.9,5096.0,5086.9,5087.8,3146
2026-02-11 04:50:00,5087.8,5088.0,5084.1,5085.1,1108
2026-02-11 04:55:00,5085.1,5087.4,5082.8,5086.4,696
2026-02-11 05:00:00,5086.7,5091.1,5086.2,5088.1,1213
2026-02-11 05:05:00,5088.3,5090.8,5087.8,5090.1,692
2026-02-11 05:10:00,5090.1,5093.9,5089.1,5092.5,767
2026-02-11 05:15:00,5092.7,5097.8,5092.1,5096.2,1805
2026-02-11 05:20:00,5096.3,5100.8,5095.7,5099.7,2073
2026-02-11 05:25:00,5099.7,5100.1,5092.4,5095.3,1604
2026-02-11 05:30:00,5095.3,5097.0,5092.4,5093.4,1451
2026-02-11 05:35:00,5093.4,5099.2,5092.6,5097.4,1094
2026-02-11 05:40:00,5097.6,5129.7,5097.2,5125.5,5425
2026-02-11 05:45:00,5125.1,5126.9,5116.4,5125.0,5324
2026-02-11 05:50:00,5124.9,5125.6,5116.7,5120.0,3217
2026-02-11 05:55:00,5119.8,5122.6,5116.2,5118.2,2282
2026-02-11 06:00:00,5118.5,5120.9,5107.6,5111.1,2755
2026-02-11 06:05:00,5111.2,5120.6,5108.5,5119.3,1744
2026-02-11 06:10:00,5119.1,5120.0,5113.5,5114.9,1011
2026-02-11 06:15:00,5114.8,5122.4,5114.8,5121.5,1222
2026-02-11 06:20:00,5121.3,5127.8,5120.5,5122.4,1618
2026-02-11 06:25:00,5122.4,5133.0,5121.0,5132.6,2237
2026-02-11 06:30:00,5132.7,5133.3,5126.0,5128.9,1741
2026-02-11 06:35:00,5128.7,5133.7,5127.2,5127.6,1154
2026-02-11 06:40:00,5127.5,5135.7,5126.5,5134.0,1509
2026-02-11 06:45:00,5134.1,5140.7,5133.6,5138.5,2314
2026-02-11 06:50:00,5138.7,5141.6,5136.1,5138.2,1759
2026-02-11 06:55:00,5138.0,5139.6,5134.0,5137.0,1348
2026-02-11 07:00:00,5136.9,5144.4,5129.4,5130.3,3219
2026-02-11 07:05:00,5130.2,5131.9,5123.8,5124.8,2314
2026-02-11 07:10:00,5124.5,5132.5,5124.5,5131.5,1578
2026-02-11 07:15:00,5131.4,5132.5,5116.9,5118.4,2478
2026-02-11 07:20:00,5118.7,5123.9,5111.4,5121.8,2754
2026-02-11 07:25:00,5121.8,5124.4,5117.0,5120.4,1700
2026-02-11 07:30:00,5120.5,5124.1,5107.2,5109.5,2804
2026-02-11 07:35:00,5109.4,5112.0,5104.4,5108.8,3238
2026-02-11 07:40:00,5108.8,5108.8,5070.7,5091.8,8916
2026-02-11 07:45:00,5091.6,5099.0,5089.0,5094.0,5061
2026-02-11 07:50:00,5094.0,5103.5,5093.2,5102.7,2740
2026-02-11 07:55:00,5102.3,5108.0,5097.1,5107.0,2188
2026-02-11 08:00:00,5106.9,5111.2,5101.8,5105.3,4532
2026-02-11 08:05:00,5105.0,5109.0,5103.8,5106.4,1820
2026-02-11 08:10:00,5106.6,5106.8,5096.0,5106.1,2915
2026-02-11 08:15:00,5105.9,5105.9,5087.3,5096.1,3735
2026-02-11 08:20:00,5096.1,5108.9,5096.0,5107.7,3402
2026-02-11 08:25:00,5107.9,5114.9,5103.8,5107.8,2062
2026-02-11 08:30:00,5106.7,5106.7,5039.6,5073.0,13817
2026-02-11 08:35:00,5071.9,5090.8,5062.3,5087.3,8691
2026-02-11 08:40:00,5086.8,5089.0,5074.9,5082.9,6580
2026-02-11 08:45:00,5082.7,5094.5,5077.4,5091.7,6252
2026-02-11 08:50:00,5091.5,5092.7,5081.0,5089.8,4260
2026-02-11 08:55:00,5089.5,5096.2,5088.0,5088.4,3556
2026-02-11 09:00:00,5088.5,5098.4,5084.5,5097.7,3626
2026-02-11 09:05:00,5097.5,5102.1,5095.9,5098.9,3910
2026-02-11 09:10:00,5099.0,5100.1,5094.3,5097.1,2415
2026-02-11 09:15:00,5097.4,5107.3,5093.6,5103.0,3610
2026-02-11 09:20:00,5102.7,5105.0,5088.0,5093.8,3145
2026-02-11 09:25:00,5093.9,5096.9,5090.5,5094.2,2425
2026-02-11 09:30:00,5094.3,5100.1,5083.0,5093.1,6706
2026-02-11 09:35:00,5092.9,5094.5,5066.6,5069.2,6457
2026-02-11 09:40:00,5068.9,5072.6,5058.7,5065.9,6655
2026-02-11 09:45:00,5065.8,5075.0,5063.3,5070.3,4873
2026-02-11 09:50:00,5070.5,5082.1,5067.9,5082.1,3962
2026-02-11 09:55:00,5081.8,5088.2,5079.0,5082.5,3995
2026-02-11 10:00:00,5082.1,5090.0,5076.1,5088.1,5168
2026-02-11 10:05:00,5088.1,5105.0,5087.6,5102.6,5644
2026-02-11 10:10:00,5102.8,5105.2,5089.0,5090.8,6184
2026-02-11 10:15:00,5090.4,5097.8,5084.4,5089.0,4228
2026-02-11 10:20:00,5089.0,5094.7,5069.5,5072.9,6016
2026-02-11 10:25:00,5072.7,5079.4,5066.6,5071.9,5563
2026-02-11 10:30:00,5072.2,5077.4,5067.2,5076.8,4300
2026-02-11 10:35:00,5077.2,5080.8,5062.0,5069.1,5377
2026-02-11 10:40:00,5069.4,5075.7,5066.4,5071.5,3444
2026-02-11 10:45:00,5071.5,5079.3,5067.6,5070.9,3480
2026-02-11 10:50:00,5071.0,5084.3,5068.4,5083.2,4079
2026-02-11 10:55:00,5082.9,5086.4,5081.9,5083.9,2487
2026-02-11 11:00:00,5083.5,5087.8,5077.1,5080.0,2961
2026-02-11 11:05:00,5080.2,5082.3,5074.6,5076.5,2496
2026-02-11 11:10:00,5076.3,5087.7,5075.9,5079.4,3232
2026-02-11 11:15:00,5079.2,5082.0,5065.2,5078.8,4332
2026-02-11 11:20:00,5078.9,5083.6,5074.0,5081.2,2243
2026-02-11 11:25:00,5081.1,5085.8,5079.8,5084.5,2042
2026-02-11 11:30:00,5084.3,5099.8,5079.4,5098.5,5277
2026-02-11 11:35:00,5098.5,5100.7,5093.2,5098.4,2680
2026-02-11 11:40:00,5098.3,5101.9,5097.1,5097.8,2043
2026-02-11 11:45:00,5097.7,5100.6,5095.0,5096.8,1940
2026-02-11 11:50:00,5096.6,5100.2,5094.9,5097.2,1624
2026-02-11 11:55:00,5097.4,5099.5,5095.1,5098.8,1389
2026-02-11 12:00:00,5098.9,5101.4,5091.5,5097.0,2492
2026-02-11 12:05:00,5097.1,5107.8,5097.1,5104.3,2639
2026-02-11 12:10:00,5104.5,5110.6,5104.5,5109.5,2636
2026-02-11 12:15:00,5109.5,5116.7,5104.1,5107.9,3525
2026-02-11 12:20:00,5107.9,5113.5,5104.7,5113.2,2034
2026-02-11 12:25:00,5113.3,5114.3,5110.0,5112.0,1991
2026-02-11 12:30:00,5111.8,5112.7,5106.3,5107.4,1862
2026-02-11 12:35:00,5107.3,5111.0,5105.8,5108.3,1507
2026-02-11 12:40:00,5108.3,5123.3,5106.9,5120.2,3283
2026-02-11 12:45:00,5120.5,5121.8,5112.2,5113.4,2050
2026-02-11 12:50:00,5113.6,5117.9,5113.4,5117.2,1392
2026-02-11 12:55:00,5117.0,5118.8,5114.7,5116.1,1057
2026-02-11 13:00:00,5116.4,5118.0,5109.6,5113.9,1681
2026-02-11 13:05:00,5113.8,5113.8,5105.1,5105.7,1852
2026-02-11 13:10:00,5105.7,5105.8,5090.0,5097.7,3350
2026-02-11 13:15:00,5097.5,5104.1,5094.3,5102.6,1857
2026-02-11 13:20:00,5102.3,5102.7,5093.5,5093.8,1421
2026-02-11 13:25:00,5093.5,5101.0,5093.0,5098.1,2005
2026-02-11 13:30:00,5098.0,5105.3,5095.3,5099.8,2069
2026-02-11 13:35:00,5099.6,5109.2,5098.9,5105.7,1451
2026-02-11 13:40:00,5105.4,5110.0,5104.7,5108.1,899
2026-02-11 13:45:00,5108.0,5109.8,5105.4,5108.6,825
2026-02-11 13:50:00,5109.0,5112.1,5104.4,5107.0,1926
2026-02-11 13:55:00,5107.5,5109.5,5103.4,5107.0,905
2026-02-11 14:00:00,5106.7,5114.0,5106.7,5111.7,1238
2026-02-11 14:05:00,5111.8,5112.6,5107.4,5111.1,1119
2026-02-11 14:10:00,5111.2,5117.4,5111.2,5114.1,1922
2026-02-11 14:15:00,5113.9,5115.8,5112.4,5113.8,848
2026-02-11 14:20:00,5114.2,5119.5,5114.0,5117.4,1215
2026-02-11 14:25:00,5117.2,5119.1,5114.7,5116.1,777
2026-02-11 14:30:00,5116.1,5116.8,5111.2,5111.9,1184
2026-02-11 14:35:00,5111.9,5113.0,5105.6,5107.2,1133
2026-02-11 14:40:00,5106.9,5112.1,5106.4,5110.2,972
2026-02-11 14:45:00,5110.3,5113.4,5105.1,5110.0,1165
2026-02-11 14:50:00,5110.2,5111.5,5106.3,5108.2,799
2026-02-11 14:55:00,5108.1,5108.8,5101.2,5106.3,1422
2026-02-11 15:00:00,5106.4,5108.6,5104.6,5105.5,637
2026-02-11 15:05:00,5105.1,5111.5,5103.8,5111.0,793
2026-02-11 15:10:00,5111.0,5114.0,5109.4,5113.1,969
2026-02-11 15:15:00,5113.1,5113.4,5109.9,5111.5,672
2026-02-11 15:20:00,5111.5,5112.4,5107.7,5108.7,655
2026-02-11 15:25:00,5109.0,5111.4,5108.0,5109.1,488
2026-02-11 15:30:00,5108.9,5110.3,5102.3,5104.3,1221
2026-02-11 15:35:00,5104.3,5109.5,5104.0,5109.3,689
2026-02-11 15:40:00,5109.4,5111.7,5107.6,5110.7,853
2026-02-11 15:45:00,5111.2,5113.2,5108.7,5112.0,784
2026-02-11 15:50:00,5112.2,5114.0,5109.6,5113.7,747
2026-02-11 15:55:00,5113.7,5114.7,5110.4,5111.3,1137
2026-02-11 16:00:00,5111.4,5113.2,5108.2,5110.8,692
2026-02-11 16:05:00,5110.9,5112.9,5110.2,5110.6,406
2026-02-11 16:10:00,5110.4,5113.6,5110.0,5112.9,357
2026-02-11 16:15:00,5112.7,5116.6,5112.2,5116.2,495
2026-02-11 16:20:00,5116.0,5118.0,5115.0,5116.0,410
2026-02-11 16:25:00,5115.9,5116.2,5102.4,5106.8,1572
2026-02-11 16:30:00,5106.9,5109.2,5094.0,5101.2,1714
2026-02-11 16:35:00,5101.9,5105.7,5100.5,5103.9,833
2026-02-11 16:40:00,5103.9,5105.3,5102.2,5105.2,372
2026-02-11 16:45:00,5104.9,5105.4,5101.4,5103.4,596
2026-02-11 16:50:00,5103.3,5109.0,5102.5,5106.6,482
2026-02-11 16:55:00,5106.6,5109.4,5105.0,5107.3,535
2026-02-11 18:00:00,5109.3,5123.5,5107.9,5117.7,1996
2026-02-11 18:05:00,5118.3,5119.2,5097.2,5105.3,2384
2026-02-11 18:10:00,5106.0,5106.4,5075.0,5085.2,3445
2026-02-11 18:15:00,5085.1,5091.1,5080.2,5089.0,1946
2026-02-11 18:20:00,5089.3,5094.1,5084.8,5091.9,1749
2026-02-11 18:25:00,5091.5,5093.0,5088.4,5090.9,808
2026-02-11 18:30:00,5090.9,5092.3,5081.9,5084.9,1282
2026-02-11 18:35:00,5084.9,5087.9,5083.2,5087.1,742
2026-02-11 18:40:00,5087.2,5089.5,5084.9,5085.2,635
2026-02-11 18:45:00,5085.1,5091.0,5085.1,5090.7,705
2026-02-11 18:50:00,5090.6,5093.3,5086.5,5088.8,970
2026-02-11 18:55:00,5088.3,5090.1,5081.3,5082.7,1006
2026-03-11 00:00:00,5211.7,5213.0,5207.6,5211.4,658
2026-03-11 00:05:00,5211.5,5213.7,5210.6,5213.3,532
2026-03-11 00:10:00,5213.4,5215.0,5210.8,5214.2,407
2026-03-11 00:15:00,5214.1,5217.0,5212.9,5213.9,753
2026-03-11 00:20:00,5214.2,5216.1,5213.4,5216.1,342
2026-03-11 00:25:00,5216.1,5217.1,5215.5,5215.6,319
2026-03-11 00:30:00,5215.7,5216.2,5212.4,5214.0,471
2026-03-11 00:35:00,5214.4,5216.6,5214.3,5215.9,272
2026-03-11 00:40:00,5216.1,5216.7,5214.5,5214.9,292
2026-03-11 00:45:00,5214.8,5214.9,5211.0,5212.9,510
2026-03-11 00:50:00,5213.0,5213.8,5209.7,5212.0,429
2026-03-11 00:55:00,5212.2,5213.6,5210.0,5212.8,300
2026-03-11 01:00:00,5212.6,5215.2,5211.9,5213.6,494
2026-03-11 01:05:00,5213.3,5216.7,5212.6,5215.2,492
2026-03-11 01:10:00,5215.1,5216.1,5211.7,5212.9,519
2026-03-11 01:15:00,5212.9,5215.0,5211.3,5213.9,358
2026-03-11 01:20:00,5213.9,5214.0,5208.8,5210.9,612
2026-03-11 01:25:00,5210.9,5212.0,5208.2,5208.7,486
2026-03-11 01:30:00,5208.7,5209.1,5198.0,5206.2,2723
2026-03-11 01:35:00,5206.0,5210.9,5206.0,5208.9,674
2026-03-11 01:40:00,5208.9,5212.9,5205.5,5209.0,989
2026-03-11 01:45:00,5208.8,5208.8,5203.0,5205.6,885
2026-03-11 01:50:00,5205.8,5209.9,5205.3,5206.9,517
2026-03-11 01:55:00,5207.1,5208.0,5205.5,5207.5,296
2026-03-11 02:00:00,5207.3,5208.3,5204.1,5207.4,661
2026-03-11 02:05:00,5207.4,5211.9,5206.8,5211.4,432
2026-03-11 02:10:00,5211.3,5218.1,5210.4,5217.0,1080
2026-03-11 02:15:00,5216.8,5218.4,5211.7,5212.4,965
2026-03-11 02:20:00,5212.5,5214.7,5210.7,5211.3,534
2026-03-11 02:25:00,5211.2,5215.0,5210.2,5214.2,403
2026-03-11 02:30:00,5214.1,5214.2,5209.2,5209.7,444
2026-03-11 02:35:00,5209.9,5211.8,5208.1,5210.4,713
2026-03-11 02:40:00,5210.0,5210.0,5199.2,5202.7,1395
2026-03-11 02:45:00,5202.7,5203.7,5200.0,5202.7,963
2026-03-11 02:50:00,5202.8,5206.2,5202.2,5205.4,643
2026-03-11 02:55:00,5205.3,5206.8,5203.5,5205.0,502
2026-03-11 03:00:00,5205.1,5209.4,5203.0,5208.2,991
2026-03-11 03:05:00,5207.8,5209.8,5203.9,5205.6,898
2026-03-11 03:10:00,5205.7,5207.2,5204.6,5206.6,468
2026-03-11 03:15:00,5206.8,5207.9,5203.1,5204.3,737
2026-03-11 03:20:00,5204.6,5206.0,5203.4,5205.9,385
2026-03-11 03:25:00,5206.0,5206.5,5203.2,5205.3,562
2026-03-11 03:30:00,5205.9,5206.3,5197.6,5199.5,1105
2026-03-11 03:35:00,5199.7,5202.2,5192.8,5194.4,1899
2026-03-11 03:40:00,5194.6,5200.1,5192.2,5199.3,1387
2026-03-11 03:45:00,5199.1,5202.8,5197.7,5202.3,760
2026-03-11 03:50:00,5202.3,5205.7,5201.2,5203.3,1070
2026-03-11 03:55:00,5203.4,5204.1,5201.0,5203.6,418
2026-03-11 04:00:00,5203.3,5204.4,5196.0,5202.8,1091
2026-03-11 04:05:00,5203.0,5205.3,5201.2,5203.0,582
2026-03-11 04:10:00,5202.9,5206.7,5201.2,5206.3,551
2026-03-11 04:15:00,5206.2,5206.2,5197.7,5200.3,810
2026-03-11 04:20:00,5200.2,5200.4,5194.4,5194.8,904
2026-03-11 04:25:00,5194.9,5196.7,5188.6,5192.6,1736
2026-03-11 04:30:00,5192.7,5195.5,5190.1,5193.4,1004
2026-03-11 04:35:00,5193.3,5194.6,5182.6,5191.3,1697
2026-03-11 04:40:00,5191.2,5194.5,5188.3,5189.6,1063
2026-03-11 04:45:00,5189.3,5193.3,5187.1,5192.6,762
2026-03-11 04:50:00,5192.4,5196.1,5191.1,5193.4,820
2026-03-11 04:55:00,5193.2,5196.2,5191.8,5195.2,548
2026-03-11 05:00:00,5194.9,5196.1,5190.5,5191.3,586
2026-03-11 05:05:00,5191.4,5192.0,5187.1,5191.9,974
2026-03-11 05:10:00,5192.0,5195.7,5191.3,5191.6,471
2026-03-11 05:15:00,5191.3,5196.0,5191.3,5194.0,387
2026-03-11 05:20:00,5194.0,5198.6,5192.9,5195.3,757
2026-03-11 05:25:00,5195.3,5197.0,5194.3,5195.4,443
2026-03-11 05:30:00,5195.0,5203.1,5194.7,5201.8,1147
2026-03-11 05:35:00,5201.8,5204.3,5200.9,5203.7,853
2026-03-11 05:40:00,5203.8,5204.9,5199.4,5199.5,527
2026-03-11 05:45:00,5199.5,5202.3,5198.9,5200.0,547
2026-03-11 05:50:00,5199.9,5200.0,5195.7,5199.5,875
2026-03-11 05:55:00,5199.1,5200.1,5194.4,5195.4,964
2026-03-11 06:00:00,5195.7,5197.8,5194.1,5197.0,783
2026-03-11 06:05:00,5196.7,5201.7,5195.6,5201.1,686
2026-03-11 06:10:00,5201.2,5203.0,5200.1,5201.2,452
2026-03-11 06:15:00,5201.3,5203.0,5200.0,5201.6,377
2026-03-11 06:20:00,5201.8,5203.1,5198.5,5198.9,420
2026-03-11 06:25:00,5198.6,5200.7,5197.2,5199.8,548
2026-03-11 06:30:00,5199.7,5200.0,5191.1,5192.2,1470
2026-03-11 06:35:00,5192.2,5193.3,5189.0,5191.8,942
2026-03-11 06:40:00,5191.6,5192.7,5184.8,5187.0,1154
2026-03-11 06:45:00,5186.9,5195.5,5185.0,5194.9,1052
2026-03-11 06:50:00,5194.9,5198.9,5194.8,5196.7,882
2026-03-11 06:55:00,5196.7,5197.7,5192.7,5194.2,504
2026-03-11 07:00:00,5194.2,5201.2,5193.8,5200.6,678
2026-03-11 07:05:00,5200.5,5201.3,5194.7,5194.7,527
2026-03-11 07:10:00,5195.1,5196.1,5191.9,5195.3,567
2026-03-11 07:15:00,5195.5,5198.0,5189.0,5189.3,763
2026-03-11 07:20:00,5189.1,5191.9,5187.6,5189.2,811
2026-03-11 07:25:00,5189.3,5191.7,5187.2,5188.8,652
2026-03-11 07:30:00,5188.9,5193.8,5187.4,5192.9,667
2026-03-11 07:35:00,5193.1,5197.2,5191.6,5193.3,848
2026-03-11 07:40:00,5193.6,5198.4,5192.3,5192.9,788
2026-03-11 07:45:00,5192.8,5195.8,5190.4,5192.0,631
2026-03-11 07:50:00,5192.0,5196.9,5189.5,5190.9,1029
2026-03-11 07:55:00,5190.7,5190.8,5183.0,5188.8,1281
2026-03-11 08:00:00,5188.9,5193.9,5185.1,5193.1,1189
2026-03-11 08:05:00,5193.4,5197.3,5192.2,5195.5,1045
2026-03-11 08:10:00,5195.6,5201.3,5195.6,5199.4,952
2026-03-11 08:15:00,5199.5,5203.3,5198.6,5202.4,1057
2026-03-11 08:20:00,5202.3,5203.3,5197.7,5198.9,1228
2026-03-11 08:25:00,5198.5,5200.8,5195.7,5199.4,788
2026-03-11 08:30:00,5200.1,5208.5,5186.7,5189.5,2770
2026-03-11 08:35:00,5189.0,5189.0,5180.2,5185.2,3328
2026-03-11 08:40:00,5185.1,5189.9,5182.3,5187.9,1975
2026-03-11 08:45:00,5187.6,5188.5,5175.4,5184.7,2937
2026-03-11 08:50:00,5184.6,5187.9,5180.5,5183.1,1515
2026-03-11 08:55:00,5183.1,5184.8,5173.2,5174.9,2245
2026-03-11 09:00:00,5175.0,5184.8,5169.0,5183.7,4771
2026-03-11 09:05:00,5183.6,5189.2,5181.7,5182.8,2165
2026-03-11 09:10:00,5183.1,5189.6,5182.8,5185.3,1581
2026-03-11 09:15:00,5185.3,5187.3,5183.3,5185.0,1081
2026-03-11 09:20:00,5184.8,5191.1,5184.5,5187.7,1329
2026-03-11 09:25:00,5187.7,5189.4,5184.1,5189.4,987
2026-03-11 09:30:00,5189.1,5189.1,5175.8,5183.2,2934
2026-03-11 09:35:00,5182.9,5184.8,5175.0,5179.5,2409
2026-03-11 09:40:00,5179.9,5183.4,5172.1,5172.5,2153
2026-03-11 09:45:00,5172.6,5174.8,5165.0,5167.1,4530
2026-03-11 09:50:00,5167.0,5176.5,5156.0,5175.4,5698
2026-03-11 09:55:00,5175.7,5184.7,5174.2,5184.2,2757
2026-03-11 10:00:00,5184.1,5194.6,5182.1,5192.6,4733
2026-03-11 10:05:00,5192.9,5196.9,5186.2,5193.4,3053
2026-03-11 10:10:00,5193.1,5197.5,5187.9,5197.2,2100
2026-03-11 10:15:00,5197.0,5198.8,5193.7,5195.8,1992
2026-03-11 10:20:00,5196.0,5196.9,5193.4,5196.4,1444
2026-03-11 10:25:00,5196.3,5203.4,5189.5,5201.9,2456
2026-03-11 10:30:00,5201.9,5204.2,5192.0,5194.0,2377
2026-03-11 10:35:00,5193.4,5198.0,5190.0,5193.4,1623
2026-03-11 10:40:00,5192.9,5193.0,5181.9,5190.7,3173
2026-03-11 10:45:00,5190.6,5197.2,5187.6,5196.0,1907
2026-03-11 10:50:00,5196.4,5201.0,5193.5,5198.3,1992
2026-03-11 10:55:00,5198.1,5198.9,5189.5,5191.1,1735
2026-03-11 11:00:00,5190.8,5193.8,5185.9,5188.0,2676
2026-03-11 11:05:00,5187.8,5189.2,5181.1,5188.5,1997
2026-03-11 11:10:00,5188.3,5188.7,5177.9,5178.0,2265
2026-03-11 11:15:00,5177.9,5182.9,5175.5,5182.2,1944
2026-03-11 11:20:00,5182.4,5186.6,5181.6,5185.7,1516
2026-03-11 11:25:00,5185.8,5186.9,5178.9,5180.1,1201
2026-03-11 11:30:00,5180.0,5180.0,5174.6,5176.2,2063
2026-03-11 11:35:00,5176.0,5181.5,5174.9,5177.5,1303
2026-03-11 11:40:00,5177.2,5181.2,5173.7,5176.8,1420
2026-03-11 11:45:00,5176.7,5178.8,5171.2,5177.7,1749
2026-03-11 11:50:00,5177.5,5182.8,5175.6,5179.4,1087
2026-03-11 11:55:00,5179.4,5179.9,5173.0,5173.5,971
2026-03-11 12:00:00,5173.5,5178.6,5171.5,5173.5,1439
2026-03-11 12:05:00,5173.4,5176.1,5170.5,5173.2,1326
2026-03-11 12:10:00,5173.2,5180.1,5172.3,5179.9,1025
2026-03-11 12:15:00,5179.7,5180.2,5172.7,5175.0,1182
2026-03-11 12:20:00,5175.0,5177.7,5172.6,5176.3,934
2026-03-11 12:25:00,5176.4,5177.9,5171.5,5174.1,924
2026-03-11 12:30:00,5174.3,5180.1,5173.5,5179.1,992
2026-03-11 12:35:00,5179.3,5183.2,5177.7,5182.7,1338
2026-03-11 12:40:00,5182.8,5184.6,5180.8,5181.6,1059
2026-03-11 12:45:00,5181.7,5185.9,5178.9,5179.2,952
2026-03-11 12:50:00,5179.4,5181.4,5177.7,5180.9,806
2026-03-11 12:55:00,5180.6,5184.3,5178.6,5183.3,761
2026-03-11 13:00:00,5183.3,5187.0,5182.0,5185.9,877
2026-03-11 13:05:00,5186.0,5188.6,5185.3,5187.9,857
2026-03-11 13:10:00,5187.8,5188.1,5182.2,5183.5,735
2026-03-11 13:15:00,5183.4,5185.8,5177.3,5178.9,1225
2026-03-11 13:20:00,5178.8,5181.4,5177.0,5179.6,973
2026-03-11 13:25:00,5179.6,5181.6,5176.9,5179.2,1709
2026-03-11 13:30:00,5179.4,5179.9,5173.0,5175.2,1378
2026-03-11 13:35:00,5175.2,5175.9,5163.5,5165.9,3888
2026-03-11 13:40:00,5166.0,5170.5,5161.1,5170.2,2346
2026-03-11 13:45:00,5170.0,5173.4,5168.2,5173.4,1119
2026-03-11 13:50:00,5173.3,5175.4,5172.8,5174.6,1083
2026-03-11 13:55:00,5174.5,5177.3,5171.6,5176.3,997
2026-03-11 14:00:00,5176.9,5179.0,5176.0,5178.2,732
2026-03-11 14:05:00,5178.1,5182.6,5176.9,5179.8,951
2026-03-11 14:10:00,5179.5,5181.1,5177.9,5179.4,624
2026-03-11 14:15:00,5179.1,5185.3,5179.1,5184.1,857
2026-03-11 14:20:00,5184.4,5185.2,5182.1,5184.6,957
2026-03-11 14:25:00,5184.4,5186.0,5183.8,5185.3,731
2026-03-11 14:30:00,5185.1,5186.3,5184.3,5185.0,565
2026-03-11 14:35:00,5184.9,5186.0,5184.4,5185.6,449
2026-03-11 14:40:00,5185.3,5186.2,5184.0,5185.2,413
2026-03-11 14:45:00,5185.2,5186.0,5183.8,5184.0,433
2026-03-11 14:50:00,5184.0,5185.5,5182.0,5182.1,518
2026-03-11 14:55:00,5182.2,5182.8,5177.9,5180.2,887
2026-03-11 15:00:00,5180.0,5180.8,5176.6,5179.2,656
2026-03-11 15:05:00,5179.1,5181.5,5178.5,5180.6,391
2026-03-11 15:10:00,5180.9,5182.3,5179.2,5180.1,396
2026-03-11 15:15:00,5179.8,5183.8,5179.3,5183.3,452
2026-03-11 15:20:00,5183.6,5184.8,5180.5,5182.4,512
2026-03-11 15:25:00,5182.3,5185.7,5182.1,5184.6,563
2026-03-11 15:30:00,5185.0,5186.1,5183.5,5185.8,506
2026-03-11 15:35:00,5186.0,5186.6,5184.3,5185.4,398
2026-03-11 15:40:00,5185.6,5187.9,5184.8,5187.3,630
2026-03-11 15:45:00,5187.7,5187.7,5184.5,5185.8,492
2026-03-11 15:50:00,5186.0,5190.2,5185.3,5189.0,835
2026-03-11 15:55:00,5188.9,5191.2,5186.6,5191.1,1037
2026-03-11 16:00:00,5190.9,5191.5,5186.0,5188.1,799
2026-03-11 16:05:00,5187.9,5188.1,5185.8,5186.7,302
2026-03-11 16:10:00,5186.5,5187.0,5184.7,5186.1,290
2026-03-11 16:15:00,5186.0,5186.0,5183.1,5184.0,331
2026-03-11 16:20:00,5184.0,5187.2,5182.9,5186.3,502
2026-03-11 16:25:00,5186.4,5187.2,5185.3,5185.7,205
2026-03-11 16:30:00,5185.4,5186.0,5184.2,5184.3,177
2026-03-11 16:35:00,5184.3,5185.9,5183.7,5184.7,224
2026-03-11 16:40:00,5184.8,5185.7,5183.6,5184.1,236
2026-03-11 16:45:00,5184.1,5185.8,5183.3,5184.0,389
2026-03-11 16:50:00,5184.0,5186.2,5184.0,5185.5,272
2026-03-11 16:55:00,5185.6,5185.7,5183.2,5183.9,358
2026-03-11 18:00:00,5183.9,5189.8,5180.9,5183.6,836
2026-03-11 18:05:00,5184.5,5184.7,5172.8,5179.6,820
2026-03-11 18:10:00,5179.5,5182.0,5177.5,5180.5,365
2026-03-11 18:15:00,5181.0,5181.7,5179.2,5180.5,216
2026-03-11 18:20:00,5180.5,5182.8,5178.2,5178.2,460
2026-03-11 18:25:00,5178.3,5180.4,5171.1,5175.8,1073
2026-03-11 18:30:00,5175.8,5175.9,5170.9,5171.0,570
2026-03-11 18:35:00,5171.3,5172.3,5163.6,5166.2,1251
2026-03-11 18:40:00,5166.0,5168.2,5158.6,5163.8,1353
2026-03-11 18:45:00,5163.9,5173.3,5163.9,5172.9,1273
2026-03-11 18:50:00,5173.3,5174.5,5160.0,5161.9,1164
2026-03-11 18:55:00,5161.8,5164.3,5135.6,5144.9,4218
2026-03-11 19:00:00,5144.7,5154.9,5140.9,5153.2,1955
2026-03-11 19:05:00,5153.2,5157.3,5151.7,5153.9,978
2026-03-11 19:10:00,5153.4,5160.0,5152.6,5158.2,1086
2026-03-11 19:15:00,5157.8,5161.3,5155.9,5158.8,772
2026-03-11 19:20:00,5159.2,5161.4,5156.5,5158.5,651
2026-03-11 19:25:00,5158.6,5163.0,5158.3,5162.1,671
2026-03-11 19:30:00,5161.8,5164.1,5155.8,5156.0,1299
2026-03-11 19:35:00,5156.0,5158.6,5151.6,5154.7,1291
2026-03-11 19:40:00,5155.3,5159.2,5151.7,5152.2,490
2026-03-11 19:45:00,5152.1,5152.9,5143.2,5148.6,1776
2026-03-11 19:50:00,5148.7,5149.1,5144.4,5147.0,639
2026-03-11 19:55:00,5147.0,5150.6,5138.6,5140.7,1231
2026-04-10 00:00:00,4790.1,4792.1,4789.8,4790.8,579
2026-04-10 00:05:00,4790.6,4791.2,4788.6,4789.5,383
2026-04-10 00:10:00,4789.5,4790.8,4788.2,4790.8,349
2026-04-10 00:15:00,4790.7,4794.5,4789.7,4793.9,822
2026-04-10 00:20:00,4794.1,4794.5,4790.2,4790.4,585
2026-04-10 00:25:00,4790.4,4791.3,4788.8,4789.0,311
2026-04-10 00:30:00,4789.1,4789.4,4786.9,4787.2,710
2026-04-10 00:35:00,4787.5,4788.5,4786.1,4787.0,635
2026-04-10 00:40:00,4787.2,4787.8,4785.6,4786.6,482
2026-04-10 00:45:00,4786.4,4787.5,4785.2,4787.4,248
2026-04-10 00:50:00,4787.4,4789.5,4784.6,4786.6,882
2026-04-10 00:55:00,4786.6,4786.7,4781.5,4782.3,711
2026-04-10 01:00:00,4782.5,4786.3,4781.1,4786.0,745
2026-04-10 01:05:00,4786.2,4787.3,4784.1,4785.3,595
2026-04-10 01:10:00,4785.8,4785.9,4782.7,4783.9,460
2026-04-10 01:15:00,4783.9,4784.4,4782.3,4783.8,363
2026-04-10 01:20:00,4784.0,4787.8,4784.0,4784.8,604
2026-04-10 01:25:00,4785.1,4788.0,4783.1,4783.6,507
2026-04-10 01:30:00,4783.6,4789.5,4783.1,4788.7,784
2026-04-10 01:35:00,4788.5,4792.4,4787.7,4789.1,824
2026-04-10 01:40:00,4789.0,4790.6,4785.2,4788.5,684
2026-04-10 01:45:00,4788.7,4791.4,4788.2,4790.0,566
2026-04-10 01:50:00,4790.1,4793.0,4789.5,4791.0,854
2026-04-10 01:55:00,4790.8,4792.0,4789.3,4789.7,584
2026-04-10 02:00:00,4789.8,4789.9,4784.0,4785.5,1203
2026-04-10 02:05:00,4785.9,4787.5,4782.8,4783.4,856
2026-04-10 02:10:00,4783.0,4785.0,4779.1,4780.0,773
2026-04-10 02:15:00,4779.9,4781.3,4775.5,4776.1,1139
2026-04-10 02:20:00,4776.1,4778.4,4775.0,4777.2,905
2026-04-10 02:25:00,4777.5,4779.6,4776.1,4779.2,787
2026-04-10 02:30:00,4779.0,4781.9,4777.7,4781.4,976
2026-04-10 02:35:00,4781.6,4782.0,4773.0,4776.0,1351
2026-04-10 02:40:00,4775.7,4778.0,4773.5,4774.6,529
2026-04-10 02:45:00,4774.7,4777.9,4767.2,4767.5,1639
2026-04-10 02:50:00,4767.4,4770.9,4766.5,4768.3,1161
2026-04-10 02:55:00,4768.8,4771.6,4767.9,4769.5,672
2026-04-10 03:00:00,4769.6,4774.3,4764.8,4774.0,1207
2026-04-10 03:05:00,4773.7,4775.8,4772.2,4775.2,757
2026-04-10 03:10:00,4775.3,4777.7,4769.1,4770.5,1045
2026-04-10 03:15:00,4770.1,4777.0,4769.6,4776.1,717
2026-04-10 03:20:00,4776.1,4778.9,4774.8,4777.7,638
2026-04-10 03:25:00,4777.8,4779.5,4776.3,4777.0,575
2026-04-10 03:30:00,4777.2,4779.9,4774.9,4779.4,432
2026-04-10 03:35:00,4779.4,4780.8,4778.1,4779.3,473
2026-04-10 03:40:00,4779.0,4781.1,4776.1,4777.4,679
2026-04-10 03:45:00,4777.6,4778.5,4775.3,4777.1,425
2026-04-10 03:50:00,4777.3,4777.3,4773.3,4774.0,654
2026-04-10 03:55:00,4773.9,4775.5,4771.6,4773.0,396
2026-04-10 04:00:00,4773.2,4776.8,4770.5,4770.9,886
2026-04-10 04:05:00,4770.8,4774.0,4770.3,4773.4,757
2026-04-10 04:10:00,4773.2,4775.5,4772.3,4773.0,568
2026-04-10 04:15:00,4773.2,4773.4,4765.4,4768.5,987
2026-04-10 04:20:00,4768.8,4770.2,4767.3,4769.2,497
2026-04-10 04:25:00,4769.3,4771.2,4768.3,4769.9,502
2026-04-10 04:30:00,4769.3,4775.3,4769.2,4773.3,722
2026-04-10 04:35:00,4772.9,4775.3,4771.1,4772.5,413
2026-04-10 04:40:00,4772.5,4773.3,4763.8,4765.1,859
2026-04-10 04:45:00,4765.5,4767.0,4755.6,4758.7,2811
2026-04-10 04:50:00,4758.3,4759.4,4753.2,4759.3,1694
2026-04-10 04:55:00,4759.2,4764.9,4757.3,4763.5,1188
2026-04-10 05:00:00,4763.5,4767.9,4763.1,4767.0,960
2026-04-10 05:05:00,4767.2,4768.5,4763.9,4764.8,805
2026-04-10 05:10:00,4764.6,4769.4,4764.2,4769.3,670
2026-04-10 05:15:00,4769.2,4783.6,4767.1,4781.7,2357
2026-04-10 05:20:00,4781.6,4782.0,4775.5,4775.7,1979
2026-04-10 05:25:00,4776.0,4776.3,4771.7,4771.7,923
2026-04-10 05:30:00,4771.6,4773.3,4769.0,4770.6,944
2026-04-10 05:35:00,4770.7,4773.5,4770.2,4771.3,520
2026-04-10 05:40:00,4771.5,4774.3,4770.7,4773.6,407
2026-04-10 05:45:00,4773.7,4774.0,4771.2,4773.2,262
2026-04-10 05:50:00,4773.2,4776.1,4772.0,4775.2,557
2026-04-10 05:55:00,4775.0,4776.4,4773.5,4774.6,515
2026-04-10 06:00:00,4774.6,4776.5,4770.2,4770.9,575
2026-04-10 06:05:00,4770.5,4770.7,4765.2,4769.0,821
2026-04-10 06:10:00,4769.1,4770.8,4766.3,4770.2,445
2026-04-10 06:15:00,4770.4,4775.4,4769.6,4775.0,488
2026-04-10 06:20:00,4775.2,4782.1,4774.8,4781.8,898
2026-04-10 06:25:00,4782.0,4784.0,4780.9,4781.4,781
2026-04-10 06:30:00,4781.5,4783.2,4779.9,4783.1,475
2026-04-10 06:35:00,4782.8,4783.0,4777.4,4777.9,533
2026-04-10 06:40:00,4777.9,4780.0,4777.8,4779.0,421
2026-04-10 06:45:00,4779.1,4782.0,4777.7,4781.7,455
2026-04-10 06:50:00,4781.8,4783.8,4780.0,4780.7,580
2026-04-10 06:55:00,4781.0,4782.2,4779.2,4780.8,458
2026-04-10 07:00:00,4780.6,4783.4,4780.1,4783.1,374
2026-04-10 07:05:00,4783.1,4783.4,4778.5,4779.4,631
2026-04-10 07:10:00,4779.4,4780.6,4776.9,4779.6,558
2026-04-10 07:15:00,4779.3,4782.6,4778.0,4782.5,340
2026-04-10 07:20:00,4782.3,4786.7,4781.5,4784.9,899
2026-04-10 07:25:00,4785.2,4786.3,4782.2,4785.6,640
2026-04-10 07:30:00,4785.3,4787.2,4782.1,4783.1,638
2026-04-10 07:35:00,4783.2,4786.7,4782.8,4785.3,452
2026-04-10 07:40:00,4785.3,4791.0,4784.0,4791.0,631
2026-04-10 07:45:00,4791.1,4791.2,4787.1,4787.4,693
2026-04-10 07:50:00,4787.5,4790.3,4786.8,4788.5,507
2026-04-10 07:55:00,4788.4,4792.7,4787.2,4792.0,756
2026-04-10 08:00:00,4792.0,4794.0,4787.8,4790.3,1140
2026-04-10 08:05:00,4791.0,4791.9,4787.4,4788.7,801
2026-04-10 08:10:00,4788.8,4791.5,4788.1,4791.0,603
2026-04-10 08:15:00,4791.0,4795.5,4789.5,4792.5,1280
2026-04-10 08:20:00,4792.4,4792.6,4783.7,4784.5,1355
2026-04-10 08:25:00,4784.2,4791.8,4783.8,4787.4,889
2026-04-10 08:30:00,4787.4,4806.4,4785.2,4804.8,4553
2026-04-10 08:35:00,4804.5,4806.9,4794.7,4799.7,2620
2026-04-10 08:40:00,4799.5,4802.2,4792.3,4795.8,2054
2026-04-10 08:45:00,4796.1,4797.8,4787.3,4791.0,2269
2026-04-10 08:50:00,4791.2,4795.1,4788.2,4788.9,1365
2026-04-10 08:55:00,4789.0,4796.4,4788.3,4795.8,1522
2026-04-10 09:00:00,4795.4,4797.6,4791.8,4794.4,1757
2026-04-10 09:05:00,4794.7,4801.8,4793.3,4798.5,1514
2026-04-10 09:10:00,4798.4,4798.5,4794.3,4796.7,956
2026-04-10 09:15:00,4796.8,4797.7,4790.1,4796.2,2092
2026-04-10 09:20:00,4796.1,4804.4,4794.8,4800.3,1675
2026-04-10 09:25:00,4800.6,4804.6,4798.2,4799.9,1480
2026-04-10 09:30:00,4800.1,4803.1,4793.0,4794.7,3393
2026-04-10 09:35:00,4794.0,4801.8,4788.5,4799.9,2522
2026-04-10 09:40:00,4799.7,4800.2,4791.0,4793.4,1711
2026-04-10 09:45:00,4793.7,4798.7,4790.0,4798.1,2031
2026-04-10 09:50:00,4797.7,4802.0,4793.5,4801.6,1825
2026-04-10 09:55:00,4802.1,4802.4,4798.3,4799.8,996
2026-04-10 10:00:00,4799.3,4805.4,4796.1,4801.4,2584
2026-04-10 10:05:00,4801.5,4805.7,4799.6,4800.8,1456
2026-04-10 10:10:00,4800.7,4805.4,4792.0,4805.2,2949
2026-04-10 10:15:00,4805.1,4813.8,4803.7,4813.2,3682
2026-04-10 10:20:00,4813.0,4815.9,4810.5,4815.2,1685
2026-04-10 10:25:00,4815.6,4818.0,4812.0,4815.6,2389
2026-04-10 10:30:00,4815.3,4819.8,4812.3,4812.8,2791
2026-04-10 10:35:00,4812.4,4815.8,4811.2,4811.6,1670
2026-04-10 10:40:00,4811.4,4813.5,4797.5,4805.2,3939
2026-04-10 10:45:00,4805.4,4807.8,4796.0,4796.7,2725
2026-04-10 10:50:00,4796.9,4806.4,4795.2,4798.9,2808
2026-04-10 10:55:00,4799.0,4804.2,4795.2,4799.1,2297
2026-04-10 11:00:00,4799.4,4803.6,4797.9,4798.8,1570
2026-04-10 11:05:00,4798.9,4804.9,4793.8,4804.4,2089
2026-04-10 11:10:00,4804.6,4808.6,4803.4,4806.5,1803
2026-04-10 11:15:00,4806.5,4811.2,4806.0,4806.8,1579
2026-04-10 11:20:00,4807.0,4812.0,4806.2,4810.9,1546
2026-04-10 11:25:00,4810.7,4810.7,4800.4,4800.4,1996
2026-04-10 11:30:00,4800.7,4803.2,4797.0,4799.0,2103
2026-04-10 11:35:00,4799.4,4799.6,4779.4,4785.0,5488
2026-04-10 11:40:00,4785.0,4791.9,4783.9,4790.4,2328
2026-04-10 11:45:00,4790.0,4794.1,4787.3,4790.3,1836
2026-04-10 11:50:00,4790.3,4794.1,4788.6,4790.8,1154
2026-04-10 11:55:00,4790.4,4790.6,4782.2,4785.9,2621
2026-04-10 12:00:00,4786.0,4787.5,4776.0,4778.4,2786
2026-04-10 12:05:00,4778.2,4781.1,4770.9,4780.5,3567
2026-04-10 12:10:00,4780.4,4787.7,4780.2,4787.5,2050
2026-04-10 12:15:00,4787.2,4789.5,4784.9,4786.3,1375
2026-04-10 12:20:00,4786.0,4786.4,4778.2,4784.9,2143
2026-04-10 12:25:00,4784.7,4786.6,4781.0,4782.6,1089
2026-04-10 12:30:00,4782.1,4787.9,4780.3,4785.5,1699
2026-04-10 12:35:00,4785.6,4789.8,4785.0,4786.6,961
2026-04-10 12:40:00,4786.8,4787.4,4780.4,4781.6,1434
2026-04-10 12:45:00,4781.3,4786.8,4780.4,4785.9,884
2026-04-10 12:50:00,4785.9,4790.5,4785.1,4790.0,1199
2026-04-10 12:55:00,4789.7,4790.0,4786.6,4788.3,746
2026-04-10 13:00:00,4788.1,4789.1,4783.4,4784.6,962
2026-04-10 13:05:00,4784.2,4788.0,4782.4,4786.5,1062
2026-04-10 13:10:00,4786.5,4790.9,4784.6,4789.1,904
2026-04-10 13:15:00,4789.1,4793.3,4787.9,4791.5,1050
2026-04-10 13:20:00,4791.6,4793.0,4785.8,4789.1,1911
2026-04-10 13:25:00,4789.1,4793.2,4785.4,4787.1,1274
2026-04-10 13:30:00,4787.0,4790.0,4783.0,4784.9,1349
2026-04-10 13:35:00,4784.9,4787.2,4782.2,4785.7,962
2026-04-10 13:40:00,4785.4,4786.5,4782.7,4782.9,645
2026-04-10 13:45:00,4783.1,4788.6,4782.7,4787.8,749
2026-04-10 13:50:00,4787.7,4789.3,4784.4,4785.5,620
2026-04-10 13:55:00,4785.3,4786.2,4783.1,4784.3,653
2026-04-10 14:00:00,4784.6,4785.3,4777.0,4777.6,1244
2026-04-10 14:05:00,4777.4,4782.4,4775.1,4780.5,1563
2026-04-10 14:10:00,4780.4,4788.1,4780.4,4787.8,1258
2026-04-10 14:15:00,4787.9,4792.5,4787.0,4792.2,1111
2026-04-10 14:20:00,4792.3,4794.1,4788.5,4789.1,1693
2026-04-10 14:25:00,4789.0,4791.5,4787.9,4790.2,896
2026-04-10 14:30:00,4790.3,4796.8,4790.3,4795.8,1221
2026-04-10 14:35:00,4795.8,4797.7,4792.7,4796.1,877
2026-04-10 14:40:00,4796.4,4797.3,4792.3,4792.5,865
2026-04-10 14:45:00,4792.4,4792.6,4787.3,4788.4,1069
2026-04-10 14:50:00,4788.5,4792.3,4788.2,4792.1,647
2026-04-10 14:55:00,4792.2,4792.8,4788.7,4789.6,525
2026-04-10 15:00:00,4789.6,4791.7,4788.3,4791.4,822
2026-04-10 15:05:00,4791.5,4792.3,4789.2,4789.3,498
2026-04-10 15:10:00,4789.4,4791.4,4789.1,4790.6,421
2026-04-10 15:15:00,4790.7,4794.2,4789.7,4793.2,614
2026-04-10 15:20:00,4793.3,4794.7,4790.8,4791.6,588
2026-04-10 15:25:00,4791.5,4792.7,4786.9,4787.6,995
2026-04-10 15:30:00,4787.7,4789.4,4785.1,4788.1,792
2026-04-10 15:35:00,4788.6,4789.0,4785.6,4786.3,293
2026-04-10 15:40:00,4786.5,4787.9,4784.2,4787.5,559
2026-04-10 15:45:00,4787.4,4788.4,4782.7,4783.4,783
2026-04-10 15:50:00,4783.6,4786.0,4781.9,4783.1,686
2026-04-10 15:55:00,4782.8,4784.4,4782.1,4783.6,645
2026-04-10 16:00:00,4783.7,4783.8,4777.0,4777.0,931
2026-04-10 16:05:00,4776.5,4778.3,4775.1,4777.5,844
2026-04-10 16:10:00,4777.4,4779.4,4776.6,4777.1,528
2026-04-10 16:15:00,4777.2,4777.3,4774.4,4775.0,574
2026-04-10 16:20:00,4774.9,4775.1,4771.6,4772.2,533
2026-04-10 16:25:00,4772.3,4772.5,4764.5,4769.3,1637
2026-04-10 16:30:00,4769.4,4773.5,4768.7,4770.8,1013
2026-04-10 16:35:00,4771.2,4773.7,4770.3,4773.7,473
2026-04-10 16:40:00,4773.8,4776.6,4773.4,4774.9,603
2026-04-10 16:45:00,4774.8,4775.6,4772.5,4774.2,652
2026-04-10 16:50:00,4774.3,4776.3,4772.0,4772.7,582
2026-04-10 16:55:00,4773.3,4774.4,4770.3,4771.0,583
2026-05-13 00:00:00,4704.0,4706.3,4703.4,4705.3,604
2026-05-13 00:05:00,4705.4,4707.3,4703.6,4704.4,594
2026-05-13 00:10:00,4704.7,4706.5,4703.6,4706.3,276
2026-05-13 00:15:00,4706.1,4710.6,4705.9,4710.1,626
2026-05-13 00:20:00,4710.0,4711.7,4708.9,4709.2,453
2026-05-13 00:25:00,4709.5,4709.6,4708.1,4709.6,258
2026-05-13 00:30:00,4709.5,4711.5,4708.1,4708.3,350
2026-05-13 00:35:00,4708.1,4710.4,4705.9,4708.9,734
2026-05-13 00:40:00,4709.1,4709.1,4705.3,4707.0,338
2026-05-13 00:45:00,4706.8,4709.8,4706.5,4709.8,303
2026-05-13 00:50:00,4709.7,4710.2,4707.3,4709.9,332
2026-05-13 00:55:00,4710.0,4710.1,4706.6,4708.0,459
2026-05-13 01:00:00,4707.7,4714.9,4706.7,4714.9,860
2026-05-13 01:05:00,4714.9,4715.4,4711.7,4712.3,604
2026-05-13 01:10:00,4712.7,4715.4,4712.1,4713.6,414
2026-05-13 01:15:00,4713.3,4713.6,4708.4,4709.3,550
2026-05-13 01:20:00,4709.4,4711.9,4706.3,4707.6,599
2026-05-13 01:25:00,4707.5,4708.2,4705.8,4706.2,565
2026-05-13 01:30:00,4705.8,4710.7,4701.3,4708.2,1832
2026-05-13 01:35:00,4708.5,4710.0,4706.5,4709.1,512
2026-05-13 01:40:00,4708.6,4710.2,4704.0,4704.4,576
2026-05-13 01:45:00,4704.4,4707.6,4704.4,4706.0,571
2026-05-13 01:50:00,4706.2,4708.7,4703.8,4707.1,413
2026-05-13 01:55:00,4707.4,4713.1,4707.2,4711.5,868
2026-05-13 02:00:00,4711.6,4717.7,4710.8,4717.1,1350
2026-05-13 02:05:00,4717.0,4720.5,4714.9,4718.1,1398
2026-05-13 02:10:00,4718.0,4719.5,4716.3,4718.2,813
2026-05-13 02:15:00,4718.3,4723.2,4718.3,4720.6,1190
2026-05-13 02:20:00,4720.3,4720.8,4715.1,4716.3,1166
2026-05-13 02:25:00,4716.5,4717.9,4714.3,4716.4,600
2026-05-13 02:30:00,4716.4,4719.1,4715.3,4717.9,491
2026-05-13 02:35:00,4717.7,4720.6,4717.0,4719.3,529
2026-05-13 02:40:00,4719.5,4721.8,4718.4,4719.1,755
2026-05-13 02:45:00,4719.3,4720.4,4715.0,4716.4,740
2026-05-13 02:50:00,4716.4,4716.5,4710.3,4710.3,1541
2026-05-13 02:55:00,4710.6,4711.9,4707.0,4710.0,1224
2026-05-13 03:00:00,4710.0,4713.6,4708.0,4709.3,1428
2026-05-13 03:05:00,4709.1,4710.8,4704.5,4706.5,1232
2026-05-13 03:10:00,4706.6,4711.7,4705.5,4709.8,905
2026-05-13 03:15:00,4710.1,4714.9,4709.7,4713.5,793
2026-05-13 03:20:00,4713.5,4716.2,4711.7,4712.9,480
2026-05-13 03:25:00,4712.8,4716.6,4712.8,4715.6,452
2026-05-13 03:30:00,4715.2,4715.7,4712.3,4714.1,303
2026-05-13 03:35:00,4714.1,4715.5,4710.6,4711.2,385
2026-05-13 03:40:00,4711.6,4713.1,4710.9,4711.3,268
2026-05-13 03:45:00,4711.4,4712.6,4708.9,4711.3,425
2026-05-13 03:50:00,4711.4,4712.0,4709.0,4710.3,561
2026-05-13 03:55:00,4710.2,4711.8,4709.5,4710.5,263
2026-05-13 04:00:00,4710.4,4712.0,4708.3,4709.0,512
2026-05-13 04:05:00,4708.8,4709.5,4706.0,4708.2,582
2026-05-13 04:10:00,4708.5,4709.5,4706.6,4708.0,473
2026-05-13 04:15:00,4707.9,4708.6,4705.5,4706.6,485
2026-05-13 04:20:00,4706.6,4708.3,4706.2,4706.8,270
2026-05-13 04:25:00,4706.2,4707.1,4702.2,4704.6,897
2026-05-13 04:30:00,4704.8,4705.8,4701.8,4705.5,573
2026-05-13 04:35:00,4705.6,4707.4,4704.8,4706.0,500
2026-05-13 04:40:00,4705.9,4706.6,4702.2,4703.4,394
2026-05-13 04:45:00,4703.4,4706.1,4702.0,4705.0,705
2026-05-13 04:50:00,4705.0,4708.2,4704.6,4708.1,358
2026-05-13 04:55:00,4708.2,4710.2,4706.5,4707.9,656
2026-05-13 05:00:00,4708.1,4709.1,4705.4,4707.8,543
2026-05-13 05:05:00,4707.5,4707.8,4705.0,4705.9,417
2026-05-13 05:10:00,4705.7,4706.7,4700.7,4701.6,656
2026-05-13 05:15:00,4701.7,4702.6,4696.5,4698.1,1213
2026-05-13 05:20:00,4698.1,4699.7,4692.4,4694.1,1546
2026-05-13 05:25:00,4693.9,4699.5,4693.7,4696.1,1092
2026-05-13 05:30:00,4696.0,4699.2,4693.3,4695.7,1420
2026-05-13 05:35:00,4696.2,4700.6,4695.9,4698.6,842
2026-05-13 05:40:00,4698.5,4702.2,4697.8,4701.8,603
2026-05-13 05:45:00,4701.7,4704.6,4700.5,4704.3,625
2026-05-13 05:50:00,4704.7,4706.4,4704.2,4705.9,837
2026-05-13 05:55:00,4706.1,4708.9,4705.8,4708.8,634
2026-05-13 06:00:00,4708.6,4709.5,4706.4,4706.8,483
2026-05-13 06:05:00,4706.8,4718.3,4706.5,4716.7,1526
2026-05-13 06:10:00,4716.6,4717.2,4709.2,4709.8,1391
2026-05-13 06:15:00,4710.0,4711.0,4707.5,4708.0,653
2026-05-13 06:20:00,4708.4,4713.5,4707.8,4710.9,773
2026-05-13 06:25:00,4711.0,4711.3,4706.1,4707.0,635
2026-05-13 06:30:00,4706.9,4707.6,4702.7,4703.8,1024
2026-05-13 06:35:00,4703.6,4705.0,4702.7,4703.6,353
2026-05-13 06:40:00,4703.6,4704.9,4701.2,4703.1,488
2026-05-13 06:45:00,4703.0,4704.1,4701.5,4702.9,488
2026-05-13 06:50:00,4702.7,4704.4,4701.6,4702.2,310
2026-05-13 06:55:00,4702.6,4704.0,4700.8,4701.7,419
2026-05-13 07:00:00,4701.8,4703.1,4699.0,4700.6,718
2026-05-13 07:05:00,4700.6,4702.8,4698.8,4701.8,616
2026-05-13 07:10:00,4701.7,4706.9,4701.7,4706.6,931
2026-05-13 07:15:00,4706.4,4708.3,4703.5,4705.5,771
2026-05-13 07:20:00,4705.7,4708.4,4704.9,4706.3,623
2026-05-13 07:25:00,4706.3,4707.5,4704.9,4706.3,331
2026-05-13 07:30:00,4706.2,4711.2,4705.8,4710.0,905
2026-05-13 07:35:00,4710.3,4713.8,4710.1,4712.9,913
2026-05-13 07:40:00,4712.9,4712.9,4708.8,4711.2,493
2026-05-13 07:45:00,4711.2,4713.9,4710.0,4710.0,574
2026-05-13 07:50:00,4710.0,4710.2,4707.8,4708.9,463
2026-05-13 07:55:00,4708.5,4708.7,4705.1,4705.3,611
2026-05-13 08:00:00,4705.1,4707.9,4702.2,4707.6,813
2026-05-13 08:05:00,4707.2,4709.5,4705.2,4706.8,628
2026-05-13 08:10:00,4706.6,4706.6,4700.9,4701.5,876
2026-05-13 08:15:00,4701.4,4701.5,4696.4,4698.9,1744
2026-05-13 08:20:00,4698.8,4700.6,4691.6,4695.0,2446
2026-05-13 08:25:00,4694.8,4696.0,4690.4,4692.3,1628
2026-05-13 08:30:00,4692.4,4694.8,4682.3,4689.5,3866
2026-05-13 08:35:00,4689.5,4693.0,4684.0,4685.9,2818
2026-05-13 08:40:00,4685.7,4690.9,4684.7,4689.9,1588
2026-05-13 08:45:00,4690.1,4691.3,4684.5,4687.5,1576
2026-05-13 08:50:00,4687.7,4692.7,4687.0,4688.8,1098
2026-05-13 08:55:00,4688.1,4692.7,4685.7,4690.7,1209
2026-05-13 09:00:00,4690.8,4697.9,4690.5,4695.2,2353
2026-05-13 09:05:00,4695.3,4697.1,4692.5,4693.5,1326
2026-05-13 09:10:00,4693.5,4698.5,4692.3,4697.2,1125
2026-05-13 09:15:00,4696.9,4699.3,4693.6,4699.3,1097
2026-05-13 09:20:00,4699.2,4701.9,4697.3,4701.1,1323
2026-05-13 09:25:00,4701.3,4701.8,4695.3,4695.7,1255
2026-05-13 09:30:00,4695.6,4698.1,4689.1,4690.8,3224
2026-05-13 09:35:00,4691.1,4691.2,4679.7,4681.2,3998
2026-05-13 09:40:00,4681.4,4690.8,4680.5,4685.8,3098
2026-05-13 09:45:00,4685.6,4686.5,4676.1,4679.8,3450
2026-05-13 09:50:00,4679.7,4690.0,4676.8,4690.0,2696
2026-05-13 09:55:00,4689.9,4690.5,4684.5,4686.6,1774
2026-05-13 10:00:00,4686.4,4687.6,4679.6,4683.9,2308
2026-05-13 10:05:00,4683.8,4688.0,4681.0,4684.7,1920
2026-05-13 10:10:00,4684.6,4690.5,4684.0,4688.3,1373
2026-05-13 10:15:00,4688.2,4689.5,4680.0,4680.7,1668
2026-05-13 10:20:00,4680.8,4689.3,4680.3,4689.0,1341
2026-05-13 10:25:00,4688.8,4692.6,4688.3,4691.3,2244
2026-05-13 10:30:00,4691.2,4697.7,4689.9,4697.1,2278
2026-05-13 10:35:00,4697.2,4698.4,4691.6,4693.6,2058
2026-05-13 10:40:00,4693.4,4695.9,4690.6,4691.0,1410
2026-05-13 10:45:00,4691.0,4692.4,4684.3,4688.9,2488
2026-05-13 10:50:00,4688.8,4689.7,4685.2,4688.2,1036
2026-05-13 10:55:00,4688.1,4690.5,4685.8,4686.7,1054
2026-05-13 11:00:00,4687.0,4693.4,4685.9,4691.3,1331
2026-05-13 11:05:00,4691.4,4695.8,4689.0,4695.4,1307
2026-05-13 11:10:00,4695.5,4698.0,4693.1,4694.2,1412
2026-05-13 11:15:00,4694.5,4695.0,4692.3,4694.2,812
2026-05-13 11:20:00,4694.1,4697.2,4691.9,4695.2,780
2026-05-13 11:25:00,4695.2,4699.3,4694.5,4698.4,1081
2026-05-13 11:30:00,4698.4,4703.5,4693.8,4702.5,1764
2026-05-13 11:35:00,4702.6,4706.9,4701.8,4706.5,1781
2026-05-13 11:40:00,4706.3,4708.2,4704.4,4706.8,1445
2026-05-13 11:45:00,4707.1,4707.5,4703.6,4705.9,1078
2026-05-13 11:50:00,4706.0,4706.2,4702.2,4703.2,1010
2026-05-13 11:55:00,4703.3,4705.7,4702.2,4703.2,710
2026-05-13 12:00:00,4703.0,4707.3,4702.8,4705.6,1067
2026-05-13 12:05:00,4705.5,4709.7,4704.1,4708.6,1002
2026-05-13 12:10:00,4708.8,4710.9,4707.0,4710.0,1015
2026-05-13 12:15:00,4709.8,4711.6,4706.1,4707.2,1136
2026-05-13 12:20:00,4707.3,4717.6,4706.4,4714.0,1751
2026-05-13 12:25:00,4714.3,4717.9,4711.5,4714.8,1858
2026-05-13 12:30:00,4714.9,4715.7,4710.2,4711.9,1581
2026-05-13 12:35:00,4712.0,4712.3,4709.5,4710.8,744
2026-05-13 12:40:00,4710.7,4711.0,4707.5,4708.0,896
2026-05-13 12:45:00,4708.0,4709.9,4706.2,4707.5,702
2026-05-13 12:50:00,4707.6,4707.6,4703.0,4704.2,1167
2026-05-13 12:55:00,4704.2,4706.2,4702.9,4703.4,1132
2026-05-13 13:00:00,4703.7,4707.3,4703.4,4704.6,966
2026-05-13 13:05:00,4704.5,4707.9,4704.0,4707.5,954
2026-05-13 13:10:00,4707.2,4709.0,4706.4,4707.9,579
2026-05-13 13:15:00,4707.4,4707.8,4704.7,4707.7,596
2026-05-13 13:20:00,4707.8,4709.2,4705.2,4705.3,760
2026-05-13 13:25:00,4705.3,4708.3,4704.0,4706.1,1152
2026-05-13 13:30:00,4706.4,4706.4,4698.2,4698.7,2041
2026-05-13 13:35:00,4698.6,4700.9,4698.1,4699.3,1131
2026-05-13 13:40:00,4699.5,4701.9,4699.0,4699.5,807
2026-05-13 13:45:00,4699.6,4702.5,4698.1,4699.2,945
2026-05-13 13:50:00,4699.1,4700.5,4696.1,4697.0,1047
2026-05-13 13:55:00,4696.7,4697.8,4692.6,4693.5,1288
2026-05-13 14:00:00,4693.6,4697.7,4692.4,4695.9,1226
2026-05-13 14:05:00,4695.7,4699.7,4695.6,4698.9,729
2026-05-13 14:10:00,4698.9,4700.6,4698.4,4700.6,670
2026-05-13 14:15:00,4700.5,4702.1,4698.1,4698.8,718
2026-05-13 14:20:00,4698.6,4699.2,4696.5,4698.3,558
2026-05-13 14:25:00,4698.3,4700.2,4698.0,4699.8,439
2026-05-13 14:30:00,4699.8,4700.9,4698.1,4699.1,512
2026-05-13 14:35:00,4699.0,4699.0,4695.1,4698.0,891
2026-05-13 14:40:00,4697.8,4699.6,4693.4,4694.1,952
2026-05-13 14:45:00,4694.1,4695.6,4685.4,4687.5,2102
2026-05-13 14:50:00,4687.5,4695.3,4687.5,4694.9,1187
2026-05-13 14:55:00,4694.9,4696.0,4692.1,4692.7,887
2026-05-13 15:00:00,4692.7,4693.9,4691.7,4691.9,483
2026-05-13 15:05:00,4692.0,4694.6,4690.9,4694.4,550
2026-05-13 15:10:00,4694.4,4697.1,4693.2,4697.1,533
2026-05-13 15:15:00,4697.0,4698.7,4694.8,4696.0,598
2026-05-13 15:20:00,4696.0,4698.0,4695.5,4695.8,432
2026-05-13 15:25:00,4695.6,4696.3,4694.5,4694.9,359
2026-05-13 15:30:00,4695.1,4696.5,4692.2,4693.2,596
2026-05-13 15:35:00,4693.1,4697.0,4692.6,4696.9,380
2026-05-13 15:40:00,4696.7,4696.7,4694.9,4696.3,211
2026-05-13 15:45:00,4696.2,4697.2,4695.1,4697.2,266
2026-05-13 15:50:00,4696.8,4696.8,4691.7,4693.4,813
2026-05-13 15:55:00,4693.7,4696.9,4693.6,4696.1,555
2026-05-13 16:00:00,4696.0,4696.8,4693.7,4694.7,547
2026-05-13 16:05:00,4694.7,4697.3,4694.7,4696.8,272
2026-05-13 16:10:00,4697.1,4699.1,4697.1,4699.0,263
2026-05-13 16:15:00,4698.8,4699.1,4697.9,4699.0,250
2026-05-13 16:20:00,4699.0,4701.4,4698.7,4700.9,329
2026-05-13 16:25:00,4700.7,4701.5,4699.0,4699.3,235
2026-05-13 16:30:00,4699.4,4701.0,4697.2,4697.8,354
2026-05-13 16:35:00,4697.8,4699.3,4697.3,4699.3,171
2026-05-13 16:40:00,4699.4,4699.7,4697.6,4698.6,158
2026-05-13 16:45:00,4698.4,4699.1,4696.5,4696.7,352
2026-05-13 16:50:00,4696.7,4697.4,4695.6,4696.1,302
2026-05-13 16:55:00,4695.8,4697.6,4695.7,4696.8,193
2026-05-13 18:00:00,4696.8,4701.0,4695.4,4699.9,587
2026-05-13 18:05:00,4699.9,4700.8,4695.7,4696.3,441
2026-05-13 18:10:00,4696.6,4698.0,4695.5,4697.5,311
2026-05-13 18:15:00,4697.7,4702.8,4697.4,4701.0,683
2026-05-13 18:20:00,4701.2,4703.3,4700.7,4702.4,392
2026-05-13 18:25:00,4702.2,4704.1,4702.1,4703.5,433
2026-05-13 18:30:00,4703.5,4705.5,4701.6,4703.5,550
2026-05-13 18:35:00,4703.5,4706.1,4703.2,4704.9,381
2026-05-13 18:40:00,4705.1,4707.0,4704.4,4705.5,375
2026-05-13 18:45:00,4705.5,4706.3,4703.1,4704.2,589
2026-05-13 18:50:00,4704.2,4707.4,4704.1,4706.5,423
2026-05-13 18:55:00,4706.8,4707.4,4705.7,4706.7,279
2026-05-13 19:00:00,4706.6,4707.9,4705.7,4705.8,456
2026-05-13 19:05:00,4706.0,4708.3,4705.8,4707.6,401
2026-05-13 19:10:00,4707.5,4709.0,4707.5,4708.3,315
2026-05-13 19:15:00,4707.9,4708.4,4707.0,4707.5,172
2026-05-13 19:20:00,4707.6,4708.0,4706.0,4706.3,217
2026-05-13 19:25:00,4706.3,4706.3,4703.2,4703.8,825
2026-05-13 19:30:00,4703.8,4704.3,4700.7,4702.1,782
2026-05-13 19:35:00,4702.1,4703.9,4701.6,4702.9,378
2026-05-13 19:40:00,4702.7,4704.6,4701.4,4701.6,717
2026-05-13 19:45:00,4701.3,4703.4,4699.8,4700.0,817
2026-05-13 19:50:00,4700.8,4702.6,4699.9,4702.5,230
2026-05-13 19:55:00,4702.5,4703.8,4701.3,4703.2,374
2026-06-11 00:00:00,4094.3,4097.3,4092.9,4093.7,794
2026-06-11 00:05:00,4093.8,4101.3,4091.4,4101.2,1127
2026-06-11 00:10:00,4101.5,4104.9,4099.3,4104.2,1033
2026-06-11 00:15:00,4103.9,4105.2,4100.4,4103.1,667
2026-06-11 00:20:00,4102.8,4107.0,4101.5,4102.0,752
2026-06-11 00:25:00,4102.2,4103.1,4097.3,4099.0,904
2026-06-11 00:30:00,4099.0,4105.0,4098.8,4098.8,858
2026-06-11 00:35:00,4099.2,4101.2,4095.8,4100.1,822
2026-06-11 00:40:00,4100.2,4105.9,4099.7,4103.7,728
2026-06-11 00:45:00,4103.7,4107.5,4103.5,4104.7,677
2026-06-11 00:50:00,4104.7,4106.8,4100.5,4105.5,672
2026-06-11 00:55:00,4105.6,4106.6,4102.8,4104.0,535
2026-06-11 01:00:00,4103.9,4104.5,4096.5,4099.0,1101
2026-06-11 01:05:00,4099.3,4102.0,4096.4,4100.7,686
2026-06-11 01:10:00,4100.4,4100.9,4097.6,4098.6,367
2026-06-11 01:15:00,4098.3,4102.4,4096.2,4100.5,599
2026-06-11 01:20:00,4100.3,4102.5,4097.3,4098.1,498
2026-06-11 01:25:00,4097.9,4101.1,4093.5,4096.5,980
2026-06-11 01:30:00,4096.2,4117.2,4095.5,4116.0,2929
2026-06-11 01:35:00,4116.1,4117.6,4111.7,4114.9,1614
2026-06-11 01:40:00,4115.1,4120.8,4115.1,4120.2,1214
2026-06-11 01:45:00,4120.4,4127.4,4117.4,4121.5,1495
2026-06-11 01:50:00,4121.3,4122.2,4114.4,4114.9,1263
2026-06-11 01:55:00,4115.0,4119.6,4114.3,4115.1,701
2026-06-11 02:00:00,4115.0,4115.8,4105.4,4105.4,1584
2026-06-11 02:05:00,4105.6,4106.8,4098.8,4101.8,1759
2026-06-11 02:10:00,4101.5,4105.4,4096.7,4105.4,1440
2026-06-11 02:15:00,4105.1,4109.3,4102.5,4107.5,1247
2026-06-11 02:20:00,4107.7,4112.1,4107.3,4112.0,852
2026-06-11 02:25:00,4111.9,4113.9,4106.8,4107.4,841
2026-06-11 02:30:00,4107.7,4108.9,4104.6,4105.1,593
2026-06-11 02:35:00,4105.5,4112.2,4103.8,4109.2,953
2026-06-11 02:40:00,4109.1,4113.8,4107.8,4113.7,510
2026-06-11 02:45:00,4113.8,4115.3,4111.9,4112.9,678
2026-06-11 02:50:00,4112.6,4118.5,4112.2,4118.5,754
2026-06-11 02:55:00,4118.4,4118.6,4112.6,4115.6,641
2026-06-11 03:00:00,4115.7,4119.0,4113.2,4115.9,1014
2026-06-11 03:05:00,4115.9,4118.7,4113.9,4114.6,814
2026-06-11 03:10:00,4114.7,4119.3,4111.9,4117.8,1283
2026-06-11 03:15:00,4117.6,4127.3,4117.5,4125.9,1736
2026-06-11 03:20:00,4125.8,4129.2,4123.6,4128.7,1064
2026-06-11 03:25:00,4128.6,4131.2,4127.0,4128.5,1114
2026-06-11 03:30:00,4128.0,4131.4,4126.8,4128.0,1086
2026-06-11 03:35:00,4127.9,4129.8,4122.4,4125.7,1253
2026-06-11 03:40:00,4125.8,4130.3,4123.8,4128.2,700
2026-06-11 03:45:00,4128.2,4128.9,4123.8,4123.8,638
2026-06-11 03:50:00,4123.7,4124.9,4119.8,4124.0,936
2026-06-11 03:55:00,4123.8,4127.0,4123.6,4125.8,418
2026-06-11 04:00:00,4125.7,4133.1,4124.6,4127.1,1654
2026-06-11 04:05:00,4127.2,4133.5,4125.9,4132.9,1101
2026-06-11 04:10:00,4132.5,4133.8,4125.6,4126.7,923
2026-06-11 04:15:00,4126.9,4129.3,4123.5,4126.2,825
2026-06-11 04:20:00,4126.1,4126.1,4120.9,4123.7,811
2026-06-11 04:25:00,4124.0,4124.4,4117.8,4118.6,773
2026-06-11 04:30:00,4118.4,4118.8,4114.6,4116.1,978
2026-06-11 04:35:00,4116.3,4120.4,4115.6,4115.9,812
2026-06-11 04:40:00,4115.9,4117.7,4111.0,4111.3,875
2026-06-11 04:45:00,4111.4,4113.1,4109.5,4110.0,677
2026-06-11 04:50:00,4110.2,4112.7,4107.4,4107.9,788
2026-06-11 04:55:00,4107.5,4108.7,4105.2,4105.2,754
2026-06-11 05:00:00,4105.1,4108.6,4103.9,4106.4,1105
2026-06-11 05:05:00,4106.4,4108.4,4101.8,4101.8,913
2026-06-11 05:10:00,4102.1,4108.4,4101.7,4107.0,990
2026-06-11 05:15:00,4106.9,4110.0,4106.1,4107.4,875
2026-06-11 05:20:00,4107.4,4107.6,4104.2,4105.9,569
2026-06-11 05:25:00,4105.8,4105.8,4099.3,4100.3,1373
2026-06-11 05:30:00,4100.1,4103.9,4097.7,4101.4,1141
2026-06-11 05:35:00,4101.3,4109.7,4101.2,4109.5,851
2026-06-11 05:40:00,4109.6,4112.9,4108.5,4112.8,717
2026-06-11 05:45:00,4112.6,4117.3,4112.1,4114.8,985
2026-06-11 05:50:00,4114.7,4116.8,4110.8,4114.8,713
2026-06-11 05:55:00,4115.0,4115.6,4110.2,4112.3,542
2026-06-11 06:00:00,4112.3,4115.1,4109.9,4112.3,584
2026-06-11 06:05:00,4112.5,4114.9,4111.2,4111.3,334
2026-06-11 06:10:00,4111.3,4113.5,4108.6,4112.8,477
2026-06-11 06:15:00,4112.7,4113.9,4107.4,4107.4,494
2026-06-11 06:20:00,4107.5,4115.6,4107.5,4114.3,469
2026-06-11 06:25:00,4114.3,4114.6,4108.3,4108.4,598
2026-06-11 06:30:00,4108.3,4113.6,4106.9,4113.0,622
2026-06-11 06:35:00,4112.9,4113.7,4109.4,4111.5,330
2026-06-11 06:40:00,4111.5,4112.8,4110.1,4111.0,251
2026-06-11 06:45:00,4111.1,4112.2,4108.1,4109.2,234
2026-06-11 06:50:00,4109.1,4113.4,4109.0,4110.6,352
2026-06-11 06:55:00,4110.5,4112.1,4107.6,4110.2,447
2026-06-11 07:00:00,4110.3,4113.9,4107.0,4112.2,769
2026-06-11 07:05:00,4112.4,4113.9,4108.2,4111.6,766
2026-06-11 07:10:00,4111.5,4113.6,4106.5,4106.5,556
2026-06-11 07:15:00,4106.4,4110.0,4104.4,4106.8,834
2026-06-11 07:20:00,4106.9,4108.9,4103.5,4106.6,625
2026-06-11 07:25:00,4106.8,4111.8,4104.7,4110.7,710
2026-06-11 07:30:00,4110.6,4116.8,4108.3,4108.5,1582
2026-06-11 07:35:00,4108.4,4109.4,4102.8,4103.8,1475
2026-06-11 07:40:00,4104.2,4107.3,4101.7,4105.4,752
2026-06-11 07:45:00,4104.9,4107.0,4102.9,4105.7,548
2026-06-11 07:50:00,4105.7,4108.3,4104.7,4106.6,617
2026-06-11 07:55:00,4106.4,4108.0,4100.1,4100.5,784
2026-06-11 08:00:00,4100.8,4107.7,4098.8,4107.1,1219
2026-06-11 08:05:00,4107.1,4107.4,4099.8,4100.5,1085
2026-06-11 08:10:00,4100.2,4100.3,4092.4,4097.0,1553
2026-06-11 08:15:00,4096.7,4102.9,4095.1,4095.7,1307
2026-06-11 08:20:00,4095.5,4098.8,4081.7,4089.7,5830
2026-06-11 08:25:00,4089.5,4093.6,4083.3,4089.6,2320
2026-06-11 08:30:00,4089.3,4095.2,4077.8,4083.1,4438
2026-06-11 08:35:00,4082.9,4087.8,4078.1,4086.9,2457
2026-06-11 08:40:00,4086.8,4098.0,4085.6,4093.5,3095
2026-06-11 08:45:00,4093.7,4101.9,4090.2,4098.0,3080
2026-06-11 08:50:00,4097.7,4102.3,4093.4,4101.0,2136
2026-06-11 08:55:00,4100.6,4106.3,4097.7,4102.6,2524
2026-06-11 09:00:00,4102.9,4106.6,4098.4,4104.4,1993
2026-06-11 09:05:00,4104.5,4107.1,4099.5,4106.8,1700
2026-06-11 09:10:00,4106.6,4107.0,4092.7,4093.7,2067
2026-06-11 09:15:00,4094.1,4098.3,4093.7,4093.8,1286
2026-06-11 09:20:00,4093.8,4100.0,4093.5,4096.6,1152
2026-06-11 09:25:00,4096.2,4103.1,4092.7,4096.2,1355
2026-06-11 09:30:00,4096.3,4102.7,4092.7,4096.3,2357
2026-06-11 09:35:00,4096.3,4104.0,4088.9,4093.3,2757
2026-06-11 09:40:00,4093.6,4099.7,4087.9,4097.3,2501
2026-06-11 09:45:00,4097.4,4114.7,4094.4,4104.6,5647
2026-06-11 09:50:00,4104.7,4113.9,4104.7,4106.1,2963
2026-06-11 09:55:00,4106.1,4112.6,4103.1,4104.2,2112
2026-06-11 10:00:00,4104.1,4106.8,4096.0,4098.9,3750
2026-06-11 10:05:00,4098.5,4098.7,4081.0,4083.1,3579
2026-06-11 10:10:00,4083.3,4084.3,4073.1,4081.4,5131
2026-06-11 10:15:00,4081.7,4087.1,4076.1,4084.0,3411
2026-06-11 10:20:00,4083.9,4103.2,4083.3,4099.9,3558
2026-06-11 10:25:00,4100.0,4105.4,4094.1,4095.6,2729
2026-06-11 10:30:00,4095.4,4098.5,4091.0,4093.3,2267
2026-06-11 10:35:00,4092.9,4100.7,4091.7,4099.6,2061
2026-06-11 10:40:00,4099.8,4104.7,4096.4,4096.4,2060
2026-06-11 10:45:00,4097.2,4100.5,4093.3,4099.3,1607
2026-06-11 10:50:00,4099.2,4101.7,4094.2,4097.8,1618
2026-06-11 10:55:00,4097.5,4100.2,4092.0,4094.1,1761
2026-06-11 11:00:00,4093.9,4097.3,4090.8,4094.3,1953
2026-06-11 11:05:00,4094.3,4107.4,4092.6,4101.9,3078
2026-06-11 11:10:00,4101.6,4109.3,4100.0,4101.4,2376
2026-06-11 11:15:00,4101.4,4107.7,4100.6,4102.9,1717
2026-06-11 11:20:00,4102.8,4110.5,4097.5,4100.2,2156
2026-06-11 11:25:00,4100.2,4106.4,4095.9,4102.8,1516
2026-06-11 11:30:00,4102.8,4104.1,4098.4,4100.7,1245
2026-06-11 11:35:00,4100.6,4108.2,4099.9,4107.3,1406
2026-06-11 11:40:00,4107.5,4111.9,4107.3,4109.6,1600
2026-06-11 11:45:00,4109.7,4113.1,4108.7,4111.0,1337
2026-06-11 11:50:00,4111.1,4116.8,4109.3,4111.8,2030
2026-06-11 11:55:00,4111.7,4111.7,4106.7,4110.1,1710
2026-06-11 12:00:00,4110.1,4114.8,4107.9,4108.6,1203
2026-06-11 12:05:00,4109.0,4115.1,4107.7,4113.7,809
2026-06-11 12:10:00,4113.6,4124.7,4112.4,4124.1,2393
2026-06-11 12:15:00,4124.0,4128.9,4117.4,4118.0,2390
2026-06-11 12:20:00,4118.0,4119.5,4108.5,4109.0,2201
2026-06-11 12:25:00,4109.0,4110.1,4100.5,4100.6,2166
2026-06-11 12:30:00,4100.4,4109.3,4099.5,4105.7,2009
2026-06-11 12:35:00,4105.7,4107.6,4101.9,4103.9,1215
2026-06-11 12:40:00,4104.0,4106.5,4102.2,4103.3,844
2026-06-11 12:45:00,4103.1,4105.5,4101.3,4102.5,747
2026-06-11 12:50:00,4102.6,4103.7,4099.0,4100.9,1065
2026-06-11 12:55:00,4100.8,4103.5,4100.3,4101.3,617
2026-06-11 13:00:00,4101.4,4102.3,4092.8,4095.6,2417
2026-06-11 13:05:00,4095.7,4099.0,4095.3,4097.7,1094
2026-06-11 13:10:00,4097.9,4100.1,4093.4,4097.2,984
2026-06-11 13:15:00,4096.8,4099.9,4095.2,4099.2,906
2026-06-11 13:20:00,4099.1,4102.3,4096.9,4101.6,1230
2026-06-11 13:25:00,4101.6,4123.2,4099.2,4122.4,6141
2026-06-11 13:30:00,4122.6,4171.2,4122.4,4170.0,13225
2026-06-11 13:35:00,4170.0,4176.2,4158.9,4171.4,7172
2026-06-11 13:40:00,4171.7,4191.9,4168.6,4188.0,6667
2026-06-11 13:45:00,4188.3,4188.3,4174.6,4175.9,4673
2026-06-11 13:50:00,4175.9,4182.9,4167.9,4174.8,3602
2026-06-11 13:55:00,4174.5,4178.5,4167.4,4173.1,3133
2026-06-11 14:00:00,4173.0,4176.8,4157.0,4159.2,3947
2026-06-11 14:05:00,4158.9,4162.9,4152.0,4156.3,3125
2026-06-11 14:10:00,4156.1,4167.8,4156.1,4167.6,1717
2026-06-11 14:15:00,4167.6,4184.1,4165.6,4182.2,3003
2026-06-11 14:20:00,4181.6,4183.7,4171.5,4176.9,3835
2026-06-11 14:25:00,4176.7,4178.0,4171.6,4173.7,2244
2026-06-11 14:30:00,4174.0,4179.3,4170.0,4175.4,1390
2026-06-11 14:35:00,4174.9,4180.0,4173.7,4177.7,896
2026-06-11 14:40:00,4177.4,4187.6,4175.9,4186.2,1605
2026-06-11 14:45:00,4185.9,4193.4,4185.2,4189.6,2275
2026-06-11 14:50:00,4189.3,4191.4,4185.6,4186.0,1280
2026-06-11 14:55:00,4186.4,4187.0,4181.8,4183.1,1435
2026-06-11 15:00:00,4183.6,4195.8,4183.6,4195.5,1775
2026-06-11 15:05:00,4195.3,4197.4,4190.6,4195.7,1590
2026-06-11 15:10:00,4195.2,4211.0,4194.6,4209.7,4004
2026-06-11 15:15:00,4209.9,4219.8,4207.4,4217.0,3085
2026-06-11 15:20:00,4216.9,4219.7,4210.0,4213.2,2012
2026-06-11 15:25:00,4213.1,4220.0,4210.5,4217.1,1506
2026-06-11 15:30:00,4217.0,4236.4,4217.0,4236.2,4721
2026-06-11 15:35:00,4236.2,4241.3,4229.2,4229.3,3308
2026-06-11 15:40:00,4229.7,4238.7,4229.3,4231.3,2104
2026-06-11 15:45:00,4231.0,4236.3,4230.7,4230.8,1716
2026-06-11 15:50:00,4230.9,4236.5,4229.7,4236.3,1771
2026-06-11 15:55:00,4236.0,4236.2,4228.3,4229.9,1723
2026-06-11 16:00:00,4230.2,4237.3,4229.2,4229.3,1512
2026-06-11 16:05:00,4229.4,4237.8,4229.2,4236.2,986
2026-06-11 16:10:00,4235.9,4240.3,4233.2,4235.2,719
2026-06-11 16:15:00,4235.0,4236.4,4233.4,4234.6,388
2026-06-11 16:20:00,4234.6,4237.4,4234.0,4236.9,473
2026-06-11 16:25:00,4236.6,4237.1,4232.9,4235.0,510
2026-06-11 16:30:00,4235.3,4237.4,4233.2,4234.6,392
2026-06-11 16:35:00,4234.6,4236.9,4231.2,4232.0,562
2026-06-11 16:40:00,4232.5,4233.5,4230.5,4230.5,498
2026-06-11 16:45:00,4230.5,4232.8,4229.8,4232.3,564
2026-06-11 16:50:00,4232.0,4233.9,4231.0,4232.9,393
2026-06-11 16:55:00,4232.9,4233.9,4231.5,4233.8,530
2026-06-11 18:00:00,4233.8,4242.4,4225.0,4230.0,1626
2026-06-11 18:05:00,4229.0,4232.2,4227.6,4230.1,504
2026-06-11 18:10:00,4230.3,4231.8,4227.7,4230.4,463
2026-06-11 18:15:00,4230.4,4231.8,4227.8,4229.0,553
2026-06-11 18:20:00,4229.2,4232.7,4226.3,4227.1,895
2026-06-11 18:25:00,4227.5,4236.9,4226.8,4235.8,1084
2026-06-11 18:30:00,4235.6,4237.5,4232.2,4235.3,889
2026-06-11 18:35:00,4235.4,4236.5,4233.0,4236.5,355
2026-06-11 18:40:00,4236.5,4249.1,4236.0,4246.8,2024
2026-06-11 18:45:00,4246.7,4257.3,4246.2,4252.8,2358
2026-06-11 18:50:00,4252.7,4256.7,4245.1,4256.4,1722
2026-06-11 18:55:00,4256.2,4267.7,4254.0,4264.0,2349
2026-06-11 19:00:00,4264.3,4267.0,4245.2,4247.6,2616
2026-06-11 19:05:00,4247.6,4250.9,4243.8,4246.2,1768
2026-06-11 19:10:00,4246.5,4248.9,4240.5,4244.1,1199
2026-06-11 19:15:00,4244.4,4247.2,4241.6,4243.1,1059
2026-06-11 19:20:00,4242.9,4243.8,4236.0,4236.5,1212
2026-06-11 19:25:00,4236.5,4238.7,4234.5,4236.9,1208
2026-06-11 19:30:00,4236.8,4244.2,4234.5,4237.4,1630
2026-06-11 19:35:00,4237.5,4241.7,4235.0,4237.0,1029
2026-06-11 19:40:00,4237.0,4241.4,4235.1,4240.1,915
2026-06-11 19:45:00,4240.4,4245.5,4237.8,4240.1,1352
2026-06-11 19:50:00,4240.2,4244.0,4235.5,4236.9,1167
2026-06-11 19:55:00,4237.0,4242.9,4236.7,4240.8,863
